dimension,iso,window,data_supported,dZ_rural_median,dZ_urban_median,dGap_median,gap_start,gap_end,p_pwc,p_converging,p_no_rural_progress,label
Overall,AFG,2010-2020,True,0.5023353,0.42628425,-0.078924775,0.6721459,0.5882113,0.2,0.8,0.0,Converging progress
Overall,ALB,2010-2020,True,0.2794819,0.1985799,-0.07130371,0.31447884,0.23815277,0.235,0.765,0.0,Converging progress
Overall,ARG,2010-2020,True,0.4812019,0.31346488,-0.17192286,0.6962352,0.5348711,0.045,0.955,0.0,Converging progress
Overall,ARM,2010-2020,True,0.2645542,0.25041464,-0.012459636,0.63110065,0.6138208,0.465,0.535,0.0,Uncertain
Overall,AUT,2010-2020,True,0.05028057,0.045615256,-0.004327655,-0.0044127107,-0.007981181,0.275,0.47,0.255,At parity
Overall,AZE,2010-2020,True,0.35154134,0.3146726,-0.034951165,0.51085746,0.47892252,0.35,0.65,0.0,Converging progress
Overall,BEL,2010-2020,True,0.057787538,0.060241938,0.0049349666,0.0059164762,-0.0022482872,0.345,0.46,0.195,At parity
Overall,BEN,2010-2020,True,0.27633023,0.107694626,-0.17180645,0.71513677,0.55957913,0.05,0.95,0.0,Converging progress
Overall,BFA,2010-2020,True,0.39898145,0.18231365,-0.21191347,1.0304126,0.81551594,0.01,0.99,0.0,Converging progress
Overall,BGD,2010-2020,True,0.58702004,0.34081057,-0.24420102,0.52101296,0.27288938,0.0,1.0,0.0,Converging progress
Overall,BGR,2010-2020,True,0.14593637,0.13279234,-0.013147175,0.35981077,0.33752114,0.435,0.55,0.015,Uncertain
Overall,BIH,2010-2020,True,-0.017538995,-0.044828355,-0.02752383,0.40892273,0.37593162,0.035,0.375,0.59,Uncertain
Overall,BLR,2010-2020,True,0.4072121,0.4333297,0.03318879,0.21172407,0.23317814,0.61,0.39,0.0,Progress Without Convergence
Overall,BLZ,2010-2020,True,0.2141937,0.23474634,0.021643698,0.4798993,0.49524915,0.585,0.41,0.005,Uncertain
Overall,BOL,2010-2020,True,0.37912095,0.22694542,-0.15122372,1.1123109,0.949857,0.04,0.96,0.0,Converging progress
Overall,BRA,2010-2020,True,0.40605998,0.19761565,-0.2037144,1.0022602,0.7923459,0.03,0.97,0.0,Converging progress
Overall,BTN,2010-2020,True,0.7852417,0.26374364,-0.51899105,0.7065939,0.18526231,0.0,1.0,0.0,Converging progress
Overall,BWA,2010-2020,True,0.21486029,0.2528838,0.02702266,0.86209583,0.8916199,0.61,0.39,0.0,Progress Without Convergence
Overall,CAF,2010-2020,True,-0.04973489,0.05274266,0.09622878,0.6444651,0.7539493,0.165,0.09,0.745,No rural progress
Overall,CHE,2010-2020,True,0.03417951,0.04500079,0.0032499433,0.002942443,0.010572016,0.27,0.435,0.295,At parity
Overall,CHL,2010-2020,True,0.46503192,0.14868528,-0.30858302,0.8452791,0.5390631,0.005,0.995,0.0,Converging progress
Overall,CHN,2010-2020,True,0.5170584,0.2762959,-0.24654555,0.6764953,0.4304306,0.015,0.985,0.0,Converging progress
Overall,CIV,2010-2020,True,0.20270544,0.13958627,-0.049895942,0.85617065,0.80252177,0.29,0.71,0.0,Converging progress
Overall,CMR,2010-2020,True,0.19849539,0.10938282,-0.08468947,0.92683387,0.845611,0.145,0.85,0.005,Converging progress
Overall,COD,2010-2020,True,-0.1322282,0.05257243,0.18551576,0.811999,1.0018157,0.025,0.015,0.96,No rural progress
Overall,COG,2010-2020,True,0.170578,0.15167668,-0.02510339,0.88312835,0.85909545,0.41,0.58,0.01,Uncertain
Overall,COL,2010-2020,True,0.22274816,0.14512518,-0.07743412,1.0760827,0.9880081,0.23,0.77,0.0,Converging progress
Overall,COM,2010-2020,True,0.27248728,0.3193056,0.04510142,0.3497378,0.38848037,0.625,0.375,0.0,Progress Without Convergence
Overall,CPV,2010-2020,True,0.40698683,0.22294483,-0.17599592,0.6153506,0.43235743,0.06,0.94,0.0,Converging progress
Overall,CRI,2010-2020,True,0.33437762,0.067569196,-0.26151985,0.55627215,0.28767312,0.01,0.99,0.0,Converging progress
Overall,CYP,2010-2020,True,0.002658844,0.04622358,0.037876964,0.0755015,0.11422753,0.24,0.275,0.485,Uncertain
Overall,CZE,2010-2020,True,0.15084371,-0.0012478232,-0.15213892,0.106662065,-0.041919947,0.045,0.95,0.005,Converging progress
Overall,DEU,2010-2020,True,0.047113776,0.028444886,-0.025084615,0.0677259,0.050124407,0.19,0.525,0.285,At parity
Overall,DJI,2010-2020,True,0.04364413,0.1849671,0.14129388,0.71781373,0.86139035,0.64,0.06,0.3,Progress Without Convergence
Overall,DNK,2010-2020,True,0.07615805,0.045750856,-0.017776787,0.025113642,0.0091539025,0.295,0.54,0.165,At parity
Overall,DOM,2010-2020,True,0.15807904,0.0004300028,-0.14315823,0.59450173,0.44518667,0.025,0.975,0.0,Converging progress
Overall,DZA,2010-2020,True,0.10769742,-0.03927307,-0.15010488,0.50190973,0.3481645,0.035,0.91,0.055,Converging progress
Overall,ECU,2010-2020,True,0.27717263,0.13574398,-0.13814774,0.8090496,0.66432786,0.05,0.95,0.0,Converging progress
Overall,EGY,2010-2020,True,0.20608683,0.11677796,-0.09831402,0.45934492,0.37172914,0.14,0.86,0.0,Converging progress
Overall,ESP,2010-2020,True,0.09001744,0.06552291,-0.03678733,0.09467673,0.06564295,0.29,0.605,0.105,At parity
Overall,EST,2010-2020,True,0.1429466,-0.019691825,-0.15730277,0.20051962,0.03769362,0.015,0.955,0.03,Converging progress
Overall,ETH,2010-2020,True,0.35230803,0.15931842,-0.20200121,1.1952784,0.993724,0.015,0.985,0.0,Converging progress
Overall,FIN,2010-2020,True,0.07707083,0.035358787,-0.033841968,0.038570583,0.014548302,0.225,0.605,0.17,At parity
Overall,FJI,2010-2020,True,0.25438988,0.12283849,-0.13415015,0.5639775,0.42172045,0.085,0.915,0.0,Converging progress
Overall,FRA,2010-2020,True,0.053390563,0.065815866,0.0142272115,0.01099056,0.03087449,0.36,0.465,0.175,At parity
Overall,GAB,2010-2020,True,0.15459985,0.18287767,0.025140941,1.0602834,1.0657946,0.585,0.39,0.025,Uncertain
Overall,GBR,2010-2020,True,0.04125905,0.040590048,-0.009759426,-0.075178266,-0.07717568,0.25,0.495,0.255,At parity
Overall,GEO,2010-2020,True,0.22637865,0.21530274,-0.021639496,0.691589,0.6749606,0.425,0.575,0.0,Uncertain
Overall,GHA,2010-2020,True,0.3885572,0.29452926,-0.09917897,0.7065665,0.6003622,0.105,0.895,0.0,Converging progress
Overall,GIN,2010-2020,True,0.2929471,0.2699506,-0.027712494,0.8472527,0.80588347,0.36,0.64,0.0,Converging progress
Overall,GMB,2010-2020,True,0.10204476,0.13874707,0.03239587,0.568712,0.6127384,0.59,0.34,0.07,Uncertain
Overall,GNB,2010-2020,True,0.3842435,0.23137113,-0.15084153,0.68382335,0.52613074,0.05,0.95,0.0,Converging progress
Overall,GRC,2010-2020,True,0.08821136,0.040272653,-0.041142613,0.21034524,0.16996026,0.25,0.65,0.1,Converging progress
Overall,GTM,2010-2020,True,0.27838942,0.09562303,-0.19133255,0.65784997,0.46637565,0.025,0.975,0.0,Converging progress
Overall,GUY,2010-2020,True,0.23802128,0.1634041,-0.068633765,0.2621468,0.18939504,0.245,0.755,0.0,Converging progress
Overall,HND,2010-2020,True,0.2803911,0.16865924,-0.12342903,0.8473183,0.733697,0.13,0.87,0.0,Converging progress
Overall,HRV,2010-2020,True,0.059692085,0.012640446,-0.03850487,0.29519865,0.25944433,0.2,0.605,0.195,Converging progress
Overall,HTI,2010-2020,True,0.13076067,0.06618196,-0.075073004,0.7908673,0.7187881,0.18,0.765,0.055,Converging progress
Overall,HUN,2010-2020,True,0.21010435,0.1438784,-0.064796746,0.10998428,0.051855206,0.24,0.76,0.0,Converging progress
Overall,IDN,2010-2020,True,0.4148456,0.24555653,-0.15515308,0.62202877,0.459359,0.035,0.965,0.0,Converging progress
Overall,IND,2010-2020,True,0.59348047,0.40241742,-0.18052271,0.66518307,0.47509181,0.035,0.965,0.0,Converging progress
Overall,IRL,2010-2020,True,0.08150831,-0.01435414,-0.09550735,-0.035321772,-0.11265889,0.14,0.725,0.135,Converging progress
Overall,IRN,2010-2020,True,0.2569477,0.06923357,-0.17492789,0.60027134,0.42209306,0.025,0.975,0.0,Converging progress
Overall,IRQ,2010-2020,True,0.62595814,0.41263396,-0.20380643,0.6188563,0.41956437,0.005,0.995,0.0,Converging progress
Overall,ISL,2010-2020,True,0.0704934,0.029997468,-0.03827709,-0.08662766,-0.12540466,0.17,0.67,0.16,Converging progress
Overall,ISR,2010-2020,True,-0.0049244165,0.036536455,0.045613766,-0.00073587894,0.056005,0.185,0.29,0.525,At parity
Overall,ITA,2010-2020,True,0.10385144,0.08155179,-0.020670414,0.046658754,0.022762716,0.35,0.57,0.08,At parity
Overall,JAM,2010-2020,True,0.29281098,0.1156416,-0.18242359,0.39332092,0.21576631,0.055,0.94,0.005,Converging progress
Overall,JOR,2010-2020,True,0.020006925,-0.041629195,-0.05735591,0.2764804,0.21446902,0.07,0.52,0.41,Uncertain
Overall,KAZ,2010-2020,True,0.24615034,0.061768442,-0.18293996,0.22438565,0.035523772,0.02,0.98,0.0,Converging progress
Overall,KEN,2010-2020,True,0.3998088,0.3391159,-0.06685579,0.6096829,0.54043776,0.3,0.7,0.0,Converging progress
Overall,KGZ,2010-2020,True,0.33074906,0.19926767,-0.12068471,0.31288216,0.19649646,0.095,0.905,0.0,Converging progress
Overall,KHM,2010-2020,True,0.7124809,0.43733102,-0.2698884,0.9530382,0.68579066,0.0,1.0,0.0,Converging progress
Overall,KIR,2010-2020,True,0.2856147,0.16806805,-0.1259081,0.5998105,0.46778205,0.095,0.905,0.0,Converging progress
Overall,KOR,2010-2020,True,0.09610391,0.06274104,-0.049086243,0.15779698,0.12369603,0.24,0.65,0.11,Converging progress
Overall,LAO,2010-2020,True,0.575907,0.44008482,-0.1343582,0.88044506,0.7487371,0.085,0.915,0.0,Converging progress
Overall,LBN,2010-2020,True,0.07819931,0.035715044,-0.031801984,0.31553808,0.2596954,0.22,0.53,0.25,Uncertain
Overall,LBR,2010-2020,True,0.14020836,0.24174619,0.10684031,0.52460605,0.6181818,0.81,0.17,0.02,Progress Without Convergence
Overall,LKA,2010-2020,True,0.41576213,0.2947309,-0.115266785,0.5267416,0.41858166,0.11,0.89,0.0,Converging progress
Overall,LSO,2010-2020,True,0.43430728,0.3092609,-0.12029424,0.70594954,0.5858247,0.11,0.89,0.0,Converging progress
Overall,LTU,2010-2020,True,0.22831231,0.19012934,-0.04641731,0.52478987,0.48069113,0.31,0.69,0.0,Converging progress
Overall,LUX,2010-2020,True,0.012189269,0.017565668,0.01783228,-0.036156714,-0.018158257,0.165,0.395,0.44,At parity
Overall,LVA,2010-2020,True,0.0574266,-0.0016390383,-0.050443888,0.33978552,0.27153602,0.15,0.605,0.245,Converging progress
Overall,MAR,2010-2020,True,0.53698575,0.31576043,-0.21336642,0.9488151,0.73986125,0.015,0.985,0.0,Converging progress
Overall,MDA,2010-2020,True,0.18152562,0.08459103,-0.08592808,0.5368147,0.4455551,0.155,0.835,0.01,Converging progress
Overall,MDG,2010-2020,True,0.1950633,0.12656641,-0.07039565,0.7623792,0.6956521,0.185,0.81,0.005,Converging progress
Overall,MDV,2010-2020,True,0.6674528,0.37914324,-0.28163144,0.5377089,0.25114927,0.0,1.0,0.0,Converging progress
Overall,MEX,2010-2020,True,0.3744029,0.1283538,-0.24884474,0.75638705,0.5205772,0.0,1.0,0.0,Converging progress
Overall,MKD,2010-2020,True,0.16126946,0.23942414,0.07624672,0.2342317,0.3077354,0.795,0.185,0.02,Progress Without Convergence
Overall,MLI,2010-2020,True,0.3305388,0.2933821,-0.034106642,0.82534075,0.78694713,0.32,0.68,0.0,Converging progress
Overall,MMR,2010-2020,True,0.37973782,0.29718906,-0.08039996,0.63521934,0.5641712,0.18,0.82,0.0,Converging progress
Overall,MNE,2010-2020,True,0.3043272,0.28983825,-0.013941139,0.3495441,0.32958144,0.435,0.565,0.0,Uncertain
Overall,MNG,2010-2020,True,0.6017237,0.32873714,-0.27881393,1.0028411,0.7243801,0.0,1.0,0.0,Converging progress
Overall,MOZ,2010-2020,True,0.36440992,0.2773579,-0.094285846,1.0762061,0.98296463,0.15,0.85,0.0,Converging progress
Overall,MRT,2010-2020,True,0.37745404,0.30828157,-0.067806184,0.92388415,0.8679464,0.28,0.72,0.0,Converging progress
Overall,MUS,2010-2020,True,0.21014169,0.08423352,-0.11244318,0.22170746,0.10253289,0.155,0.845,0.0,Converging progress
Overall,MWI,2010-2020,True,0.26634336,0.13837019,-0.11502954,0.7539931,0.62800455,0.11,0.89,0.0,Converging progress
Overall,MYS,2010-2020,True,0.14076908,-0.007469952,-0.14946833,0.37840438,0.2364799,0.06,0.92,0.02,Converging progress
Overall,NAM,2010-2020,True,0.15497583,0.0013751239,-0.16186291,0.90278566,0.7354431,0.06,0.93,0.01,Converging progress
Overall,NER,2010-2020,True,0.23441947,0.16685742,-0.0668062,1.0135989,0.9568192,0.275,0.725,0.0,Converging progress
Overall,NGA,2010-2020,True,0.20620912,0.21876729,0.009197861,0.5990054,0.6253912,0.54,0.455,0.005,Uncertain
Overall,NIC,2010-2020,True,0.14985138,0.3032254,0.15455574,1.1923618,1.3562856,0.85,0.1,0.05,Progress Without Convergence
Overall,NLD,2010-2020,True,0.054921865,0.050695956,-0.015672326,-0.21436235,-0.21901035,0.245,0.52,0.235,Uncertain
Overall,NOR,2010-2020,True,0.04599744,0.032631338,-0.018043578,-0.0057129264,-0.017762601,0.265,0.53,0.205,At parity
Overall,NPL,2010-2020,True,0.45834434,0.19448525,-0.258321,0.52454644,0.2655226,0.0,1.0,0.0,Converging progress
Overall,PAK,2010-2020,True,0.33783448,0.20574307,-0.13641989,0.7324613,0.5945771,0.07,0.93,0.0,Converging progress
Overall,PAN,2010-2020,True,0.30371815,0.18215957,-0.11194709,0.87974674,0.76824975,0.155,0.845,0.0,Converging progress
Overall,PER,2010-2020,True,0.42577788,0.21410586,-0.22191066,1.0527623,0.8368553,0.03,0.97,0.0,Converging progress
Overall,PHL,2010-2020,True,0.34507453,0.23603773,-0.11423007,0.49195972,0.37462905,0.105,0.895,0.0,Converging progress
Overall,POL,2010-2020,True,0.17257571,0.021578163,-0.14939275,0.30557954,0.15995222,0.065,0.93,0.005,Converging progress
Overall,PRT,2010-2020,True,0.11513117,0.09905708,-0.017982662,0.20878428,0.18612197,0.415,0.57,0.015,Uncertain
Overall,PRY,2010-2020,True,0.5639877,0.24414757,-0.32341716,0.7304033,0.40842083,0.0,1.0,0.0,Converging progress
Overall,PSE,2010-2020,True,0.40723506,0.22870106,-0.18562998,0.22800578,0.044861406,0.04,0.96,0.0,Converging progress
Overall,ROU,2010-2020,True,0.18910286,0.17810312,-0.017784849,0.4979976,0.4825344,0.435,0.565,0.0,Uncertain
Overall,RUS,2010-2020,True,0.04275489,0.18045568,0.14553337,0.36563766,0.50567245,0.66,0.07,0.27,Progress Without Convergence
Overall,RWA,2010-2020,True,0.45248276,0.4272315,-0.028850555,0.5920917,0.572016,0.38,0.62,0.0,Converging progress
Overall,SDN,2010-2020,True,0.39497343,0.25760698,-0.1384455,0.64902794,0.5082656,0.14,0.86,0.0,Converging progress
Overall,SEN,2010-2020,True,0.26097664,0.1213519,-0.13856688,0.87600833,0.72574997,0.06,0.94,0.0,Converging progress
Overall,SLB,2010-2020,True,0.23877966,0.12625438,-0.1231837,0.85544074,0.73506945,0.105,0.895,0.0,Converging progress
Overall,SLE,2010-2020,True,0.20920241,0.2011444,0.0014144182,0.6067997,0.61588705,0.5,0.495,0.005,Uncertain
Overall,SLV,2010-2020,True,0.3221808,0.10503372,-0.21318188,0.7316508,0.51400673,0.02,0.98,0.0,Converging progress
Overall,SOM,2010-2020,True,0.33446294,0.2278201,-0.11107579,0.66305715,0.55478966,0.165,0.835,0.0,Converging progress
Overall,SRB,2010-2020,True,0.026805818,0.14868411,0.12585929,0.23198937,0.35958448,0.525,0.1,0.375,Uncertain
Overall,SSD,2010-2020,True,0.11488509,0.35531396,0.23680949,0.32813025,0.566546,0.895,0.015,0.09,Progress Without Convergence
Overall,STP,2010-2020,True,0.23528743,0.2235088,-0.0053625405,0.27940097,0.25560775,0.465,0.535,0.0,Uncertain
Overall,SVK,2010-2020,True,0.01739037,0.008547962,-0.010973394,0.17257124,0.16226435,0.14,0.465,0.395,Uncertain
Overall,SWE,2010-2020,True,0.062080204,0.023165286,-0.04371208,0.08366835,0.045274973,0.185,0.635,0.18,At parity
Overall,SWZ,2010-2020,True,0.2927061,0.16551045,-0.13050327,0.6244375,0.4925771,0.11,0.89,0.0,Converging progress
Overall,SYR,2010-2020,True,0.017858133,0.021375686,-0.002093941,0.6701671,0.66280437,0.21,0.39,0.4,Uncertain
Overall,TCD,2010-2020,True,0.12349105,0.22347945,0.090230644,0.84324527,0.93378156,0.82,0.16,0.02,Progress Without Convergence
Overall,TGO,2010-2020,True,0.30892807,0.2566281,-0.06924662,0.8996552,0.83684313,0.265,0.735,0.0,Converging progress
Overall,THA,2010-2020,True,0.46673992,0.260941,-0.20552498,0.3412667,0.13853568,0.01,0.99,0.0,Converging progress
Overall,TJK,2010-2020,True,0.26310754,0.029765338,-0.23315017,0.43758166,0.19558965,0.0,1.0,0.0,Converging progress
Overall,TKM,2010-2020,True,0.45744702,0.41557023,-0.05078265,0.11546755,0.067046225,0.305,0.695,0.0,Converging progress
Overall,TLS,2010-2020,True,0.72090966,0.55426484,-0.16295683,0.78713,0.62909037,0.05,0.95,0.0,Converging progress
Overall,TON,2010-2020,True,0.29187757,0.18871321,-0.11127588,0.4513552,0.33518636,0.155,0.845,0.0,Converging progress
Overall,TTO,2010-2020,True,0.020787656,0.01916197,-0.005431503,0.06395686,0.062170476,0.19,0.445,0.365,At parity
Overall,TUN,2010-2020,True,0.37846938,0.010114074,-0.36833447,0.7515364,0.3855819,0.0,1.0,0.0,Converging progress
Overall,TUR,2010-2020,True,0.39205685,0.24971667,-0.14767936,0.66962135,0.5217858,0.075,0.925,0.0,Converging progress
Overall,TZA,2010-2020,True,0.4673844,0.2977152,-0.18173137,0.85474205,0.6772394,0.055,0.945,0.0,Converging progress
Overall,UGA,2010-2020,True,0.37860972,0.1638003,-0.22336993,0.7483414,0.5324856,0.005,0.995,0.0,Converging progress
Overall,UKR,2010-2020,True,0.1669376,0.026474893,-0.13899235,0.28018928,0.14365721,0.06,0.935,0.005,Converging progress
Overall,URY,2010-2020,True,0.5350803,0.1604411,-0.37361592,0.63392276,0.26914573,0.0,1.0,0.0,Converging progress
Overall,USA,2010-2020,True,0.022681415,0.036968768,0.009954393,0.17832047,0.18639466,0.235,0.35,0.415,Uncertain
Overall,UZB,2010-2020,True,0.14755768,-0.03057313,-0.17916381,0.45709127,0.2793529,0.04,0.945,0.015,Converging progress
Overall,VEN,2010-2020,True,0.27896354,-0.035766065,-0.3210093,0.7654405,0.43913016,0.0,1.0,0.0,Converging progress
Overall,VNM,2010-2020,True,0.5307889,0.32766977,-0.20306261,0.6418583,0.44094318,0.005,0.995,0.0,Converging progress
Overall,WSM,2010-2020,True,0.29536173,0.24996603,-0.045068786,0.33208114,0.29352656,0.325,0.675,0.0,Converging progress
Overall,XKX,2010-2020,True,-0.117372714,0.0006073117,0.13187388,0.39731836,0.48389408,0.04,0.07,0.89,No rural progress
Overall,YEM,2010-2020,True,0.2341933,0.014462468,-0.21324301,1.0099725,0.7898717,0.01,0.99,0.0,Converging progress
Overall,ZAF,2010-2020,True,0.2084985,0.019988433,-0.17472877,0.6358818,0.45059824,0.025,0.965,0.01,Converging progress
Overall,ZMB,2010-2020,True,0.29452693,0.11033732,-0.18796325,0.98779356,0.8015679,0.035,0.965,0.0,Converging progress
Overall,ZWE,2010-2020,True,0.16147596,-0.054917455,-0.19983459,0.97253835,0.76976466,0.02,0.965,0.015,Converging progress
Overall,AFG,2005-2015,True,0.5513004,0.4366433,-0.12057239,0.7394098,0.62538135,0.145,0.855,0.0,Converging progress
Overall,ALB,2005-2015,True,0.18609092,0.19818771,0.007991508,0.27657157,0.27575645,0.54,0.46,0.0,Uncertain
Overall,ARG,2005-2015,True,0.44740418,0.37003615,-0.07636854,0.7155795,0.63479614,0.235,0.765,0.0,Converging progress
Overall,ARM,2005-2015,True,0.2823459,0.25347534,-0.029167175,0.6411123,0.60898405,0.425,0.575,0.0,Uncertain
Overall,AUT,2005-2015,True,0.059418797,0.04095179,-0.024769545,0.014774442,-0.0101925135,0.205,0.605,0.19,At parity
Overall,AZE,2005-2015,True,0.37111443,0.25657326,-0.1201188,0.601846,0.47819677,0.115,0.885,0.0,Converging progress
Overall,BEL,2005-2015,True,0.079901755,0.052814186,-0.024204671,0.02781564,0.004617512,0.235,0.61,0.155,At parity
Overall,BEN,2005-2015,True,0.2968734,0.10528475,-0.18631029,0.8077653,0.6174921,0.03,0.97,0.0,Converging progress
Overall,BFA,2005-2015,True,0.42237443,0.15628979,-0.26745516,1.157454,0.8841237,0.0,1.0,0.0,Converging progress
Overall,BGD,2005-2015,True,0.46413904,0.2512271,-0.21392457,0.64059705,0.42763108,0.005,0.995,0.0,Converging progress
Overall,BGR,2005-2015,True,-0.0014152303,0.09852046,0.1026658,0.26708028,0.3818064,0.33,0.155,0.515,Uncertain
Overall,BIH,2005-2015,True,-0.0413962,-0.03363341,0.008078083,0.3791759,0.3945809,0.02,0.235,0.745,No rural progress
Overall,BLR,2005-2015,True,0.27789742,0.34902477,0.06462096,0.17204791,0.24519703,0.76,0.24,0.0,Progress Without Convergence
Overall,BLZ,2005-2015,True,0.19848207,0.16566375,-0.034610555,0.5270241,0.49172437,0.365,0.63,0.005,Converging progress
Overall,BOL,2005-2015,True,0.37773815,0.20496969,-0.15891498,1.204276,1.0420576,0.05,0.95,0.0,Converging progress
Overall,BRA,2005-2015,True,0.4034252,0.193097,-0.2145373,1.1011946,0.89306164,0.02,0.98,0.0,Converging progress
Overall,BTN,2005-2015,True,0.73892725,0.29118055,-0.44391066,0.9042701,0.45578372,0.0,1.0,0.0,Converging progress
Overall,BWA,2005-2015,True,0.2903473,0.30468884,0.020288587,0.84868264,0.86932534,0.59,0.41,0.0,Uncertain
Overall,CAF,2005-2015,True,-0.043371916,0.05917275,0.10560709,0.61306083,0.7213047,0.185,0.105,0.71,No rural progress
Overall,CHE,2005-2015,True,0.046085715,0.052681804,0.013518274,-0.0003466606,0.016043305,0.345,0.4,0.255,At parity
Overall,CHL,2005-2015,True,0.49660903,0.15776497,-0.33751175,1.020815,0.6853516,0.005,0.995,0.0,Converging progress
Overall,CHN,2005-2015,True,0.5354956,0.20960374,-0.3250674,0.85334814,0.52929276,0.0,1.0,0.0,Converging progress
Overall,CIV,2005-2015,True,0.17378503,0.09603542,-0.085935,0.90562785,0.82072914,0.17,0.82,0.01,Converging progress
Overall,CMR,2005-2015,True,0.20971555,0.10931298,-0.09146306,0.96666396,0.8689337,0.125,0.875,0.0,Converging progress
Overall,COD,2005-2015,True,-0.13175958,0.032906532,0.17519826,0.72741413,0.9010816,0.025,0.01,0.965,No rural progress
Overall,COG,2005-2015,True,0.21606636,0.1785433,-0.04320538,0.8938299,0.8620504,0.345,0.65,0.005,Converging progress
Overall,COL,2005-2015,True,0.11221194,0.109275475,-0.0037634075,1.058157,1.0529529,0.455,0.51,0.035,Uncertain
Overall,COM,2005-2015,True,0.2806938,0.25662485,-0.028626174,0.37657967,0.34906048,0.4,0.6,0.0,Converging progress
Overall,CPV,2005-2015,True,0.36966693,0.22495861,-0.15514481,0.6862495,0.53976375,0.075,0.925,0.0,Converging progress
Overall,CRI,2005-2015,True,0.23767091,0.03155321,-0.2084186,0.6447233,0.43451548,0.015,0.985,0.0,Converging progress
Overall,CYP,2005-2015,True,0.0020931363,0.04439801,0.039100766,0.051629543,0.107608736,0.28,0.25,0.47,Uncertain
Overall,CZE,2005-2015,True,0.15457025,0.019096494,-0.1411559,0.16682428,0.023677409,0.045,0.95,0.005,Converging progress
Overall,DEU,2005-2015,True,0.040097833,0.042641282,-0.0062938333,0.059611738,0.052608907,0.285,0.48,0.235,At parity
Overall,DJI,2005-2015,True,-0.017007053,0.18054682,0.2058796,0.6033677,0.80708843,0.36,0.015,0.625,No rural progress
Overall,DNK,2005-2015,True,0.049230874,0.064833045,0.017845094,0.017109454,0.031170487,0.355,0.405,0.24,At parity
Overall,DOM,2005-2015,True,0.16742581,0.06675562,-0.10422534,0.6255825,0.52604103,0.135,0.865,0.0,Converging progress
Overall,DZA,2005-2015,True,0.10345349,-0.041356295,-0.15017208,0.57049805,0.4237898,0.045,0.87,0.085,Converging progress
Overall,ECU,2005-2015,True,0.28047282,0.12223858,-0.15631503,0.8759527,0.74028623,0.045,0.955,0.0,Converging progress
Overall,EGY,2005-2015,True,0.22186203,0.08762577,-0.13040751,0.5373569,0.3979543,0.075,0.925,0.0,Converging progress
Overall,ESP,2005-2015,True,0.09282148,0.077842414,-0.02500999,0.098305285,0.08467209,0.345,0.57,0.085,At parity
Overall,EST,2005-2015,True,0.1212385,-0.004756689,-0.14332834,0.24442828,0.11190188,0.065,0.915,0.02,Converging progress
Overall,ETH,2005-2015,True,0.43541902,0.13483831,-0.29487932,1.3767443,1.0751516,0.0,1.0,0.0,Converging progress
Overall,FIN,2005-2015,True,0.06063056,0.04920709,-0.023810744,0.05694312,0.03532648,0.32,0.535,0.145,At parity
Overall,FJI,2005-2015,True,0.26520348,0.11618929,-0.14470634,0.6318021,0.49373287,0.085,0.915,0.0,Converging progress
Overall,FRA,2005-2015,True,0.03812182,0.068829596,0.028434038,-0.009517491,0.02321738,0.39,0.34,0.27,At parity
Overall,GAB,2005-2015,True,0.15498525,0.20438187,0.030263424,1.0453751,1.078763,0.635,0.36,0.005,Progress Without Convergence
Overall,GBR,2005-2015,True,0.06448245,0.05799085,-0.016696602,-0.057770252,-0.074843824,0.305,0.525,0.17,At parity
Overall,GEO,2005-2015,True,0.21940292,0.20957103,-0.012000352,0.68044084,0.6716924,0.445,0.555,0.0,Uncertain
Overall,GHA,2005-2015,True,0.450845,0.22735333,-0.22595635,0.8450867,0.6259364,0.0,1.0,0.0,Converging progress
Overall,GIN,2005-2015,True,0.23172343,0.22171623,-0.0207327,0.8315842,0.81956935,0.415,0.58,0.005,Uncertain
Overall,GMB,2005-2015,True,0.13320673,0.11417505,-0.013993055,0.59713674,0.57777596,0.44,0.54,0.02,Uncertain
Overall,GNB,2005-2015,True,0.41161877,0.1762147,-0.23831421,0.8300728,0.5866754,0.01,0.99,0.0,Converging progress
Overall,GRC,2005-2015,True,0.061379373,0.04596764,-0.006912768,0.19546577,0.18338856,0.265,0.525,0.21,Uncertain
Overall,GTM,2005-2015,True,0.21768022,0.04119053,-0.16831559,0.7368758,0.55939275,0.06,0.94,0.0,Converging progress
Overall,GUY,2005-2015,True,0.23127633,0.14399633,-0.09596609,0.2990266,0.22507754,0.245,0.755,0.0,Converging progress
Overall,HND,2005-2015,True,0.26879478,0.19150338,-0.08212575,0.8666198,0.78712475,0.19,0.81,0.0,Converging progress
Overall,HRV,2005-2015,True,0.024655461,-0.008237958,-0.032151252,0.2992321,0.268362,0.1,0.525,0.375,Uncertain
Overall,HTI,2005-2015,True,0.08248019,0.02038315,-0.056699365,0.8279046,0.77363,0.185,0.675,0.14,Converging progress
Overall,HUN,2005-2015,True,0.1327005,0.1234802,-0.007518351,0.097100645,0.09730506,0.455,0.52,0.025,At parity
Overall,IDN,2005-2015,True,0.3960325,0.28439572,-0.105928004,0.68321794,0.57041633,0.1,0.9,0.0,Converging progress
Overall,IND,2005-2015,True,0.5228367,0.32694286,-0.19692214,0.7733455,0.5779264,0.005,0.995,0.0,Converging progress
Overall,IRL,2005-2015,True,0.052365094,-0.037891,-0.09413925,0.002553016,-0.08796218,0.07,0.745,0.185,At parity
Overall,IRN,2005-2015,True,0.2756701,0.065962136,-0.21257496,0.7197554,0.51347697,0.02,0.98,0.0,Converging progress
Overall,IRQ,2005-2015,True,0.5629634,0.41029173,-0.16226166,0.6841184,0.52940357,0.07,0.93,0.0,Converging progress
Overall,ISL,2005-2015,True,0.0503636,0.009632468,-0.037498713,-0.06962192,-0.10989475,0.19,0.58,0.23,Uncertain
Overall,ISR,2005-2015,True,0.02292198,0.044478416,0.023136675,-0.00907141,0.02020359,0.29,0.325,0.385,At parity
Overall,ITA,2005-2015,True,0.10883647,0.08687556,-0.01946956,0.057685792,0.026701748,0.36,0.555,0.085,At parity
Overall,JAM,2005-2015,True,0.25384068,0.10642875,-0.1329983,0.45675552,0.31936717,0.095,0.905,0.0,Converging progress
Overall,JOR,2005-2015,True,0.08515456,-0.01909709,-0.1206826,0.35808384,0.24979106,0.08,0.81,0.11,Converging progress
Overall,KAZ,2005-2015,True,0.2457798,0.10917601,-0.13448651,0.29724956,0.16864401,0.09,0.91,0.0,Converging progress
Overall,KEN,2005-2015,True,0.35891682,0.2343024,-0.110711485,0.6786563,0.55589616,0.115,0.885,0.0,Converging progress
Overall,KGZ,2005-2015,True,0.20257565,0.1177714,-0.09472324,0.36745006,0.27817068,0.2,0.8,0.0,Converging progress
Overall,KHM,2005-2015,True,0.7797848,0.4799143,-0.2945695,1.096935,0.8181095,0.0,1.0,0.0,Converging progress
Overall,KIR,2005-2015,True,0.30908155,0.13986045,-0.16390133,0.6806783,0.51238966,0.04,0.96,0.0,Converging progress
Overall,KOR,2005-2015,True,0.114373714,0.11529526,0.01159668,0.15001643,0.13808805,0.445,0.46,0.095,Uncertain
Overall,LAO,2005-2015,True,0.51686156,0.3168985,-0.19974896,1.001868,0.79385567,0.015,0.985,0.0,Converging progress
Overall,LBN,2005-2015,True,-0.06547755,0.052296072,0.11366342,0.19402906,0.30865127,0.18,0.13,0.69,No rural progress
Overall,LBR,2005-2015,True,0.0252769,0.08584154,0.06089735,0.5286861,0.5872624,0.365,0.26,0.375,Uncertain
Overall,LKA,2005-2015,True,0.35927343,0.3184396,-0.040989995,0.54847085,0.50984406,0.355,0.645,0.0,Converging progress
Overall,LSO,2005-2015,True,0.38413668,0.24124998,-0.15222827,0.7754289,0.6325919,0.095,0.905,0.0,Converging progress
Overall,LTU,2005-2015,True,0.1747148,0.23661554,0.07690309,0.45555425,0.5293828,0.745,0.25,0.005,Progress Without Convergence
Overall,LUX,2005-2015,True,0.02120173,0.029373944,0.003820181,-0.0282467,-0.02671653,0.225,0.4,0.375,At parity
Overall,LVA,2005-2015,True,0.016039789,-0.014982343,-0.032812536,0.34396374,0.3150159,0.1,0.52,0.38,Uncertain
Overall,MAR,2005-2015,True,0.5515219,0.35294223,-0.19696343,1.0598414,0.85847855,0.0,1.0,0.0,Converging progress
Overall,MDA,2005-2015,True,0.1442993,0.058093667,-0.089884445,0.5699617,0.48160687,0.17,0.81,0.02,Converging progress
Overall,MDG,2005-2015,True,0.21400952,0.104020774,-0.110079646,0.839081,0.72977173,0.11,0.89,0.0,Converging progress
Overall,MDV,2005-2015,True,0.7486325,0.40895694,-0.32922733,0.7120062,0.37759507,0.0,1.0,0.0,Converging progress
Overall,MEX,2005-2015,True,0.2736097,0.0601265,-0.20335445,0.8591665,0.64199436,0.01,0.99,0.0,Converging progress
Overall,MKD,2005-2015,True,0.089385286,0.18857065,0.09038697,0.18789802,0.27730185,0.785,0.14,0.075,Progress Without Convergence
Overall,MLI,2005-2015,True,0.3146888,0.28122878,-0.033434212,0.82743394,0.7842203,0.36,0.64,0.0,Converging progress
Overall,MMR,2005-2015,True,0.385068,0.3003442,-0.07596788,0.68149936,0.5941793,0.22,0.78,0.0,Converging progress
Overall,MNE,2005-2015,True,0.127384,0.14931256,0.018205956,0.31947473,0.33949536,0.51,0.415,0.075,Uncertain
Overall,MNG,2005-2015,True,0.49827924,0.26034898,-0.23548955,1.121495,0.8863855,0.005,0.995,0.0,Converging progress
Overall,MOZ,2005-2015,True,0.35816026,0.26718697,-0.080687106,1.1058495,1.0272725,0.19,0.81,0.0,Converging progress
Overall,MRT,2005-2015,True,0.41815656,0.307226,-0.096993536,0.9524745,0.8512112,0.16,0.84,0.0,Converging progress
Overall,MUS,2005-2015,True,0.20457068,0.07859078,-0.13578802,0.2753307,0.14622182,0.105,0.895,0.0,Converging progress
Overall,MWI,2005-2015,True,0.3012656,0.14993727,-0.15052867,0.8329096,0.68622696,0.07,0.93,0.0,Converging progress
Overall,MYS,2005-2015,True,0.1493254,-0.0025119483,-0.14619091,0.4520942,0.29492044,0.04,0.95,0.01,Converging progress
Overall,NAM,2005-2015,True,0.22319824,0.044516027,-0.1805301,0.9886954,0.8130082,0.055,0.945,0.0,Converging progress
Overall,NER,2005-2015,True,0.24403745,0.13414147,-0.105588496,1.0880618,0.9881783,0.15,0.85,0.0,Converging progress
Overall,NGA,2005-2015,True,0.21201754,0.17187896,-0.043733746,0.64252234,0.5904739,0.325,0.675,0.0,Converging progress
Overall,NIC,2005-2015,True,0.13634005,0.31395006,0.17514431,1.1165597,1.2957807,0.905,0.055,0.04,Progress Without Convergence
Overall,NLD,2005-2015,True,0.07174516,0.029493809,-0.043157727,-0.18156502,-0.21604508,0.17,0.64,0.19,Converging progress
Overall,NOR,2005-2015,True,0.042164445,0.017708719,-0.019294083,0.0016072392,-0.016313791,0.215,0.525,0.26,At parity
Overall,NPL,2005-2015,True,0.48836005,0.22574939,-0.26220518,0.6535421,0.3886742,0.0,1.0,0.0,Converging progress
Overall,PAK,2005-2015,True,0.2946838,0.1691654,-0.13473374,0.8064549,0.6719967,0.105,0.895,0.0,Converging progress
Overall,PAN,2005-2015,True,0.2559857,0.18383783,-0.072497636,0.9122354,0.83672655,0.23,0.77,0.0,Converging progress
Overall,PER,2005-2015,True,0.44897386,0.24049804,-0.2097604,1.1670988,0.95468736,0.02,0.98,0.0,Converging progress
Overall,PHL,2005-2015,True,0.28842914,0.2047061,-0.084087566,0.52328444,0.4374922,0.17,0.83,0.0,Converging progress
Overall,POL,2005-2015,True,0.11119723,0.026588976,-0.08296876,0.3181917,0.23230869,0.14,0.805,0.055,Converging progress
Overall,PRT,2005-2015,True,0.08037189,0.11148763,0.03538227,0.17328188,0.21655363,0.51,0.375,0.115,Uncertain
Overall,PRY,2005-2015,True,0.49293926,0.27241755,-0.22602609,0.818585,0.6001197,0.0,1.0,0.0,Converging progress
Overall,PSE,2005-2015,True,0.41231653,0.24298464,-0.17198935,0.3100996,0.1396884,0.035,0.965,0.0,Converging progress
Overall,ROU,2005-2015,True,0.10030954,0.15675855,0.062381476,0.44136333,0.50376594,0.715,0.24,0.045,Progress Without Convergence
Overall,RUS,2005-2015,True,0.02396977,0.11956048,0.09384647,0.34118348,0.43610865,0.51,0.14,0.35,Uncertain
Overall,RWA,2005-2015,True,0.4167835,0.37465042,-0.039407283,0.6182621,0.5770441,0.355,0.645,0.0,Converging progress
Overall,SDN,2005-2015,True,0.37861395,0.24599367,-0.14183593,0.71796703,0.57063746,0.06,0.94,0.0,Converging progress
Overall,SEN,2005-2015,True,0.2540679,0.09247084,-0.15292174,0.96434534,0.80460703,0.04,0.96,0.0,Converging progress
Overall,SLB,2005-2015,True,0.25746578,0.13090947,-0.13321769,0.92078185,0.7915465,0.095,0.905,0.0,Converging progress
Overall,SLE,2005-2015,True,0.14034069,0.2010743,0.074341774,0.5754185,0.63570106,0.715,0.265,0.02,Progress Without Convergence
Overall,SLV,2005-2015,True,0.2972018,0.076306835,-0.22257107,0.8616344,0.6410267,0.005,0.995,0.0,Converging progress
Overall,SOM,2005-2015,True,0.45776695,0.26672256,-0.17088643,0.7661414,0.5864708,0.045,0.955,0.0,Converging progress
Overall,SRB,2005-2015,True,-0.001856327,0.13650128,0.1305197,0.17666884,0.31141004,0.445,0.045,0.51,Uncertain
Overall,SSD,2005-2015,True,0.013613939,0.34695846,0.33484006,0.13403428,0.46219933,0.555,0.005,0.44,Uncertain
Overall,STP,2005-2015,True,0.2300899,0.18615428,-0.03708884,0.30666924,0.27044567,0.36,0.64,0.0,Converging progress
Overall,SVK,2005-2015,True,-0.0031626523,0.00023639202,0.005874127,0.15811175,0.17056483,0.135,0.36,0.505,Uncertain
Overall,SWE,2005-2015,True,0.04616958,0.015590489,-0.019315183,0.08390409,0.06347531,0.2,0.535,0.265,At parity
Overall,SWZ,2005-2015,True,0.26736397,0.14530082,-0.138919,0.68780863,0.5553446,0.105,0.895,0.0,Converging progress
Overall,SYR,2005-2015,True,0.01560728,0.008231282,-0.001444608,0.6793206,0.66530967,0.165,0.415,0.42,Uncertain
Overall,TCD,2005-2015,True,0.09919727,0.22120059,0.12097809,0.7795987,0.90468466,0.855,0.08,0.065,Progress Without Convergence
Overall,TGO,2005-2015,True,0.34203988,0.24640977,-0.097267866,0.9547777,0.8610519,0.165,0.835,0.0,Converging progress
Overall,THA,2005-2015,True,0.4913338,0.18748592,-0.30155772,0.52226645,0.21269187,0.0,1.0,0.0,Converging progress
Overall,TJK,2005-2015,True,0.22406822,0.021511793,-0.20445576,0.5256375,0.3262396,0.015,0.985,0.0,Converging progress
Overall,TKM,2005-2015,True,0.39658412,0.35698923,-0.04733567,0.13990444,0.08765057,0.305,0.695,0.0,Converging progress
Overall,TLS,2005-2015,True,0.69032687,0.49085116,-0.20705792,0.92041624,0.7130847,0.03,0.97,0.0,Converging progress
Overall,TON,2005-2015,True,0.2753812,0.18605489,-0.08865474,0.48946255,0.39298886,0.14,0.86,0.0,Converging progress
Overall,TTO,2005-2015,True,0.119684294,-0.08074832,-0.2061228,0.2357512,0.026682496,0.02,0.915,0.065,Converging progress
Overall,TUN,2005-2015,True,0.3627901,0.02262047,-0.3267024,0.8923092,0.57062787,0.0,1.0,0.0,Converging progress
Overall,TUR,2005-2015,True,0.36706677,0.26690403,-0.10486102,0.71260935,0.61062956,0.18,0.82,0.0,Converging progress
Overall,TZA,2005-2015,True,0.46758634,0.32093322,-0.14040032,0.9287016,0.77408004,0.065,0.935,0.0,Converging progress
Overall,UGA,2005-2015,True,0.35888082,0.1356532,-0.2275092,0.8609133,0.6353246,0.0,1.0,0.0,Converging progress
Overall,UKR,2005-2015,True,0.17214198,-0.05606845,-0.22327209,0.42410523,0.19539386,0.005,0.985,0.01,Converging progress
Overall,URY,2005-2015,True,0.552791,0.16582856,-0.39465904,0.8271917,0.44147596,0.0,1.0,0.0,Converging progress
Overall,USA,2005-2015,True,0.00045108795,0.045958042,0.05231726,0.12955189,0.1850729,0.28,0.23,0.49,Uncertain
Overall,UZB,2005-2015,True,0.11983139,-0.029159069,-0.14653964,0.49890244,0.3591622,0.05,0.925,0.025,Converging progress
Overall,VEN,2005-2015,True,0.16936028,-0.073462695,-0.26467773,0.84850323,0.5932492,0.005,0.99,0.005,Converging progress
Overall,VNM,2005-2015,True,0.50352854,0.27738225,-0.23347,0.76648223,0.531464,0.0,1.0,0.0,Converging progress
Overall,WSM,2005-2015,True,0.27685666,0.19031422,-0.0808226,0.397124,0.31341892,0.175,0.825,0.0,Converging progress
Overall,XKX,2005-2015,True,-0.20336497,-0.03504032,0.16168559,0.2942629,0.45304057,0.005,0.015,0.98,No rural progress
Overall,YEM,2005-2015,True,0.21671501,0.067148305,-0.14635009,1.0540507,0.9007673,0.06,0.94,0.0,Converging progress
Overall,ZAF,2005-2015,True,0.24420515,0.037990995,-0.20503798,0.74801576,0.55398726,0.01,0.99,0.0,Converging progress
Overall,ZMB,2005-2015,True,0.30797464,0.12207267,-0.19253612,1.0950933,0.9005135,0.035,0.965,0.0,Converging progress
Overall,ZWE,2005-2015,True,0.17729121,-0.0782098,-0.23696965,1.1079555,0.8691094,0.0,0.99,0.01,Converging progress
Overall,AFG,2000-2010,True,0.53847116,0.41345936,-0.13473278,0.79965967,0.6721459,0.195,0.805,0.0,Converging progress
Overall,ALB,2000-2010,True,-0.068411395,0.040810585,0.10056247,0.21869467,0.31447884,0.09,0.1,0.81,No rural progress
Overall,ARG,2000-2010,True,0.3488874,0.35747346,-0.0039489865,0.7034174,0.6962352,0.48,0.52,0.0,Uncertain
Overall,ARM,2000-2010,True,0.26269978,0.25226888,-0.0013656318,0.64668494,0.63110065,0.485,0.515,0.0,Uncertain
Overall,AUT,2000-2010,True,0.11770767,0.06927115,-0.047441036,0.038947523,-0.0044127107,0.32,0.635,0.045,At parity
Overall,AZE,2000-2010,True,0.38902095,0.2025106,-0.19500887,0.71138257,0.51085746,0.05,0.95,0.0,Converging progress
Overall,BEL,2000-2010,True,0.14346212,0.10182953,-0.036735654,0.041258514,0.0059164762,0.33,0.635,0.035,At parity
Overall,BEN,2000-2010,True,0.31170553,0.11814362,-0.1864096,0.91010004,0.71513677,0.035,0.965,0.0,Converging progress
Overall,BFA,2000-2010,True,0.39316028,0.15600932,-0.23026231,1.2711977,1.0304126,0.01,0.99,0.0,Converging progress
Overall,BGD,2000-2010,True,0.5363693,0.19048426,-0.3507778,0.87236935,0.52101296,0.0,1.0,0.0,Converging progress
Overall,BGR,2000-2010,True,-0.24203467,-0.04819037,0.18672751,0.1778203,0.35981077,0.0,0.0,1.0,No rural progress
Overall,BIH,2000-2010,True,-0.18371786,-0.07402459,0.098233774,0.30471945,0.40892273,0.0,0.01,0.99,No rural progress
Overall,BLR,2000-2010,True,0.019172996,0.124454275,0.09333493,0.112973586,0.21172407,0.445,0.18,0.375,Uncertain
Overall,BLZ,2000-2010,True,0.27001983,0.08658044,-0.18102403,0.67070055,0.4798993,0.04,0.96,0.0,Converging progress
Overall,BOL,2000-2010,True,0.39017922,0.122863375,-0.26905823,1.3717535,1.1123109,0.0,1.0,0.0,Converging progress
Overall,BRA,2000-2010,True,0.34483427,0.13120843,-0.21626702,1.2021666,1.0022602,0.01,0.99,0.0,Converging progress
Overall,BTN,2000-2010,True,0.7305082,0.28395167,-0.45480305,1.1559043,0.7065939,0.0,1.0,0.0,Converging progress
Overall,BWA,2000-2010,True,0.40382898,0.4437316,0.035919487,0.81616235,0.86209583,0.635,0.365,0.0,Progress Without Convergence
Overall,CAF,2000-2010,True,-0.023949027,0.11249143,0.13868803,0.51726156,0.6444651,0.29,0.11,0.6,No rural progress
Overall,CHE,2000-2010,True,0.071906924,0.06649518,-0.00036513805,-0.0036640167,0.002942443,0.285,0.48,0.235,At parity
Overall,CHL,2000-2010,True,0.45349017,0.119414926,-0.3406559,1.1878507,0.8452791,0.0,1.0,0.0,Converging progress
Overall,CHN,2000-2010,True,0.5074612,0.17509595,-0.33028474,1.0046375,0.6764953,0.005,0.995,0.0,Converging progress
Overall,CIV,2000-2010,True,0.13538897,0.021691263,-0.12119755,0.9687165,0.85617065,0.115,0.825,0.06,Converging progress
Overall,CMR,2000-2010,True,0.21473235,0.081242174,-0.13524708,1.0607266,0.92683387,0.105,0.895,0.0,Converging progress
Overall,COD,2000-2010,True,-0.1612969,0.032555103,0.19719899,0.63016236,0.811999,0.03,0.03,0.94,No rural progress
Overall,COG,2000-2010,True,0.19569606,0.1760644,-0.023392022,0.8996252,0.88312835,0.425,0.565,0.01,Uncertain
Overall,COL,2000-2010,True,0.05437942,0.011555791,-0.051638603,1.1183797,1.0760827,0.14,0.63,0.23,Converging progress
Overall,COM,2000-2010,True,0.26274914,0.19160527,-0.06682095,0.41392913,0.3497378,0.245,0.755,0.0,Converging progress
Overall,CPV,2000-2010,True,0.35542047,0.17948693,-0.19681601,0.7837405,0.6153506,0.13,0.87,0.0,Converging progress
Overall,CRI,2000-2010,True,0.12407701,-0.051704437,-0.18360755,0.74316615,0.55627215,0.025,0.92,0.055,Converging progress
Overall,CYP,2000-2010,True,0.030423284,0.072790325,0.051559508,0.012894392,0.0755015,0.33,0.265,0.405,At parity
Overall,CZE,2000-2010,True,0.086028725,0.0374313,-0.04489696,0.1573765,0.106662065,0.225,0.67,0.105,Converging progress
Overall,DEU,2000-2010,True,0.071929276,0.07668984,0.022422135,0.046420395,0.0677259,0.42,0.39,0.19,At parity
Overall,DJI,2000-2010,True,-0.14960092,0.13926274,0.30867675,0.42126063,0.71781373,0.025,0.005,0.97,No rural progress
Overall,DNK,2000-2010,True,0.07593995,0.09518975,0.0006633997,0.013401866,0.025113642,0.365,0.495,0.14,At parity
Overall,DOM,2000-2010,True,0.2110444,0.07266842,-0.13049906,0.7311818,0.59450173,0.09,0.905,0.005,Converging progress
Overall,DZA,2000-2010,True,0.050516345,-0.09154624,-0.14911443,0.64330614,0.50190973,0.025,0.695,0.28,Converging progress
Overall,ECU,2000-2010,True,0.23441724,0.05683644,-0.17269626,0.9839497,0.8090496,0.045,0.955,0.0,Converging progress
Overall,EGY,2000-2010,True,0.22333781,0.047674,-0.16274686,0.63502645,0.45934492,0.025,0.97,0.005,Converging progress
Overall,ESP,2000-2010,True,0.16419315,0.14860111,-0.01474157,0.11369538,0.09467673,0.42,0.58,0.0,Uncertain
Overall,EST,2000-2010,True,0.07337603,0.049488664,-0.023200482,0.22409818,0.20051962,0.32,0.55,0.13,Uncertain
Overall,ETH,2000-2010,True,0.4711467,0.12648946,-0.3432725,1.5329906,1.1952784,0.0,1.0,0.0,Converging progress
Overall,FIN,2000-2010,True,0.089978874,0.074361205,-0.014501512,0.056186736,0.038570583,0.32,0.55,0.13,At parity
Overall,FJI,2000-2010,True,0.2908003,0.1360881,-0.15369979,0.7130909,0.5639775,0.115,0.885,0.0,Converging progress
Overall,FRA,2000-2010,True,0.049007535,0.08100128,0.028772712,-0.013035357,0.01099056,0.395,0.36,0.245,At parity
Overall,GAB,2000-2010,True,0.15164685,0.16939908,0.020366639,1.0261184,1.0602834,0.505,0.44,0.055,Uncertain
Overall,GBR,2000-2010,True,0.11059272,0.05304587,-0.04904574,-0.025375485,-0.075178266,0.235,0.695,0.07,At parity
Overall,GEO,2000-2010,True,0.15246516,0.15516143,0.0073561966,0.6916568,0.691589,0.48,0.48,0.04,Uncertain
Overall,GHA,2000-2010,True,0.44281894,0.10088235,-0.3458496,1.0461588,0.7065665,0.0,1.0,0.0,Converging progress
Overall,GIN,2000-2010,True,0.17484546,0.18991846,0.017754436,0.822149,0.8472527,0.54,0.43,0.03,Uncertain
Overall,GMB,2000-2010,True,0.23903424,0.13141781,-0.11055827,0.6814959,0.568712,0.185,0.81,0.005,Converging progress
Overall,GNB,2000-2010,True,0.41891193,0.09380913,-0.31727588,1.0037632,0.68382335,0.005,0.995,0.0,Converging progress
Overall,GRC,2000-2010,True,0.002160132,0.06082517,0.059882343,0.14989004,0.21034524,0.265,0.24,0.495,Uncertain
Overall,GTM,2000-2010,True,0.21149775,0.021446507,-0.1780726,0.831582,0.65784997,0.06,0.94,0.0,Converging progress
Overall,GUY,2000-2010,True,0.28240675,0.17044123,-0.116016425,0.37614876,0.2621468,0.145,0.855,0.0,Converging progress
Overall,HND,2000-2010,True,0.27171323,0.15359655,-0.122725636,0.95561016,0.8473183,0.12,0.88,0.0,Converging progress
Overall,HRV,2000-2010,True,-0.039412558,-0.014618874,0.0372943,0.2590705,0.29519865,0.055,0.205,0.74,No rural progress
Overall,HTI,2000-2010,True,0.09774655,-0.027335525,-0.12668163,0.9252785,0.7908673,0.08,0.82,0.1,Converging progress
Overall,HUN,2000-2010,True,0.03295809,0.05754271,0.026850402,0.083028704,0.10998428,0.265,0.38,0.355,Uncertain
Overall,IDN,2000-2010,True,0.33628207,0.16727,-0.18003792,0.7967968,0.62202877,0.08,0.92,0.0,Converging progress
Overall,IND,2000-2010,True,0.4662823,0.24024868,-0.2261053,0.8872946,0.66518307,0.02,0.98,0.0,Converging progress
Overall,IRL,2000-2010,True,-0.04808113,-0.08689222,-0.03460431,0.0044209063,-0.035321772,0.03,0.275,0.695,At parity
Overall,IRN,2000-2010,True,0.26321486,0.037872374,-0.22559881,0.8195416,0.60027134,0.05,0.95,0.0,Converging progress
Overall,IRQ,2000-2010,True,0.5106831,0.36673442,-0.15016839,0.7762516,0.6188563,0.14,0.86,0.0,Converging progress
Overall,ISL,2000-2010,True,0.05780661,0.04593271,-0.0080189705,-0.07155007,-0.08662766,0.285,0.525,0.19,At parity
Overall,ISR,2000-2010,True,0.07538682,0.07585406,0.0054445863,-0.011489689,-0.00073587894,0.36,0.475,0.165,At parity
Overall,ITA,2000-2010,True,0.13722819,0.13272297,-0.009363174,0.058463305,0.046658754,0.445,0.545,0.01,At parity
Overall,JAM,2000-2010,True,0.22637954,0.13635498,-0.087311834,0.48496795,0.39332092,0.175,0.825,0.0,Converging progress
Overall,JOR,2000-2010,True,0.21756937,-0.02732402,-0.24888721,0.530105,0.2764804,0.005,0.995,0.0,Converging progress
Overall,KAZ,2000-2010,True,0.17504682,0.020501077,-0.14653882,0.3715401,0.22438565,0.085,0.905,0.01,Converging progress
Overall,KEN,2000-2010,True,0.38147646,0.17760137,-0.18662891,0.7892897,0.6096829,0.05,0.95,0.0,Converging progress
Overall,KGZ,2000-2010,True,0.04855612,-0.0044749975,-0.05854827,0.37569755,0.31288216,0.12,0.62,0.26,Converging progress
Overall,KHM,2000-2010,True,0.8219715,0.48773456,-0.33194393,1.2845516,0.9530382,0.0,1.0,0.0,Converging progress
Overall,KIR,2000-2010,True,0.28137803,0.14146104,-0.15293473,0.7644577,0.5998105,0.135,0.865,0.0,Converging progress
Overall,KOR,2000-2010,True,0.019562036,0.08241129,0.07268578,0.09875548,0.15779698,0.34,0.25,0.41,Uncertain
Overall,LAO,2000-2010,True,0.45399696,0.1252729,-0.32967532,1.2099544,0.88044506,0.0,1.0,0.0,Converging progress
Overall,LBN,2000-2010,True,-0.18046142,0.048713863,0.22509697,0.09097707,0.31553808,0.035,0.04,0.925,No rural progress
Overall,LBR,2000-2010,True,-0.021407902,-0.04143542,-0.00993973,0.54760087,0.52460605,0.07,0.345,0.585,Uncertain
Overall,LKA,2000-2010,True,0.30557734,0.24490145,-0.06387982,0.58729124,0.5267416,0.27,0.73,0.0,Converging progress
Overall,LSO,2000-2010,True,0.33640832,0.20841056,-0.13799396,0.84094,0.70594954,0.16,0.84,0.0,Converging progress
Overall,LTU,2000-2010,True,0.03071326,0.2246876,0.1999581,0.33106416,0.52478987,0.615,0.05,0.335,Progress Without Convergence
Overall,LUX,2000-2010,True,0.063357174,0.045444965,-0.016762555,-0.015206814,-0.036156714,0.25,0.555,0.195,At parity
Overall,LVA,2000-2010,True,-0.09216161,-0.027151942,0.0533022,0.2803738,0.33978552,0.015,0.105,0.88,No rural progress
Overall,MAR,2000-2010,True,0.5343779,0.33412355,-0.20693696,1.1591681,0.9488151,0.01,0.99,0.0,Converging progress
Overall,MDA,2000-2010,True,-0.09344435,-0.05187267,0.053260982,0.5005098,0.5368147,0.015,0.125,0.86,No rural progress
Overall,MDG,2000-2010,True,0.1733545,0.040059388,-0.14049745,0.8973916,0.7623792,0.08,0.9,0.02,Converging progress
Overall,MDV,2000-2010,True,0.7432486,0.37775165,-0.34432924,0.89220196,0.5377089,0.005,0.995,0.0,Converging progress
Overall,MEX,2000-2010,True,0.18382937,-0.03771554,-0.21253687,0.98926306,0.75638705,0.02,0.975,0.005,Converging progress
Overall,MKD,2000-2010,True,-0.053699583,0.061079144,0.105633855,0.12385622,0.2342317,0.18,0.07,0.75,No rural progress
Overall,MLI,2000-2010,True,0.3149441,0.29901442,-0.019776762,0.83870864,0.82534075,0.44,0.56,0.0,Uncertain
Overall,MMR,2000-2010,True,0.36580825,0.30324998,-0.058956236,0.70502096,0.63521934,0.33,0.67,0.0,Converging progress
Overall,MNE,2000-2010,True,-0.19198453,-0.08675656,0.09745927,0.24162535,0.3495441,0.0,0.005,0.995,No rural progress
Overall,MNG,2000-2010,True,0.49826252,0.22890247,-0.27659634,1.2886016,1.0028411,0.02,0.98,0.0,Converging progress
Overall,MOZ,2000-2010,True,0.38077462,0.3007638,-0.09206259,1.1543982,1.0762061,0.24,0.76,0.0,Converging progress
Overall,MRT,2000-2010,True,0.3465553,0.3000208,-0.04354462,0.9644123,0.92388415,0.365,0.635,0.0,Converging progress
Overall,MUS,2000-2010,True,0.12203038,0.018393427,-0.1124343,0.34247744,0.22170746,0.11,0.825,0.065,Converging progress
Overall,MWI,2000-2010,True,0.36879116,0.18146378,-0.17592368,0.9312199,0.7539931,0.045,0.955,0.0,Converging progress
Overall,MYS,2000-2010,True,0.112281345,-0.03114754,-0.15594745,0.5231442,0.37840438,0.075,0.845,0.08,Converging progress
Overall,NAM,2000-2010,True,0.23860872,0.072791174,-0.16448352,1.0616207,0.90278566,0.04,0.96,0.0,Converging progress
Overall,NER,2000-2010,True,0.29482597,0.1364367,-0.16658795,1.1772873,1.0135989,0.065,0.935,0.0,Converging progress
Overall,NGA,2000-2010,True,0.16951317,0.003242135,-0.16497788,0.7544956,0.5990054,0.05,0.935,0.015,Converging progress
Overall,NIC,2000-2010,True,0.101623476,0.24667075,0.14029443,1.0512275,1.1923618,0.79,0.07,0.14,Progress Without Convergence
Overall,NLD,2000-2010,True,0.10005337,0.00794974,-0.09574351,-0.11751044,-0.21436235,0.085,0.865,0.05,Converging progress
Overall,NOR,2000-2010,True,0.024425566,0.02751422,0.0066281557,-0.005089611,-0.0057129264,0.21,0.42,0.37,At parity
Overall,NPL,2000-2010,True,0.5593767,0.22393158,-0.34375265,0.8555919,0.52454644,0.0,1.0,0.0,Converging progress
Overall,PAK,2000-2010,True,0.26595137,0.1073336,-0.1575248,0.8876872,0.7324613,0.09,0.91,0.0,Converging progress
Overall,PAN,2000-2010,True,0.26258224,0.11784099,-0.13694185,1.0121264,0.87974674,0.095,0.905,0.0,Converging progress
Overall,PER,2000-2010,True,0.509979,0.17599222,-0.32732338,1.3883519,1.0527623,0.0,1.0,0.0,Converging progress
Overall,PHL,2000-2010,True,0.26734978,0.1432338,-0.13115361,0.618386,0.49195972,0.125,0.875,0.0,Converging progress
Overall,POL,2000-2010,True,-0.027433038,0.03161776,0.061500043,0.25132033,0.30557954,0.145,0.22,0.635,No rural progress
Overall,PRT,2000-2010,True,-0.013994545,0.08849266,0.10291687,0.11361703,0.20878428,0.31,0.135,0.555,Uncertain
Overall,PRY,2000-2010,True,0.4084055,0.18692994,-0.22745848,0.9563632,0.7304033,0.005,0.995,0.0,Converging progress
Overall,PSE,2000-2010,True,0.35538995,0.16672668,-0.18733998,0.41419336,0.22800578,0.025,0.975,0.0,Converging progress
Overall,ROU,2000-2010,True,-0.117927074,0.03207645,0.13680826,0.34836453,0.4979976,0.03,0.05,0.92,No rural progress
Overall,RUS,2000-2010,True,-0.18416227,-0.05416909,0.13986154,0.24200329,0.36563766,0.0,0.0,1.0,No rural progress
Overall,RWA,2000-2010,True,0.34990424,0.32679325,-0.013436437,0.62299776,0.5920917,0.41,0.59,0.0,Uncertain
Overall,SDN,2000-2010,True,0.32191378,0.14430702,-0.16309541,0.80820566,0.64902794,0.045,0.955,0.0,Converging progress
Overall,SEN,2000-2010,True,0.33242434,0.12034771,-0.20532721,1.0888938,0.87600833,0.02,0.98,0.0,Converging progress
Overall,SLB,2000-2010,True,0.23633301,0.12761322,-0.11774811,0.96946895,0.85544074,0.18,0.82,0.0,Converging progress
Overall,SLE,2000-2010,True,0.11606592,0.17284864,0.07001996,0.545289,0.6067997,0.595,0.28,0.125,Uncertain
Overall,SLV,2000-2010,True,0.30307335,0.048545823,-0.24873167,0.9821918,0.7316508,0.005,0.995,0.0,Converging progress
Overall,SOM,2000-2010,True,0.43501472,0.27904522,-0.16418731,0.8171371,0.66305715,0.075,0.925,0.0,Converging progress
Overall,SRB,2000-2010,True,-0.12946504,0.00026255846,0.12058915,0.11900425,0.23198937,0.015,0.055,0.93,No rural progress
Overall,SSD,2000-2010,True,-0.05189967,0.3172055,0.3646382,-0.042014062,0.32813025,0.305,0.01,0.685,No rural progress
Overall,STP,2000-2010,True,0.18001354,0.15078521,-0.04736525,0.30581188,0.27940097,0.38,0.62,0.0,Converging progress
Overall,SVK,2000-2010,True,-0.058440328,0.0013430119,0.0625343,0.109087884,0.17257124,0.05,0.17,0.78,No rural progress
Overall,SWE,2000-2010,True,0.035926938,0.056270063,0.018131673,0.06947714,0.08366835,0.325,0.37,0.305,At parity
Overall,SWZ,2000-2010,True,0.1736578,0.05011472,-0.11506021,0.72629327,0.6244375,0.09,0.89,0.02,Converging progress
Overall,SYR,2000-2010,True,0.03493319,0.010540992,-0.018371671,0.70008594,0.6701671,0.2,0.525,0.275,Uncertain
Overall,TCD,2000-2010,True,0.14866567,0.27778208,0.12672466,0.70408523,0.84324527,0.81,0.135,0.055,Progress Without Convergence
Overall,TGO,2000-2010,True,0.32113582,0.23605326,-0.08108446,0.9930456,0.8996552,0.21,0.79,0.0,Converging progress
Overall,THA,2000-2010,True,0.5661628,0.17365448,-0.40136564,0.7461333,0.3412667,0.0,1.0,0.0,Converging progress
Overall,TJK,2000-2010,True,0.19859475,-0.023508593,-0.22034793,0.66608214,0.43758166,0.03,0.965,0.005,Converging progress
Overall,TKM,2000-2010,True,0.34684616,0.27911013,-0.050134674,0.17296237,0.11546755,0.335,0.665,0.0,Converging progress
Overall,TLS,2000-2010,True,0.74568856,0.47144252,-0.2792411,1.057728,0.78713,0.025,0.975,0.0,Converging progress
Overall,TON,2000-2010,True,0.2690642,0.16272417,-0.11399162,0.56410015,0.4513552,0.165,0.835,0.0,Converging progress
Overall,TTO,2000-2010,True,0.16103074,-0.20836723,-0.3677196,0.42166683,0.06395686,0.0,0.955,0.045,Converging progress
Overall,TUN,2000-2010,True,0.36769944,-0.02515304,-0.3865592,1.1401534,0.7515364,0.0,1.0,0.0,Converging progress
Overall,TUR,2000-2010,True,0.31260526,0.23315986,-0.09389794,0.7539519,0.66962135,0.225,0.775,0.0,Converging progress
Overall,TZA,2000-2010,True,0.47184467,0.28682768,-0.1773001,1.0314693,0.85474205,0.04,0.96,0.0,Converging progress
Overall,UGA,2000-2010,True,0.34663677,0.09750652,-0.25825086,1.007561,0.7483414,0.005,0.995,0.0,Converging progress
Overall,UKR,2000-2010,True,0.044766515,-0.121649206,-0.16172554,0.44676456,0.28018928,0.0,0.665,0.335,Converging progress
Overall,URY,2000-2010,True,0.51979685,0.11642742,-0.40081248,1.0409248,0.63392276,0.0,1.0,0.0,Converging progress
Overall,USA,2000-2010,True,-0.01925835,0.07204014,0.08562803,0.08638233,0.17832047,0.215,0.165,0.62,No rural progress
Overall,UZB,2000-2010,True,-0.008522697,-0.066586226,-0.053156108,0.5163948,0.45709127,0.04,0.425,0.535,Uncertain
Overall,VEN,2000-2010,True,0.025323614,-0.12237537,-0.14210242,0.9139651,0.7654405,0.0,0.62,0.38,Converging progress
Overall,VNM,2000-2010,True,0.48518988,0.20283467,-0.27714077,0.9261157,0.6418583,0.005,0.995,0.0,Converging progress
Overall,WSM,2000-2010,True,0.27704775,0.07635357,-0.20889793,0.53571516,0.33208114,0.04,0.96,0.0,Converging progress
Overall,XKX,2000-2010,True,-0.35683274,-0.12010449,0.22583777,0.17910641,0.39731836,0.0,0.0,1.0,No rural progress
Overall,YEM,2000-2010,True,0.20480794,0.07935667,-0.1213457,1.1253135,1.0099725,0.105,0.89,0.005,Converging progress
Overall,ZAF,2000-2010,True,0.2876187,0.052301753,-0.23090306,0.87145436,0.6358818,0.0,1.0,0.0,Converging progress
Overall,ZMB,2000-2010,True,0.38223344,0.1576145,-0.21790493,1.2039322,0.98779356,0.015,0.985,0.0,Converging progress
Overall,ZWE,2000-2010,True,0.26214027,-0.049552068,-0.30712333,1.2905753,0.97253835,0.0,1.0,0.0,Converging progress
Overall,AFG,2015-2021,True,0.2556834,0.22669297,-0.03348884,0.62538135,0.58773243,0.335,0.665,0.0,Converging progress
Overall,ALB,2015-2021,True,0.15996672,0.10996953,-0.048497394,0.27575645,0.2301647,0.27,0.72,0.01,Converging progress
Overall,ARG,2015-2021,True,0.27880132,0.15940607,-0.11542764,0.63479614,0.5197054,0.07,0.93,0.0,Converging progress
Overall,ARM,2015-2021,True,0.153745,0.15937546,0.009478599,0.60898405,0.6130278,0.53,0.47,0.0,Uncertain
Overall,AUT,2015-2021,True,0.040366948,0.040646076,0.0002194047,-0.0101925135,-0.0020079613,0.275,0.445,0.28,At parity
Overall,AZE,2015-2021,True,0.21302527,0.21933985,0.002338305,0.47819677,0.47898126,0.505,0.495,0.0,Uncertain
Overall,BEL,2015-2021,True,0.05509466,0.06117052,-0.00045877695,0.004617512,0.008649468,0.32,0.49,0.19,At parity
Overall,BEN,2015-2021,True,0.17614877,0.08768961,-0.08907786,0.6174921,0.5405766,0.195,0.8,0.005,Converging progress
Overall,BFA,2015-2021,True,0.19983315,0.11306313,-0.08101946,0.8841237,0.8006749,0.13,0.87,0.0,Converging progress
Overall,BGD,2015-2021,True,0.40870357,0.23056002,-0.17648183,0.42763108,0.24985461,0.015,0.985,0.0,Converging progress
Overall,BGR,2015-2021,True,0.11577583,0.08338711,-0.037914664,0.3818064,0.34095982,0.285,0.685,0.03,Converging progress
Overall,BIH,2015-2021,True,-0.0058828816,-0.021668643,-0.01617676,0.3945809,0.3750291,0.065,0.41,0.525,Uncertain
Overall,BLR,2015-2021,True,0.27031454,0.25092736,-0.006430179,0.24519703,0.23146039,0.46,0.54,0.0,Uncertain
Overall,BLZ,2015-2021,True,0.15839553,0.15845197,-0.010513708,0.49172437,0.48518366,0.46,0.535,0.005,Uncertain
Overall,BOL,2015-2021,True,0.25308436,0.13821691,-0.120069444,1.0420576,0.9225611,0.085,0.915,0.0,Converging progress
Overall,BRA,2015-2021,True,0.23644027,0.118679106,-0.11601812,0.89306164,0.77729976,0.07,0.93,0.0,Converging progress
Overall,BTN,2015-2021,True,0.45906353,0.15853754,-0.30011395,0.45578372,0.14472987,0.0,1.0,0.0,Converging progress
Overall,BWA,2015-2021,True,0.12686676,0.15849859,0.02153173,0.86932534,0.89738643,0.605,0.375,0.02,Progress Without Convergence
Overall,CAF,2015-2021,True,0.0030489564,0.050112605,0.04765016,0.7213047,0.7706425,0.255,0.26,0.485,Uncertain
Overall,CHE,2015-2021,True,0.031054914,0.034139097,-0.008601427,0.016043305,0.006588638,0.19,0.485,0.325,At parity
Overall,CHL,2015-2021,True,0.25666004,0.08228874,-0.1857934,0.6853516,0.5109095,0.035,0.965,0.0,Converging progress
Overall,CHN,2015-2021,True,0.29774252,0.18699217,-0.1088666,0.52929276,0.41622466,0.085,0.915,0.0,Converging progress
Overall,CIV,2015-2021,True,0.11957133,0.09499167,-0.031114101,0.82072914,0.8002251,0.36,0.615,0.025,Converging progress
Overall,CMR,2015-2021,True,0.120144844,0.084296376,-0.0403634,0.8689337,0.83659387,0.295,0.68,0.025,Converging progress
Overall,COD,2015-2021,True,-0.063693285,0.04686737,0.10492313,0.9010816,1.0011842,0.07,0.075,0.855,No rural progress
Overall,COG,2015-2021,True,0.08090556,0.0808011,-0.013898551,0.8620504,0.86034715,0.36,0.535,0.105,Uncertain
Overall,COL,2015-2021,True,0.18020627,0.09922102,-0.07945281,1.0529529,0.98247683,0.22,0.78,0.0,Converging progress
Overall,COM,2015-2021,True,0.1730797,0.20199096,0.040360734,0.34906048,0.38431185,0.615,0.385,0.0,Progress Without Convergence
Overall,CPV,2015-2021,True,0.26297045,0.14277148,-0.11816873,0.53976375,0.41726953,0.09,0.91,0.0,Converging progress
Overall,CRI,2015-2021,True,0.22119772,0.04615447,-0.18063502,0.43451548,0.26950863,0.03,0.97,0.0,Converging progress
Overall,CYP,2015-2021,True,0.008953989,0.034992456,0.0250566,0.107608736,0.1173622,0.215,0.345,0.44,Uncertain
Overall,CZE,2015-2021,True,0.080938876,0.0036902428,-0.081420064,0.023677409,-0.0471825,0.155,0.73,0.115,At parity
Overall,DEU,2015-2021,True,0.039179385,0.030340016,-0.0037620664,0.052608907,0.051917076,0.19,0.5,0.31,At parity
Overall,DJI,2015-2021,True,0.040133953,0.10805124,0.06651294,0.80708843,0.86172974,0.5,0.24,0.26,Uncertain
Overall,DNK,2015-2021,True,0.068357706,0.038759887,-0.031701744,0.031170487,0.010592997,0.225,0.62,0.155,At parity
Overall,DOM,2015-2021,True,0.10981853,0.014134198,-0.0936653,0.52604103,0.43661493,0.095,0.87,0.035,Converging progress
Overall,DZA,2015-2021,True,0.06732881,-0.017619833,-0.09236294,0.4237898,0.33097202,0.055,0.81,0.135,Converging progress
Overall,ECU,2015-2021,True,0.16812162,0.08358382,-0.086150706,0.74028623,0.65201926,0.175,0.82,0.005,Converging progress
Overall,EGY,2015-2021,True,0.1268502,0.08856526,-0.044802338,0.3979543,0.3655835,0.3,0.675,0.025,Converging progress
Overall,ESP,2015-2021,True,0.06795937,0.05400616,-0.007319033,0.08467209,0.062707365,0.345,0.505,0.15,At parity
Overall,EST,2015-2021,True,0.09458256,0.008180201,-0.086450934,0.11190188,0.026150346,0.13,0.805,0.065,Converging progress
Overall,ETH,2015-2021,True,0.19328034,0.11017215,-0.08916521,1.0751516,0.98900914,0.14,0.86,0.0,Converging progress
Overall,FIN,2015-2021,True,0.05806327,0.044423282,-0.018997133,0.03532648,0.009939671,0.305,0.55,0.145,At parity
Overall,FJI,2015-2021,True,0.16306366,0.09676655,-0.065111086,0.49373287,0.4199506,0.21,0.775,0.015,Converging progress
Overall,FRA,2015-2021,True,0.041632712,0.04472053,0.008966267,0.02321738,0.034347773,0.295,0.44,0.265,At parity
Overall,GAB,2015-2021,True,0.106538534,0.10257891,-0.010540545,1.078763,1.0787053,0.43,0.53,0.04,Uncertain
Overall,GBR,2015-2021,True,0.027076185,0.01952362,-0.011034906,-0.074843824,-0.07166475,0.14,0.505,0.355,At parity
Overall,GEO,2015-2021,True,0.13080172,0.14149407,0.011983126,0.6716924,0.6846596,0.51,0.465,0.025,Uncertain
Overall,GHA,2015-2021,True,0.21090007,0.18810248,-0.024918467,0.6259364,0.5964781,0.4,0.6,0.0,Converging progress
Overall,GIN,2015-2021,True,0.17514062,0.18158358,-0.0036952496,0.81956935,0.8149117,0.47,0.525,0.005,Uncertain
Overall,GMB,2015-2021,True,0.06903952,0.105662465,0.03589928,0.57777596,0.612493,0.585,0.325,0.09,Uncertain
Overall,GNB,2015-2021,True,0.21071106,0.1416187,-0.07375997,0.5866754,0.5123571,0.23,0.77,0.0,Converging progress
Overall,GRC,2015-2021,True,0.06195274,0.031802297,-0.030586392,0.18338856,0.15353632,0.23,0.605,0.165,Converging progress
Overall,GTM,2015-2021,True,0.18089968,0.07453877,-0.0965288,0.55939275,0.45585346,0.11,0.89,0.0,Converging progress
Overall,GUY,2015-2021,True,0.14445615,0.113234945,-0.03863506,0.22507754,0.18555945,0.325,0.64,0.035,Converging progress
Overall,HND,2015-2021,True,0.18526432,0.11959782,-0.07172686,0.78712475,0.7177634,0.21,0.79,0.0,Converging progress
Overall,HRV,2015-2021,True,0.050665617,0.02741301,-0.022745878,0.268362,0.2481223,0.235,0.575,0.19,Uncertain
Overall,HTI,2015-2021,True,0.124947965,0.06218636,-0.059854656,0.77363,0.71561265,0.215,0.745,0.04,Converging progress
Overall,HUN,2015-2021,True,0.14381072,0.0988577,-0.053012013,0.09730506,0.04029852,0.28,0.715,0.005,At parity
Overall,IDN,2015-2021,True,0.26738542,0.13234672,-0.1410837,0.57041633,0.43053967,0.055,0.945,0.0,Converging progress
Overall,IND,2015-2021,True,0.38992637,0.26319867,-0.12807268,0.5779264,0.452277,0.055,0.945,0.0,Converging progress
Overall,IRL,2015-2021,True,0.044798046,0.006559342,-0.037023127,-0.08796218,-0.12749264,0.185,0.625,0.19,Converging progress
Overall,IRN,2015-2021,True,0.14503327,0.045060545,-0.09693128,0.51347697,0.40802002,0.12,0.86,0.02,Converging progress
Overall,IRQ,2015-2021,True,0.36048323,0.22180241,-0.13655877,0.52940357,0.3955729,0.055,0.945,0.0,Converging progress
Overall,ISL,2015-2021,True,0.06763172,0.046444893,-0.023336828,-0.10989475,-0.13543177,0.275,0.6,0.125,Converging progress
Overall,ISR,2015-2021,True,-0.004799962,0.02672565,0.030858219,0.02020359,0.05770558,0.165,0.3,0.535,At parity
Overall,ITA,2015-2021,True,0.072321236,0.05025798,-0.018363833,0.026701748,0.02345854,0.3,0.55,0.15,At parity
Overall,JAM,2015-2021,True,0.19080493,0.066532165,-0.12370895,0.31936717,0.19981611,0.095,0.9,0.005,Converging progress
Overall,JOR,2015-2021,True,0.020090073,-0.029501498,-0.045162678,0.24979106,0.20445591,0.095,0.52,0.385,Uncertain
Overall,KAZ,2015-2021,True,0.13557023,-0.0056191087,-0.1451635,0.16864401,0.024619639,0.045,0.94,0.015,Converging progress
Overall,KEN,2015-2021,True,0.26373923,0.24735905,-0.014095664,0.55589616,0.5434696,0.435,0.565,0.0,Uncertain
Overall,KGZ,2015-2021,True,0.2378897,0.11697683,-0.1130275,0.27817068,0.16139272,0.11,0.89,0.0,Converging progress
Overall,KHM,2015-2021,True,0.39382443,0.24672109,-0.14528269,0.8181095,0.6641451,0.065,0.935,0.0,Converging progress
Overall,KIR,2015-2021,True,0.15115994,0.10160616,-0.044432163,0.51238966,0.46589792,0.285,0.695,0.02,Converging progress
Overall,KOR,2015-2021,True,0.055558145,0.014246821,-0.035795897,0.13808805,0.11280742,0.17,0.59,0.24,Uncertain
Overall,LAO,2015-2021,True,0.3606723,0.31048048,-0.059505075,0.79385567,0.74418086,0.24,0.76,0.0,Converging progress
Overall,LBN,2015-2021,True,0.061781704,0.021178722,-0.043205336,0.30865127,0.2605235,0.22,0.605,0.175,Converging progress
Overall,LBR,2015-2021,True,0.11807394,0.15962958,0.027307928,0.5872624,0.62790024,0.62,0.355,0.025,Progress Without Convergence
Overall,LKA,2015-2021,True,0.25520945,0.15196498,-0.11567956,0.50984406,0.39969525,0.115,0.885,0.0,Converging progress
Overall,LSO,2015-2021,True,0.24867809,0.1905633,-0.054409415,0.6325919,0.57253134,0.185,0.815,0.0,Converging progress
Overall,LTU,2015-2021,True,0.15187292,0.10450876,-0.049654663,0.5293828,0.47964823,0.285,0.715,0.0,Converging progress
Overall,LUX,2015-2021,True,0.014582634,0.023938298,0.008066952,-0.02671653,-0.024097145,0.21,0.39,0.4,At parity
Overall,LVA,2015-2021,True,0.04575181,0.014436096,-0.032876015,0.3150159,0.2727838,0.215,0.57,0.215,Uncertain
Overall,MAR,2015-2021,True,0.30403602,0.15802607,-0.1450293,0.85847855,0.7206859,0.055,0.945,0.0,Converging progress
Overall,MDA,2015-2021,True,0.11169717,0.0692907,-0.04110667,0.48160687,0.43849418,0.275,0.705,0.02,Converging progress
Overall,MDG,2015-2021,True,0.13069803,0.07739487,-0.05608228,0.72977173,0.6882758,0.245,0.73,0.025,Converging progress
Overall,MDV,2015-2021,True,0.37047836,0.21213597,-0.16046008,0.37759507,0.22179231,0.05,0.95,0.0,Converging progress
Overall,MEX,2015-2021,True,0.26079768,0.100450754,-0.16294004,0.64199436,0.4878826,0.025,0.975,0.0,Converging progress
Overall,MKD,2015-2021,True,0.113298476,0.14717284,0.027272642,0.27730185,0.30839333,0.6,0.38,0.02,Progress Without Convergence
Overall,MLI,2015-2021,True,0.20422304,0.19367515,-0.010224342,0.7842203,0.7804131,0.47,0.53,0.0,Uncertain
Overall,MMR,2015-2021,True,0.21798682,0.1785061,-0.03680709,0.5941793,0.55469584,0.31,0.69,0.0,Converging progress
Overall,MNE,2015-2021,True,0.17526351,0.16226855,-0.014821932,0.33949536,0.3232141,0.44,0.555,0.005,Uncertain
Overall,MNG,2015-2021,True,0.41162443,0.21444759,-0.20653382,0.8863855,0.68255365,0.005,0.995,0.0,Converging progress
Overall,MOZ,2015-2021,True,0.22395325,0.1798366,-0.053280383,1.0272725,0.980507,0.255,0.745,0.0,Converging progress
Overall,MRT,2015-2021,True,0.1722151,0.18881018,0.01718396,0.8512112,0.8756783,0.58,0.42,0.0,Uncertain
Overall,MUS,2015-2021,True,0.114841014,0.069407225,-0.05026567,0.14622182,0.10013178,0.25,0.72,0.03,Converging progress
Overall,MWI,2015-2021,True,0.16449612,0.092640996,-0.07517797,0.68622696,0.6223874,0.25,0.75,0.0,Converging progress
Overall,MYS,2015-2021,True,0.095330924,0.010753751,-0.06793609,0.29492044,0.2222658,0.16,0.745,0.095,Converging progress
Overall,NAM,2015-2021,True,0.07699174,-0.008429438,-0.083110094,0.8130082,0.7257294,0.095,0.8,0.105,Converging progress
Overall,NER,2015-2021,True,0.14279544,0.11679745,-0.0329383,0.9881783,0.9503606,0.35,0.64,0.01,Converging progress
Overall,NGA,2015-2021,True,0.11758673,0.13683137,0.024715424,0.5904739,0.6157168,0.565,0.39,0.045,Uncertain
Overall,NIC,2015-2021,True,0.095354766,0.16655006,0.07234967,1.2957807,1.3546336,0.68,0.24,0.08,Progress Without Convergence
Overall,NLD,2015-2021,True,0.043688416,0.04722783,-0.00010737777,-0.21604508,-0.22272027,0.29,0.49,0.22,Uncertain
Overall,NOR,2015-2021,True,0.040915728,0.03714946,0.0048981905,-0.016313791,-0.022424102,0.275,0.45,0.275,At parity
Overall,NPL,2015-2021,True,0.26762658,0.11644882,-0.14941046,0.3886742,0.23777765,0.025,0.975,0.0,Converging progress
Overall,PAK,2015-2021,True,0.21410468,0.12743813,-0.096790045,0.6719967,0.56671655,0.125,0.875,0.0,Converging progress
Overall,PAN,2015-2021,True,0.18351322,0.10909566,-0.08026174,0.83672655,0.75224674,0.15,0.845,0.005,Converging progress
Overall,PER,2015-2021,True,0.2602037,0.11170612,-0.15018651,0.95468736,0.8075703,0.045,0.955,0.0,Converging progress
Overall,PHL,2015-2021,True,0.22611612,0.15090355,-0.077380374,0.4374922,0.360528,0.245,0.755,0.0,Converging progress
Overall,POL,2015-2021,True,0.10125378,0.0274432,-0.08912036,0.23230869,0.1587613,0.19,0.76,0.05,Converging progress
Overall,PRT,2015-2021,True,0.06833434,0.052642405,-0.017333686,0.21655363,0.19423628,0.29,0.55,0.16,Uncertain
Overall,PRY,2015-2021,True,0.3690356,0.13045286,-0.23634216,0.6001197,0.36580414,0.01,0.99,0.0,Converging progress
Overall,PSE,2015-2021,True,0.2281554,0.12558967,-0.11617249,0.1396884,0.02552268,0.13,0.87,0.0,Converging progress
Overall,ROU,2015-2021,True,0.121006355,0.1114521,-0.017017022,0.50376594,0.47645327,0.39,0.575,0.035,Uncertain
Overall,RUS,2015-2021,True,0.013452664,0.11004728,0.101408154,0.43610865,0.5290348,0.42,0.13,0.45,Uncertain
Overall,RWA,2015-2021,True,0.2824263,0.26808038,-0.014409512,0.5770441,0.5734171,0.44,0.56,0.0,Uncertain
Overall,SDN,2015-2021,True,0.22026181,0.14696781,-0.08013429,0.57063746,0.49685228,0.22,0.78,0.0,Converging progress
Overall,SEN,2015-2021,True,0.1854415,0.093734756,-0.09373698,0.80460703,0.7125745,0.155,0.845,0.0,Converging progress
Overall,SLB,2015-2021,True,0.1402517,0.0725451,-0.05335471,0.7915465,0.7222439,0.18,0.815,0.005,Converging progress
Overall,SLE,2015-2021,True,0.15105557,0.116479635,-0.036396742,0.63570106,0.60041606,0.325,0.675,0.0,Converging progress
Overall,SLV,2015-2021,True,0.20640409,0.072371095,-0.13584913,0.6410267,0.5077127,0.04,0.96,0.0,Converging progress
Overall,SOM,2015-2021,True,0.17055058,0.12554479,-0.041899502,0.5864708,0.5513023,0.335,0.665,0.0,Converging progress
Overall,SRB,2015-2021,True,0.03518492,0.08728036,0.051482514,0.31141004,0.36010122,0.425,0.28,0.295,Uncertain
Overall,SSD,2015-2021,True,0.08091414,0.21307755,0.12564647,0.46219933,0.5958835,0.725,0.09,0.185,Progress Without Convergence
Overall,STP,2015-2021,True,0.1470846,0.14214575,-0.0063407123,0.27044567,0.26207927,0.455,0.53,0.015,Uncertain
Overall,SVK,2015-2021,True,0.013419986,0.015710175,0.0017761588,0.17056483,0.15811434,0.19,0.425,0.385,Uncertain
Overall,SWE,2015-2021,True,0.05847943,0.035569727,-0.018643469,0.06347531,0.038418174,0.24,0.565,0.195,At parity
Overall,SWZ,2015-2021,True,0.1696673,0.092083156,-0.08522935,0.5553446,0.48282617,0.205,0.79,0.005,Converging progress
Overall,SYR,2015-2021,True,0.026061922,0.030084103,0.00652048,0.66530967,0.66582704,0.225,0.425,0.35,Uncertain
Overall,TCD,2015-2021,True,0.10491794,0.13455647,0.021933824,0.90468466,0.9337603,0.57,0.395,0.035,Uncertain
Overall,TGO,2015-2021,True,0.17023772,0.15992507,-0.017654568,0.8610519,0.8404635,0.425,0.575,0.0,Uncertain
Overall,THA,2015-2021,True,0.2920683,0.19223806,-0.10495369,0.21269187,0.11567643,0.135,0.865,0.0,Converging progress
Overall,TJK,2015-2021,True,0.16023134,0.023259044,-0.14350872,0.3262396,0.19441652,0.085,0.915,0.0,Converging progress
Overall,TKM,2015-2021,True,0.2871482,0.2533939,-0.029774964,0.08765057,0.05972576,0.39,0.61,0.0,At parity
Overall,TLS,2015-2021,True,0.46516636,0.35518607,-0.10103628,0.7130847,0.59751815,0.08,0.92,0.0,Converging progress
Overall,TON,2015-2021,True,0.19090797,0.10790053,-0.08104774,0.39298886,0.31873935,0.195,0.805,0.0,Converging progress
Overall,TTO,2015-2021,True,0.0015810728,0.024306208,0.014538586,0.026682496,0.047736764,0.175,0.335,0.49,At parity
Overall,TUN,2015-2021,True,0.2280028,0.005496472,-0.22363086,0.57062787,0.35214472,0.005,0.995,0.0,Converging progress
Overall,TUR,2015-2021,True,0.2374425,0.13488504,-0.09954059,0.61062956,0.5023124,0.155,0.845,0.0,Converging progress
Overall,TZA,2015-2021,True,0.27575505,0.1645698,-0.10080379,0.77408004,0.66587657,0.095,0.905,0.0,Converging progress
Overall,UGA,2015-2021,True,0.23059207,0.11458078,-0.11487672,0.6353246,0.51476455,0.135,0.865,0.0,Converging progress
Overall,UKR,2015-2021,True,0.09547165,0.0340254,-0.061398163,0.19539386,0.13805327,0.185,0.74,0.075,Converging progress
Overall,URY,2015-2021,True,0.2855962,0.088146985,-0.20041454,0.44147596,0.24044013,0.015,0.985,0.0,Converging progress
Overall,USA,2015-2021,True,0.029804647,0.03204924,0.0028168857,0.1850729,0.18672699,0.225,0.44,0.335,Uncertain
Overall,UZB,2015-2021,True,0.08116467,-0.0057813227,-0.09605259,0.3591622,0.2666607,0.065,0.85,0.085,Converging progress
Overall,VEN,2015-2021,True,0.1663826,0.0137676895,-0.15821087,0.5932492,0.4318604,0.03,0.96,0.01,Converging progress
Overall,VNM,2015-2021,True,0.33328757,0.2232508,-0.10914533,0.531464,0.42408055,0.11,0.89,0.0,Converging progress
Overall,WSM,2015-2021,True,0.19388832,0.1716693,-0.023148984,0.31341892,0.28722632,0.365,0.635,0.0,Converging progress
Overall,XKX,2015-2021,True,-0.045273583,0.0003131926,0.048555627,0.45304057,0.5145366,0.085,0.15,0.765,No rural progress
Overall,YEM,2015-2021,True,0.14836219,0.02585427,-0.12448788,0.9007673,0.77154064,0.105,0.895,0.0,Converging progress
Overall,ZAF,2015-2021,True,0.12784137,0.015954817,-0.10474558,0.55398726,0.4343652,0.065,0.915,0.02,Converging progress
Overall,ZMB,2015-2021,True,0.1860041,0.080447435,-0.10755837,0.9005135,0.7983729,0.125,0.875,0.0,Converging progress
Overall,ZWE,2015-2021,True,0.10881317,-0.002766922,-0.12124881,0.8691094,0.74098927,0.07,0.88,0.05,Converging progress
Education,ALB,2010-2020,False,0.41325146,0.41142446,-0.063507795,0.47834674,0.42245552,0.23,0.495,0.275,Insufficient data
Education,ARM,2010-2020,True,0.44368595,0.29087287,-0.19231474,0.38898963,0.2263821,0.215,0.565,0.22,Uncertain
Education,AUT,2010-2020,False,0.32333273,0.4184255,0.11638266,0.354298,0.3254084,0.295,0.445,0.26,Insufficient data
Education,BEL,2010-2020,False,0.41227934,0.5391836,0.1213792,0.27553138,0.27768362,0.4,0.425,0.175,Insufficient data
Education,BGD,2010-2020,False,0.35771874,0.35743493,0.0061710775,0.3813411,0.47014678,0.28,0.435,0.285,Insufficient data
Education,BGR,2010-2020,False,0.080771595,0.32181227,0.2524577,0.49885142,0.6807834,0.255,0.32,0.425,Insufficient data
Education,BLR,2010-2020,False,0.07739201,0.19750243,0.0861076,0.44870022,0.5083723,0.18,0.4,0.42,Insufficient data
Education,BLZ,2010-2020,False,0.2980375,0.30727687,0.07395464,0.70460665,0.8506649,0.275,0.405,0.32,Insufficient data
Education,BOL,2010-2020,True,0.28561324,0.31202555,0.01112771,1.4769006,1.5179363,0.4,0.49,0.11,Uncertain
Education,BRA,2010-2020,True,0.78793633,0.83002543,0.09768826,1.0210395,1.0927768,0.54,0.46,0.0,Uncertain
Education,BTN,2010-2020,True,0.58597285,0.5002931,-0.071760386,1.1826808,1.1321566,0.355,0.515,0.13,Uncertain
Education,BWA,2010-2020,False,0.39954582,0.37197766,-0.047077,0.9018618,0.89432716,0.265,0.515,0.22,Insufficient data
Education,CAF,2010-2020,False,0.51446575,0.5046371,-0.024584025,1.0226096,1.0512329,0.315,0.48,0.205,Insufficient data
Education,CHE,2010-2020,False,0.42622036,0.4775472,0.10440853,0.1576561,0.24773714,0.335,0.445,0.22,Insufficient data
Education,CHL,2010-2020,True,0.31323582,0.31773695,0.02009818,0.8744683,0.8821546,0.305,0.455,0.24,Uncertain
Education,CHN,2010-2020,False,0.31243086,0.2781704,-0.005727738,0.86825,0.83874863,0.235,0.47,0.295,Insufficient data
Education,CIV,2010-2020,False,0.54228646,0.5699738,-0.06319401,1.1077101,1.0681591,0.34,0.475,0.185,Insufficient data
Education,CMR,2010-2020,False,0.27270114,0.20865908,-0.0065746903,1.2272968,1.2109394,0.215,0.455,0.33,Insufficient data
Education,COD,2010-2020,False,0.25453135,0.33329844,0.048335075,1.2961966,1.3667998,0.27,0.425,0.305,Insufficient data
Education,COG,2010-2020,False,0.31469226,0.1594291,-0.13512981,1.2878122,1.1814591,0.225,0.48,0.295,Insufficient data
Education,COL,2010-2020,True,0.4693086,0.3413982,-0.14172465,1.1785712,1.0323436,0.29,0.705,0.005,Converging progress
Education,COM,2010-2020,False,0.4588954,0.5625082,0.08395672,0.8133708,0.9562392,0.305,0.445,0.25,Insufficient data
Education,CPV,2010-2020,False,0.30644906,0.36103946,-0.009282678,0.7554015,0.8404436,0.245,0.445,0.31,Insufficient data
Education,CRI,2010-2020,True,0.22227319,0.09477959,-0.13302624,0.7333901,0.6024463,0.205,0.71,0.085,Converging progress
Education,CYP,2010-2020,False,0.3097903,0.46129882,0.15942469,0.43813014,0.5797218,0.39,0.395,0.215,Insufficient data
Education,CZE,2010-2020,False,0.19290525,0.42850184,0.24882227,0.14051253,0.3804453,0.29,0.35,0.36,Insufficient data
Education,DEU,2010-2020,False,0.22367358,0.31883413,0.08684629,0.11452517,0.18761301,0.29,0.4,0.31,Insufficient data
Education,DJI,2010-2020,True,0.3272524,0.5410986,0.18283468,1.0406718,1.1669717,0.385,0.365,0.25,Uncertain
Education,DNK,2010-2020,False,0.27863175,0.47444728,0.22025225,0.23256508,0.46488982,0.4,0.33,0.27,Insufficient data
Education,DOM,2010-2020,False,0.299021,0.27304694,-0.02885437,0.8322859,0.7950076,0.21,0.48,0.31,Insufficient data
Education,ECU,2010-2020,True,0.54431343,0.14592189,-0.40185663,1.2356381,0.84949976,0.04,0.96,0.0,Converging progress
Education,EGY,2010-2020,True,0.3691254,0.28061673,-0.050848544,0.8380022,0.7291966,0.355,0.555,0.09,Uncertain
Education,ESP,2010-2020,False,0.14511989,0.22116533,0.007797271,0.39342576,0.44844383,0.235,0.435,0.33,Insufficient data
Education,EST,2010-2020,False,0.2527447,0.22748911,-0.004756242,0.30518937,0.38326555,0.2,0.46,0.34,Insufficient data
Education,ETH,2010-2020,True,1.4708352,1.115071,-0.36655724,1.4681245,1.1145412,0.18,0.82,0.0,Converging progress
Education,FIN,2010-2020,False,0.21017188,0.31939322,0.06947398,0.23739979,0.29807937,0.3,0.43,0.27,Insufficient data
Education,FRA,2010-2020,False,0.26682636,0.39595532,0.13401902,0.20119229,0.36075985,0.335,0.4,0.265,Insufficient data
Education,GBR,2010-2020,False,0.1620568,0.23777145,0.04968679,-0.11808318,-0.060645252,0.255,0.405,0.34,Insufficient data
Education,GEO,2010-2020,True,0.7070286,0.96470565,0.25338686,0.19571123,0.48965,0.8,0.2,0.0,Progress Without Convergence
Education,GHA,2010-2020,False,0.7195264,0.6177041,-0.19267131,0.9687693,0.7387082,0.35,0.6,0.05,Insufficient data
Education,GIN,2010-2020,True,1.2995061,0.97649753,-0.2854456,1.2979882,0.99661183,0.295,0.695,0.01,Converging progress
Education,GMB,2010-2020,True,-0.055103123,0.026074111,0.09121919,0.9934436,1.0421946,0.145,0.235,0.62,No rural progress
Education,GNB,2010-2020,True,1.0959381,1.0964034,0.006207764,1.0837913,1.0925286,0.5,0.495,0.005,Uncertain
Education,GRC,2010-2020,False,0.16312727,0.24414313,0.05397123,0.7332496,0.73892593,0.25,0.4,0.35,Insufficient data
Education,GTM,2010-2020,True,0.5194231,0.38077065,-0.16500461,1.0175792,0.8901032,0.33,0.63,0.04,Converging progress
Education,GUY,2010-2020,False,0.43973768,0.31883627,0.008215994,1.1722469,1.0637324,0.25,0.46,0.29,Insufficient data
Education,HND,2010-2020,True,0.27465546,0.235701,-0.048840463,1.1189878,1.0862002,0.32,0.515,0.165,Uncertain
Education,HRV,2010-2020,False,0.31559283,0.33792394,-0.032885075,0.3345952,0.32450426,0.235,0.47,0.295,Insufficient data
Education,HTI,2010-2020,False,0.5829042,0.6140123,0.051294297,1.1018343,1.0467665,0.385,0.47,0.145,Insufficient data
Education,HUN,2010-2020,False,0.30209097,0.24690917,-0.06715456,0.3656802,0.31647667,0.29,0.49,0.22,Insufficient data
Education,IDN,2010-2020,True,0.33385772,0.33163455,-0.08873962,0.73712337,0.7077347,0.26,0.52,0.22,Uncertain
Education,IND,2010-2020,True,0.30551472,0.3263352,0.04331112,0.60832393,0.66535693,0.295,0.425,0.28,Uncertain
Education,IRL,2010-2020,False,0.43612805,0.46043658,-0.022301674,0.36102048,0.41674176,0.315,0.485,0.2,Insufficient data
Education,IRN,2010-2020,False,0.46111986,0.62696576,0.119635195,0.7791456,0.9653069,0.425,0.405,0.17,Insufficient data
Education,ISL,2010-2020,False,0.24647105,0.36144167,0.06646338,0.32127392,0.37604216,0.285,0.435,0.28,Insufficient data
Education,ITA,2010-2020,False,0.42681837,0.51978576,0.06074281,0.21600352,0.28225428,0.4,0.455,0.145,Insufficient data
Education,JAM,2010-2020,False,0.20036028,0.43390495,0.14766842,0.4906888,0.60914874,0.255,0.375,0.37,Insufficient data
Education,JOR,2010-2020,False,-0.027009081,0.057720095,0.098021135,0.3307181,0.48754877,0.17,0.31,0.52,Insufficient data
Education,KAZ,2010-2020,True,-0.102633774,0.25708526,0.42006126,-0.047649294,0.34578508,0.205,0.185,0.61,No rural progress
Education,KEN,2010-2020,True,0.88764995,0.9754541,0.11659159,0.98060393,1.1009887,0.52,0.43,0.05,Uncertain
Education,KGZ,2010-2020,True,3.4890656,3.5232334,0.015269667,-0.0043096542,0.021691322,0.51,0.49,0.0,At parity
Education,KHM,2010-2020,False,0.6642786,0.51503587,-0.12615669,0.89372635,0.8347876,0.35,0.55,0.1,Insufficient data
Education,KOR,2010-2020,True,0.26567662,0.16974092,-0.076232016,0.8706173,0.74025786,0.21,0.485,0.305,Uncertain
Education,LAO,2010-2020,True,0.32342398,0.32183132,-0.095406055,1.0027009,0.96740377,0.22,0.53,0.25,Uncertain
Education,LBR,2010-2020,False,0.37306833,0.22305804,-0.12071869,1.1831131,1.0356592,0.205,0.535,0.26,Insufficient data
Education,LKA,2010-2020,True,0.3479933,0.32037678,-0.037115563,0.3682242,0.33347058,0.29,0.495,0.215,Uncertain
Education,LSO,2010-2020,True,0.30704415,0.4734593,0.20645684,0.74660766,0.936203,0.35,0.36,0.29,Uncertain
Education,LTU,2010-2020,False,0.12907991,0.07949823,-0.06689957,0.45026794,0.39582264,0.135,0.45,0.415,Insufficient data
Education,LUX,2010-2020,False,0.51826906,0.45052359,-0.10542686,0.1797975,0.08030708,0.325,0.545,0.13,Insufficient data
Education,LVA,2010-2020,False,0.3404605,0.29511732,0.056912422,0.27526772,0.31976408,0.295,0.455,0.25,Insufficient data
Education,MAR,2010-2020,False,0.47577512,0.23600724,-0.20378816,1.2795979,1.0583806,0.235,0.565,0.2,Insufficient data
Education,MDA,2010-2020,True,0.008892804,-0.122270465,-0.117986515,0.609988,0.4768648,0.09,0.42,0.49,Uncertain
Education,MDG,2010-2020,False,0.46371478,0.7768716,0.23443088,0.7498709,0.9133425,0.44,0.39,0.17,Insufficient data
Education,MDV,2010-2020,True,0.46589133,0.23874038,-0.16696717,0.51830125,0.36639628,0.22,0.585,0.195,Uncertain
Education,MEX,2010-2020,True,0.45780304,0.3043395,-0.14038128,1.0398557,0.90827906,0.31,0.685,0.005,Converging progress
Education,MKD,2010-2020,True,0.4333595,0.32355168,-0.15310332,0.6143117,0.46122628,0.3,0.635,0.065,Converging progress
Education,MLI,2010-2020,True,0.35654187,0.4862009,0.14975047,1.1991456,1.3047147,0.485,0.385,0.13,Uncertain
Education,MMR,2010-2020,True,0.33716813,0.20683604,-0.11395809,1.0275536,0.9183243,0.26,0.57,0.17,Uncertain
Education,MNE,2010-2020,False,0.491643,0.33298463,-0.20544761,0.79826397,0.58637905,0.285,0.56,0.155,Insufficient data
Education,MNG,2010-2020,True,0.33781323,0.61023176,0.24681926,0.72587514,0.9945389,0.845,0.13,0.025,Progress Without Convergence
Education,MOZ,2010-2020,False,0.52800137,0.5009216,-0.0083161,0.9819056,1.0134673,0.33,0.465,0.205,Insufficient data
Education,MRT,2010-2020,False,0.40987563,0.4855241,0.15181786,0.9390395,1.0248706,0.405,0.4,0.195,Insufficient data
Education,MUS,2010-2020,False,0.18315722,0.5012142,0.359481,1.0210414,1.3592654,0.33,0.305,0.365,Insufficient data
Education,MWI,2010-2020,True,0.52194154,0.46654618,-0.042162865,1.0411928,1.0373766,0.375,0.51,0.115,Uncertain
Education,NAM,2010-2020,False,-0.09085955,-0.01290895,0.04610534,0.8491631,0.9615488,0.11,0.305,0.585,Insufficient data
Education,NER,2010-2020,False,0.3473282,0.9838308,0.5340826,0.39630663,0.9306646,0.505,0.23,0.265,Insufficient data
Education,NGA,2010-2020,True,0.8469924,0.22788379,-0.6081275,1.2076178,0.62341315,0.105,0.875,0.02,Converging progress
Education,NIC,2010-2020,False,0.6088326,0.42658734,-0.18266729,1.1597176,0.96338975,0.29,0.59,0.12,Insufficient data
Education,NLD,2010-2020,False,0.43929157,0.51478195,0.110072136,0.09599373,0.25155222,0.31,0.43,0.26,Insufficient data
Education,NOR,2010-2020,False,0.3751139,0.15712279,-0.19264305,0.18097758,-0.020281792,0.215,0.585,0.2,Insufficient data
Education,NPL,2010-2020,False,0.75432944,0.5477679,-0.2525675,1.0052963,0.74690175,0.34,0.62,0.04,Insufficient data
Education,PAK,2010-2020,True,0.26961762,0.24054405,-0.02448386,1.0141873,1.0016384,0.36,0.545,0.095,Uncertain
Education,PAN,2010-2020,True,0.35510498,0.21009126,-0.10356367,1.244556,1.1175911,0.34,0.6,0.06,Converging progress
Education,PER,2010-2020,True,0.24370378,0.11785926,-0.11863673,1.3251796,1.2150259,0.22,0.7,0.08,Converging progress
Education,PHL,2010-2020,True,0.56756616,0.394249,-0.13069016,0.50953746,0.3128774,0.265,0.575,0.16,Uncertain
Education,POL,2010-2020,True,-0.11045718,0.24398372,0.27209634,0.40773574,0.6858902,0.155,0.22,0.625,No rural progress
Education,PRT,2010-2020,False,0.031183708,0.43988228,0.49651527,0.1409871,0.60570467,0.28,0.225,0.495,Insufficient data
Education,PRY,2010-2020,True,0.55423653,0.3944425,-0.14020574,0.99298847,0.84150076,0.26,0.735,0.005,Converging progress
Education,PSE,2010-2020,True,0.12773159,0.1967653,0.065913826,0.15568711,0.22256914,0.22,0.405,0.375,Uncertain
Education,ROU,2010-2020,True,0.04141073,0.11296165,-0.011298478,0.5844858,0.56532496,0.13,0.415,0.455,Uncertain
Education,RUS,2010-2020,True,0.22523117,0.48506773,0.29402784,0.18602091,0.39095634,0.3,0.365,0.335,Uncertain
Education,RWA,2010-2020,True,-0.111297905,-0.8788671,-0.7641301,0.8394041,0.037250996,0.0,0.305,0.695,No rural progress
Education,SDN,2010-2020,False,0.47957093,0.42261755,-0.12982678,1.259418,1.1138568,0.29,0.52,0.19,Insufficient data
Education,SEN,2010-2020,True,0.18463624,0.39098492,0.19833162,0.60657316,0.8311033,0.335,0.34,0.325,Uncertain
Education,SLB,2010-2020,False,0.50411946,0.48505956,-0.051444203,0.62422514,0.549364,0.31,0.52,0.17,Insufficient data
Education,SLE,2010-2020,True,1.4680469,1.1542372,-0.24092042,1.0621753,0.7862067,0.33,0.665,0.005,Converging progress
Education,SLV,2010-2020,True,0.38167536,0.13579603,-0.2399525,1.1436741,0.9588945,0.165,0.645,0.19,Converging progress
Education,SOM,2010-2020,False,0.30437005,0.5107312,0.23158714,0.7155548,0.9344451,0.33,0.385,0.285,Insufficient data
Education,SRB,2010-2020,True,0.46556836,0.48268905,0.0046952963,0.7551117,0.7102148,0.41,0.49,0.1,Uncertain
Education,SSD,2010-2020,False,0.65465534,0.65958047,0.019972384,0.9349668,0.94856685,0.405,0.48,0.115,Insufficient data
Education,STP,2010-2020,True,0.8562604,0.8812612,0.09601247,0.20725614,0.2808702,0.555,0.425,0.02,Uncertain
Education,SVK,2010-2020,False,0.20020401,0.33161497,0.11097708,0.18957189,0.33169466,0.26,0.395,0.345,Insufficient data
Education,SWE,2010-2020,False,0.06943005,0.14025486,0.026909173,0.2777627,0.28549683,0.205,0.36,0.435,Insufficient data
Education,SWZ,2010-2020,False,0.015071049,0.08275616,0.14899571,0.704877,0.86157143,0.16,0.355,0.485,Insufficient data
Education,SYR,2010-2020,False,0.3526557,0.3348055,0.08275754,0.63076484,0.6861309,0.28,0.44,0.28,Insufficient data
Education,TCD,2010-2020,True,1.1618347,1.2096019,0.025294244,0.88552153,0.93992686,0.51,0.49,0.0,Uncertain
Education,TGO,2010-2020,True,0.9147394,0.9136481,-0.014739215,0.8120818,0.76021236,0.455,0.515,0.03,Uncertain
Education,THA,2010-2020,True,0.5628402,0.57765275,0.037779942,0.46150917,0.51708037,0.41,0.46,0.13,Uncertain
Education,TJK,2010-2020,False,0.17552207,0.2645291,0.11255877,0.44543925,0.44740152,0.24,0.4,0.36,Insufficient data
Education,TLS,2010-2020,False,0.38620585,0.45223802,0.052515805,0.76671046,0.8332689,0.31,0.44,0.25,Insufficient data
Education,TUN,2010-2020,False,-0.41830716,0.33211115,0.82547736,-0.08463678,0.7512429,0.105,0.09,0.805,Insufficient data
Education,TUR,2010-2020,False,0.24630772,0.3642256,0.098449975,0.71040857,0.8481358,0.28,0.42,0.3,Insufficient data
Education,TZA,2010-2020,True,0.28652304,0.49219728,0.1420061,0.7926058,0.952106,0.345,0.375,0.28,Uncertain
Education,UGA,2010-2020,False,0.29005766,0.14337283,-0.11065033,1.067703,0.9477409,0.23,0.53,0.24,Insufficient data
Education,UKR,2010-2020,True,0.23897433,0.13520437,-0.0914235,0.48825198,0.38074753,0.215,0.535,0.25,Uncertain
Education,URY,2010-2020,True,0.2644701,0.2967612,0.039528072,0.6260197,0.62747097,0.505,0.44,0.055,Uncertain
Education,USA,2010-2020,False,-0.2889621,0.00096720457,0.21798621,0.1755904,0.34093347,0.095,0.225,0.68,Insufficient data
Education,VEN,2010-2020,False,0.26523682,0.3493474,0.23449689,0.8292907,0.93204564,0.265,0.38,0.355,Insufficient data
Education,XKX,2010-2020,True,1.0236704,0.82677126,-0.21115586,0.535548,0.37090045,0.33,0.655,0.015,Converging progress
Education,YEM,2010-2020,False,0.44806635,0.49500325,0.03486991,0.82275003,0.80321807,0.325,0.47,0.205,Insufficient data
Education,ZAF,2010-2020,True,0.20999464,0.058460683,-0.16740273,0.67212117,0.5084798,0.205,0.715,0.08,Converging progress
Education,ZMB,2010-2020,False,0.5371836,0.5637067,0.08982399,0.965366,1.0095589,0.39,0.455,0.155,Insufficient data
Education,ZWE,2010-2020,True,0.20582253,0.022104844,-0.14515503,0.8815211,0.75669897,0.15,0.54,0.31,Uncertain
Education,ALB,2005-2015,False,0.2563046,0.17391741,-0.026267052,0.4072153,0.2963255,0.235,0.44,0.325,Insufficient data
Education,ARM,2005-2015,False,0.49114865,0.34819347,-0.21847256,0.49551582,0.3107177,0.21,0.58,0.21,Insufficient data
Education,AUT,2005-2015,False,0.2545946,0.5138106,0.19237775,0.17346525,0.33475178,0.375,0.355,0.27,Insufficient data
Education,BEL,2005-2015,False,0.36875656,0.48169112,0.124887705,0.16966242,0.22535488,0.28,0.415,0.305,Insufficient data
Education,BGD,2005-2015,False,0.290004,0.19066635,-0.06333415,0.39109606,0.30252975,0.235,0.455,0.31,Insufficient data
Education,BGR,2005-2015,True,-0.037327334,0.22524557,0.24371481,0.5056807,0.73000896,0.215,0.245,0.54,Uncertain
Education,BLR,2005-2015,False,0.84576774,0.73575187,-0.16405702,0.64654154,0.5499073,0.36,0.61,0.03,Insufficient data
Education,BLZ,2005-2015,False,0.25978804,0.30386302,0.025023222,0.72531587,0.80766875,0.225,0.435,0.34,Insufficient data
Education,BOL,2005-2015,True,0.41011226,0.4074064,-0.0064361095,1.4312758,1.4370973,0.46,0.52,0.02,Uncertain
Education,BRA,2005-2015,True,0.7059362,0.707162,-0.008745432,1.0483325,1.0339658,0.47,0.53,0.0,Uncertain
Education,BTN,2005-2015,True,0.30389738,0.43501738,0.11279482,1.1527429,1.2144859,0.395,0.4,0.205,Uncertain
Education,BWA,2005-2015,True,0.49599344,0.36573124,-0.10965291,0.9400225,0.8396015,0.34,0.56,0.1,Uncertain
Education,CAF,2005-2015,False,0.5184493,0.37797406,-0.16353402,1.1730974,1.0075891,0.25,0.565,0.185,Insufficient data
Education,CHE,2005-2015,False,0.49247012,0.5258352,-0.07366337,0.20612797,0.12977445,0.325,0.51,0.165,Insufficient data
Education,CHL,2005-2015,True,0.37832728,0.18082517,-0.17754781,0.9596901,0.79121006,0.26,0.655,0.085,Converging progress
Education,CHN,2005-2015,True,0.5973501,0.34603304,-0.22112328,1.1427982,0.86674505,0.27,0.68,0.05,Converging progress
Education,CIV,2005-2015,False,0.30787224,0.29714662,-0.019031703,1.1492703,1.0734708,0.255,0.475,0.27,Insufficient data
Education,CMR,2005-2015,True,0.2953657,0.29759285,-0.042973995,1.289948,1.2472454,0.3,0.505,0.195,Uncertain
Education,COD,2005-2015,True,0.2029509,0.44326884,0.12763542,1.1200498,1.2789576,0.3,0.37,0.33,Uncertain
Education,COG,2005-2015,False,0.089642406,0.29317555,0.24954426,1.0143738,1.2006929,0.275,0.3,0.425,Insufficient data
Education,COL,2005-2015,True,0.15194964,0.28732353,0.14394134,1.0457073,1.1729103,0.275,0.38,0.345,Uncertain
Education,COM,2005-2015,True,0.43512297,0.5116699,0.055042684,0.72970545,0.8263378,0.39,0.43,0.18,Uncertain
Education,CPV,2005-2015,False,0.2638365,0.2743023,0.09731215,0.71953493,0.8129859,0.255,0.45,0.295,Insufficient data
Education,CRI,2005-2015,True,0.2351896,0.06616252,-0.1558136,0.80678034,0.6571572,0.14,0.765,0.095,Converging progress
Education,CYP,2005-2015,True,0.16254053,0.32811788,0.16297892,0.49544084,0.6476783,0.57,0.24,0.19,Uncertain
Education,CZE,2005-2015,True,0.03488642,0.32391745,0.2613531,0.086780936,0.37370095,0.505,0.12,0.375,Uncertain
Education,DEU,2005-2015,False,0.1320287,0.28799236,0.16211358,0.05244738,0.19050482,0.245,0.4,0.355,Insufficient data
Education,DJI,2005-2015,True,-0.3154379,-0.019193053,0.33732337,0.8372037,1.1961813,0.08,0.18,0.74,No rural progress
Education,DNK,2005-2015,True,0.037078112,0.31867236,0.30414045,0.27410173,0.5596731,0.47,0.14,0.39,Uncertain
Education,DOM,2005-2015,True,0.27635854,0.2272818,-0.03380871,0.80595124,0.8157535,0.295,0.48,0.225,Uncertain
Education,ECU,2005-2015,True,0.5056739,0.21818624,-0.2864618,1.2697544,0.9654376,0.135,0.865,0.0,Converging progress
Education,EGY,2005-2015,True,0.5587168,0.37198564,-0.20287251,0.9173997,0.70365024,0.285,0.67,0.045,Converging progress
Education,ESP,2005-2015,True,-0.19314821,-0.014157981,0.16667527,0.41802758,0.5594475,0.065,0.09,0.845,No rural progress
Education,EST,2005-2015,True,0.14860284,0.25422084,0.11149576,0.24696177,0.37623835,0.5,0.3,0.2,Uncertain
Education,ETH,2005-2015,True,1.4114838,1.1326153,-0.27563503,1.4505098,1.1800487,0.14,0.86,0.0,Converging progress
Education,FIN,2005-2015,True,0.14127144,0.13982707,0.013832808,0.27268198,0.26357543,0.33,0.455,0.215,Uncertain
Education,FRA,2005-2015,True,0.25389248,0.31812462,0.055216,0.2576974,0.3283737,0.54,0.4,0.06,Uncertain
Education,GBR,2005-2015,True,0.18870372,0.102721095,-0.09230241,0.002241075,-0.07511014,0.24,0.605,0.155,At parity
Education,GEO,2005-2015,True,0.52038336,0.485407,-0.0313482,0.6171609,0.58121794,0.45,0.55,0.0,Uncertain
Education,GHA,2005-2015,True,0.9980409,0.5847696,-0.4369513,1.1179898,0.70044124,0.16,0.84,0.0,Converging progress
Education,GIN,2005-2015,True,1.101008,0.897256,-0.21017492,1.2959657,1.1265984,0.36,0.625,0.015,Converging progress
Education,GMB,2005-2015,True,1.5216451,1.310354,-0.2214739,0.7305607,0.5320625,0.34,0.66,0.0,Converging progress
Education,GNB,2005-2015,False,0.36629963,0.43005618,-0.033064336,1.0197663,1.0356011,0.28,0.47,0.25,Insufficient data
Education,GRC,2005-2015,True,-0.30399162,0.04695654,0.34096867,0.5637355,0.92538154,0.015,0.02,0.965,No rural progress
Education,GTM,2005-2015,True,0.39855605,0.16613805,-0.28276488,1.1520352,0.89945865,0.2,0.78,0.02,Converging progress
Education,GUY,2005-2015,False,0.24329768,0.2921177,0.029439896,1.0204754,1.0751477,0.235,0.415,0.35,Insufficient data
Education,HND,2005-2015,True,0.26696372,0.22759603,-0.06443238,1.1100578,1.0727711,0.33,0.61,0.06,Converging progress
Education,HRV,2005-2015,False,0.19833265,0.2960498,0.13012005,0.32834232,0.4033088,0.245,0.41,0.345,Insufficient data
Education,HTI,2005-2015,True,0.31066817,0.23439978,-0.019452423,1.0568244,1.0923512,0.235,0.485,0.28,Uncertain
Education,HUN,2005-2015,True,0.3023981,0.4159267,0.11063382,0.25515378,0.38671312,0.53,0.38,0.09,Uncertain
Education,IDN,2005-2015,True,0.030153245,-0.172377,-0.114971295,0.83803475,0.76327604,0.11,0.415,0.475,Uncertain
Education,IND,2005-2015,True,0.5792514,0.5717708,-0.046081066,0.6573521,0.61069834,0.325,0.505,0.17,Uncertain
Education,IRL,2005-2015,True,0.4230206,0.4235664,-0.022794396,0.34599912,0.3325579,0.455,0.535,0.01,Uncertain
Education,IRN,2005-2015,False,0.0049754083,0.33705422,0.33298403,0.6803827,1.0142038,0.19,0.31,0.5,Insufficient data
Education,ISL,2005-2015,True,0.06642142,0.23625639,0.16233388,0.30987945,0.47551844,0.435,0.23,0.335,Uncertain
Education,ITA,2005-2015,True,0.24107102,0.22039877,-0.005664602,0.26328877,0.24293026,0.415,0.52,0.065,Uncertain
Education,JAM,2005-2015,False,0.106368735,0.18065527,0.10222101,0.3812977,0.44949386,0.21,0.39,0.4,Insufficient data
Education,JOR,2005-2015,True,0.2408436,0.17478862,-0.045493826,0.31503448,0.2748022,0.305,0.49,0.205,Uncertain
Education,KAZ,2005-2015,True,0.2823441,0.33619636,0.077186346,0.27263013,0.33841437,0.545,0.39,0.065,Uncertain
Education,KEN,2005-2015,True,0.6644983,0.74585533,0.056560993,0.91564286,0.98749024,0.6,0.4,0.0,Progress Without Convergence
Education,KGZ,2005-2015,True,1.5179698,1.4244316,-0.094509706,0.021069467,-0.0570184,0.445,0.555,0.0,At parity
Education,KHM,2005-2015,True,0.41937622,0.29161748,-0.04235813,0.8612821,0.815506,0.29,0.515,0.195,Uncertain
Education,KOR,2005-2015,True,0.525627,0.32036585,-0.19324565,0.93006814,0.7097882,0.175,0.825,0.0,Converging progress
Education,LAO,2005-2015,True,0.29336095,0.2923829,0.019728184,1.0195308,1.058811,0.26,0.475,0.265,Uncertain
Education,LBR,2005-2015,True,-0.022593498,-0.07556301,-0.048188835,1.1801775,1.093456,0.11,0.37,0.52,Uncertain
Education,LKA,2005-2015,True,0.17170736,0.18179326,0.0044118464,0.35334116,0.37490165,0.275,0.465,0.26,Uncertain
Education,LSO,2005-2015,False,0.4087328,0.47444433,0.045142815,0.8274747,0.8623555,0.335,0.45,0.215,Insufficient data
Education,LTU,2005-2015,True,0.64646214,0.8074688,0.13067846,0.3205427,0.45654905,0.755,0.245,0.0,Progress Without Convergence
Education,LUX,2005-2015,True,0.19465446,0.077234626,-0.13459212,0.055380225,-0.06814644,0.22,0.675,0.105,At parity
Education,LVA,2005-2015,True,0.35730153,0.30986172,-0.06440821,0.3858082,0.32242316,0.37,0.615,0.015,Converging progress
Education,MAR,2005-2015,True,0.49919617,0.3519978,-0.0927746,1.180681,1.0685924,0.31,0.56,0.13,Uncertain
Education,MDA,2005-2015,True,0.072982654,-0.12998423,-0.22253451,0.764274,0.53398544,0.11,0.47,0.42,Uncertain
Education,MDG,2005-2015,True,0.13444722,0.31516793,0.07318166,0.8451203,0.9472741,0.18,0.4,0.42,Uncertain
Education,MDV,2005-2015,True,0.38946134,0.13268931,-0.25856784,0.6451781,0.38066024,0.2,0.635,0.165,Converging progress
Education,MEX,2005-2015,True,0.41900277,0.33063322,-0.08355647,1.0736413,0.9900734,0.365,0.62,0.015,Converging progress
Education,MKD,2005-2015,True,0.84454995,0.7280047,-0.11731234,0.62926227,0.5380093,0.315,0.685,0.0,Converging progress
Education,MLI,2005-2015,True,0.18047577,0.3608883,0.16268605,1.0497942,1.224148,0.3,0.365,0.335,Uncertain
Education,MMR,2005-2015,True,0.34268898,0.2974779,-0.039346904,1.0003928,0.9747016,0.405,0.545,0.05,Uncertain
Education,MNE,2005-2015,True,0.25367373,0.34162456,0.062145174,0.40226477,0.5825614,0.255,0.395,0.35,Uncertain
Education,MNG,2005-2015,True,1.0708269,1.4601604,0.33503905,0.49319658,0.87293255,0.795,0.205,0.0,Progress Without Convergence
Education,MOZ,2005-2015,True,0.5528188,0.5522718,0.01585877,1.0205581,0.9594239,0.37,0.475,0.155,Uncertain
Education,MRT,2005-2015,True,0.07044625,0.28438175,0.14818859,0.8894279,1.0805166,0.24,0.35,0.41,Uncertain
Education,MUS,2005-2015,False,-0.09439841,0.5719774,0.7582227,0.64984447,1.3260295,0.29,0.13,0.58,Insufficient data
Education,MWI,2005-2015,True,0.3161558,0.2530804,-0.084487915,1.0837464,1.0382109,0.285,0.56,0.155,Uncertain
Education,NAM,2005-2015,True,0.2440676,0.28491142,0.030380487,0.8073625,0.89956427,0.28,0.43,0.29,Uncertain
Education,NER,2005-2015,True,0.031660676,0.21587145,0.18342847,0.8255445,0.9884785,0.235,0.295,0.47,Uncertain
Education,NGA,2005-2015,True,0.38947618,0.2992322,-0.061415642,1.1454073,1.0276282,0.33,0.57,0.1,Uncertain
Education,NIC,2005-2015,True,0.48950148,0.42998224,-0.097748965,1.1859602,1.1260045,0.35,0.565,0.085,Uncertain
Education,NLD,2005-2015,False,0.34898445,0.48919928,0.15885127,0.13793328,0.3119734,0.36,0.4,0.24,Insufficient data
Education,NOR,2005-2015,True,0.27829254,-0.08045566,-0.40135562,0.14239049,-0.22179258,0.045,0.89,0.065,Converging progress
Education,NPL,2005-2015,True,0.5909439,0.17745304,-0.324041,1.1268939,0.74632347,0.215,0.685,0.1,Converging progress
Education,PAK,2005-2015,True,0.3014235,0.3293856,-0.017684639,1.0331198,1.0314465,0.38,0.525,0.095,Uncertain
Education,PAN,2005-2015,True,0.15864804,0.250221,0.06734586,1.1973934,1.2740768,0.48,0.36,0.16,Uncertain
Education,PER,2005-2015,True,0.20469826,0.18218353,-0.02796793,1.3373309,1.3150711,0.345,0.575,0.08,Uncertain
Education,PHL,2005-2015,True,0.7930778,0.6159843,-0.12547293,0.4212771,0.371837,0.34,0.565,0.095,Uncertain
Education,POL,2005-2015,True,-0.19336411,0.5306275,0.71008205,0.4075573,1.1210136,0.14,0.01,0.85,No rural progress
Education,PRT,2005-2015,True,-0.39438653,-0.022873074,0.35549718,0.23048744,0.5982052,0.015,0.005,0.98,No rural progress
Education,PRY,2005-2015,True,0.56724584,0.64445007,0.1055997,0.88399535,0.9789403,0.625,0.375,0.0,Progress Without Convergence
Education,PSE,2005-2015,True,0.45252836,0.37764776,-0.07569591,0.183399,0.114288405,0.385,0.56,0.055,Uncertain
Education,ROU,2005-2015,True,0.30498594,0.07458401,-0.21961498,0.8342656,0.6095172,0.185,0.76,0.055,Converging progress
Education,RUS,2005-2015,True,-0.22511932,-0.03577161,0.1959055,0.24751246,0.40098312,0.075,0.25,0.675,No rural progress
Education,RWA,2005-2015,True,0.19000566,0.08373015,-0.057831496,0.8831924,0.8552121,0.185,0.455,0.36,Uncertain
Education,SDN,2005-2015,False,0.36351913,0.29641056,0.033779383,1.1543882,1.1974615,0.29,0.45,0.26,Insufficient data
Education,SEN,2005-2015,True,1.5363672,1.1780071,-0.37340897,1.0404638,0.6420557,0.255,0.745,0.0,Converging progress
Education,SLB,2005-2015,False,0.20576146,0.08992043,-0.06388902,0.618116,0.5164653,0.18,0.47,0.35,Insufficient data
Education,SLE,2005-2015,True,0.91196084,2.1923115,1.247324,-0.544089,0.7295459,0.975,0.015,0.01,Progress Without Convergence
Education,SLV,2005-2015,True,0.33262107,0.16372289,-0.17142564,1.1440747,1.0167868,0.265,0.705,0.03,Converging progress
Education,SOM,2005-2015,False,-0.2602855,-0.051642478,0.10841483,0.7849487,0.9579291,0.11,0.23,0.66,Insufficient data
Education,SRB,2005-2015,True,0.14909407,0.21965906,0.04732561,0.63322675,0.69492316,0.285,0.41,0.305,Uncertain
Education,SSD,2005-2015,False,0.07194722,0.15323961,0.022974432,0.91884845,0.8996078,0.16,0.395,0.445,Insufficient data
Education,STP,2005-2015,True,0.6160301,0.50028574,-0.078712374,0.29101104,0.16002926,0.345,0.555,0.1,Uncertain
Education,SVK,2005-2015,True,0.16026708,0.2178728,0.0688853,0.19224352,0.24968052,0.43,0.395,0.175,Uncertain
Education,SWE,2005-2015,True,-0.042362392,0.020861208,0.045286715,0.26879832,0.32235336,0.105,0.315,0.58,Uncertain
Education,SWZ,2005-2015,True,0.15179172,0.021746546,-0.15787646,0.78541815,0.6322826,0.175,0.465,0.36,Uncertain
Education,SYR,2005-2015,False,0.29627654,0.30031735,0.066714846,0.6567067,0.58096707,0.28,0.425,0.295,Insufficient data
Education,TCD,2005-2015,False,0.39805847,0.5312109,0.14139941,0.8314067,0.9520215,0.33,0.415,0.255,Insufficient data
Education,TGO,2005-2015,True,0.17109734,0.10421267,-0.09643257,1.2267985,1.1104945,0.225,0.505,0.27,Uncertain
Education,THA,2005-2015,True,0.30404663,0.31850642,-0.08908616,0.50760114,0.42913434,0.19,0.495,0.315,Uncertain
Education,TJK,2005-2015,True,-0.010582626,0.25533748,0.3062622,0.28704005,0.5892478,0.21,0.27,0.52,Uncertain
Education,TLS,2005-2015,False,0.73178875,0.564601,-0.14046925,0.97521985,0.78067124,0.295,0.58,0.125,Insufficient data
Education,TUN,2005-2015,True,1.3340849,1.0805569,-0.26764575,0.8267292,0.5971036,0.22,0.78,0.0,Converging progress
Education,TUR,2005-2015,True,0.6042295,0.59753895,0.04581648,0.7249695,0.7758611,0.485,0.47,0.045,Uncertain
Education,TZA,2005-2015,True,0.21273756,0.3589189,0.14103788,0.73350644,0.897103,0.335,0.38,0.285,Uncertain
Education,UGA,2005-2015,True,0.11183989,0.16057229,-0.010356426,0.91255355,0.9019515,0.215,0.445,0.34,Uncertain
Education,UKR,2005-2015,True,0.41478544,0.32308078,-0.07049158,0.554829,0.47596043,0.385,0.56,0.055,Uncertain
Education,URY,2005-2015,True,0.2982561,0.22665972,-0.08406952,0.6970749,0.61581516,0.245,0.6,0.155,Converging progress
Education,USA,2005-2015,False,-0.22984627,-0.009516656,0.22266352,0.14791119,0.43379888,0.1,0.2,0.7,Insufficient data
Education,VEN,2005-2015,False,0.00922557,0.21667057,0.22134563,0.6247919,0.8015834,0.195,0.305,0.5,Insufficient data
Education,XKX,2005-2015,True,0.2268735,0.39608198,0.12896197,0.3436592,0.46010953,0.39,0.37,0.24,Uncertain
Education,YEM,2005-2015,True,-0.010050058,0.18890885,0.19177386,0.79468465,0.97345483,0.175,0.325,0.5,Uncertain
Education,ZAF,2005-2015,True,0.4005546,0.24180135,-0.16139816,0.77124476,0.6014439,0.235,0.745,0.02,Converging progress
Education,ZMB,2005-2015,True,0.49678355,0.24891436,-0.27612346,1.0918401,0.8320777,0.165,0.825,0.01,Converging progress
Education,ZWE,2005-2015,True,0.28408578,0.08018557,-0.15781417,0.873152,0.69969934,0.155,0.575,0.27,Uncertain
Education,ALB,2000-2010,False,0.25288692,0.2543934,0.16686544,0.3896183,0.47834674,0.22,0.41,0.37,Insufficient data
Education,ARM,2000-2010,False,0.45401078,0.35981464,-0.10900663,0.53005826,0.38898963,0.28,0.51,0.21,Insufficient data
Education,AUT,2000-2010,False,0.39581445,0.5533844,0.14898366,0.18604173,0.354298,0.35,0.41,0.24,Insufficient data
Education,BEL,2000-2010,False,0.38603443,0.5621625,0.17813313,0.11389817,0.27553138,0.375,0.415,0.21,Insufficient data
Education,BGD,2000-2010,False,0.23754904,0.21638928,-0.0070860386,0.29908305,0.3813411,0.2,0.45,0.35,Insufficient data
Education,BGR,2000-2010,False,0.45724264,0.43596834,-0.020806804,0.47536492,0.49885142,0.31,0.475,0.215,Insufficient data
Education,BLR,2000-2010,True,1.0294211,0.8249652,-0.19631341,0.6655337,0.44870022,0.165,0.835,0.0,Converging progress
Education,BLZ,2000-2010,False,0.07063648,0.15801775,0.0132139325,0.60597897,0.70460665,0.16,0.41,0.43,Insufficient data
Education,BOL,2000-2010,True,0.49905822,0.326644,-0.18484598,1.6517248,1.4769006,0.305,0.665,0.03,Converging progress
Education,BRA,2000-2010,True,0.42438716,0.39236003,-0.023000062,1.0593421,1.0210395,0.4,0.5,0.1,Uncertain
Education,BTN,2000-2010,True,0.03141427,0.24191767,0.21238738,0.99619704,1.1826808,0.21,0.32,0.47,Uncertain
Education,BWA,2000-2010,True,0.19723862,0.222514,0.0019913614,0.87223613,0.9018618,0.25,0.405,0.345,Uncertain
Education,CAF,2000-2010,True,0.18950951,0.065691054,-0.03347677,1.1509501,1.0226096,0.2,0.43,0.37,Uncertain
Education,CHE,2000-2010,False,0.34969205,0.35688254,0.01610443,0.19877194,0.1576561,0.29,0.46,0.25,Insufficient data
Education,CHL,2000-2010,True,0.41680083,0.14087394,-0.25983843,1.143947,0.8744683,0.19,0.78,0.03,Converging progress
Education,CHN,2000-2010,True,0.148779,0.05231105,-0.08875671,0.9113738,0.86825,0.145,0.45,0.405,Uncertain
Education,CIV,2000-2010,True,0.03201008,0.08371872,0.09711212,1.0492095,1.1077101,0.155,0.365,0.48,Uncertain
Education,CMR,2000-2010,True,0.0953275,0.16981858,0.06538665,1.1202042,1.2272968,0.195,0.42,0.385,Uncertain
Education,COD,2000-2010,False,-0.015877306,0.31783444,0.2769492,0.9287658,1.2961966,0.2,0.295,0.505,Insufficient data
Education,COG,2000-2010,False,0.025374174,0.4017592,0.32141063,0.9902036,1.2878122,0.235,0.285,0.48,Insufficient data
Education,COL,2000-2010,True,-0.29834536,-0.56067646,-0.25376332,1.4267752,1.1785712,0.0,0.055,0.945,No rural progress
Education,COM,2000-2010,False,0.20889115,0.21159789,-0.019223869,0.72672224,0.8133708,0.195,0.445,0.36,Insufficient data
Education,CPV,2000-2010,True,0.32924664,0.45126766,0.10975072,0.60906136,0.7554015,0.36,0.41,0.23,Uncertain
Education,CRI,2000-2010,True,0.2885806,0.24743408,-0.061192065,0.77859634,0.7333901,0.38,0.59,0.03,Uncertain
Education,CYP,2000-2010,False,0.36533517,0.37232387,0.012119651,0.39743796,0.43813014,0.27,0.44,0.29,Insufficient data
Education,CZE,2000-2010,True,0.1685234,0.21084306,0.02034682,0.09231764,0.14051253,0.28,0.42,0.3,Uncertain
Education,DEU,2000-2010,True,0.46653333,0.5816185,0.15991557,-0.056328982,0.11452517,0.435,0.44,0.125,Uncertain
Education,DJI,2000-2010,True,-0.36992228,-0.045080006,0.22829425,0.7131064,1.0406718,0.1,0.17,0.73,No rural progress
Education,DNK,2000-2010,True,0.8644979,0.9637619,0.12315583,0.15029788,0.23256508,0.545,0.43,0.025,Uncertain
Education,DOM,2000-2010,True,0.3922826,0.20395455,-0.18384326,1.0469518,0.8322859,0.14,0.85,0.01,Converging progress
Education,ECU,2000-2010,True,0.19190505,0.12397303,-0.09769899,1.3174989,1.2356381,0.235,0.65,0.115,Converging progress
Education,EGY,2000-2010,True,0.33746696,0.28639913,-0.03315705,0.83136785,0.8380022,0.265,0.47,0.265,Uncertain
Education,ESP,2000-2010,True,0.45472804,0.41751724,0.0031011403,0.42764866,0.39342576,0.5,0.495,0.005,Uncertain
Education,EST,2000-2010,True,0.17242736,0.46900436,0.3070175,0.023983657,0.30518937,0.415,0.27,0.315,Uncertain
Education,ETH,2000-2010,True,0.31753623,0.35526362,0.032547772,1.409648,1.4681245,0.51,0.44,0.05,Uncertain
Education,FIN,2000-2010,True,0.70440567,0.66501665,-0.06891248,0.29379636,0.23739979,0.44,0.545,0.015,Uncertain
Education,FRA,2000-2010,False,0.33306146,0.3417912,0.067837074,0.13735937,0.20119229,0.335,0.405,0.26,Insufficient data
Education,GBR,2000-2010,True,1.3648756,1.2952831,-0.086725235,-0.011686878,-0.11808318,0.425,0.575,0.0,Uncertain
Education,GEO,2000-2010,True,-0.39462537,-0.759778,-0.36598125,0.57344687,0.19571123,0.0,0.015,0.985,No rural progress
Education,GHA,2000-2010,True,0.34715956,0.34879756,0.07461977,0.90066785,0.9687693,0.315,0.445,0.24,Uncertain
Education,GIN,2000-2010,True,0.25117803,0.3506204,0.1491524,1.2140679,1.2979882,0.305,0.37,0.325,Uncertain
Education,GMB,2000-2010,True,0.40656084,0.5096506,0.1207726,0.8341282,0.9934436,0.54,0.36,0.1,Uncertain
Education,GNB,2000-2010,False,-0.49739182,-0.2253758,0.19524497,0.8914275,1.0837913,0.045,0.205,0.75,Insufficient data
Education,GRC,2000-2010,False,0.038560823,0.2856654,0.30804873,0.4237994,0.7332496,0.225,0.285,0.49,Insufficient data
Education,GTM,2000-2010,True,0.32515287,0.10724336,-0.22842139,1.2472396,1.0175792,0.125,0.83,0.045,Converging progress
Education,GUY,2000-2010,False,0.11069253,0.2584073,0.16171983,0.9106047,1.1722469,0.21,0.355,0.435,Insufficient data
Education,HND,2000-2010,True,0.16993839,0.2737403,0.05516526,1.0739222,1.1189878,0.335,0.4,0.265,Uncertain
Education,HRV,2000-2010,False,0.35596442,0.37483627,0.0150214825,0.26973104,0.3345952,0.245,0.46,0.295,Insufficient data
Education,HTI,2000-2010,False,-0.09895545,0.007442683,0.08883977,0.8159988,1.1018343,0.13,0.31,0.56,Insufficient data
Education,HUN,2000-2010,True,0.36159927,0.6837063,0.3350247,0.053793825,0.3656802,0.675,0.225,0.1,Progress Without Convergence
Education,IDN,2000-2010,True,-0.38649637,-0.39546704,0.007487893,0.7655748,0.73712337,0.015,0.19,0.795,No rural progress
Education,IND,2000-2010,True,0.74492073,0.7100172,-0.04518701,0.6034217,0.60832393,0.415,0.515,0.07,Uncertain
Education,IRL,2000-2010,False,0.27023184,0.41593164,0.11261821,0.245507,0.36102048,0.305,0.415,0.28,Insufficient data
Education,IRN,2000-2010,False,0.043051988,0.18947949,0.17628816,0.63176215,0.7791456,0.185,0.33,0.485,Insufficient data
Education,ISL,2000-2010,False,0.2727545,0.43766278,0.10187566,0.24514772,0.32127392,0.365,0.375,0.26,Insufficient data
Education,ITA,2000-2010,True,0.18558013,0.20715278,0.017870411,0.20552045,0.21600352,0.445,0.455,0.1,Uncertain
Education,JAM,2000-2010,False,-0.021178314,0.1521319,0.12745465,0.35956642,0.4906888,0.165,0.32,0.515,Insufficient data
Education,JOR,2000-2010,True,0.41352597,0.4454369,0.078227445,0.30596238,0.3307181,0.4,0.46,0.14,Uncertain
Education,KAZ,2000-2010,True,0.31262684,0.04855132,-0.24876466,0.19240043,-0.047649294,0.19,0.665,0.145,Converging progress
Education,KEN,2000-2010,True,-0.18685447,-0.10184641,0.10437581,0.99762356,0.98060393,0.105,0.31,0.585,Uncertain
Education,KGZ,2000-2010,True,-1.1953732,-1.2870151,-0.035671264,0.010076404,-0.0043096542,0.0,0.02,0.98,At parity
Education,KHM,2000-2010,True,-0.168203,0.07451537,0.2273109,0.66880476,0.89372635,0.14,0.2,0.66,No rural progress
Education,KOR,2000-2010,True,0.33893925,0.3133356,-0.021681666,0.8625162,0.8706173,0.335,0.5,0.165,Uncertain
Education,LAO,2000-2010,True,0.008547127,-0.055978872,-0.08614984,1.0912888,1.0027009,0.105,0.4,0.495,Uncertain
Education,LBR,2000-2010,False,-0.16285133,-0.011530042,0.18226486,0.96584034,1.1831131,0.12,0.265,0.615,Insufficient data
Education,LKA,2000-2010,True,0.20655733,0.16905692,-0.045179136,0.356412,0.3682242,0.285,0.515,0.2,Uncertain
Education,LSO,2000-2010,False,0.19610703,0.36596143,0.116449356,0.65760756,0.74660766,0.215,0.395,0.39,Insufficient data
Education,LTU,2000-2010,True,3.5492513,3.966679,0.39668366,0.014895439,0.45026794,0.965,0.035,0.0,Progress Without Convergence
Education,LUX,2000-2010,True,0.40178323,0.3151009,-0.06948526,0.22476485,0.1797975,0.395,0.6,0.005,Converging progress
Education,LVA,2000-2010,True,0.14295062,0.23637739,0.1214664,0.20427892,0.27526772,0.245,0.385,0.37,Uncertain
Education,MAR,2000-2010,True,0.38819832,0.6668358,0.2714908,1.0672696,1.2795979,0.425,0.325,0.25,Uncertain
Education,MDA,2000-2010,True,0.62268496,0.37889844,-0.25333014,0.84570026,0.609988,0.245,0.715,0.04,Converging progress
Education,MDG,2000-2010,True,-0.1081301,-0.23287323,-0.11053136,0.88326323,0.7498709,0.015,0.31,0.675,No rural progress
Education,MDV,2000-2010,True,0.8644633,0.43809223,-0.42684817,0.89773107,0.51830125,0.23,0.695,0.075,Converging progress
Education,MEX,2000-2010,False,0.23343465,0.27159464,0.0353688,0.93130106,1.0398557,0.265,0.41,0.325,Insufficient data
Education,MKD,2000-2010,True,2.4788923,3.0775557,0.60908484,-0.004244566,0.6143117,0.91,0.09,0.0,Progress Without Convergence
Education,MLI,2000-2010,True,-0.03470838,0.1608094,0.17891279,0.9885986,1.1991456,0.15,0.33,0.52,Uncertain
Education,MMR,2000-2010,False,0.20911694,0.39539123,0.16712904,0.88134766,1.0275536,0.315,0.35,0.335,Insufficient data
Education,MNE,2000-2010,False,0.21466783,0.52881557,0.35057676,0.47803873,0.79826397,0.355,0.31,0.335,Insufficient data
Education,MNG,2000-2010,True,2.1247554,2.8347552,0.661425,0.05837792,0.72587514,0.895,0.105,0.0,Progress Without Convergence
Education,MOZ,2000-2010,True,0.49757904,0.31111693,-0.19355807,1.089289,0.9819056,0.26,0.585,0.155,Uncertain
Education,MRT,2000-2010,True,0.22328317,0.2295214,0.010167241,0.88965386,0.9390395,0.285,0.445,0.27,Uncertain
Education,MUS,2000-2010,False,-0.3320063,0.4692119,0.71693873,0.28632432,1.0210414,0.13,0.13,0.74,Insufficient data
Education,MWI,2000-2010,True,0.23594362,0.7298014,0.43116572,0.60814184,1.0411928,0.6,0.165,0.235,Progress Without Convergence
Education,NAM,2000-2010,True,0.6290884,0.6348087,0.049509943,0.77520907,0.8491631,0.415,0.465,0.12,Uncertain
Education,NER,2000-2010,True,-0.27840972,-0.611918,-0.30240655,0.75638175,0.39630663,0.015,0.27,0.715,No rural progress
Education,NGA,2000-2010,True,0.32325518,0.6839471,0.3352164,0.8495989,1.2076178,0.5,0.245,0.255,Uncertain
Education,NIC,2000-2010,True,0.2539857,0.28672248,0.05747801,1.1108918,1.1597176,0.35,0.43,0.22,Uncertain
Education,NLD,2000-2010,False,0.4014998,0.46516976,-0.027106464,0.10987289,0.09599373,0.325,0.49,0.185,Insufficient data
Education,NOR,2000-2010,False,0.14619836,0.31908256,0.18438876,0.049655944,0.18097758,0.25,0.355,0.395,Insufficient data
Education,NPL,2000-2010,True,0.30803937,0.38889518,0.071846634,0.9467557,1.0052963,0.39,0.46,0.15,Uncertain
Education,PAK,2000-2010,True,0.31730592,0.22874108,-0.08017272,1.1261699,1.0141873,0.285,0.605,0.11,Converging progress
Education,PAN,2000-2010,True,0.067162156,0.16303131,0.095377326,1.1517929,1.244556,0.37,0.29,0.34,Uncertain
Education,PER,2000-2010,True,0.20054305,0.15233168,-0.035000563,1.3689167,1.3251796,0.325,0.54,0.135,Uncertain
Education,PHL,2000-2010,False,0.3301241,0.4594751,0.05541964,0.40350395,0.50953746,0.295,0.435,0.27,Insufficient data
Education,POL,2000-2010,True,0.55474085,0.7729215,0.21597326,0.18615468,0.40773574,0.555,0.35,0.095,Uncertain
Education,PRT,2000-2010,False,0.2675052,0.121607475,-0.17951708,0.2914715,0.1409871,0.23,0.5,0.27,Insufficient data
Education,PRY,2000-2010,True,0.30280334,0.23941346,-0.07494423,1.0545045,0.99298847,0.345,0.59,0.065,Uncertain
Education,PSE,2000-2010,True,0.62382644,0.547397,-0.07983665,0.2360575,0.15568711,0.39,0.61,0.0,Converging progress
Education,ROU,2000-2010,True,0.7154431,0.4003852,-0.3181106,0.88742095,0.5844858,0.085,0.915,0.0,Converging progress
Education,RUS,2000-2010,True,0.42933965,0.32896537,-0.03657213,0.2752179,0.18602091,0.225,0.485,0.29,Uncertain
Education,RWA,2000-2010,True,0.17950183,-0.11349249,-0.26997063,1.0827848,0.8394041,0.065,0.745,0.19,Converging progress
Education,SDN,2000-2010,False,-0.10043651,0.21750101,0.3818105,0.9337473,1.259418,0.14,0.28,0.58,Insufficient data
Education,SEN,2000-2010,True,1.3743587,0.98307276,-0.34699225,0.9683923,0.60657316,0.24,0.76,0.0,Converging progress
Education,SLB,2000-2010,False,0.116997555,0.12268726,0.082750544,0.5247791,0.62422514,0.23,0.33,0.44,Insufficient data
Education,SLE,2000-2010,True,-0.9529996,1.1873649,2.19403,-1.0755446,1.0621753,0.06,0.0,0.94,No rural progress
Education,SLV,2000-2010,True,0.28754938,0.15567687,-0.1351912,1.2822154,1.1436741,0.22,0.59,0.19,Uncertain
Education,SOM,2000-2010,False,-0.2944851,-0.19280733,0.10918796,0.58864963,0.7155548,0.065,0.23,0.705,Insufficient data
Education,SRB,2000-2010,True,-0.08641581,0.062407017,0.17709738,0.52154475,0.7551117,0.135,0.315,0.55,Uncertain
Education,SSD,2000-2010,False,-0.3735072,-0.18603235,0.25277793,0.7419501,0.9349668,0.09,0.17,0.74,Insufficient data
Education,STP,2000-2010,True,-0.030959606,-0.14708436,-0.09707773,0.30411077,0.20725614,0.03,0.37,0.6,No rural progress
Education,SVK,2000-2010,False,0.44455558,0.41920692,-0.08938269,0.2833652,0.18957189,0.285,0.51,0.205,Insufficient data
Education,SWE,2000-2010,False,0.34380582,0.49018213,0.1600098,0.09340638,0.2777627,0.36,0.39,0.25,Insufficient data
Education,SWZ,2000-2010,True,-0.05933008,-0.08953124,0.03115359,0.7192883,0.704877,0.1,0.335,0.565,Uncertain
Education,SYR,2000-2010,False,-0.024338245,0.120819256,0.1615702,0.5476581,0.63076484,0.16,0.325,0.515,Insufficient data
Education,TCD,2000-2010,False,-0.3327762,-0.18620503,0.16428,0.72839874,0.88552153,0.055,0.26,0.685,Insufficient data
Education,TGO,2000-2010,False,0.08763361,-0.19092461,-0.18496236,1.0984476,0.8120818,0.13,0.45,0.42,Insufficient data
Education,THA,2000-2010,True,0.19656864,0.20375809,-0.064013414,0.4853047,0.46150917,0.195,0.48,0.325,Uncertain
Education,TJK,2000-2010,True,-0.007583253,0.30766553,0.2782361,0.21354651,0.44543925,0.215,0.28,0.505,Uncertain
Education,TLS,2000-2010,True,0.5820677,0.4349824,-0.15684807,0.9469519,0.76671046,0.33,0.565,0.105,Uncertain
Education,TUN,2000-2010,True,1.4558485,0.25421625,-1.193392,1.1178033,-0.08463678,0.0,1.0,0.0,Converging progress
Education,TUR,2000-2010,True,0.49185783,0.36535484,-0.14053023,0.83488905,0.71040857,0.29,0.71,0.0,Converging progress
Education,TZA,2000-2010,True,0.21712565,0.22510439,0.051541865,0.74741507,0.7926058,0.24,0.43,0.33,Uncertain
Education,UGA,2000-2010,True,0.2197057,0.20218027,0.03633207,1.0419297,1.067703,0.325,0.44,0.235,Uncertain
Education,UKR,2000-2010,True,0.33539516,0.37335294,0.11406654,0.39438415,0.48825198,0.39,0.425,0.185,Uncertain
Education,URY,2000-2010,False,0.37308115,0.21238312,-0.17656556,0.7843634,0.6260197,0.125,0.615,0.26,Insufficient data
Education,USA,2000-2010,True,0.16020793,0.14967376,0.0015071034,0.19008672,0.1755904,0.3,0.48,0.22,Uncertain
Education,VEN,2000-2010,False,-0.08098054,0.20491245,0.30406785,0.5218451,0.8292907,0.175,0.27,0.555,Insufficient data
Education,XKX,2000-2010,True,0.07251567,0.22976997,0.15772538,0.41624475,0.535548,0.245,0.35,0.405,Uncertain
Education,YEM,2000-2010,True,0.337604,0.28051782,-0.012298763,0.8785418,0.82275003,0.255,0.485,0.26,Uncertain
Education,ZAF,2000-2010,True,0.52391386,0.3362949,-0.17792171,0.8652972,0.67212117,0.23,0.77,0.0,Converging progress
Education,ZMB,2000-2010,True,0.023015201,0.018533584,-0.03195077,0.98503053,0.965366,0.125,0.395,0.48,Uncertain
Education,ZWE,2000-2010,True,0.15827352,0.2127797,-0.020303875,0.951846,0.8815211,0.215,0.48,0.305,Uncertain
Education,ALB,2015-2021,False,0.19512099,0.28922766,0.059853792,0.2963255,0.50648427,0.22,0.38,0.4,Insufficient data
Education,ARM,2015-2021,True,0.16579358,0.13711989,-0.06569505,0.3107177,0.18442208,0.18,0.435,0.385,Uncertain
Education,AUT,2015-2021,False,0.20332077,0.20309776,0.011778057,0.33475178,0.29220992,0.23,0.46,0.31,Insufficient data
Education,BEL,2015-2021,False,0.19647455,0.21127325,0.12405783,0.22535488,0.31435055,0.26,0.395,0.345,Insufficient data
Education,BGD,2015-2021,False,0.14996389,0.2503686,0.10398555,0.30252975,0.48004663,0.215,0.38,0.405,Insufficient data
Education,BGR,2015-2021,False,0.27065986,0.2529025,-0.05466017,0.73000896,0.6520009,0.245,0.47,0.285,Insufficient data
Education,BLR,2015-2021,False,0.107287884,0.14321041,0.045265317,0.5499073,0.539042,0.21,0.39,0.4,Insufficient data
Education,BLZ,2015-2021,False,0.123677194,0.11303885,-0.039482415,0.80766875,0.7172588,0.155,0.445,0.4,Insufficient data
Education,BOL,2015-2021,True,0.3392426,0.17131013,-0.14026475,1.4370973,1.3112123,0.21,0.755,0.035,Converging progress
Education,BRA,2015-2021,True,0.08353573,0.060843796,-0.015865445,1.0339658,1.0127077,0.21,0.475,0.315,Uncertain
Education,BTN,2015-2021,False,0.39599502,0.26836538,-0.2126562,1.2144859,1.0706472,0.215,0.565,0.22,Insufficient data
Education,BWA,2015-2021,False,0.008146897,-0.08955374,-0.056609094,0.8396015,0.83976966,0.125,0.38,0.495,Insufficient data
Education,CAF,2015-2021,False,0.25957274,0.27958596,0.12156525,1.0075891,1.0038784,0.24,0.405,0.355,Insufficient data
Education,CHE,2015-2021,False,0.09109044,0.19492209,0.11603862,0.12977445,0.2608249,0.205,0.34,0.455,Insufficient data
Education,CHL,2015-2021,False,0.12478919,0.21342516,0.10285628,0.79121006,0.8705739,0.19,0.395,0.415,Insufficient data
Education,CHN,2015-2021,False,0.1403785,0.111957595,0.018741876,0.86674505,0.8457196,0.16,0.415,0.425,Insufficient data
Education,CIV,2015-2021,False,0.19607598,0.32185224,0.030921161,1.0734708,1.1323972,0.26,0.41,0.33,Insufficient data
Education,CMR,2015-2021,False,0.2314924,0.17674115,-0.008599967,1.2472454,1.1718857,0.215,0.455,0.33,Insufficient data
Education,COD,2015-2021,False,0.11939663,0.14896013,0.105469435,1.2789576,1.3667811,0.205,0.375,0.42,Insufficient data
Education,COG,2015-2021,False,0.092430085,0.10349733,-0.034350723,1.2006929,1.1965607,0.195,0.435,0.37,Insufficient data
Education,COL,2015-2021,True,0.29768592,0.17608133,-0.10941568,1.1729103,1.0612569,0.305,0.645,0.05,Converging progress
Education,COM,2015-2021,False,0.15652555,0.23262022,0.09865689,0.8263378,0.95311344,0.215,0.37,0.415,Insufficient data
Education,CPV,2015-2021,False,0.09283379,0.13554236,0.07871091,0.8129859,0.84506214,0.22,0.405,0.375,Insufficient data
Education,CRI,2015-2021,True,0.14389384,0.11908507,-0.051714614,0.6571572,0.62000644,0.315,0.51,0.175,Uncertain
Education,CYP,2015-2021,False,0.38853845,0.26860762,-0.0487729,0.6476783,0.57425046,0.27,0.51,0.22,Insufficient data
Education,CZE,2015-2021,False,0.22484514,0.2242102,-0.0268206,0.37370095,0.3335144,0.22,0.445,0.335,Insufficient data
Education,DEU,2015-2021,False,0.06480172,0.1633051,0.074999094,0.19050482,0.23343074,0.21,0.37,0.42,Insufficient data
Education,DJI,2015-2021,False,0.51909786,0.45333192,-0.044066638,1.1961813,1.1180587,0.36,0.525,0.115,Insufficient data
Education,DNK,2015-2021,False,0.27268827,0.13348067,-0.06596604,0.5596731,0.46173453,0.23,0.505,0.265,Insufficient data
Education,DOM,2015-2021,False,0.12574679,0.23919423,0.15716816,0.8157535,0.894042,0.205,0.355,0.44,Insufficient data
Education,ECU,2015-2021,True,0.23797026,0.051335692,-0.19016555,0.9654376,0.7983779,0.145,0.76,0.095,Converging progress
Education,EGY,2015-2021,True,0.0075367987,0.07695386,0.047934055,0.70365024,0.74455976,0.21,0.315,0.475,Uncertain
Education,ESP,2015-2021,False,0.55588627,0.44094986,-0.1873708,0.5594475,0.40791172,0.35,0.55,0.1,Insufficient data
Education,EST,2015-2021,False,0.1575666,0.11486715,-0.072770506,0.37623835,0.32170904,0.12,0.48,0.4,Insufficient data
Education,ETH,2015-2021,True,0.26861846,0.19198751,-0.098187625,1.1800487,1.1163018,0.29,0.63,0.08,Converging progress
Education,FIN,2015-2021,False,0.182636,0.31057566,0.026267529,0.26357543,0.26255006,0.25,0.41,0.34,Insufficient data
Education,FRA,2015-2021,False,0.23481199,0.18746212,-0.030596584,0.3283737,0.3174902,0.225,0.47,0.305,Insufficient data
Education,GBR,2015-2021,False,0.20815831,0.24048191,0.01741594,-0.07511014,-0.067602694,0.23,0.435,0.335,Insufficient data
Education,GEO,2015-2021,True,-0.045794934,-0.18738109,-0.080138,0.58121794,0.47712773,0.035,0.405,0.56,Uncertain
Education,GHA,2015-2021,False,0.0075357705,0.030948628,0.0832164,0.70044124,0.77905613,0.135,0.365,0.5,Insufficient data
Education,GIN,2015-2021,True,0.37206298,0.38107407,-0.08984977,1.1265984,1.103056,0.255,0.51,0.235,Uncertain
Education,GMB,2015-2021,True,-1.4617515,-0.9583187,0.50897723,0.5320625,1.0460861,0.0,0.0,1.0,No rural progress
Education,GNB,2015-2021,True,0.38348132,0.3685799,0.11557314,1.0356011,1.0846788,0.36,0.405,0.235,Uncertain
Education,GRC,2015-2021,False,0.43173796,0.29360914,-0.22097695,0.92538154,0.7154313,0.275,0.54,0.185,Insufficient data
Education,GTM,2015-2021,True,0.29258767,0.24175039,0.0023133457,0.89945865,0.9039074,0.305,0.46,0.235,Uncertain
Education,GUY,2015-2021,False,0.16346861,0.12792361,0.049461752,1.0751477,1.135805,0.2,0.415,0.385,Insufficient data
Education,HND,2015-2021,True,0.21247482,0.19859385,-0.0033311844,1.0727711,1.0996141,0.225,0.455,0.32,Uncertain
Education,HRV,2015-2021,False,0.35597813,0.27994367,-0.030590504,0.4033088,0.38336396,0.25,0.465,0.285,Insufficient data
Education,HTI,2015-2021,False,0.31475765,0.36207747,-0.048639745,1.0923512,0.9889628,0.295,0.49,0.215,Insufficient data
Education,HUN,2015-2021,False,0.24687675,0.12064886,-0.18392232,0.38671312,0.24252462,0.215,0.52,0.265,Insufficient data
Education,IDN,2015-2021,True,0.34614536,0.30161986,-0.03340769,0.76327604,0.7172843,0.265,0.48,0.255,Uncertain
Education,IND,2015-2021,True,0.112594455,0.12927651,-0.015301943,0.61069834,0.6720656,0.145,0.42,0.435,Uncertain
Education,IRL,2015-2021,False,0.14913431,0.13885605,0.07863608,0.3325579,0.39793074,0.23,0.4,0.37,Insufficient data
Education,IRN,2015-2021,True,0.48469877,0.46221262,-0.04237932,1.0142038,0.9736352,0.375,0.53,0.095,Uncertain
Education,ISL,2015-2021,False,0.31717667,0.23627126,-0.030215383,0.47551844,0.44250938,0.25,0.485,0.265,Insufficient data
Education,ITA,2015-2021,False,0.34889054,0.4146679,0.017189547,0.24293026,0.26238096,0.325,0.47,0.205,Insufficient data
Education,JAM,2015-2021,False,0.08198874,0.19379921,0.05661182,0.44949386,0.65376514,0.19,0.385,0.425,Insufficient data
Education,JOR,2015-2021,False,-0.12475434,0.14973415,0.27436626,0.2748022,0.52204275,0.135,0.28,0.585,Insufficient data
Education,KAZ,2015-2021,False,-0.18241781,-0.20127052,0.07398352,0.33841437,0.40073052,0.085,0.305,0.61,Insufficient data
Education,KEN,2015-2021,True,0.28718552,0.42843777,0.082455516,0.98749024,1.0671692,0.36,0.415,0.225,Uncertain
Education,KGZ,2015-2021,True,0.82465255,0.9417199,0.065687716,-0.0570184,0.016207546,0.515,0.445,0.04,At parity
Education,KHM,2015-2021,False,0.28665173,0.34398502,0.020305932,0.815506,0.83747315,0.285,0.44,0.275,Insufficient data
Education,KOR,2015-2021,False,-0.062989354,-0.06025195,0.001591444,0.7097882,0.7541182,0.105,0.345,0.55,Insufficient data
Education,LAO,2015-2021,True,0.25822476,0.1392774,-0.08753258,1.058811,0.94598067,0.21,0.47,0.32,Uncertain
Education,LBR,2015-2021,False,0.29438418,0.28206542,0.033920825,1.093456,1.0843662,0.245,0.44,0.315,Insufficient data
Education,LKA,2015-2021,True,0.17109033,0.21400014,-0.005480431,0.37490165,0.38139832,0.235,0.44,0.325,Uncertain
Education,LSO,2015-2021,True,0.07539612,0.11152002,0.06942323,0.8623555,0.9592335,0.2,0.35,0.45,Uncertain
Education,LTU,2015-2021,False,-0.0044520795,-0.06238973,-0.019989341,0.45654905,0.43385944,0.085,0.41,0.505,Insufficient data
Education,LUX,2015-2021,False,0.28733242,0.50995517,0.18271932,-0.06814644,0.11948043,0.375,0.375,0.25,Insufficient data
Education,LVA,2015-2021,False,0.19387144,0.20512086,-0.019480795,0.32242316,0.28302136,0.21,0.45,0.34,Insufficient data
Education,MAR,2015-2021,False,0.16138014,0.20784739,0.06728643,1.0685924,1.1004708,0.24,0.41,0.35,Insufficient data
Education,MDA,2015-2021,True,0.26601517,0.18434677,-0.07037926,0.53398544,0.508366,0.17,0.485,0.345,Uncertain
Education,MDG,2015-2021,False,0.19375762,0.24898747,-0.018281281,0.9472741,0.95838296,0.21,0.44,0.35,Insufficient data
Education,MDV,2015-2021,True,0.16498393,0.059765138,-0.043617144,0.38066024,0.3934328,0.18,0.465,0.355,Uncertain
Education,MEX,2015-2021,True,0.27041075,0.16353498,-0.09602445,0.9900734,0.88055265,0.255,0.585,0.16,Uncertain
Education,MKD,2015-2021,True,0.14987025,0.09644011,-0.048030056,0.5380093,0.47940907,0.225,0.505,0.27,Uncertain
Education,MLI,2015-2021,True,0.22083253,0.26509386,-0.002747476,1.224148,1.2318947,0.215,0.43,0.355,Uncertain
Education,MMR,2015-2021,False,0.23746252,0.103561625,-0.11752024,0.9747016,0.8448539,0.17,0.505,0.325,Insufficient data
Education,MNE,2015-2021,False,0.49948478,0.48992258,0.029663675,0.5825614,0.6641942,0.355,0.48,0.165,Insufficient data
Education,MNG,2015-2021,True,-0.0018038154,0.09628588,0.12867099,0.87293255,0.9930394,0.165,0.33,0.505,Uncertain
Education,MOZ,2015-2021,False,0.26485682,0.18568715,-0.07882154,0.9594239,0.9445996,0.24,0.465,0.295,Insufficient data
Education,MRT,2015-2021,False,0.3989442,0.3616624,-0.017053545,1.0805166,1.0545046,0.34,0.48,0.18,Insufficient data
Education,MUS,2015-2021,False,0.07786894,0.095938124,-0.002927184,1.3260295,1.3902783,0.185,0.375,0.44,Insufficient data
Education,MWI,2015-2021,True,0.27017063,0.26464862,0.014462531,1.0382109,1.04901,0.265,0.445,0.29,Uncertain
Education,NAM,2015-2021,False,-0.086122006,-0.07407859,0.013251632,0.89956427,0.9367995,0.09,0.32,0.59,Insufficient data
Education,NER,2015-2021,False,0.40833396,0.33930182,-0.047136664,0.9884785,0.993251,0.275,0.515,0.21,Insufficient data
Education,NGA,2015-2021,True,0.7181255,0.38200969,-0.33204493,1.0276282,0.6809114,0.26,0.695,0.045,Converging progress
Education,NIC,2015-2021,False,0.27899358,0.15250984,-0.13981235,1.1260045,0.95599157,0.2,0.5,0.3,Insufficient data
Education,NLD,2015-2021,False,0.18705589,0.16779655,0.040334493,0.3119734,0.30177474,0.2,0.415,0.385,Insufficient data
Education,NOR,2015-2021,False,0.05810857,0.29849207,0.25483805,-0.22179258,0.04451579,0.255,0.285,0.46,Insufficient data
Education,NPL,2015-2021,False,0.27277398,0.3475371,0.053390384,0.74632347,0.82302743,0.295,0.42,0.285,Insufficient data
Education,PAK,2015-2021,True,0.18608123,0.12028667,-0.032637328,1.0314465,1.0107396,0.22,0.48,0.3,Uncertain
Education,PAN,2015-2021,True,0.25639695,0.07096735,-0.21598107,1.2740768,1.0636373,0.175,0.775,0.05,Converging progress
Education,PER,2015-2021,True,0.14135593,0.0150285065,-0.09470606,1.3150711,1.190001,0.165,0.655,0.18,Converging progress
Education,PHL,2015-2021,True,0.058612034,0.054225028,-0.0654788,0.371837,0.3589455,0.14,0.415,0.445,Uncertain
Education,POL,2015-2021,True,0.35718742,-0.10125071,-0.42906618,1.1210136,0.6861923,0.13,0.66,0.21,Converging progress
Education,PRT,2015-2021,False,0.5698812,0.5266174,-0.08767404,0.5982052,0.49589133,0.345,0.545,0.11,Insufficient data
Education,PRY,2015-2021,True,0.21867974,0.12860861,-0.08287528,0.9789403,0.8920641,0.3,0.595,0.105,Uncertain
Education,PSE,2015-2021,False,-0.08179572,0.12460095,0.1812118,0.114288405,0.30170834,0.135,0.305,0.56,Insufficient data
Education,ROU,2015-2021,True,0.25437653,0.2668638,-0.01905498,0.6095172,0.6230838,0.23,0.47,0.3,Uncertain
Education,RUS,2015-2021,True,0.39173678,0.4496674,0.070667535,0.40098312,0.43562895,0.36,0.43,0.21,Uncertain
Education,RWA,2015-2021,True,-0.1860317,-0.99274844,-0.7849284,0.8552121,0.0749262,0.0,0.22,0.78,No rural progress
Education,SDN,2015-2021,False,0.19035834,0.14079934,-0.047019064,1.1974615,1.1446743,0.185,0.46,0.355,Insufficient data
Education,SEN,2015-2021,True,-0.04269108,0.13203588,0.178235,0.6420557,0.84431624,0.105,0.36,0.535,Uncertain
Education,SLB,2015-2021,False,0.33859935,0.3399555,0.035027597,0.5164653,0.5468015,0.295,0.45,0.255,Insufficient data
Education,SLE,2015-2021,True,-0.29356664,-0.25489527,0.07486567,0.7295459,0.7782157,0.045,0.195,0.76,No rural progress
Education,SLV,2015-2021,True,0.12301901,0.083400026,-0.063032985,1.0167868,0.9582337,0.19,0.455,0.355,Uncertain
Education,SOM,2015-2021,False,0.5416055,0.4838125,-0.047476828,0.9579291,0.938547,0.29,0.5,0.21,Insufficient data
Education,SRB,2015-2021,True,0.17659533,0.22095627,0.006518185,0.69492316,0.80008626,0.205,0.44,0.355,Uncertain
Education,SSD,2015-2021,False,0.35830128,0.41139892,0.039856136,0.8996078,0.96606636,0.33,0.445,0.225,Insufficient data
Education,STP,2015-2021,False,0.07775569,0.26811466,0.17167854,0.16002926,0.32620496,0.21,0.355,0.435,Insufficient data
Education,SVK,2015-2021,False,0.11333111,0.2028119,0.08195174,0.24968052,0.3059439,0.22,0.385,0.395,Insufficient data
Education,SWE,2015-2021,False,0.26021883,0.17824131,-0.045879275,0.32235336,0.29664236,0.22,0.48,0.3,Insufficient data
Education,SWZ,2015-2021,False,-0.1058599,0.056762118,0.15548936,0.6322826,0.858986,0.105,0.32,0.575,Insufficient data
Education,SYR,2015-2021,False,0.08574874,0.086856365,0.059056967,0.58096707,0.7009506,0.17,0.39,0.44,Insufficient data
Education,TCD,2015-2021,True,0.42527452,0.4631588,0.050774783,0.9520215,0.9717583,0.37,0.455,0.175,Uncertain
Education,TGO,2015-2021,True,0.84884596,0.58097184,-0.24404526,1.1104945,0.8356843,0.295,0.67,0.035,Converging progress
Education,THA,2015-2021,True,0.38928366,0.2824211,0.0019938573,0.42913434,0.49013856,0.26,0.46,0.28,Uncertain
Education,TJK,2015-2021,False,-0.0147379,-0.069267154,-0.0049994886,0.5892478,0.51055217,0.145,0.345,0.51,Insufficient data
Education,TLS,2015-2021,False,0.13351697,0.21216938,0.10655737,0.78067124,0.9362181,0.245,0.355,0.4,Insufficient data
Education,TUN,2015-2021,False,-0.2793411,-0.16177797,0.118671775,0.5971036,0.7352005,0.06,0.25,0.69,Insufficient data
Education,TUR,2015-2021,False,0.038640454,0.057626236,0.073347494,0.7758611,0.80131817,0.165,0.36,0.475,Insufficient data
Education,TZA,2015-2021,True,0.10590419,0.21818784,0.0840109,0.897103,0.99356234,0.205,0.365,0.43,Uncertain
Education,UGA,2015-2021,False,0.15165424,0.14677887,0.050506234,0.9019515,0.91001254,0.215,0.4,0.385,Insufficient data
Education,UKR,2015-2021,True,0.03306693,-0.041579127,-0.056150764,0.47596043,0.42835617,0.095,0.435,0.47,Uncertain
Education,URY,2015-2021,True,0.17775092,0.14079008,-0.015527144,0.61581516,0.5998838,0.31,0.53,0.16,Uncertain
Education,USA,2015-2021,False,0.014822006,0.0044800043,0.0227817,0.43379888,0.3433664,0.14,0.365,0.495,Insufficient data
Education,VEN,2015-2021,False,0.14322558,0.19617657,0.07181397,0.8015834,0.863284,0.22,0.405,0.375,Insufficient data
Education,XKX,2015-2021,False,0.58543247,0.51813763,-0.11432809,0.46010953,0.37039933,0.34,0.545,0.115,Insufficient data
Education,YEM,2015-2021,False,0.563714,0.45430937,-0.09615719,0.97345483,0.80134535,0.34,0.55,0.11,Insufficient data
Education,ZAF,2015-2021,True,0.080791384,0.094085544,-0.028595522,0.6014439,0.5667391,0.18,0.45,0.37,Uncertain
Education,ZMB,2015-2021,False,-0.073351085,0.117224336,0.1302301,0.8320777,0.9601133,0.13,0.31,0.56,Insufficient data
Education,ZWE,2015-2021,False,0.047144562,0.023245387,-0.036438853,0.69969934,0.72126603,0.135,0.4,0.465,Insufficient data
Employment,ALB,2010-2020,False,0.12627634,0.01884833,-0.17809224,1.3702126,1.1803865,0.12,0.545,0.335,Insufficient data
Employment,ARM,2010-2020,True,0.23608926,0.1839019,-0.040583193,1.2235142,1.1733828,0.375,0.6,0.025,Converging progress
Employment,AUT,2010-2020,False,-0.06293963,-0.060869932,0.0014537871,0.5871262,0.53574944,0.09,0.32,0.59,Insufficient data
Employment,BEL,2010-2020,False,-0.100630306,-0.13815686,-0.077658996,0.72314966,0.67272013,0.07,0.36,0.57,Insufficient data
Employment,BGD,2010-2020,False,-0.0289402,0.42883974,0.4745819,0.34845275,0.82005847,0.37,0.085,0.545,Insufficient data
Employment,BGR,2010-2020,False,-0.2277396,-0.038491935,0.21181631,0.74848104,0.9616162,0.045,0.125,0.83,Insufficient data
Employment,BIH,2010-2020,False,-0.08109702,0.0575217,0.10683063,1.0292809,1.1518099,0.18,0.245,0.575,Insufficient data
Employment,BLR,2010-2020,False,0.29249465,0.4872344,0.15814784,0.065834045,0.26373315,0.44,0.405,0.155,Insufficient data
Employment,BLZ,2010-2020,False,-0.15048748,-0.10563892,0.058919787,1.3370534,1.3359561,0.08,0.31,0.61,Insufficient data
Employment,BOL,2010-2020,True,-0.021425128,0.26134205,0.256585,1.5208316,1.7891338,0.365,0.055,0.58,Uncertain
Employment,BRA,2010-2020,True,0.29833364,0.32480496,0.004356146,1.3523271,1.3353742,0.495,0.485,0.02,Uncertain
Employment,BTN,2010-2020,True,0.0671643,-0.04480405,-0.1155203,1.3889871,1.2758398,0.105,0.52,0.375,Uncertain
Employment,BWA,2010-2020,False,0.46118662,0.33172756,-0.1742588,0.69408345,0.501619,0.33,0.63,0.04,Insufficient data
Employment,CAF,2010-2020,False,-0.06438136,0.0079509355,0.07998064,0.89459276,0.9381995,0.17,0.28,0.55,Insufficient data
Employment,CHE,2010-2020,False,-0.051671755,-0.060733527,-0.032254472,0.4931706,0.47310668,0.08,0.33,0.59,Insufficient data
Employment,CHL,2010-2020,True,-0.029941685,-0.046896935,0.002871275,0.8904893,0.8844582,0.115,0.325,0.56,Uncertain
Employment,CHN,2010-2020,False,0.23108506,0.08892323,-0.15125501,1.3420591,1.1654916,0.19,0.61,0.2,Insufficient data
Employment,CIV,2010-2020,False,-0.055006444,-0.09232791,0.0033313036,1.3473535,1.3631023,0.105,0.355,0.54,Insufficient data
Employment,CMR,2010-2020,False,-0.2528327,-0.16263351,0.08600119,1.0198152,1.1210253,0.05,0.135,0.815,Insufficient data
Employment,COD,2010-2020,False,-0.080854714,-0.032488592,-0.0103302,1.1811852,1.1734102,0.095,0.345,0.56,Insufficient data
Employment,COG,2010-2020,False,-0.24493349,-0.06842612,0.1407538,1.2854791,1.4589721,0.085,0.19,0.725,Insufficient data
Employment,COL,2010-2020,True,-0.026533961,-0.057745606,-0.024926186,1.2647264,1.232481,0.07,0.295,0.635,No rural progress
Employment,COM,2010-2020,False,-0.046792626,-0.025024265,0.03284377,0.6358232,0.7160344,0.12,0.315,0.565,Insufficient data
Employment,CPV,2010-2020,False,-0.1841447,-0.2598939,-0.043847412,1.2655917,1.2209811,0.055,0.265,0.68,Insufficient data
Employment,CRI,2010-2020,True,0.0199469,-0.091608346,-0.1107631,0.8230078,0.72696877,0.025,0.605,0.37,Converging progress
Employment,CYP,2010-2020,False,0.08041513,-0.13967708,-0.21095131,0.72166616,0.5011538,0.085,0.52,0.395,Insufficient data
Employment,CZE,2010-2020,False,-0.20828876,0.032501787,0.24347283,0.5446069,0.79984355,0.07,0.175,0.755,Insufficient data
Employment,DEU,2010-2020,False,-0.21368358,-0.18106148,-0.007920593,0.51527596,0.50526,0.02,0.3,0.68,Insufficient data
Employment,DJI,2010-2020,True,-0.05601901,0.06892112,0.14767008,0.7156542,0.855917,0.13,0.285,0.585,Uncertain
Employment,DNK,2010-2020,False,-0.27497488,-0.14472938,0.10997501,0.32005852,0.44012684,0.025,0.125,0.85,Insufficient data
Employment,DOM,2010-2020,False,-0.108691484,-0.08788058,0.015250146,0.7812555,0.8224809,0.08,0.28,0.64,Insufficient data
Employment,ECU,2010-2020,True,-0.13806841,-0.24001408,-0.09719539,1.2901483,1.1953087,0.0,0.07,0.93,No rural progress
Employment,EGY,2010-2020,True,0.34235764,0.32013884,-0.018578053,1.0336691,1.0227203,0.44,0.54,0.02,Uncertain
Employment,ESP,2010-2020,False,-0.28323448,-0.081789106,0.20559227,0.55576164,0.7688526,0.025,0.13,0.845,Insufficient data
Employment,EST,2010-2020,False,-0.17896293,0.0065883994,0.14898744,0.67822105,0.8218715,0.065,0.165,0.77,Insufficient data
Employment,ETH,2010-2020,True,0.22991505,-0.06145849,-0.30524734,1.3853171,1.0771432,0.055,0.86,0.085,Converging progress
Employment,FIN,2010-2020,False,-0.19391537,-0.33633274,-0.15627667,0.65497124,0.5102265,0.015,0.19,0.795,Insufficient data
Employment,FRA,2010-2020,False,-0.013174251,-0.001911372,-0.0046716034,0.6492039,0.66403127,0.11,0.375,0.515,Insufficient data
Employment,GBR,2010-2020,False,-0.27338868,-0.12794906,0.14882159,0.36599892,0.5224639,0.02,0.12,0.86,Insufficient data
Employment,GEO,2010-2020,True,-0.60295117,-1.2591861,-0.6063073,1.1914587,0.5547248,0.0,0.005,0.995,No rural progress
Employment,GHA,2010-2020,False,-0.006708652,0.020115495,0.0012531877,0.88698494,0.91634345,0.135,0.335,0.53,Insufficient data
Employment,GIN,2010-2020,True,-0.26284903,-0.60413074,-0.33577448,1.3595625,1.0112164,0.005,0.24,0.755,No rural progress
Employment,GMB,2010-2020,True,0.3895076,0.26370397,-0.12521598,1.185889,1.0669963,0.215,0.785,0.0,Converging progress
Employment,GNB,2010-2020,True,-0.23841417,-0.37558642,-0.15203768,1.0738001,0.9700275,0.015,0.25,0.735,No rural progress
Employment,GRC,2010-2020,False,-0.20885448,-0.43960378,-0.24688545,1.2525358,0.9880136,0.005,0.255,0.74,Insufficient data
Employment,GTM,2010-2020,True,-0.98747504,-1.330346,-0.3622894,0.6499319,0.23064965,0.0,0.0,1.0,No rural progress
Employment,GUY,2010-2020,False,-0.11437702,-0.08159372,-0.020488635,0.4260673,0.43788493,0.075,0.31,0.615,Insufficient data
Employment,HND,2010-2020,True,-0.31627038,-0.46286386,-0.1717492,1.1045372,0.9124633,0.0,0.07,0.93,No rural progress
Employment,HRV,2010-2020,False,-0.008316907,-0.22861663,-0.17111121,0.7017668,0.5259423,0.045,0.44,0.515,Insufficient data
Employment,HTI,2010-2020,False,-0.10489981,-0.03903906,0.07372731,1.0629222,1.135787,0.105,0.27,0.625,Insufficient data
Employment,HUN,2010-2020,False,-0.12837723,0.027798146,0.17764589,0.5073909,0.69613576,0.1,0.195,0.705,Insufficient data
Employment,IDN,2010-2020,True,0.16645646,0.019944668,-0.15489432,0.98791015,0.8361773,0.15,0.68,0.17,Converging progress
Employment,IND,2010-2020,True,0.013158053,0.14253147,0.11743897,1.0883529,1.2452966,0.25,0.29,0.46,Uncertain
Employment,IRL,2010-2020,False,-0.29676372,-0.13316023,0.18770489,0.39004478,0.5408148,0.03,0.115,0.855,Insufficient data
Employment,IRN,2010-2020,False,-0.2609613,-0.20758635,0.02407211,0.25086862,0.2888915,0.03,0.24,0.73,Insufficient data
Employment,ISL,2010-2020,False,-0.4367772,-0.5923815,-0.18419784,0.7683816,0.58482003,0.0,0.095,0.905,Insufficient data
Employment,ITA,2010-2020,False,-0.1035201,-0.0054532886,0.12858367,0.4230278,0.54441077,0.11,0.255,0.635,Insufficient data
Employment,JAM,2010-2020,False,-0.077743225,-0.08698803,-0.018703043,0.8120072,0.7955816,0.085,0.32,0.595,Insufficient data
Employment,JOR,2010-2020,False,-0.05779179,0.37335512,0.4290298,0.2704325,0.6824303,0.24,0.15,0.61,Insufficient data
Employment,KAZ,2010-2020,True,0.21712704,0.6183371,0.41686183,0.92707396,1.3288232,0.68,0.12,0.2,Progress Without Convergence
Employment,KEN,2010-2020,True,-0.34643316,-0.65060365,-0.24869412,1.0178182,0.7414605,0.0,0.14,0.86,No rural progress
Employment,KGZ,2010-2020,True,-0.12614375,0.3641985,0.48572156,0.46069527,0.955727,0.095,0.0,0.905,No rural progress
Employment,KHM,2010-2020,False,0.07012509,0.12670645,-0.014302403,0.9323492,0.9391058,0.16,0.425,0.415,Insufficient data
Employment,KOR,2010-2020,True,0.005596049,-0.069949806,-0.025637686,1.1130373,1.0751882,0.125,0.395,0.48,Uncertain
Employment,LAO,2010-2020,True,-0.18894851,-0.24985963,-0.061552674,0.82757896,0.7397834,0.02,0.285,0.695,No rural progress
Employment,LBR,2010-2020,False,-0.057941437,0.045377683,0.08473253,0.90180004,0.97327954,0.125,0.27,0.605,Insufficient data
Employment,LKA,2010-2020,True,0.072822854,0.0076339543,-0.065939575,1.1564487,1.0833733,0.15,0.48,0.37,Uncertain
Employment,LSO,2010-2020,True,-0.03140847,0.23470339,0.25557354,0.40058818,0.63986695,0.27,0.175,0.555,Uncertain
Employment,LTU,2010-2020,False,-0.039511874,-0.10479176,-0.10212588,1.0717909,0.97858465,0.065,0.375,0.56,Insufficient data
Employment,LUX,2010-2020,False,0.30979067,-0.021630883,-0.31985712,0.7176378,0.38366073,0.09,0.765,0.145,Insufficient data
Employment,LVA,2010-2020,False,-0.13532333,-0.1609079,-0.029344171,0.8285519,0.7816776,0.045,0.23,0.725,Insufficient data
Employment,MAR,2010-2020,False,0.06221533,0.16216636,0.112769246,1.550692,1.6584826,0.225,0.36,0.415,Insufficient data
Employment,MDA,2010-2020,True,0.47382417,0.60566944,0.123971075,0.7662035,0.88475317,0.735,0.265,0.0,Progress Without Convergence
Employment,MDG,2010-2020,False,0.028703868,0.23934925,0.18198127,0.5338112,0.71631527,0.255,0.27,0.475,Insufficient data
Employment,MDV,2010-2020,True,0.05048085,0.23762369,0.17140177,0.61204946,0.78984714,0.325,0.26,0.415,Uncertain
Employment,MEX,2010-2020,True,0.05298075,-0.06099567,-0.11300817,0.97740203,0.8666944,0.075,0.645,0.28,Converging progress
Employment,MKD,2010-2020,True,0.45407194,0.78723216,0.35054213,0.33569992,0.61982733,0.77,0.17,0.06,Progress Without Convergence
Employment,MLI,2010-2020,True,-0.33087832,-0.7064759,-0.3279817,1.2718782,0.94810164,0.0,0.12,0.88,No rural progress
Employment,MMR,2010-2020,True,-0.13800636,-0.20566878,-0.07761118,1.1752083,1.0971131,0.025,0.23,0.745,No rural progress
Employment,MNE,2010-2020,False,0.050568342,0.08749534,0.0675569,0.60063756,0.6507864,0.17,0.365,0.465,Insufficient data
Employment,MNG,2010-2020,True,-0.5542847,-0.81740624,-0.2507251,0.9939039,0.7588992,0.0,0.005,0.995,No rural progress
Employment,MOZ,2010-2020,False,0.12922895,0.06266445,-0.094923586,1.1682975,1.0994847,0.13,0.485,0.385,Insufficient data
Employment,MRT,2010-2020,False,-0.046267375,-0.103660434,-0.030968815,0.9904612,0.9215525,0.11,0.335,0.555,Insufficient data
Employment,MUS,2010-2020,False,-0.27451172,-0.5318998,-0.26069212,0.1758216,-0.096876025,0.005,0.255,0.74,Insufficient data
Employment,MWI,2010-2020,True,-0.42616916,-0.29827335,0.13126886,0.8343833,0.94241035,0.005,0.015,0.98,No rural progress
Employment,NAM,2010-2020,False,0.19206908,-0.17678541,-0.37061036,1.0486503,0.68835175,0.03,0.685,0.285,Insufficient data
Employment,NER,2010-2020,False,-0.25128704,0.520638,0.81509405,0.261099,1.1077127,0.19,0.05,0.76,Insufficient data
Employment,NGA,2010-2020,True,0.5239418,0.35941735,-0.16835481,0.7557192,0.5785353,0.3,0.69,0.01,Converging progress
Employment,NIC,2010-2020,False,-0.0834613,-0.25127065,-0.22465235,1.2606707,1.0385125,0.03,0.395,0.575,Insufficient data
Employment,NLD,2010-2020,False,-0.15502623,-0.08076292,0.10783121,0.3255471,0.44200712,0.075,0.235,0.69,Insufficient data
Employment,NOR,2010-2020,False,0.119553894,-0.45136377,-0.5571226,0.36274448,-0.19794706,0.025,0.685,0.29,Insufficient data
Employment,NPL,2010-2020,False,0.0136886835,0.011003494,-0.014391422,0.6654457,0.6380262,0.155,0.365,0.48,Insufficient data
Employment,PAK,2010-2020,True,0.143538,0.06815504,-0.07356924,1.1099241,1.048177,0.215,0.705,0.08,Converging progress
Employment,PAN,2010-2020,True,-0.053466797,-0.19130749,-0.14640635,1.4691119,1.3290777,0.01,0.34,0.65,No rural progress
Employment,PER,2010-2020,True,-0.13516662,-0.26936433,-0.122508824,1.2389106,1.1087193,0.0,0.045,0.955,No rural progress
Employment,PHL,2010-2020,True,0.21301919,0.051228985,-0.17633042,0.86191165,0.70443344,0.145,0.745,0.11,Converging progress
Employment,POL,2010-2020,True,0.0022346228,0.5345348,0.5199176,0.6386417,1.1612403,0.495,0.015,0.49,Uncertain
Employment,PRT,2010-2020,False,0.016314745,0.29834378,0.2622321,0.37655234,0.65500104,0.32,0.22,0.46,Insufficient data
Employment,PRY,2010-2020,True,-0.5266053,-0.8963957,-0.393471,1.2482998,0.8599168,0.0,0.0,1.0,No rural progress
Employment,PSE,2010-2020,True,0.34782815,0.5358485,0.23383601,0.30581838,0.5390072,0.61,0.305,0.085,Progress Without Convergence
Employment,ROU,2010-2020,True,-0.27206936,-0.91474175,-0.6409328,1.4893008,0.83320713,0.0,0.165,0.835,No rural progress
Employment,RUS,2010-2020,False,0.26214045,0.30177864,0.023921788,0.750876,0.74226564,0.365,0.48,0.155,Insufficient data
Employment,RWA,2010-2020,True,0.493123,0.59645903,0.11221346,0.8177506,0.92143524,0.745,0.255,0.0,Progress Without Convergence
Employment,SDN,2010-2020,False,-0.41054222,-0.3348077,0.047278345,1.2561142,1.298076,0.01,0.105,0.885,Insufficient data
Employment,SEN,2010-2020,True,-0.37074062,-0.61272556,-0.2751497,1.423475,1.197681,0.005,0.14,0.855,No rural progress
Employment,SLB,2010-2020,False,-0.02543071,-0.014458267,-0.024446428,1.0876472,1.1081042,0.09,0.375,0.535,Insufficient data
Employment,SLE,2010-2020,True,0.03640443,0.2891872,0.24953797,0.8284005,1.1041887,0.35,0.195,0.455,Uncertain
Employment,SLV,2010-2020,True,-0.30641,-0.36591905,-0.068312675,0.78705,0.72712845,0.0,0.105,0.895,No rural progress
Employment,SOM,2010-2020,False,-0.15142222,-0.026661456,0.10497627,0.5060198,0.6348195,0.07,0.28,0.65,Insufficient data
Employment,SRB,2010-2020,True,0.13030028,0.111078314,-0.009299755,0.6418603,0.633374,0.18,0.45,0.37,Uncertain
Employment,SSD,2010-2020,False,-0.5358551,-0.56996,-0.008492559,0.87559944,0.87000775,0.0,0.03,0.97,Insufficient data
Employment,STP,2010-2020,True,-0.11149895,-0.2273286,-0.103124514,0.5119903,0.38753223,0.03,0.295,0.675,No rural progress
Employment,SVK,2010-2020,False,-0.15572497,-0.0169245,0.13303834,0.40921372,0.56139034,0.095,0.21,0.695,Insufficient data
Employment,SWE,2010-2020,False,-0.0316931,-0.13175613,-0.06341037,0.35213047,0.2776107,0.07,0.37,0.56,Insufficient data
Employment,SWZ,2010-2020,False,0.073630854,0.23832127,0.20236534,0.5953648,0.7634502,0.245,0.32,0.435,Insufficient data
Employment,SYR,2010-2020,False,-0.08906579,-0.13898343,-0.005407393,1.3278377,1.2715757,0.06,0.325,0.615,Insufficient data
Employment,TCD,2010-2020,True,-0.116972506,-0.033675954,0.06716207,0.9236438,1.0007128,0.085,0.295,0.62,No rural progress
Employment,TGO,2010-2020,True,0.0049212873,0.03394301,0.027820975,0.7311019,0.74031323,0.15,0.35,0.5,Uncertain
Employment,THA,2010-2020,True,0.14709139,-0.14136711,-0.2921546,0.8867161,0.6048291,0.005,0.935,0.06,Converging progress
Employment,TJK,2010-2020,False,0.04743576,0.111605816,0.066500396,0.94902724,0.98631376,0.18,0.355,0.465,Insufficient data
Employment,TLS,2010-2020,False,-0.021317184,0.04595013,0.08390778,0.79579455,0.8696861,0.15,0.32,0.53,Insufficient data
Employment,TUN,2010-2020,False,-0.063782364,-0.19812034,-0.0991258,1.3867157,1.2961838,0.065,0.345,0.59,Insufficient data
Employment,TUR,2010-2020,False,-0.022328079,-0.0791648,-0.014078736,1.390316,1.357178,0.1,0.385,0.515,Insufficient data
Employment,TZA,2010-2020,True,0.054039,-0.057576895,-0.12789446,1.1186973,1.0017515,0.075,0.585,0.34,Uncertain
Employment,UGA,2010-2020,False,-0.017732024,-0.01525858,0.0321638,0.9139465,0.9637748,0.13,0.335,0.535,Insufficient data
Employment,UKR,2010-2020,False,-0.45708063,-0.71056455,-0.25971043,-0.00040960312,-0.29352784,0.0,0.075,0.925,Insufficient data
Employment,URY,2010-2020,True,0.045749217,0.12636837,0.07965267,1.2518504,1.3305008,0.45,0.26,0.29,Uncertain
Employment,USA,2010-2020,True,-0.25650755,-0.013895035,0.27249613,0.35952404,0.62753856,0.045,0.06,0.895,No rural progress
Employment,VEN,2010-2020,False,-0.2295478,-0.18304622,0.09873739,0.556334,0.7303896,0.045,0.19,0.765,Insufficient data
Employment,XKX,2010-2020,True,0.41235536,-0.09595007,-0.5321866,0.91055775,0.40275216,0.04,0.9,0.06,Converging progress
Employment,YEM,2010-2020,False,-0.10614228,-0.23807555,-0.1767843,0.894544,0.74518836,0.04,0.365,0.595,Insufficient data
Employment,ZAF,2010-2020,True,-0.007073574,0.016110003,0.012507379,0.6889569,0.7091323,0.11,0.365,0.525,Uncertain
Employment,ZMB,2010-2020,False,0.06063783,-0.13353068,-0.23856795,1.3269874,1.1001855,0.075,0.54,0.385,Insufficient data
Employment,ZWE,2010-2020,True,-0.12657386,-0.1353428,-0.007335663,1.5602217,1.5376594,0.065,0.25,0.685,No rural progress
Employment,ALB,2005-2015,False,0.4729505,0.24389526,-0.2142731,1.5303106,1.2693408,0.26,0.635,0.105,Insufficient data
Employment,ARM,2005-2015,False,0.05581096,0.12531695,0.081763834,1.1117543,1.2287614,0.22,0.345,0.435,Insufficient data
Employment,AUT,2005-2015,False,0.1015424,0.080931485,0.011921465,0.6416118,0.62398386,0.235,0.41,0.355,Insufficient data
Employment,BEL,2005-2015,False,0.01953619,0.0040192306,-0.025707483,0.72917795,0.7263298,0.135,0.395,0.47,Insufficient data
Employment,BGD,2005-2015,True,0.28965688,0.4338172,0.15225229,0.65141773,0.8049864,0.87,0.125,0.005,Progress Without Convergence
Employment,BGR,2005-2015,True,-0.097537324,0.10973823,0.20324633,0.68322045,0.8857937,0.155,0.13,0.715,No rural progress
Employment,BIH,2005-2015,False,-0.086847454,0.39338756,0.46124506,0.67075706,1.1594877,0.225,0.17,0.605,Insufficient data
Employment,BLR,2005-2015,False,0.5096617,0.6178465,0.14485961,0.07065904,0.17427963,0.515,0.38,0.105,Insufficient data
Employment,BLZ,2005-2015,False,-0.011741583,0.021845162,0.042562485,1.2759335,1.3479587,0.135,0.35,0.515,Insufficient data
Employment,BOL,2005-2015,True,0.10308242,0.0877745,-0.024177432,1.5293796,1.5134234,0.34,0.555,0.105,Uncertain
Employment,BRA,2005-2015,True,0.37749395,0.3948981,0.017377317,1.2843841,1.3025212,0.56,0.44,0.0,Uncertain
Employment,BTN,2005-2015,True,0.27866864,0.07163668,-0.23442549,1.5702105,1.3567941,0.17,0.735,0.095,Converging progress
Employment,BWA,2005-2015,True,0.7858303,0.39556155,-0.41985005,0.8682674,0.44828534,0.07,0.93,0.0,Converging progress
Employment,CAF,2005-2015,False,0.24118426,0.4586538,0.21548909,0.70568347,0.8957552,0.345,0.335,0.32,Insufficient data
Employment,CHE,2005-2015,False,0.18163952,0.17227513,-0.04864326,0.48082063,0.44732338,0.22,0.48,0.3,Insufficient data
Employment,CHL,2005-2015,True,0.061411127,0.07476473,0.015345484,0.9409945,0.9321792,0.305,0.42,0.275,Uncertain
Employment,CHN,2005-2015,True,0.7519207,0.36232105,-0.37749082,1.5672883,1.1984396,0.09,0.91,0.0,Converging progress
Employment,CIV,2005-2015,False,0.14538854,0.13642855,-0.04237473,1.3203351,1.3202307,0.155,0.45,0.395,Insufficient data
Employment,CMR,2005-2015,True,0.14112875,0.115364894,-0.016955614,1.0960128,1.0644321,0.265,0.505,0.23,Uncertain
Employment,COD,2005-2015,True,0.10603118,0.08447345,-0.0313361,1.2145865,1.187474,0.15,0.505,0.345,Uncertain
Employment,COG,2005-2015,False,-0.48358783,0.20071968,0.6919101,0.7408635,1.469477,0.015,0.025,0.96,Insufficient data
Employment,COL,2005-2015,True,-0.05339223,0.12033433,0.17532265,1.1231477,1.2915633,0.185,0.11,0.705,No rural progress
Employment,COM,2005-2015,True,0.26323885,0.17238727,-0.11035979,0.7212245,0.6251435,0.285,0.61,0.105,Converging progress
Employment,CPV,2005-2015,False,-0.1109871,-0.05915034,0.006858647,1.2443333,1.2377213,0.075,0.34,0.585,Insufficient data
Employment,CRI,2005-2015,True,0.014563299,-0.13114405,-0.15123674,0.85711,0.6984712,0.015,0.575,0.41,Uncertain
Employment,CYP,2005-2015,True,0.2918597,0.12786615,-0.16342685,0.71647996,0.55039454,0.105,0.895,0.0,Converging progress
Employment,CZE,2005-2015,True,-0.017270207,0.3193281,0.34255683,0.5083713,0.8461187,0.385,0.01,0.605,No rural progress
Employment,DEU,2005-2015,False,-0.01941958,0.19860905,0.1661622,0.2597225,0.41458854,0.215,0.265,0.52,Insufficient data
Employment,DJI,2005-2015,True,0.35811487,0.33886734,-0.015480846,0.5817212,0.580174,0.405,0.505,0.09,Uncertain
Employment,DNK,2005-2015,True,0.21814495,0.20659381,-0.002932638,0.25431472,0.24964017,0.49,0.505,0.005,Uncertain
Employment,DOM,2005-2015,True,0.063537866,-0.037446827,-0.08172819,0.8794779,0.7885639,0.12,0.485,0.395,Uncertain
Employment,ECU,2005-2015,True,0.17639324,0.025801316,-0.14000577,1.340549,1.1873732,0.1,0.87,0.03,Converging progress
Employment,EGY,2005-2015,True,0.30026886,0.3413994,0.053578347,0.93718183,0.9946673,0.655,0.345,0.0,Progress Without Convergence
Employment,ESP,2005-2015,True,-0.04463974,0.15144375,0.18824002,0.5974275,0.7890926,0.28,0.05,0.67,No rural progress
Employment,EST,2005-2015,True,0.09052346,0.0039492846,-0.08914119,0.94159794,0.8479161,0.115,0.76,0.125,Converging progress
Employment,ETH,2005-2015,True,0.06340194,0.030890372,-0.015446126,1.3961818,1.3531984,0.25,0.525,0.225,Uncertain
Employment,FIN,2005-2015,True,0.048838407,-0.20728365,-0.26007652,0.82524645,0.56561637,0.0,0.655,0.345,Converging progress
Employment,FRA,2005-2015,True,0.15564351,0.11905703,-0.037077338,0.7081839,0.667494,0.305,0.645,0.05,Converging progress
Employment,GBR,2005-2015,True,0.18180245,0.13945907,-0.054111898,0.5707013,0.52449805,0.32,0.65,0.03,Converging progress
Employment,GEO,2005-2015,True,0.2462818,0.3491205,0.09,0.6849284,0.7805929,0.445,0.365,0.19,Uncertain
Employment,GHA,2005-2015,True,0.08838579,0.14651462,0.065359294,0.90610814,0.96386504,0.37,0.36,0.27,Uncertain
Employment,GIN,2005-2015,True,0.019952536,-0.48441958,-0.52637297,1.6358945,1.0993643,0.005,0.53,0.465,Uncertain
Employment,GMB,2005-2015,True,-0.10047501,0.14308509,0.22554326,1.0051551,1.2286849,0.185,0.115,0.7,No rural progress
Employment,GNB,2005-2015,False,-0.18875259,-0.18477854,-0.061226368,1.0659294,0.9811936,0.03,0.295,0.675,Insufficient data
Employment,GRC,2005-2015,True,-0.15422335,-0.29083714,-0.14363992,1.1123924,0.9650451,0.0,0.045,0.955,No rural progress
Employment,GTM,2005-2015,True,-0.9815661,-1.4575982,-0.48032522,0.80124307,0.34454316,0.0,0.0,1.0,No rural progress
Employment,GUY,2005-2015,False,0.03342869,0.04675248,-0.010455944,0.35665774,0.40902537,0.15,0.375,0.475,Insufficient data
Employment,HND,2005-2015,True,-0.06994295,-0.017663747,0.041854203,0.9662354,1.0079246,0.07,0.15,0.78,No rural progress
Employment,HRV,2005-2015,False,0.089372285,0.023331434,-0.059690118,0.64532495,0.6009299,0.17,0.435,0.395,Insufficient data
Employment,HTI,2005-2015,True,-0.1132682,0.1133827,0.23498815,0.9504859,1.1481576,0.14,0.215,0.645,No rural progress
Employment,HUN,2005-2015,True,0.03367523,0.07478464,0.03419639,0.49427813,0.52922976,0.345,0.35,0.305,Uncertain
Employment,IDN,2005-2015,True,0.22177625,0.1653072,-0.06805664,0.9847604,0.9229329,0.28,0.7,0.02,Converging progress
Employment,IND,2005-2015,True,0.16998163,0.21320997,0.042882502,1.1193088,1.1649959,0.415,0.425,0.16,Uncertain
Employment,IRL,2005-2015,True,0.15358375,-0.01008445,-0.15890345,0.6678753,0.5117988,0.09,0.865,0.045,Converging progress
Employment,IRN,2005-2015,False,-0.2188386,-0.22011536,0.051220298,0.21594037,0.2814229,0.05,0.25,0.7,Insufficient data
Employment,ISL,2005-2015,True,-0.18649758,-0.42654473,-0.246135,0.85943794,0.6118929,0.0,0.185,0.815,No rural progress
Employment,ITA,2005-2015,True,0.24324355,0.27960593,0.05370228,0.51208985,0.55653334,0.575,0.42,0.005,Uncertain
Employment,JAM,2005-2015,False,0.10237626,0.04500428,0.038255185,0.8826252,0.8651334,0.2,0.395,0.405,Insufficient data
Employment,JOR,2005-2015,True,0.31188422,0.16269758,-0.13867736,0.60991967,0.4597644,0.235,0.715,0.05,Converging progress
Employment,KAZ,2005-2015,True,1.3575989,2.363652,1.003669,0.31571847,1.3068224,1.0,0.0,0.0,Progress Without Convergence
Employment,KEN,2005-2015,True,-0.4778399,-0.8957825,-0.43797347,1.2047064,0.7742226,0.0,0.045,0.955,No rural progress
Employment,KGZ,2005-2015,True,0.043217897,0.0484199,-0.003724128,0.962571,0.950265,0.195,0.465,0.34,Uncertain
Employment,KHM,2005-2015,True,0.29539162,0.51317465,0.24627039,0.7249677,0.96226543,0.57,0.26,0.17,Uncertain
Employment,KOR,2005-2015,True,0.2658515,0.18873245,-0.084925175,1.1418313,1.056473,0.235,0.765,0.0,Converging progress
Employment,LAO,2005-2015,True,-0.003275454,-0.03065586,0.002788961,0.7688941,0.78187376,0.16,0.335,0.505,Uncertain
Employment,LBR,2005-2015,True,0.0073189437,-0.25547877,-0.23394439,1.0756017,0.8279511,0.025,0.485,0.49,Uncertain
Employment,LKA,2005-2015,True,0.060999304,-0.029708713,-0.10514432,1.1295515,1.040628,0.135,0.615,0.25,Converging progress
Employment,LSO,2005-2015,True,-0.38029274,0.09624941,0.45782617,0.1919577,0.63355744,0.075,0.06,0.865,No rural progress
Employment,LTU,2005-2015,True,0.28248686,0.061278403,-0.22396296,1.352479,1.1274443,0.025,0.975,0.0,Converging progress
Employment,LUX,2005-2015,True,0.43048808,0.00014960766,-0.42063066,0.9139595,0.49751365,0.0,1.0,0.0,Converging progress
Employment,LVA,2005-2015,True,0.11764043,-0.31894916,-0.42384967,1.0896662,0.6499933,0.0,0.925,0.075,Converging progress
Employment,MAR,2005-2015,True,0.1833576,0.216563,0.022732496,1.6630833,1.6777263,0.355,0.44,0.205,Uncertain
Employment,MDA,2005-2015,True,0.057033837,-0.31127712,-0.36854205,1.213414,0.85045546,0.0,0.73,0.27,Converging progress
Employment,MDG,2005-2015,True,0.25511026,0.25543642,-0.020704985,0.7468947,0.7294009,0.36,0.52,0.12,Uncertain
Employment,MDV,2005-2015,True,0.20231026,0.44554737,0.2524914,0.48195583,0.75398374,0.535,0.255,0.21,Uncertain
Employment,MEX,2005-2015,True,0.13711557,0.06628865,-0.062325895,1.0047772,0.94289947,0.215,0.7,0.085,Converging progress
Employment,MKD,2005-2015,True,0.39373457,0.80196965,0.43134066,0.1616373,0.55132216,0.805,0.15,0.045,Progress Without Convergence
Employment,MLI,2005-2015,True,-0.1916835,-0.22119749,-0.063361704,1.0557743,1.031939,0.03,0.22,0.75,No rural progress
Employment,MMR,2005-2015,True,-0.07268268,-0.12141151,-0.030795813,1.0572946,1.0125883,0.065,0.25,0.685,No rural progress
Employment,MNE,2005-2015,False,-0.3309168,-0.47402194,-0.08400178,0.71027315,0.6178918,0.0,0.15,0.85,Insufficient data
Employment,MNG,2005-2015,True,0.21588707,0.47773582,0.2854465,1.0080276,1.2877107,0.745,0.13,0.125,Progress Without Convergence
Employment,MOZ,2005-2015,True,0.31905234,0.23469797,-0.10594866,1.1946448,1.0916426,0.315,0.62,0.065,Converging progress
Employment,MRT,2005-2015,True,0.57579154,0.20853347,-0.3431778,1.2523537,0.8766467,0.07,0.93,0.0,Converging progress
Employment,MUS,2005-2015,False,-0.19153196,-0.7254913,-0.4669293,0.47937873,-0.035640746,0.0,0.225,0.775,Insufficient data
Employment,MWI,2005-2015,True,-0.43051273,-0.1884163,0.23641887,0.7666129,1.003199,0.0,0.01,0.99,No rural progress
Employment,NAM,2005-2015,True,0.6346936,0.32514077,-0.30450118,0.90427274,0.6161703,0.19,0.805,0.005,Converging progress
Employment,NER,2005-2015,True,-0.6385371,-0.24961303,0.38516814,0.7551892,1.1496072,0.0,0.0,1.0,No rural progress
Employment,NGA,2005-2015,True,1.4673679,1.172674,-0.30526185,0.59380925,0.28213403,0.095,0.905,0.0,Converging progress
Employment,NIC,2005-2015,True,-0.014686033,-0.09508923,-0.06935239,1.1709541,1.1035408,0.06,0.42,0.52,Uncertain
Employment,NLD,2005-2015,False,0.019853368,0.105556905,0.0048354417,0.29562432,0.3330231,0.115,0.395,0.49,Insufficient data
Employment,NOR,2005-2015,True,0.5306718,-0.41464424,-0.95143044,0.52406836,-0.42071235,0.0,1.0,0.0,Converging progress
Employment,NPL,2005-2015,True,0.10376483,-0.029369563,-0.17690483,0.80451095,0.5971348,0.09,0.62,0.29,Converging progress
Employment,PAK,2005-2015,True,-0.043044686,0.02569807,0.05231768,1.1607646,1.2175181,0.125,0.295,0.58,Uncertain
Employment,PAN,2005-2015,True,-0.12089061,-0.064452946,0.049895883,1.4081137,1.449785,0.005,0.06,0.935,No rural progress
Employment,PER,2005-2015,True,0.062264353,0.031936772,-0.00798285,1.2015369,1.1717,0.215,0.5,0.285,Uncertain
Employment,PHL,2005-2015,True,0.10879223,0.07799213,-0.023866743,0.8758152,0.8493353,0.325,0.535,0.14,Uncertain
Employment,POL,2005-2015,True,0.027673014,0.14909194,0.11087185,0.79608214,0.9304666,0.42,0.2,0.38,Uncertain
Employment,PRT,2005-2015,True,0.37352622,0.52827346,0.15854153,0.48788673,0.6437923,0.91,0.09,0.0,Progress Without Convergence
Employment,PRY,2005-2015,True,0.19347185,0.35924613,0.16800511,1.1385608,1.308723,0.88,0.11,0.01,Progress Without Convergence
Employment,PSE,2005-2015,True,0.28601557,0.33785453,0.06671293,0.39170247,0.4716655,0.6,0.345,0.055,Progress Without Convergence
Employment,ROU,2005-2015,True,0.2900159,0.014008552,-0.28251386,1.1872799,0.9199476,0.015,0.985,0.0,Converging progress
Employment,RUS,2005-2015,True,0.43018955,0.04868546,-0.37509823,1.0261198,0.64351237,0.0,1.0,0.0,Converging progress
Employment,RWA,2005-2015,True,0.25646263,-0.023293063,-0.2883228,1.2132876,0.9055287,0.11,0.745,0.145,Converging progress
Employment,SDN,2005-2015,False,-0.43820867,-0.26558766,0.18732262,1.1058612,1.2690475,0.02,0.06,0.92,Insufficient data
Employment,SEN,2005-2015,True,-0.44964188,-0.5385781,-0.10922563,1.3968323,1.2807236,0.0,0.06,0.94,No rural progress
Employment,SLB,2005-2015,False,-0.032095045,0.13130347,0.22217143,0.90314066,1.1049764,0.195,0.265,0.54,Insufficient data
Employment,SLE,2005-2015,True,-0.5149133,1.0850637,1.5666814,-0.5149071,1.0471749,0.015,0.0,0.985,No rural progress
Employment,SLV,2005-2015,True,0.021868102,-0.043937206,-0.07021877,0.80045694,0.7372434,0.06,0.55,0.39,Uncertain
Employment,SOM,2005-2015,False,0.022025704,0.12540945,0.11490083,0.3735727,0.5247352,0.195,0.33,0.475,Insufficient data
Employment,SRB,2005-2015,True,0.97130334,1.3968636,0.42486078,0.3659302,0.7905333,0.825,0.17,0.005,Progress Without Convergence
Employment,SSD,2005-2015,False,-0.6160152,-0.68332976,-0.083275765,0.8357729,0.7433889,0.0,0.055,0.945,Insufficient data
Employment,STP,2005-2015,True,0.11698404,-0.034699153,-0.16113631,0.58232045,0.3839802,0.12,0.595,0.285,Uncertain
Employment,SVK,2005-2015,True,0.051392555,0.16840714,0.10339674,0.3986517,0.5016298,0.52,0.24,0.24,Uncertain
Employment,SWE,2005-2015,True,-0.1345042,-0.0081169605,0.12096596,0.042636096,0.16108981,0.035,0.075,0.89,No rural progress
Employment,SWZ,2005-2015,True,0.0755134,0.32394052,0.28178167,0.47083187,0.7173783,0.36,0.255,0.385,Uncertain
Employment,SYR,2005-2015,False,0.051627457,-0.004644498,-0.095733285,1.329438,1.2683117,0.12,0.435,0.445,Insufficient data
Employment,TCD,2005-2015,False,-0.0036725402,0.13849822,0.14048454,0.84962356,0.9737958,0.165,0.33,0.505,Insufficient data
Employment,TGO,2005-2015,True,0.51087373,0.36091587,-0.1927976,1.0815948,0.90085214,0.245,0.755,0.0,Converging progress
Employment,THA,2005-2015,True,0.106912196,-0.20383254,-0.29880282,0.9475296,0.6427838,0.0,0.865,0.135,Converging progress
Employment,TJK,2005-2015,True,0.34030694,0.3420005,0.059687197,1.0092547,1.0611639,0.4,0.455,0.145,Uncertain
Employment,TLS,2005-2015,False,0.10162723,0.21543491,0.035314023,0.77387476,0.82364625,0.225,0.425,0.35,Insufficient data
Employment,TUN,2005-2015,True,0.235661,0.1454394,-0.09658027,1.3237367,1.2466631,0.265,0.73,0.005,Converging progress
Employment,TUR,2005-2015,True,0.15022928,0.10627465,-0.038220525,1.3660839,1.3259777,0.21,0.54,0.25,Uncertain
Employment,TZA,2005-2015,True,0.097688735,0.10288118,-0.018784076,1.0219398,1.0204544,0.245,0.46,0.295,Uncertain
Employment,UGA,2005-2015,True,0.11179775,-0.06658541,-0.19043547,1.0316015,0.84058595,0.075,0.7,0.225,Converging progress
Employment,UKR,2005-2015,True,-0.27461955,-0.6737921,-0.4290139,0.006967783,-0.38283527,0.0,0.115,0.885,No rural progress
Employment,URY,2005-2015,True,0.10992144,-0.067078084,-0.19057232,1.4788213,1.2985297,0.02,0.73,0.25,Converging progress
Employment,USA,2005-2015,True,-0.16241139,-0.0048659444,0.16620776,0.3400507,0.49465904,0.01,0.06,0.93,No rural progress
Employment,VEN,2005-2015,False,-0.111751616,-0.053316444,0.10665679,0.5225818,0.62579846,0.08,0.28,0.64,Insufficient data
Employment,XKX,2005-2015,True,0.8535623,0.21871492,-0.6349371,1.3699003,0.7320924,0.0,1.0,0.0,Converging progress
Employment,YEM,2005-2015,True,-0.022589207,-0.41348153,-0.4169122,1.1531713,0.8099909,0.03,0.445,0.525,Uncertain
Employment,ZAF,2005-2015,True,0.17223649,-0.0075986385,-0.19587016,0.891746,0.6918106,0.135,0.77,0.095,Converging progress
Employment,ZMB,2005-2015,True,0.3354348,0.2130759,-0.116028726,1.2706811,1.167592,0.265,0.72,0.015,Converging progress
Employment,ZWE,2005-2015,True,0.08720195,0.0012696087,-0.1047402,1.7174013,1.6040783,0.15,0.52,0.33,Uncertain
Employment,ALB,2000-2010,False,0.63153875,0.39451364,-0.30468804,1.663816,1.3702126,0.255,0.655,0.09,Insufficient data
Employment,ARM,2000-2010,False,-0.06241846,0.18086503,0.13317078,1.0870597,1.2235142,0.16,0.28,0.56,Insufficient data
Employment,AUT,2000-2010,False,0.1646761,0.06649846,-0.09150225,0.69294083,0.5871262,0.15,0.545,0.305,Insufficient data
Employment,BEL,2000-2010,False,-0.0865328,0.18357503,0.21956113,0.5138463,0.72314966,0.175,0.24,0.585,Insufficient data
Employment,BGD,2000-2010,False,0.16444051,0.013391376,-0.12457588,0.43969527,0.34845275,0.13,0.495,0.375,Insufficient data
Employment,BGR,2000-2010,False,0.03967936,0.23285377,0.16655946,0.59705776,0.74848104,0.195,0.35,0.455,Insufficient data
Employment,BIH,2000-2010,True,-0.37190688,0.7821747,1.1333641,-0.090066224,1.0292809,0.125,0.0,0.875,No rural progress
Employment,BLR,2000-2010,True,0.42523915,0.51960737,0.10304743,-0.017709136,0.065834045,0.47,0.405,0.125,At parity
Employment,BLZ,2000-2010,False,0.011807773,0.08104259,0.063551396,1.2212315,1.3370534,0.175,0.335,0.49,Insufficient data
Employment,BOL,2000-2010,True,0.13420409,-0.0063914955,-0.1388272,1.6572204,1.5208316,0.12,0.75,0.13,Converging progress
Employment,BRA,2000-2010,True,0.15661678,0.18513769,0.029187024,1.2884812,1.3523271,0.39,0.425,0.185,Uncertain
Employment,BTN,2000-2010,True,0.39572287,-0.024635611,-0.40174478,1.8034089,1.3889871,0.145,0.73,0.125,Converging progress
Employment,BWA,2000-2010,True,-0.009445012,-0.3269233,-0.3421299,1.0057029,0.69408345,0.02,0.47,0.51,Uncertain
Employment,CAF,2000-2010,True,0.23495424,0.75848854,0.41063935,0.43087512,0.89459276,0.375,0.245,0.38,Uncertain
Employment,CHE,2000-2010,False,0.17502335,0.23689008,0.058705226,0.5020081,0.4931706,0.235,0.39,0.375,Insufficient data
Employment,CHL,2000-2010,True,0.062002122,-0.06385772,-0.12633088,1.0032933,0.8904893,0.095,0.635,0.27,Converging progress
Employment,CHN,2000-2010,True,0.040206075,-0.6025028,-0.6624635,2.0193105,1.3420591,0.0,0.545,0.455,Uncertain
Employment,CIV,2000-2010,True,0.103643954,0.2830661,0.15764865,1.2141486,1.3473535,0.26,0.395,0.345,Uncertain
Employment,CMR,2000-2010,True,0.16725117,0.048389,-0.1451712,1.1645074,1.0198152,0.165,0.65,0.185,Converging progress
Employment,COD,2000-2010,False,0.0028058887,0.042024806,0.05020541,1.1427402,1.1811852,0.16,0.345,0.495,Insufficient data
Employment,COG,2000-2010,False,-0.6625519,0.2556014,0.91150355,0.42826515,1.2854791,0.035,0.03,0.935,Insufficient data
Employment,COL,2000-2010,True,-0.04508573,0.01818487,0.070203125,1.1987967,1.2647264,0.08,0.175,0.745,No rural progress
Employment,COM,2000-2010,False,0.18595833,0.17842177,-0.049619675,0.6734382,0.6358232,0.195,0.45,0.355,Insufficient data
Employment,CPV,2000-2010,True,-0.03334275,0.008100957,0.04238069,1.2218343,1.2655917,0.125,0.32,0.555,Uncertain
Employment,CRI,2000-2010,True,-0.376911,-0.2860035,0.08873817,0.732156,0.8230078,0.0,0.0,1.0,No rural progress
Employment,CYP,2000-2010,False,0.24333793,0.25838178,0.036438987,0.69010353,0.72166616,0.325,0.42,0.255,Insufficient data
Employment,CZE,2000-2010,True,0.1567768,0.4234123,0.27847844,0.26509055,0.5446069,0.56,0.205,0.235,Uncertain
Employment,DEU,2000-2010,True,0.2590609,0.31526223,0.062101454,0.4525122,0.51527596,0.44,0.44,0.12,Uncertain
Employment,DJI,2000-2010,True,-0.0020266492,0.15719563,0.12506732,0.5738201,0.7156542,0.22,0.275,0.505,Uncertain
Employment,DNK,2000-2010,True,0.27064437,0.20935345,-0.04986784,0.35746157,0.32005852,0.285,0.57,0.145,Uncertain
Employment,DOM,2000-2010,True,0.02718722,0.07163721,0.03785336,0.752438,0.7812555,0.27,0.355,0.375,Uncertain
Employment,ECU,2000-2010,True,-0.051894367,0.10247508,0.15408814,1.1396096,1.2901483,0.2,0.105,0.695,No rural progress
Employment,EGY,2000-2010,True,0.3320981,0.5037684,0.16822657,0.90111536,1.0336691,0.685,0.295,0.02,Progress Without Convergence
Employment,ESP,2000-2010,True,0.3107114,0.062692106,-0.2671528,0.80310524,0.55576164,0.025,0.975,0.0,Converging progress
Employment,EST,2000-2010,True,0.36442393,-0.008726478,-0.38217837,1.0699737,0.67822105,0.01,0.99,0.0,Converging progress
Employment,ETH,2000-2010,True,-0.023825586,0.061095968,0.108899534,1.2992926,1.3853171,0.155,0.265,0.58,Uncertain
Employment,FIN,2000-2010,True,0.2850324,0.043064058,-0.22166938,0.87675714,0.65497124,0.125,0.81,0.065,Converging progress
Employment,FRA,2000-2010,False,0.13004817,0.20203748,0.06476273,0.57449543,0.6492039,0.235,0.395,0.37,Insufficient data
Employment,GBR,2000-2010,True,0.34051237,0.08236849,-0.23856431,0.6084961,0.36599892,0.15,0.795,0.055,Converging progress
Employment,GEO,2000-2010,True,0.8897667,1.9042286,1.0353785,0.18611854,1.1914587,0.975,0.025,0.0,Progress Without Convergence
Employment,GHA,2000-2010,True,-0.02512154,0.045014266,0.061171085,0.8237143,0.88698494,0.12,0.335,0.545,Uncertain
Employment,GIN,2000-2010,True,0.018400013,-0.52280676,-0.53657615,1.896554,1.3595625,0.005,0.525,0.47,Uncertain
Employment,GMB,2000-2010,True,0.32161552,0.36383802,0.024088383,1.151541,1.185889,0.525,0.445,0.03,Uncertain
Employment,GNB,2000-2010,False,-0.212663,-0.15186065,0.065628916,0.9684396,1.0738001,0.06,0.27,0.67,Insufficient data
Employment,GRC,2000-2010,False,-0.052924924,0.23536637,0.2701821,0.96379626,1.2525358,0.215,0.23,0.555,Insufficient data
Employment,GTM,2000-2010,True,-0.19699162,-0.35730815,-0.16755694,0.8126118,0.6499319,0.0,0.13,0.87,No rural progress
Employment,GUY,2000-2010,False,0.010986656,0.055128053,0.0346786,0.37573594,0.4260673,0.145,0.365,0.49,Insufficient data
Employment,HND,2000-2010,True,-0.20731963,-0.1203956,0.09305155,1.0082042,1.1045372,0.005,0.04,0.955,No rural progress
Employment,HRV,2000-2010,False,0.10628266,0.12916371,-0.0068629086,0.73025566,0.7017668,0.155,0.41,0.435,Insufficient data
Employment,HTI,2000-2010,False,-0.1617232,0.081426054,0.25023502,0.8272325,1.0629222,0.09,0.29,0.62,Insufficient data
Employment,HUN,2000-2010,True,0.96045816,1.2578579,0.29560578,0.17134765,0.5073909,0.73,0.265,0.005,Progress Without Convergence
Employment,IDN,2000-2010,True,0.1324729,0.12042637,-0.008563399,1.0002365,0.98791015,0.41,0.53,0.06,Uncertain
Employment,IND,2000-2010,True,0.21717805,0.12067476,-0.12314057,1.1924028,1.0883529,0.21,0.665,0.125,Converging progress
Employment,IRL,2000-2010,False,0.36049703,0.023037076,-0.3542526,0.73662186,0.39004478,0.13,0.705,0.165,Insufficient data
Employment,IRN,2000-2010,False,-0.28368092,-0.13711773,0.103383124,0.12607741,0.25086862,0.08,0.26,0.66,Insufficient data
Employment,ISL,2000-2010,False,0.24774677,0.006843269,-0.24929002,1.0330951,0.7683816,0.125,0.635,0.24,Insufficient data
Employment,ITA,2000-2010,True,0.1548516,0.1878082,0.03361635,0.38622534,0.4230278,0.585,0.37,0.045,Uncertain
Employment,JAM,2000-2010,False,0.15516162,0.050293982,-0.10189977,0.9674651,0.8120072,0.16,0.53,0.31,Insufficient data
Employment,JOR,2000-2010,True,0.017934874,-0.044374287,-0.12118846,0.41296214,0.2704325,0.08,0.435,0.485,Uncertain
Employment,KAZ,2000-2010,True,1.5659553,2.5599554,1.0773454,-0.11942732,0.92707396,0.985,0.015,0.0,Progress Without Convergence
Employment,KEN,2000-2010,True,-0.24232227,-0.4560224,-0.26880375,1.2500682,1.0178182,0.01,0.255,0.735,No rural progress
Employment,KGZ,2000-2010,True,0.51117754,-0.39784396,-0.9038907,1.355609,0.46069527,0.005,0.98,0.015,Converging progress
Employment,KHM,2000-2010,True,0.20865855,0.49890494,0.28882816,0.655504,0.9323492,0.665,0.18,0.155,Progress Without Convergence
Employment,KOR,2000-2010,True,0.31565565,0.28523925,-0.03019005,1.1487901,1.1130373,0.415,0.545,0.04,Uncertain
Employment,LAO,2000-2010,True,0.13448828,0.27606487,0.14426354,0.63542765,0.82757896,0.41,0.34,0.25,Uncertain
Employment,LBR,2000-2010,False,-0.22898474,-0.36402035,-0.11959764,0.9697354,0.90180004,0.03,0.22,0.75,Insufficient data
Employment,LKA,2000-2010,True,0.088192225,0.15302105,0.055128574,1.1009814,1.1564487,0.415,0.375,0.21,Uncertain
Employment,LSO,2000-2010,True,-0.61864823,-0.10802773,0.49819702,-0.0983648,0.40058818,0.0,0.0,1.0,No rural progress
Employment,LTU,2000-2010,True,1.509944,1.7531358,0.27444682,0.81153363,1.0717909,0.76,0.24,0.0,Progress Without Convergence
Employment,LUX,2000-2010,True,-0.2019349,-0.03357151,0.15789574,0.5496795,0.7176378,0.005,0.005,0.99,No rural progress
Employment,LVA,2000-2010,True,0.30800527,0.38438994,0.07672134,0.7657995,0.8285519,0.515,0.395,0.09,Uncertain
Employment,MAR,2000-2010,True,-0.07687193,-0.0691033,0.024736822,1.5190709,1.550692,0.07,0.32,0.61,No rural progress
Employment,MDA,2000-2010,True,0.33002308,-0.18386889,-0.50842905,1.2787032,0.7662035,0.0,1.0,0.0,Converging progress
Employment,MDG,2000-2010,True,0.081694126,-0.22859374,-0.2982108,0.82799876,0.5338112,0.015,0.675,0.31,Converging progress
Employment,MDV,2000-2010,True,0.5770751,0.21474311,-0.35197932,0.91648364,0.61204946,0.18,0.79,0.03,Converging progress
Employment,MEX,2000-2010,False,0.19346353,0.22289771,0.044691175,0.95102894,0.97740203,0.285,0.425,0.29,Insufficient data
Employment,MKD,2000-2010,True,0.48996508,0.7811004,0.27979165,-0.013081849,0.33569992,0.595,0.29,0.115,Uncertain
Employment,MLI,2000-2010,True,0.045110315,0.26304367,0.1905506,1.0823412,1.2718782,0.34,0.245,0.415,Uncertain
Employment,MMR,2000-2010,False,-0.09235358,0.2028905,0.3373425,0.8584063,1.1752083,0.165,0.25,0.585,Insufficient data
Employment,MNE,2000-2010,False,-0.67893595,-0.9308721,-0.26769334,0.7789912,0.60063756,0.0,0.085,0.915,Insufficient data
Employment,MNG,2000-2010,True,0.18250415,0.22248621,0.051140606,0.9562635,0.9939039,0.285,0.445,0.27,Uncertain
Employment,MOZ,2000-2010,True,0.24815124,0.13436198,-0.05374956,1.2789044,1.1682975,0.245,0.58,0.175,Uncertain
Employment,MRT,2000-2010,True,0.8387282,0.63654417,-0.20666307,1.1908615,0.9904612,0.21,0.79,0.0,Converging progress
Employment,MUS,2000-2010,False,-0.3582428,-0.8475929,-0.5460232,0.7076162,0.1758216,0.0,0.21,0.79,Insufficient data
Employment,MWI,2000-2010,True,-0.13940388,-0.45244604,-0.3107985,1.128478,0.8343833,0.005,0.27,0.725,No rural progress
Employment,NAM,2000-2010,True,0.23010376,0.33541906,0.111611664,0.96680653,1.0486503,0.43,0.38,0.19,Uncertain
Employment,NER,2000-2010,True,-0.038193166,-0.24201727,-0.21952915,0.49720323,0.261099,0.04,0.41,0.55,Uncertain
Employment,NGA,2000-2010,True,0.88677895,1.1449668,0.28871962,0.4790098,0.7557192,0.735,0.265,0.0,Progress Without Convergence
Employment,NIC,2000-2010,True,-0.034561604,0.27498376,0.30899328,0.9866915,1.2606707,0.315,0.1,0.585,Uncertain
Employment,NLD,2000-2010,False,0.12067354,0.0879924,-0.024312451,0.35888684,0.3255471,0.22,0.45,0.33,Insufficient data
Employment,NOR,2000-2010,False,0.26914567,0.12984347,-0.16080198,0.5082176,0.36274448,0.215,0.565,0.22,Insufficient data
Employment,NPL,2000-2010,True,0.077763796,0.0030965507,-0.119730234,0.80015826,0.6654457,0.14,0.53,0.33,Uncertain
Employment,PAK,2000-2010,True,-0.00049358606,-0.22591211,-0.21475041,1.3242136,1.1099241,0.0,0.5,0.5,Uncertain
Employment,PAN,2000-2010,True,-0.5188406,-0.015123427,0.5063671,0.96318734,1.4691119,0.0,0.0,1.0,No rural progress
Employment,PER,2000-2010,True,0.025539815,-0.08135584,-0.108546555,1.3292469,1.2389106,0.02,0.565,0.415,Uncertain
Employment,PHL,2000-2010,True,0.08802056,0.10971213,0.018369764,0.8406521,0.86191165,0.42,0.45,0.13,Uncertain
Employment,POL,2000-2010,True,0.4678277,-0.081357315,-0.5626432,1.1856189,0.6386417,0.0,1.0,0.0,Converging progress
Employment,PRT,2000-2010,False,0.3703397,0.34630033,-0.05912313,0.4356156,0.37655234,0.35,0.54,0.11,Insufficient data
Employment,PRY,2000-2010,True,-0.057207048,-0.07322633,-0.009987533,1.2648376,1.2482998,0.04,0.3,0.66,No rural progress
Employment,PSE,2000-2010,True,-0.12818046,-0.100853674,0.045245625,0.27319413,0.30581838,0.005,0.06,0.935,No rural progress
Employment,ROU,2000-2010,True,0.7164603,0.81646466,0.10615164,1.3910291,1.4893008,0.67,0.33,0.0,Progress Without Convergence
Employment,RUS,2000-2010,True,0.3877237,0.15195969,-0.26063117,0.9827344,0.750876,0.22,0.61,0.17,Converging progress
Employment,RWA,2000-2010,True,0.58576715,-0.26941854,-0.84892046,1.6632972,0.8177506,0.0,1.0,0.0,Converging progress
Employment,SDN,2000-2010,False,-0.4116131,-0.070088625,0.39429536,0.86930954,1.2561142,0.075,0.11,0.815,Insufficient data
Employment,SEN,2000-2010,True,-0.19773555,-0.04547955,0.14094317,1.2871275,1.423475,0.05,0.14,0.81,No rural progress
Employment,SLB,2000-2010,False,-0.049677312,0.19831395,0.22041422,0.80749726,1.0876472,0.21,0.245,0.545,Insufficient data
Employment,SLE,2000-2010,True,-1.0916007,1.4937968,2.5607708,-1.738378,0.8284005,0.0,0.0,1.0,No rural progress
Employment,SLV,2000-2010,True,-0.09100288,-0.18415675,-0.09955531,0.89149535,0.78705,0.005,0.25,0.745,No rural progress
Employment,SOM,2000-2010,False,-0.10873552,0.0917968,0.19866498,0.3394227,0.5060198,0.085,0.32,0.595,Insufficient data
Employment,SRB,2000-2010,True,0.81289035,1.3914574,0.52205133,0.15856022,0.6418603,0.735,0.21,0.055,Progress Without Convergence
Employment,SSD,2000-2010,False,-0.3954082,-0.29675943,0.135227,0.7394773,0.87559944,0.035,0.2,0.765,Insufficient data
Employment,STP,2000-2010,True,0.23459418,0.046138063,-0.20223808,0.7130246,0.5119903,0.07,0.925,0.005,Converging progress
Employment,SVK,2000-2010,False,0.10414986,0.25335658,0.17687014,0.25589865,0.40921372,0.225,0.38,0.395,Insufficient data
Employment,SWE,2000-2010,False,-0.23886162,0.036020637,0.24190997,0.09851155,0.35213047,0.115,0.195,0.69,Insufficient data
Employment,SWZ,2000-2010,True,-0.4996008,-0.24085025,0.27823225,0.32962108,0.5953648,0.0,0.055,0.945,No rural progress
Employment,SYR,2000-2010,False,0.01403752,0.04470318,0.037166953,1.2359269,1.3278377,0.135,0.375,0.49,Insufficient data
Employment,TCD,2000-2010,False,-0.16011074,-0.0068362355,0.051653773,0.8090533,0.9236438,0.09,0.32,0.59,Insufficient data
Employment,TGO,2000-2010,False,0.18528232,-0.2065185,-0.43517035,1.0918584,0.7311019,0.09,0.55,0.36,Insufficient data
Employment,THA,2000-2010,True,0.13981,0.06599584,-0.071798086,0.9793318,0.8867161,0.215,0.715,0.07,Converging progress
Employment,TJK,2000-2010,True,0.08352858,-0.010602909,-0.10919747,1.059566,0.94902724,0.155,0.515,0.33,Uncertain
Employment,TLS,2000-2010,True,0.12800354,0.27520618,0.18226156,0.62603754,0.79579455,0.455,0.285,0.26,Uncertain
Employment,TUN,2000-2010,True,0.08681506,0.20031121,0.110939145,1.2883275,1.3867157,0.67,0.21,0.12,Progress Without Convergence
Employment,TUR,2000-2010,True,0.15058792,0.019973684,-0.13362354,1.5198112,1.390316,0.145,0.82,0.035,Converging progress
Employment,TZA,2000-2010,True,0.42757112,0.4489648,0.017926514,1.1074293,1.1186973,0.54,0.46,0.0,Uncertain
Employment,UGA,2000-2010,True,0.14192796,-0.14022374,-0.30217844,1.2235618,0.9139465,0.03,0.785,0.185,Converging progress
Employment,UKR,2000-2010,True,-0.052136898,-0.04988098,-0.004848063,-0.03402859,-0.00040960312,0.08,0.365,0.555,At parity
Employment,URY,2000-2010,False,0.13341287,-0.23432693,-0.35895586,1.6003567,1.2518504,0.0,0.63,0.37,Insufficient data
Employment,USA,2000-2010,True,0.11467129,0.15645555,0.041769534,0.3179467,0.35952404,0.485,0.375,0.14,Uncertain
Employment,VEN,2000-2010,False,-0.24456373,-0.1014173,0.09337659,0.47284195,0.556334,0.075,0.21,0.715,Insufficient data
Employment,XKX,2000-2010,True,1.0315764,0.8123046,-0.23350674,1.1225631,0.91055775,0.325,0.675,0.0,Converging progress
Employment,YEM,2000-2010,True,0.11976838,-0.6295447,-0.7211876,1.6136663,0.894544,0.005,0.605,0.39,Converging progress
Employment,ZAF,2000-2010,True,0.5067183,0.10443339,-0.41269577,1.0867667,0.6889569,0.0,1.0,0.0,Converging progress
Employment,ZMB,2000-2010,True,0.24022716,0.07831709,-0.17257947,1.4811802,1.3269874,0.155,0.75,0.095,Converging progress
Employment,ZWE,2000-2010,True,0.08935958,-0.4933463,-0.5793809,2.1325164,1.5602217,0.0,0.64,0.36,Converging progress
Employment,ALB,2015-2021,False,-0.04398322,-0.12826395,-0.07350698,1.2693408,1.14604,0.095,0.35,0.555,Insufficient data
Employment,ARM,2015-2021,True,0.10768995,0.06398626,-0.024307668,1.2287614,1.1819406,0.175,0.5,0.325,Uncertain
Employment,AUT,2015-2021,False,-0.10028091,-0.085220516,0.024831384,0.62398386,0.52087176,0.055,0.285,0.66,Insufficient data
Employment,BEL,2015-2021,False,-0.11310977,-0.12801096,-0.034790993,0.7263298,0.6848478,0.055,0.31,0.635,Insufficient data
Employment,BGD,2015-2021,False,-0.20675969,-0.14636466,0.06291768,0.8049864,0.87566674,0.035,0.2,0.765,Insufficient data
Employment,BGR,2015-2021,False,-0.085081264,-0.023103505,0.05412215,0.8857937,0.94583404,0.09,0.27,0.64,Insufficient data
Employment,BIH,2015-2021,False,-0.115156464,-0.073738754,0.04083927,1.1594877,1.160538,0.065,0.255,0.68,Insufficient data
Employment,BLR,2015-2021,False,0.03971845,0.083741605,0.062470257,0.17427963,0.25542462,0.2,0.365,0.435,Insufficient data
Employment,BLZ,2015-2021,False,-0.15641034,-0.15145546,-0.018098295,1.3479587,1.3113862,0.05,0.27,0.68,Insufficient data
Employment,BOL,2015-2021,True,0.017888486,0.15788814,0.14900869,1.5134234,1.6492976,0.435,0.17,0.395,Uncertain
Employment,BRA,2015-2021,True,-0.03555064,0.017550528,0.0418244,1.3025212,1.3405751,0.135,0.26,0.605,No rural progress
Employment,BTN,2015-2021,False,-0.05809003,-0.1250194,-0.07528746,1.3567941,1.264571,0.065,0.375,0.56,Insufficient data
Employment,BWA,2015-2021,False,-0.40410468,-0.3052411,0.056655303,0.44828534,0.4845006,0.01,0.095,0.895,Insufficient data
Employment,CAF,2015-2021,False,-0.15436679,-0.078160286,0.09190482,0.8957552,0.96678615,0.09,0.2,0.71,Insufficient data
Employment,CHE,2015-2021,False,-0.15527245,-0.1601671,-0.045702785,0.44732338,0.44043776,0.065,0.255,0.68,Insufficient data
Employment,CHL,2015-2021,False,-0.06656778,-0.12724017,-0.033712596,0.9321792,0.8942834,0.075,0.31,0.615,Insufficient data
Employment,CHN,2015-2021,False,-0.22590327,-0.24917553,-0.055527627,1.1984396,1.151874,0.02,0.2,0.78,Insufficient data
Employment,CIV,2015-2021,False,-0.11491269,-0.110476434,-0.011411965,1.3202307,1.3668978,0.04,0.33,0.63,Insufficient data
Employment,CMR,2015-2021,False,-0.13528961,-0.09805442,0.04118967,1.0644321,1.070675,0.075,0.22,0.705,Insufficient data
Employment,COD,2015-2021,False,-0.08675736,-0.12264778,0.011002839,1.187474,1.1726971,0.105,0.275,0.62,Insufficient data
Employment,COG,2015-2021,False,-0.1557883,-0.1695331,-0.03596306,1.469477,1.4262153,0.035,0.275,0.69,Insufficient data
Employment,COL,2015-2021,True,0.0020502508,-0.03516081,-0.029532969,1.2915633,1.2570057,0.11,0.405,0.485,Uncertain
Employment,COM,2015-2021,False,-0.13206238,-0.092848346,0.025694817,0.6251435,0.7151071,0.07,0.19,0.74,Insufficient data
Employment,CPV,2015-2021,False,-0.1650226,-0.20354655,-0.040228188,1.2377213,1.1864433,0.05,0.28,0.67,Insufficient data
Employment,CRI,2015-2021,True,-0.012356967,0.0074925423,0.026638627,0.6984712,0.72004414,0.155,0.305,0.54,Uncertain
Employment,CYP,2015-2021,False,-0.12603393,-0.14773068,-0.035184592,0.55039454,0.51784444,0.04,0.27,0.69,Insufficient data
Employment,CZE,2015-2021,False,-0.06095972,-0.15595871,-0.08047566,0.8461187,0.7572842,0.06,0.365,0.575,Insufficient data
Employment,DEU,2015-2021,False,-0.1868321,-0.1616598,0.056490898,0.41458854,0.4998114,0.06,0.175,0.765,Insufficient data
Employment,DJI,2015-2021,False,-0.34309465,-0.10315937,0.2788919,0.580174,0.8503865,0.03,0.065,0.905,Insufficient data
Employment,DNK,2015-2021,False,-0.36507347,-0.13500184,0.21391866,0.24964017,0.4685164,0.04,0.115,0.845,Insufficient data
Employment,DOM,2015-2021,False,-0.13870773,-0.09950635,0.019750804,0.7885639,0.83774316,0.06,0.245,0.695,Insufficient data
Employment,ECU,2015-2021,True,-0.15167272,-0.14312571,0.0063155293,1.1873732,1.1938978,0.01,0.03,0.96,No rural progress
Employment,EGY,2015-2021,True,0.22753501,0.27853256,0.059423894,0.9946673,1.0391057,0.475,0.415,0.11,Uncertain
Employment,ESP,2015-2021,False,-0.09947504,-0.16830271,-0.047071666,0.7890926,0.7547431,0.045,0.34,0.615,Insufficient data
Employment,EST,2015-2021,False,-0.16687945,-0.12902802,0.025009364,0.8479161,0.8923291,0.055,0.23,0.715,Insufficient data
Employment,ETH,2015-2021,True,0.19994733,-0.119715646,-0.3238242,1.3531984,1.0216048,0.005,0.985,0.01,Converging progress
Employment,FIN,2015-2021,False,-0.113549575,-0.11064884,-0.038072914,0.56561637,0.50523806,0.06,0.275,0.665,Insufficient data
Employment,FRA,2015-2021,False,-0.08891384,-0.095712274,0.02246809,0.667494,0.66796947,0.075,0.285,0.64,Insufficient data
Employment,GBR,2015-2021,False,-0.15577975,-0.17559007,-0.04453686,0.52449805,0.47712925,0.03,0.27,0.7,Insufficient data
Employment,GEO,2015-2021,True,-0.25905973,-0.48931324,-0.19878602,0.7805929,0.59489584,0.015,0.18,0.805,No rural progress
Employment,GHA,2015-2021,False,-0.095080495,-0.208334,-0.0831669,0.96386504,0.89197457,0.09,0.27,0.64,Insufficient data
Employment,GIN,2015-2021,True,-0.20124853,-0.31774318,-0.0781568,1.0993643,1.0236517,0.04,0.225,0.735,No rural progress
Employment,GMB,2015-2021,True,0.44822285,0.25922036,-0.17653674,1.2286849,1.0641117,0.19,0.805,0.005,Converging progress
Employment,GNB,2015-2021,True,-0.13148129,-0.20947845,-0.045510113,0.9811936,0.9946415,0.025,0.25,0.725,No rural progress
Employment,GRC,2015-2021,False,-0.12533851,-0.0689857,0.05008906,0.9650451,0.9940636,0.065,0.3,0.635,Insufficient data
Employment,GTM,2015-2021,True,-0.14445603,-0.22242445,-0.067011,0.34454316,0.3268844,0.025,0.29,0.685,No rural progress
Employment,GUY,2015-2021,False,-0.14751795,-0.1289577,0.0064540505,0.40902537,0.426296,0.055,0.24,0.705,Insufficient data
Employment,HND,2015-2021,True,-0.32909626,-0.3810646,-0.066936076,1.0079246,0.9499552,0.0,0.065,0.935,No rural progress
Employment,HRV,2015-2021,False,-0.11659546,-0.15136209,-0.052971542,0.6009299,0.51336694,0.06,0.335,0.605,Insufficient data
Employment,HTI,2015-2021,False,-0.11347695,-0.10081157,0.03664601,1.1481576,1.1470798,0.075,0.275,0.65,Insufficient data
Employment,HUN,2015-2021,False,-0.12296235,0.06275755,0.19346416,0.52922976,0.7150007,0.145,0.195,0.66,Insufficient data
Employment,IDN,2015-2021,True,0.11839616,0.04876972,-0.050340354,0.9229329,0.84844863,0.19,0.515,0.295,Uncertain
Employment,IND,2015-2021,True,-0.10145098,-0.028963225,0.06154424,1.1649959,1.2380532,0.09,0.27,0.64,No rural progress
Employment,IRL,2015-2021,False,-0.22291729,-0.1365307,0.070269704,0.5117988,0.582917,0.035,0.21,0.755,Insufficient data
Employment,IRN,2015-2021,True,-0.101756394,-0.08621889,-0.01401037,0.2814229,0.2857507,0.05,0.3,0.65,No rural progress
Employment,ISL,2015-2021,False,-0.08571185,-0.01827088,0.029749721,0.6118929,0.6070988,0.075,0.295,0.63,Insufficient data
Employment,ITA,2015-2021,False,-0.11907062,-0.12917057,-0.042786628,0.55653334,0.54000115,0.035,0.28,0.685,Insufficient data
Employment,JAM,2015-2021,False,-0.10203345,-0.13891745,-0.029913992,0.8651334,0.8517121,0.06,0.325,0.615,Insufficient data
Employment,JOR,2015-2021,False,-0.43439013,-0.19061267,0.18968613,0.4597644,0.6890311,0.01,0.075,0.915,Insufficient data
Employment,KAZ,2015-2021,False,-0.16147093,-0.08287132,0.06025189,1.3068224,1.3739043,0.055,0.23,0.715,Insufficient data
Employment,KEN,2015-2021,True,-0.14654589,-0.19062525,-0.026823282,0.7742226,0.7619957,0.05,0.31,0.64,No rural progress
Employment,KGZ,2015-2021,True,0.18890141,0.14098275,-0.044591784,0.950265,0.9168278,0.28,0.58,0.14,Uncertain
Employment,KHM,2015-2021,False,-0.114887044,-0.16803569,-0.02615133,0.96226543,0.9487846,0.025,0.275,0.7,Insufficient data
Employment,KOR,2015-2021,False,-0.16789559,-0.16028926,0.028087288,1.056473,1.0745757,0.03,0.24,0.73,Insufficient data
Employment,LAO,2015-2021,True,-0.15927935,-0.1634452,-0.019890606,0.78187376,0.7592286,0.04,0.25,0.71,No rural progress
Employment,LBR,2015-2021,False,-0.23297569,-0.033616118,0.18289119,0.8279511,0.99481416,0.06,0.13,0.81,Insufficient data
Employment,LKA,2015-2021,True,-0.034642234,0.07284233,0.07232392,1.040628,1.1158266,0.19,0.265,0.545,Uncertain
Employment,LSO,2015-2021,True,-0.008529408,0.0060660467,0.016127594,0.63355744,0.645591,0.13,0.365,0.505,Uncertain
Employment,LTU,2015-2021,False,0.031647906,-0.08873832,-0.11540869,1.1274443,1.0388988,0.1,0.435,0.465,Insufficient data
Employment,LUX,2015-2021,False,-0.11552882,-0.155258,-0.06285015,0.49751365,0.41444075,0.085,0.265,0.65,Insufficient data
Employment,LVA,2015-2021,False,-0.09520092,0.027693272,0.099799246,0.6499933,0.77580404,0.12,0.245,0.635,Insufficient data
Employment,MAR,2015-2021,False,-0.14921623,-0.191914,0.0052952766,1.6777263,1.6139386,0.065,0.235,0.7,Insufficient data
Employment,MDA,2015-2021,True,0.7649535,0.82910305,0.06949109,0.85045546,0.9110889,0.72,0.28,0.0,Progress Without Convergence
Employment,MDG,2015-2021,False,-0.101499975,-0.11611311,0.010646462,0.7294009,0.71837544,0.05,0.315,0.635,Insufficient data
Employment,MDV,2015-2021,True,-0.07612194,-0.039811313,0.02237463,0.75398374,0.77963066,0.125,0.29,0.585,Uncertain
Employment,MEX,2015-2021,True,0.020885386,-0.052474707,-0.07048985,0.94289947,0.85821724,0.105,0.445,0.45,Uncertain
Employment,MKD,2015-2021,True,0.042962432,0.14674313,0.07090232,0.55132216,0.67786837,0.205,0.36,0.435,Uncertain
Employment,MLI,2015-2021,True,-0.20047295,-0.26072562,-0.07483542,1.031939,0.9615788,0.015,0.245,0.74,No rural progress
Employment,MMR,2015-2021,False,-0.087145925,-0.00038547814,0.10016012,1.0125883,1.1255896,0.105,0.25,0.645,Insufficient data
Employment,MNE,2015-2021,False,-0.06390215,-0.07739732,-0.0014581531,0.6178918,0.65135634,0.055,0.35,0.595,Insufficient data
Employment,MNG,2015-2021,True,-0.67009616,-1.1982424,-0.56577635,1.2877107,0.75815016,0.0,0.0,1.0,No rural progress
Employment,MOZ,2015-2021,False,-0.08166158,-0.06449136,0.002571851,1.0916426,1.1100202,0.115,0.315,0.57,Insufficient data
Employment,MRT,2015-2021,False,-0.22184354,-0.15811393,0.050210297,0.8766467,0.9128025,0.055,0.175,0.77,Insufficient data
Employment,MUS,2015-2021,False,-0.19510671,-0.24459349,-0.00067162514,-0.035640746,-0.06895211,0.03,0.21,0.76,Insufficient data
Employment,MWI,2015-2021,True,-0.21364272,-0.2567585,-0.056493938,1.003199,0.91599804,0.015,0.255,0.73,No rural progress
Employment,NAM,2015-2021,False,-0.28336868,-0.22594303,0.059714198,0.6161703,0.702322,0.02,0.115,0.865,Insufficient data
Employment,NER,2015-2021,False,0.011533976,-0.024025887,-0.053794682,1.1496072,1.1230791,0.095,0.42,0.485,Insufficient data
Employment,NGA,2015-2021,True,-0.53710926,-0.23014408,0.3022107,0.28213403,0.5941868,0.0,0.015,0.985,No rural progress
Employment,NIC,2015-2021,False,-0.091496415,-0.13463102,0.0011050999,1.1035408,1.0564139,0.085,0.26,0.655,Insufficient data
Employment,NLD,2015-2021,False,-0.13502133,-0.13781253,-0.0038860738,0.3330231,0.43288437,0.06,0.275,0.665,Insufficient data
Employment,NOR,2015-2021,False,-0.27243963,-0.028523892,0.2851503,-0.42071235,-0.1349836,0.09,0.1,0.81,Insufficient data
Employment,NPL,2015-2021,False,-0.110200465,-0.035523027,0.070566446,0.5971348,0.67808545,0.09,0.245,0.665,Insufficient data
Employment,PAK,2015-2021,True,0.077222496,-0.12752423,-0.19677153,1.2175181,1.026091,0.045,0.62,0.335,Converging progress
Employment,PAN,2015-2021,True,-0.013354659,-0.16827935,-0.15372711,1.449785,1.3102479,0.015,0.415,0.57,Uncertain
Employment,PER,2015-2021,True,-0.08467072,-0.19893286,-0.12512618,1.1717,1.0589992,0.0,0.225,0.775,No rural progress
Employment,PHL,2015-2021,True,0.11440088,0.0033607483,-0.12085867,0.8493353,0.73339707,0.125,0.6,0.275,Converging progress
Employment,POL,2015-2021,True,0.067016505,0.286245,0.22492605,0.9304666,1.1222551,0.43,0.22,0.35,Uncertain
Employment,PRT,2015-2021,False,-0.13510275,-0.09250799,0.03712046,0.6437923,0.7010361,0.065,0.26,0.675,Insufficient data
Employment,PRY,2015-2021,True,-0.7156935,-1.1225704,-0.41786495,1.308723,0.8741775,0.0,0.0,1.0,No rural progress
Employment,PSE,2015-2021,False,-0.12593746,-0.07147561,0.089693755,0.4716655,0.55040324,0.06,0.275,0.665,Insufficient data
Employment,ROU,2015-2021,True,-0.12065622,-0.21362203,-0.06729108,0.9199476,0.85387427,0.045,0.27,0.685,No rural progress
Employment,RUS,2015-2021,False,-0.15681487,-0.0370124,0.13039699,0.64351237,0.7933661,0.06,0.2,0.74,Insufficient data
Employment,RWA,2015-2021,True,0.3549077,0.30941185,-0.036925167,0.9055287,0.89129233,0.435,0.56,0.005,Uncertain
Employment,SDN,2015-2021,False,-0.1687342,-0.14628406,-0.03004545,1.2690475,1.3059857,0.06,0.25,0.69,Insufficient data
Employment,SEN,2015-2021,True,-0.20454806,-0.29001108,-0.08562267,1.2807236,1.1673942,0.045,0.22,0.735,No rural progress
Employment,SLB,2015-2021,False,-0.029482305,-0.09800256,-0.07951525,1.1049764,1.0742748,0.08,0.36,0.56,Insufficient data
Employment,SLE,2015-2021,True,-0.11703861,-0.033501714,0.06328544,1.0471749,1.105716,0.08,0.27,0.65,No rural progress
Employment,SLV,2015-2021,True,-0.40570772,-0.3761919,0.04253316,0.7372434,0.7767629,0.005,0.07,0.925,No rural progress
Employment,SOM,2015-2021,False,-0.21542966,-0.12569997,0.13504511,0.5247352,0.6347438,0.05,0.19,0.76,Insufficient data
Employment,SRB,2015-2021,True,-0.29115778,-0.43281657,-0.13276067,0.7905333,0.66032475,0.0,0.145,0.855,No rural progress
Employment,SSD,2015-2021,False,-0.16097987,-0.031059325,0.132175,0.7433889,0.9037727,0.07,0.245,0.685,Insufficient data
Employment,STP,2015-2021,False,-0.19202691,-0.17788193,-0.016688198,0.3839802,0.43176612,0.05,0.21,0.74,Insufficient data
Employment,SVK,2015-2021,False,-0.0753755,-0.06215611,0.07829711,0.5016298,0.56025684,0.105,0.27,0.625,Insufficient data
Employment,SWE,2015-2021,False,-0.262759,-0.1493476,0.13818112,0.16108981,0.29268938,0.015,0.16,0.825,Insufficient data
Employment,SWZ,2015-2021,False,-0.21277812,-0.18592326,0.03744468,0.7173783,0.7607937,0.04,0.235,0.725,Insufficient data
Employment,SYR,2015-2021,False,-0.13494945,-0.14084685,-0.015748382,1.2683117,1.2674222,0.035,0.27,0.695,Insufficient data
Employment,TCD,2015-2021,True,-0.1462816,-0.12152967,0.056518316,0.9737958,1.0698712,0.04,0.27,0.69,No rural progress
Employment,TGO,2015-2021,True,-0.38915998,-0.5189813,-0.15919435,0.90085214,0.754763,0.0,0.065,0.935,No rural progress
Employment,THA,2015-2021,True,0.040517658,0.018173724,-0.020148724,0.6427838,0.623182,0.18,0.48,0.34,Uncertain
Employment,TJK,2015-2021,False,-0.13738021,-0.19801906,-0.05853665,1.0611639,0.9754009,0.03,0.29,0.68,Insufficient data
Employment,TLS,2015-2021,False,-0.14499813,-0.07699114,0.075478256,0.82364625,0.8903008,0.065,0.255,0.68,Insufficient data
Employment,TUN,2015-2021,False,-0.1812135,-0.10055517,0.07573283,1.2466631,1.2878809,0.07,0.175,0.755,Insufficient data
Employment,TUR,2015-2021,False,-0.08457792,-0.117742285,-0.043792605,1.3259777,1.3578234,0.06,0.34,0.6,Insufficient data
Employment,TZA,2015-2021,True,0.20363367,0.16335851,-0.028612643,1.0204544,0.9800372,0.355,0.5,0.145,Uncertain
Employment,UGA,2015-2021,False,-0.044234395,0.06075512,0.09389517,0.84058595,0.9865306,0.145,0.285,0.57,Insufficient data
Employment,UKR,2015-2021,False,-0.18747485,-0.05802758,0.11894603,-0.38283527,-0.23532096,0.055,0.22,0.725,Insufficient data
Employment,URY,2015-2021,True,0.053580895,0.064373225,0.02373445,1.2985297,1.3090503,0.25,0.41,0.34,Uncertain
Employment,USA,2015-2021,True,-0.118994474,0.003628254,0.07161662,0.49465904,0.6012043,0.095,0.215,0.69,No rural progress
Employment,VEN,2015-2021,False,-0.17605138,-0.14560357,0.032068938,0.62579846,0.7140488,0.045,0.21,0.745,Insufficient data
Employment,XKX,2015-2021,False,-0.07488295,-0.36471263,-0.31675655,0.7320924,0.41582948,0.01,0.395,0.595,Insufficient data
Employment,YEM,2015-2021,False,-0.07602903,-0.038627207,0.031712174,0.8099909,0.7682572,0.11,0.31,0.58,Insufficient data
Employment,ZAF,2015-2021,True,-0.029342178,-0.024294078,-0.007912189,0.6918106,0.69377923,0.09,0.325,0.585,Uncertain
Employment,ZMB,2015-2021,False,-0.07871556,-0.17629772,-0.082651556,1.167592,1.0935307,0.055,0.34,0.605,Insufficient data
Employment,ZWE,2015-2021,False,-0.13575858,-0.19994503,-0.07058996,1.6040783,1.539512,0.045,0.285,0.67,Insufficient data
Health,AFG,2010-2020,True,0.21444839,0.3272879,0.11160223,0.2730708,0.3853212,1.0,0.0,0.0,Progress Without Convergence
Health,AGO,2010-2020,True,0.11415118,0.088339806,-0.026526868,0.76111925,0.7351294,0.065,0.935,0.0,Converging progress
Health,ALB,2010-2020,True,1.0515232,0.47199836,-0.58057773,0.59613454,0.01564604,0.0,1.0,0.0,Converging progress
Health,AND,2010-2020,True,3.1650066e-05,0.0007805228,0.0014226437,-0.0008928776,-0.00017511845,0.145,0.355,0.5,At parity
Health,ARE,2010-2020,True,-0.0004184246,-0.001698792,-0.0010712743,-0.3118835,-0.31237322,0.13,0.345,0.525,Uncertain
Health,ARG,2010-2020,False,0.11421576,0.43882802,0.3214581,0.70523703,1.0280871,0.99,0.0,0.01,Insufficient data
Health,ARM,2010-2020,True,0.049692936,0.6563182,0.6056129,0.80152106,1.4065974,1.0,0.0,0.0,Progress Without Convergence
Health,ATG,2010-2020,True,1.141068,0.78914094,-0.35098267,-0.17696385,-0.52677107,0.0,1.0,0.0,Converging progress
Health,AUS,2010-2020,True,0.14506072,0.027937949,-0.12014693,0.09396231,-0.006937444,0.17,0.665,0.165,At parity
Health,AUT,2010-2020,True,-0.00013661385,-0.00048822165,-0.0009075403,-0.00019156933,-0.0008889437,0.155,0.34,0.505,At parity
Health,AZE,2010-2020,True,0.54723215,0.72196215,0.17367178,0.3042416,0.47704268,1.0,0.0,0.0,Progress Without Convergence
Health,BDI,2010-2020,True,-0.0144556165,-0.022600979,-0.00840649,-0.060102046,-0.06689593,0.0,0.125,0.875,At parity
Health,BEL,2010-2020,True,0.0056546926,0.0030114055,-0.0017935038,5.7041645e-05,-0.002636373,0.135,0.505,0.36,At parity
Health,BEN,2010-2020,True,0.27491224,0.12631595,-0.14744705,0.73645663,0.58957624,0.0,1.0,0.0,Converging progress
Health,BFA,2010-2020,True,0.3852747,0.040376246,-0.34409353,0.9250771,0.5813684,0.0,1.0,0.0,Converging progress
Health,BGD,2010-2020,True,0.38265985,0.21173778,-0.17151868,0.25010812,0.07991788,0.0,1.0,0.0,Converging progress
Health,BGR,2010-2020,True,0.00042207912,0.00052815303,0.0017346218,0.104846805,0.10766283,0.16,0.355,0.485,Uncertain
Health,BIH,2010-2020,True,0.01039736,0.033186316,0.021525502,0.8235696,0.8461678,0.34,0.285,0.375,Uncertain
Health,BLR,2010-2020,True,0.39361748,1.0420785,0.64690393,-0.17763855,0.47104144,1.0,0.0,0.0,Progress Without Convergence
Health,BLZ,2010-2020,True,-0.073374026,0.18797609,0.2616598,0.30958366,0.5708952,0.0,0.0,1.0,No rural progress
Health,BOL,2010-2020,True,0.335938,0.29717582,-0.03871557,0.56965274,0.5309962,0.01,0.99,0.0,Converging progress
Health,BRA,2010-2020,True,0.22142217,0.31288147,0.09020007,0.8576524,0.95041895,1.0,0.0,0.0,Progress Without Convergence
Health,BTN,2010-2020,True,0.47923642,0.17816654,-0.30006844,0.31971836,0.019110378,0.0,1.0,0.0,Converging progress
Health,BWA,2010-2020,True,0.1945199,0.04096692,-0.15287924,0.5975222,0.44339162,0.0,1.0,0.0,Converging progress
Health,CAF,2010-2020,True,-0.14279562,-0.16773081,-0.02473402,0.7487451,0.7234933,0.0,0.0,1.0,No rural progress
Health,CAN,2010-2020,True,-0.1484645,-0.43058425,-0.28191674,0.23256725,-0.049191177,0.0,0.0,1.0,No rural progress
Health,CHE,2010-2020,True,-0.00035613775,-0.0012748241,-0.001416862,-0.0015117526,-0.0010287166,0.09,0.41,0.5,At parity
Health,CHL,2010-2020,True,0.7700323,0.547984,-0.22273165,0.97175205,0.74853563,0.0,1.0,0.0,Converging progress
Health,CHN,2010-2020,True,0.5977082,0.5418659,-0.054343343,0.52945113,0.47449386,0.0,1.0,0.0,Converging progress
Health,CIV,2010-2020,True,0.23685539,0.13301265,-0.10438633,0.6946256,0.589252,0.0,1.0,0.0,Converging progress
Health,CMR,2010-2020,True,0.00948137,0.06440374,0.055239588,0.6052029,0.6598513,0.755,0.005,0.24,Progress Without Convergence
Health,COD,2010-2020,True,-0.22207683,-0.01139456,0.20893645,0.13376814,0.3423714,0.0,0.0,1.0,No rural progress
Health,COG,2010-2020,True,0.018248796,0.12315011,0.1060192,0.6358334,0.7421162,0.925,0.0,0.075,Progress Without Convergence
Health,COL,2010-2020,True,0.2777847,0.4608007,0.18049335,0.4779827,0.6580354,1.0,0.0,0.0,Progress Without Convergence
Health,COM,2010-2020,True,0.27447844,0.113224775,-0.15971014,0.22803849,0.06876317,0.0,1.0,0.0,Converging progress
Health,CPV,2010-2020,True,0.532184,0.38896793,-0.14288817,0.43686676,0.2937931,0.0,1.0,0.0,Converging progress
Health,CRI,2010-2020,True,0.34998786,0.2455427,-0.10551952,0.47552007,0.37037852,0.0,1.0,0.0,Converging progress
Health,CUB,2010-2020,True,0.3491847,0.25923255,-0.088515975,0.26491016,0.17552963,0.0,1.0,0.0,Converging progress
Health,CYP,2010-2020,True,-0.164298,0.00045406818,0.16525418,0.13257992,0.29884714,0.0,0.0,1.0,No rural progress
Health,CZE,2010-2020,True,0.22983903,-0.06268281,-0.2933783,0.07688016,-0.21540171,0.0,1.0,0.0,Converging progress
Health,DEU,2010-2020,True,-0.002229929,0.00012201071,0.0011559129,0.15418398,0.15514976,0.085,0.355,0.56,Uncertain
Health,DJI,2010-2020,True,0.22288758,0.31903085,0.09624553,1.0288014,1.1244371,1.0,0.0,0.0,Progress Without Convergence
Health,DMA,2010-2020,True,0.20019448,0.14351153,-0.076842844,0.32653642,0.24764104,0.285,0.645,0.07,Converging progress
Health,DNK,2010-2020,True,-0.0017058849,-0.00024402142,-0.00024867058,-0.0010347366,-0.0010661483,0.115,0.35,0.535,At parity
Health,DOM,2010-2020,True,0.126041,0.17428876,0.047048762,0.32799023,0.3765327,0.99,0.01,0.0,Progress Without Convergence
Health,DZA,2010-2020,True,0.06073296,-0.16577433,-0.2288624,0.5129772,0.28638375,0.0,1.0,0.0,Converging progress
Health,ECU,2010-2020,True,0.2644217,0.26089162,-0.004350111,0.40949613,0.40517592,0.415,0.585,0.0,Uncertain
Health,EGY,2010-2020,True,0.1444413,0.5261041,0.38124144,0.4793547,0.8609452,1.0,0.0,0.0,Progress Without Convergence
Health,ERI,2010-2020,False,0.23512411,-0.011112392,-0.24041992,0.7572468,0.5169572,0.0,1.0,0.0,Insufficient data
Health,ESP,2010-2020,True,-0.0007914901,-0.00025463104,0.0008020401,-0.0011648536,0.0008226037,0.125,0.35,0.525,At parity
Health,EST,2010-2020,True,0.00019669533,-0.19230384,-0.1936822,0.11753684,-0.07657117,0.0,0.5,0.5,Uncertain
Health,ETH,2010-2020,True,0.21856737,0.11617237,-0.10246462,0.7994148,0.6982825,0.0,1.0,0.0,Converging progress
Health,FIN,2010-2020,True,0.0018495917,0.0010806918,-0.0008044839,-0.005207002,-0.005985558,0.185,0.43,0.385,At parity
Health,FJI,2010-2020,True,0.31658375,-0.09948599,-0.4177354,0.43093652,0.013876721,0.0,1.0,0.0,Converging progress
Health,FRA,2010-2020,True,0.00029319525,0.00095152855,-0.00040829182,-0.106099606,-0.10499483,0.14,0.375,0.485,Uncertain
Health,GAB,2010-2020,True,0.17612517,0.23166788,0.05533436,0.58400023,0.64052737,1.0,0.0,0.0,Progress Without Convergence
Health,GBR,2010-2020,True,0.0020973086,-0.00069767237,-0.002519846,-0.2629987,-0.26386213,0.12,0.435,0.445,Uncertain
Health,GEO,2010-2020,True,0.1719861,0.31221732,0.1401098,0.7369518,0.8785361,1.0,0.0,0.0,Progress Without Convergence
Health,GHA,2010-2020,True,0.36774302,0.26258332,-0.10625392,0.41178387,0.3071074,0.0,1.0,0.0,Converging progress
Health,GIN,2010-2020,True,0.30822802,0.23059532,-0.07740256,0.5834553,0.50600994,0.0,1.0,0.0,Converging progress
Health,GMB,2010-2020,True,-0.3047034,0.18427417,0.48931372,0.096229434,0.58630824,0.0,0.0,1.0,No rural progress
Health,GNB,2010-2020,True,0.39508176,0.30706608,-0.0888772,0.6432628,0.5520852,0.0,1.0,0.0,Converging progress
Health,GNQ,2010-2020,True,0.111766845,0.079920486,-0.038336515,0.25965372,0.22423027,0.3,0.685,0.015,Converging progress
Health,GRC,2010-2020,True,0.18716261,0.093648076,-0.093969434,0.46606544,0.37107724,0.0,1.0,0.0,Converging progress
Health,GTM,2010-2020,True,0.08596587,0.0043410324,-0.082971394,0.5776702,0.49401048,0.0,1.0,0.0,Converging progress
Health,GUY,2010-2020,True,0.2646522,0.2084203,-0.05476229,0.22078827,0.16547526,0.0,1.0,0.0,Converging progress
Health,HND,2010-2020,True,0.25106972,0.21830696,-0.032375887,0.3582082,0.32690576,0.055,0.945,0.0,Converging progress
Health,HRV,2010-2020,True,-0.1034766,-0.09616336,0.0068336576,0.4426667,0.44881147,0.0,0.0,1.0,No rural progress
Health,HTI,2010-2020,True,0.13238955,0.005992174,-0.12715709,0.37539643,0.24865317,0.0,1.0,0.0,Converging progress
Health,HUN,2010-2020,True,-0.0009765625,-0.0022735,-0.0023521483,-0.19533032,-0.19847214,0.11,0.37,0.52,Uncertain
Health,IDN,2010-2020,True,0.5189435,0.3570509,-0.16276455,0.48561957,0.32416457,0.0,1.0,0.0,Converging progress
Health,IND,2010-2020,True,0.6138197,0.37852347,-0.23456833,0.5285112,0.29316473,0.0,1.0,0.0,Converging progress
Health,IRL,2010-2020,True,0.012868822,-0.0061084926,-0.016615361,-0.2552461,-0.2729885,0.08,0.705,0.215,Converging progress
Health,IRN,2010-2020,True,0.25189438,0.122072734,-0.129234,0.57189965,0.44291317,0.0,1.0,0.0,Converging progress
Health,IRQ,2010-2020,True,1.130153,1.0861568,-0.04373966,0.37267613,0.32940078,0.015,0.985,0.0,Converging progress
Health,ISL,2010-2020,True,-0.00030606985,-0.00035369396,-0.00095927715,-0.4119255,-0.41479087,0.14,0.345,0.515,Uncertain
Health,ISR,2010-2020,True,-0.23586798,-0.001152873,0.23699772,-0.0012902617,0.23559302,0.0,0.0,1.0,No rural progress
Health,ITA,2010-2020,True,-0.0013926625,-0.0001385808,0.0012355447,0.00067842007,0.0014272332,0.11,0.365,0.525,At parity
Health,JAM,2010-2020,True,0.25178674,0.17509374,-0.07773264,-0.08860823,-0.16690609,0.0,1.0,0.0,Converging progress
Health,JOR,2010-2020,True,-0.20915318,-0.18628383,0.022707582,0.16884673,0.19184071,0.0,0.0,1.0,No rural progress
Health,KAZ,2010-2020,True,0.33195922,0.03645426,-0.29483718,-0.21601361,-0.51335895,0.0,1.0,0.0,Converging progress
Health,KEN,2010-2020,True,0.1544908,0.08294842,-0.07273248,0.067770064,-0.0038193166,0.0,1.0,0.0,At parity
Health,KGZ,2010-2020,True,0.78923035,0.20019521,-0.5888594,-0.24924515,-0.838585,0.0,1.0,0.0,Converging progress
Health,KHM,2010-2020,True,0.64307904,0.44995195,-0.19337475,0.7759079,0.5802736,0.0,1.0,0.0,Converging progress
Health,KIR,2010-2020,True,0.19439343,-0.01828152,-0.21063948,0.42722207,0.21701714,0.0,1.0,0.0,Converging progress
Health,KOR,2010-2020,True,0.5128521,0.43004966,-0.111588776,-0.12651414,-0.22130525,0.34,0.66,0.0,Converging progress
Health,LAO,2010-2020,True,0.49542516,0.74717,0.25220913,0.7372234,0.98775613,1.0,0.0,0.0,Progress Without Convergence
Health,LBR,2010-2020,True,0.24046886,0.09741813,-0.14244533,0.8547864,0.71239215,0.0,1.0,0.0,Converging progress
Health,LCA,2010-2020,True,-0.0117871715,-0.0010373145,0.01077687,-0.15154408,-0.14046709,0.055,0.12,0.825,No rural progress
Health,LKA,2010-2020,True,0.37908202,0.45072484,0.07188018,-0.014240336,0.05677633,1.0,0.0,0.0,At parity
Health,LSO,2010-2020,True,0.29848722,0.14946476,-0.1497665,0.121867955,-0.027119607,0.0,1.0,0.0,Converging progress
Health,LTU,2010-2020,True,0.3986167,0.25207007,-0.14844567,0.7792328,0.63044494,0.0,1.0,0.0,Converging progress
Health,LUX,2010-2020,True,0.017831564,-0.00061771274,-0.018863857,-0.32146448,-0.3404332,0.08,0.835,0.085,Converging progress
Health,LVA,2010-2020,True,0.13025527,0.036156178,-0.094573915,0.7239608,0.6294215,0.0,1.0,0.0,Converging progress
Health,MAR,2010-2020,True,0.19535033,0.45959532,0.2656279,0.74662244,1.0116893,1.0,0.0,0.0,Progress Without Convergence
Health,MDA,2010-2020,True,0.2581013,0.080001965,-0.17711405,0.54380953,0.36534217,0.0,1.0,0.0,Converging progress
Health,MDG,2010-2020,True,0.23239142,0.17210054,-0.060890973,0.44861162,0.38845086,0.0,1.0,0.0,Converging progress
Health,MDV,2010-2020,True,0.64962715,0.9191724,0.26912466,0.7034426,0.9735505,1.0,0.0,0.0,Progress Without Convergence
Health,MEX,2010-2020,True,0.36140016,0.17946419,-0.18172143,0.54864466,0.3673034,0.0,1.0,0.0,Converging progress
Health,MHL,2010-2020,True,0.14558797,-0.053166293,-0.19876173,0.5989532,0.40154406,0.0,1.0,0.0,Converging progress
Health,MKD,2010-2020,True,0.6398736,0.9029824,0.2657332,0.53619546,0.80328023,1.0,0.0,0.0,Progress Without Convergence
Health,MLI,2010-2020,True,0.27205074,0.15856981,-0.11658147,0.48285827,0.36924157,0.0,1.0,0.0,Converging progress
Health,MLT,2010-2020,True,0.002624929,-0.0006773472,-0.0030488968,0.0010932684,-0.0017861724,0.115,0.465,0.42,At parity
Health,MMR,2010-2020,True,0.13366742,-0.019489743,-0.15190029,0.3498389,0.19621792,0.0,1.0,0.0,Converging progress
Health,MNE,2010-2020,True,0.2545586,1.0346799,0.78088224,0.31868154,1.0991579,1.0,0.0,0.0,Progress Without Convergence
Health,MNG,2010-2020,True,0.24338827,0.26981163,0.026055247,0.59120053,0.617977,0.935,0.065,0.0,Progress Without Convergence
Health,MOZ,2010-2020,True,0.30722356,0.23300269,-0.07331404,0.8402841,0.7667832,0.0,1.0,0.0,Converging progress
Health,MRT,2010-2020,True,0.2459094,0.41127944,0.16460386,0.79287267,0.9590496,1.0,0.0,0.0,Progress Without Convergence
Health,MUS,2010-2020,True,0.24769902,0.287738,0.03912601,0.18105692,0.22176898,0.975,0.025,0.0,Progress Without Convergence
Health,MWI,2010-2020,True,0.47591317,0.24248812,-0.23484927,0.24550498,0.010512531,0.0,1.0,0.0,Converging progress
Health,MYS,2010-2020,True,0.211297,0.07177508,-0.13995816,0.17003801,0.03096047,0.0,1.0,0.0,Converging progress
Health,NAM,2010-2020,True,0.14041871,-0.06068617,-0.2014778,0.76290643,0.56051576,0.0,1.0,0.0,Converging progress
Health,NER,2010-2020,True,0.16504312,0.21237633,0.046058834,0.98046684,1.0272,1.0,0.0,0.0,Progress Without Convergence
Health,NGA,2010-2020,True,0.055699944,0.24945465,0.19453815,0.18165421,0.37637922,1.0,0.0,0.0,Progress Without Convergence
Health,NIC,2010-2020,False,0.23267956,0.19874284,-0.030436784,1.0811172,0.9971061,0.31,0.54,0.15,Insufficient data
Health,NLD,2010-2020,True,0.0013391972,0.00047826767,-1.1384487e-05,-0.70153505,-0.7029513,0.17,0.365,0.465,Uncertain
Health,NOR,2010-2020,True,0.0019655228,0.001910001,-0.00048059225,-0.07241282,-0.07085478,0.14,0.405,0.455,At parity
Health,NPL,2010-2020,True,0.6001574,0.40453815,-0.19496217,0.21612823,0.021003485,0.0,1.0,0.0,Converging progress
Health,NZL,2010-2020,True,-0.0011874437,0.0012848377,-0.00040781498,-0.00027298927,0.0014824867,0.085,0.365,0.55,At parity
Health,OMN,2010-2020,True,1.0861063,0.53993744,-0.5458146,0.5630324,0.018147886,0.0,1.0,0.0,Converging progress
Health,PAK,2010-2020,True,0.409912,0.22073537,-0.18913378,0.6389444,0.44912648,0.0,1.0,0.0,Converging progress
Health,PAN,2010-2020,True,0.20737055,0.42424807,0.21689492,0.5994437,0.8154864,1.0,0.0,0.0,Progress Without Convergence
Health,PER,2010-2020,True,0.2067037,0.079930484,-0.12745073,0.6793624,0.55112404,0.0,1.0,0.0,Converging progress
Health,PHL,2010-2020,True,0.33320498,0.19042632,-0.1447644,0.22692123,0.08254914,0.0,1.0,0.0,Converging progress
Health,PLW,2010-2020,True,0.5671545,0.32123074,-0.24288052,0.6924782,0.44917795,0.0,1.0,0.0,Converging progress
Health,PNG,2010-2020,True,0.1509766,-0.07082221,-0.22130537,0.8815102,0.6597972,0.0,1.0,0.0,Converging progress
Health,POL,2010-2020,True,1.1229055,0.43724617,-0.68553025,0.47628957,-0.20837307,0.0,1.0,0.0,Converging progress
Health,PRK,2010-2020,True,0.082076564,0.32138377,0.23911639,0.3637017,0.6033139,1.0,0.0,0.0,Progress Without Convergence
Health,PRT,2010-2020,True,0.5396334,0.27242786,-0.26643652,0.26465246,-0.0018305779,0.0,1.0,0.0,Converging progress
Health,PRY,2010-2020,True,0.51621914,0.27804658,-0.23908749,0.578273,0.3397952,0.0,1.0,0.0,Converging progress
Health,PSE,2010-2020,True,0.6444744,0.6775259,0.035438687,0.21626793,0.24848545,0.965,0.035,0.0,Progress Without Convergence
Health,ROU,2010-2020,True,0.31027535,0.36530817,0.05633229,0.9807199,1.0354214,1.0,0.0,0.0,Progress Without Convergence
Health,RUS,2010-2020,True,-0.0024237484,0.513699,0.5165632,0.5104683,1.0269387,0.425,0.0,0.575,Uncertain
Health,RWA,2010-2020,True,0.40843618,-0.03496164,-0.44245628,-0.017098844,-0.46020222,0.0,1.0,0.0,Converging progress
Health,SAU,2010-2020,True,-0.086455345,-0.0010893047,0.085324734,0.24900427,0.33308423,0.0,0.035,0.965,No rural progress
Health,SDN,2010-2020,True,0.5372458,0.39817828,-0.13804698,0.6348041,0.49788254,0.0,1.0,0.0,Converging progress
Health,SEN,2010-2020,True,0.25623605,0.08306007,-0.17323667,0.5562111,0.38411862,0.0,1.0,0.0,Converging progress
Health,SLB,2010-2020,True,0.11386895,0.11625038,0.0036196113,1.054698,1.0595458,0.6,0.4,0.0,Progress Without Convergence
Health,SLE,2010-2020,True,0.2985412,0.21082693,-0.08535898,0.60805565,0.5197052,0.0,1.0,0.0,Converging progress
Health,SLV,2010-2020,True,0.060031034,0.09441238,0.03538303,0.45096898,0.48599178,0.985,0.015,0.0,Progress Without Convergence
Health,SMR,2010-2020,True,0.0617311,0.06566119,0.013195097,0.006028235,0.024664402,0.25,0.4,0.35,At parity
Health,SOM,2010-2020,True,0.33089966,0.0413841,-0.29105592,0.7212751,0.43106514,0.0,1.0,0.0,Converging progress
Health,SRB,2010-2020,True,0.0849517,0.62312204,0.53752625,0.40390185,0.9415976,1.0,0.0,0.0,Progress Without Convergence
Health,SSD,2010-2020,True,0.27474773,0.37321708,0.098628044,0.71304697,0.8141652,0.995,0.005,0.0,Progress Without Convergence
Health,STP,2010-2020,True,0.28270802,0.20327988,-0.077548236,0.28486294,0.20722067,0.0,1.0,0.0,Converging progress
Health,SUR,2010-2020,True,0.30819076,0.21343654,-0.09683052,0.6081158,0.510828,0.0,1.0,0.0,Converging progress
Health,SVK,2010-2020,True,-0.16651058,-0.15491778,0.0113042295,0.4610102,0.47183684,0.0,0.0,1.0,No rural progress
Health,SWE,2010-2020,True,-0.041512847,-0.10110092,-0.060682297,-0.003733039,-0.064021945,0.0,0.0,1.0,At parity
Health,SWZ,2010-2020,True,0.1942235,-0.1431846,-0.33775312,0.072846144,-0.2635523,0.0,1.0,0.0,Converging progress
Health,SYR,2010-2020,True,0.23172212,0.17637876,-0.05404538,0.29497874,0.23981108,0.0,1.0,0.0,Converging progress
Health,TCA,2010-2020,False,-0.010197595,-0.21012694,-0.19801159,0.29798687,0.10163817,0.0,0.48,0.52,Insufficient data
Health,TCD,2010-2020,True,-0.08947724,0.19481117,0.28553003,0.81618726,1.1004559,0.0,0.0,1.0,No rural progress
Health,TGO,2010-2020,True,0.42422003,0.18685448,-0.23776808,0.8381608,0.59857076,0.0,1.0,0.0,Converging progress
Health,THA,2010-2020,True,0.35279858,0.51332855,0.1587471,-0.14875278,0.012636542,1.0,0.0,0.0,Progress Without Convergence
Health,TJK,2010-2020,True,0.3100835,-0.048077196,-0.35784277,0.014701456,-0.34318614,0.0,1.0,0.0,Converging progress
Health,TKM,2010-2020,True,0.6895684,0.8517697,0.16348001,-0.44875374,-0.2851181,1.0,0.0,0.0,Progress Without Convergence
Health,TLS,2010-2020,True,0.5161582,0.25338894,-0.26268652,0.6131015,0.35149908,0.0,1.0,0.0,Converging progress
Health,TON,2010-2020,True,0.13325314,-0.15180796,-0.28346822,0.6610115,0.37780398,0.0,1.0,0.0,Converging progress
Health,TTO,2010-2020,True,-0.15844801,0.09644623,0.25523895,-0.19284546,0.062149256,0.0,0.0,1.0,No rural progress
Health,TUN,2010-2020,True,0.6558074,0.25855657,-0.3981581,0.9521731,0.55125225,0.0,1.0,0.0,Converging progress
Health,TUR,2010-2020,True,0.848183,0.64723784,-0.20056239,0.96862507,0.7684207,0.0,1.0,0.0,Converging progress
Health,TUV,2010-2020,True,0.21875012,0.11808756,-0.09971707,0.05311253,-0.04434158,0.0,1.0,0.0,At parity
Health,TZA,2010-2020,True,0.32631105,0.325757,-0.0011907816,0.51315826,0.51281965,0.48,0.52,0.0,Uncertain
Health,UGA,2010-2020,True,0.10103053,0.03782475,-0.061263263,0.34883487,0.28683382,0.0,1.0,0.0,Converging progress
Health,UKR,2010-2020,True,0.27637577,0.088695645,-0.18780269,0.4901716,0.30370247,0.0,1.0,0.0,Converging progress
Health,URY,2010-2020,True,0.686944,0.38300022,-0.3039332,0.34255803,0.038660944,0.0,1.0,0.0,Converging progress
Health,USA,2010-2020,True,-0.39045715,-0.0021410584,0.38946164,0.0011705756,0.39115703,0.0,0.0,1.0,No rural progress
Health,UZB,2010-2020,True,0.2821514,-0.04256928,-0.3228025,0.18495566,-0.13913846,0.0,1.0,0.0,Converging progress
Health,VCT,2010-2020,True,0.30540127,0.3541388,0.044586524,0.29631653,0.3363111,0.795,0.205,0.0,Progress Without Convergence
Health,VEN,2010-2020,False,0.28772694,0.21023196,-0.071897894,0.62037826,0.5371953,0.33,0.585,0.085,Insufficient data
Health,VNM,2010-2020,True,0.5266212,0.5397953,0.012732416,0.62794083,0.6425111,0.805,0.195,0.0,Progress Without Convergence
Health,VUT,2010-2020,True,-0.033449143,-0.1696456,-0.13582204,0.25621682,0.12135303,0.0,0.0,1.0,No rural progress
Health,WSM,2010-2020,True,0.22993688,0.25137377,0.02076736,0.08285205,0.10403681,0.865,0.135,0.0,Progress Without Convergence
Health,YEM,2010-2020,True,0.15964729,0.0041786637,-0.15655476,1.0491059,0.89402366,0.0,1.0,0.0,Converging progress
Health,ZAF,2010-2020,True,0.28025156,0.043565184,-0.23534715,0.2968307,0.061292782,0.0,1.0,0.0,Converging progress
Health,ZMB,2010-2020,True,0.2678206,-0.04087332,-0.30871454,0.56858444,0.2600993,0.0,1.0,0.0,Converging progress
Health,ZWE,2010-2020,True,-0.03745997,-0.23881793,-0.19994402,0.3822863,0.18210554,0.0,0.0,1.0,No rural progress
Health,AFG,2005-2015,True,0.24924338,0.30825722,0.05865702,0.25897533,0.3183464,1.0,0.0,0.0,Progress Without Convergence
Health,AGO,2005-2015,True,0.1563552,0.11065185,-0.043925077,0.78775245,0.7426066,0.005,0.995,0.0,Converging progress
Health,ALB,2005-2015,True,0.5551404,0.301418,-0.2527208,0.6746811,0.42387107,0.0,1.0,0.0,Converging progress
Health,AND,2005-2015,True,-0.001967132,-0.0008596182,0.0015894771,-0.0015194416,0.00018173456,0.135,0.32,0.545,At parity
Health,ARE,2005-2015,True,-2.4080276e-05,-0.0013190508,0.0018459558,-0.3118645,-0.3114888,0.15,0.35,0.5,Uncertain
Health,ARG,2005-2015,True,0.10918418,0.3243878,0.21781865,0.64429784,0.8624314,1.0,0.0,0.0,Progress Without Convergence
Health,ARM,2005-2015,True,0.047255415,0.3622615,0.31486246,0.6749747,0.99018836,1.0,0.0,0.0,Progress Without Convergence
Health,ATG,2005-2015,True,0.5571604,0.4231607,-0.13431007,-0.14417702,-0.27740687,0.0,1.0,0.0,Converging progress
Health,AUS,2005-2015,True,0.11529493,-0.023341179,-0.12995577,0.16268295,0.05043888,0.08,0.675,0.245,Converging progress
Health,AUT,2005-2015,True,-0.0011153221,0.0005302429,0.002599895,-0.0022302866,-0.00033473969,0.1,0.375,0.525,At parity
Health,AZE,2005-2015,True,0.38376254,0.4019286,0.019029483,0.30773175,0.32608336,0.81,0.19,0.0,Progress Without Convergence
Health,BDI,2005-2015,True,-0.018657655,-0.02198872,-0.0011878014,-0.061389238,-0.065271884,0.005,0.08,0.915,At parity
Health,BEL,2005-2015,True,0.0029530525,0.0021594167,-0.0011836886,-0.0015621185,-0.0012102127,0.175,0.42,0.405,At parity
Health,BEN,2005-2015,True,0.3247404,0.13063157,-0.19341236,0.84895897,0.65364105,0.0,1.0,0.0,Converging progress
Health,BFA,2005-2015,True,0.52509993,0.041903406,-0.48428783,1.2163875,0.7305749,0.0,1.0,0.0,Converging progress
Health,BGD,2005-2015,True,0.38190663,0.19955689,-0.182289,0.3486655,0.16515899,0.0,1.0,0.0,Converging progress
Health,BGR,2005-2015,True,0.0016139187,0.00033611432,0.00088374317,0.10411302,0.10288124,0.15,0.395,0.455,Uncertain
Health,BIH,2005-2015,True,-0.0116907805,0.072129846,0.084512234,0.7785355,0.8618878,0.16,0.0,0.84,No rural progress
Health,BLR,2005-2015,True,0.27006903,0.53737384,0.2683538,-0.26085597,0.009165317,1.0,0.0,0.0,Progress Without Convergence
Health,BLZ,2005-2015,True,-0.089454636,0.17508405,0.26309347,0.18238162,0.44607043,0.0,0.0,1.0,No rural progress
Health,BOL,2005-2015,True,0.3537208,0.24939945,-0.105660796,0.6413306,0.5355288,0.0,1.0,0.0,Converging progress
Health,BRA,2005-2015,True,0.21669134,0.23990148,0.021597236,0.8577681,0.87945116,0.87,0.13,0.0,Progress Without Convergence
Health,BTN,2005-2015,True,0.42609787,0.14149101,-0.2832623,0.46858716,0.18586215,0.0,1.0,0.0,Converging progress
Health,BWA,2005-2015,True,0.19458649,0.05169089,-0.1427952,0.66830564,0.5249009,0.0,1.0,0.0,Converging progress
Health,CAF,2005-2015,True,-0.12388587,-0.16169557,-0.037654907,0.77173436,0.73413527,0.0,0.0,1.0,No rural progress
Health,CAN,2005-2015,True,-0.17818373,-0.2421878,-0.06393099,0.13678998,0.072368264,0.0,0.0,1.0,No rural progress
Health,CHE,2005-2015,True,5.978346e-05,-0.0009390712,-0.00064975023,0.00028079748,0.00024038553,0.115,0.385,0.5,At parity
Health,CHL,2005-2015,True,0.5152524,0.4591981,-0.056781143,1.0040542,0.94798183,0.0,1.0,0.0,Converging progress
Health,CHN,2005-2015,True,0.44505054,0.34663355,-0.09758313,0.5858005,0.48859325,0.0,1.0,0.0,Converging progress
Health,CIV,2005-2015,True,0.27010518,0.12891963,-0.1416089,0.7756162,0.63424903,0.0,1.0,0.0,Converging progress
Health,CMR,2005-2015,True,0.009190679,0.06324649,0.055981338,0.57853526,0.63197505,0.725,0.005,0.27,Progress Without Convergence
Health,COD,2005-2015,True,-0.19549513,-0.00857234,0.18655962,0.0431751,0.23107791,0.0,0.0,1.0,No rural progress
Health,COG,2005-2015,True,0.025403261,0.18065697,0.15693581,0.55522674,0.711919,0.96,0.0,0.04,Progress Without Convergence
Health,COL,2005-2015,True,0.23433784,0.31457904,0.07975283,0.44989622,0.5328455,1.0,0.0,0.0,Progress Without Convergence
Health,COM,2005-2015,True,0.31241366,0.13169396,-0.17984322,0.3264768,0.14543435,0.0,1.0,0.0,Converging progress
Health,CPV,2005-2015,True,0.48143977,0.32864067,-0.15285617,0.5193883,0.36573625,0.0,1.0,0.0,Converging progress
Health,CRI,2005-2015,True,0.23266461,0.16546994,-0.06700888,0.5055473,0.4391037,0.0,1.0,0.0,Converging progress
Health,CUB,2005-2015,True,0.26589012,0.2081852,-0.058695957,0.28851983,0.22946936,0.0,1.0,0.0,Converging progress
Health,CYP,2005-2015,True,-0.20038563,-0.0010567904,0.2007181,0.02086544,0.22097683,0.0,0.0,1.0,No rural progress
Health,CZE,2005-2015,True,0.4111051,-0.15010393,-0.56007326,0.34392732,-0.2167952,0.0,1.0,0.0,Converging progress
Health,DEU,2005-2015,True,-0.0020092726,0.00042545795,0.0008980036,0.15503228,0.15567839,0.135,0.335,0.53,Uncertain
Health,DJI,2005-2015,True,0.30210477,0.32123765,0.019042611,1.0455813,1.0635757,0.87,0.13,0.0,Progress Without Convergence
Health,DMA,2005-2015,True,0.18364212,0.11111307,-0.0842212,0.34880793,0.27774554,0.255,0.635,0.11,Converging progress
Health,DNK,2005-2015,True,0.0018050075,0.000579834,-4.9173832e-05,0.0017088652,0.0005122423,0.155,0.39,0.455,At parity
Health,DOM,2005-2015,True,0.11477719,0.14930457,0.035149544,0.31240743,0.34805304,0.985,0.015,0.0,Progress Without Convergence
Health,DZA,2005-2015,True,0.071597636,-0.08153794,-0.15195943,0.5558177,0.4031428,0.0,1.0,0.0,Converging progress
Health,ECU,2005-2015,True,0.22922051,0.20600232,-0.022774339,0.42520833,0.4018349,0.065,0.935,0.0,Converging progress
Health,EGY,2005-2015,True,0.1273467,0.3235103,0.19659851,0.40388644,0.5996614,1.0,0.0,0.0,Progress Without Convergence
Health,ERI,2005-2015,True,0.25825542,-0.074531555,-0.33287716,1.0097897,0.6767097,0.0,1.0,0.0,Converging progress
Health,ESP,2005-2015,True,0.00045448542,-0.00128299,-0.0023210645,-1.5556812e-05,-0.0012972951,0.11,0.405,0.485,At parity
Health,EST,2005-2015,True,-0.13323987,-0.28665245,-0.151703,0.15051115,-0.002881527,0.0,0.0,1.0,No rural progress
Health,ETH,2005-2015,True,0.31300664,0.11918616,-0.19331229,0.9273737,0.7352129,0.0,1.0,0.0,Converging progress
Health,FIN,2005-2015,True,-0.0015090704,0.00024241209,0.0005450845,-0.0069906116,-0.0046896935,0.11,0.33,0.56,At parity
Health,FJI,2005-2015,True,0.2772556,-0.092247546,-0.3702468,0.60233146,0.23319122,0.0,1.0,0.0,Converging progress
Health,FRA,2005-2015,True,0.0001410842,-0.00049847364,-0.0017024875,-0.10579914,-0.10490179,0.09,0.415,0.495,Uncertain
Health,GAB,2005-2015,True,0.18364716,0.2220813,0.038921237,0.56904197,0.6080409,0.985,0.015,0.0,Progress Without Convergence
Health,GBR,2005-2015,True,-0.0008314252,0.0019422174,0.0027939677,-0.26432616,-0.26158726,0.125,0.36,0.515,Uncertain
Health,GEO,2005-2015,True,0.15709281,0.2324794,0.075695604,0.71155846,0.78744847,1.0,0.0,0.0,Progress Without Convergence
Health,GHA,2005-2015,True,0.48692054,0.30474764,-0.17985147,0.52989084,0.34811985,0.0,1.0,0.0,Converging progress
Health,GIN,2005-2015,True,0.37545902,0.23452866,-0.14039385,0.6720991,0.5336648,0.0,1.0,0.0,Converging progress
Health,GMB,2005-2015,True,-0.2795206,0.20823628,0.48931214,-0.1492945,0.3406436,0.0,0.0,1.0,No rural progress
Health,GNB,2005-2015,True,0.6485763,0.33320433,-0.31256503,0.8837272,0.5707726,0.0,1.0,0.0,Converging progress
Health,GNQ,2005-2015,True,0.12615031,0.066787064,-0.057334796,0.29549593,0.23810813,0.0,1.0,0.0,Converging progress
Health,GRC,2005-2015,True,0.24289879,0.13280284,-0.11148769,0.5107426,0.39939973,0.0,1.0,0.0,Converging progress
Health,GTM,2005-2015,True,0.0966872,0.0034508333,-0.09325671,0.6253476,0.5322872,0.0,1.0,0.0,Converging progress
Health,GUY,2005-2015,True,0.21782538,0.1695548,-0.047129318,0.24309894,0.19712904,0.01,0.99,0.0,Converging progress
Health,HND,2005-2015,True,0.22235502,0.18053335,-0.04154779,0.38423616,0.3415969,0.005,0.995,0.0,Converging progress
Health,HRV,2005-2015,True,-0.28049916,-0.26450104,0.015175253,0.4338143,0.44878966,0.0,0.0,1.0,No rural progress
Health,HTI,2005-2015,True,0.14819902,0.015802562,-0.13066316,0.44490933,0.3139059,0.0,1.0,0.0,Converging progress
Health,HUN,2005-2015,True,-0.0004272461,0.00089743733,0.0008277893,-0.19855997,-0.19552562,0.14,0.335,0.525,Uncertain
Health,IDN,2005-2015,True,0.44054192,0.27684456,-0.16218276,0.570739,0.4079257,0.0,1.0,0.0,Converging progress
Health,IND,2005-2015,True,0.6795252,0.30868727,-0.37190306,0.76591116,0.39432567,0.0,1.0,0.0,Converging progress
Health,IRL,2005-2015,True,0.010334253,-0.0063767284,-0.016676739,-0.24714935,-0.26566508,0.085,0.755,0.16,Converging progress
Health,IRN,2005-2015,True,0.2285488,0.15266624,-0.07488847,0.60844004,0.53378296,0.0,1.0,0.0,Converging progress
Health,IRQ,2005-2015,True,0.55667233,0.6274206,0.07103999,0.36767143,0.43964761,1.0,0.0,0.0,Progress Without Convergence
Health,ISL,2005-2015,True,0.0026404858,0.0001463294,-0.0014947057,-0.4132979,-0.4149384,0.14,0.435,0.425,Uncertain
Health,ISR,2005-2015,True,-0.0032103062,-5.7160854e-05,0.0016624928,-0.00019705296,0.0024508238,0.08,0.335,0.585,At parity
Health,ITA,2005-2015,True,-0.00031620264,0.0012661219,0.0031746626,-0.00093364716,0.0011279583,0.145,0.35,0.505,At parity
Health,JAM,2005-2015,True,0.20304884,0.15342106,-0.05035555,-0.06932433,-0.119971685,0.005,0.995,0.0,Converging progress
Health,JOR,2005-2015,True,-0.27213618,-0.23622468,0.03356138,0.14646935,0.18190554,0.0,0.0,1.0,No rural progress
Health,KAZ,2005-2015,True,0.25645807,0.036779344,-0.21874139,-0.12570834,-0.34273365,0.0,1.0,0.0,Converging progress
Health,KEN,2005-2015,True,0.1617989,0.08601737,-0.0753414,0.10577774,0.0307132,0.0,1.0,0.0,Converging progress
Health,KGZ,2005-2015,True,0.41117394,0.16687939,-0.24427557,-0.16859673,-0.41096205,0.0,1.0,0.0,Converging progress
Health,KHM,2005-2015,True,0.7807245,0.34356475,-0.4372442,1.079466,0.64203334,0.0,1.0,0.0,Converging progress
Health,KIR,2005-2015,True,0.22159928,0.018981427,-0.2008209,0.5228362,0.3218844,0.0,1.0,0.0,Converging progress
Health,KOR,2005-2015,True,0.5238596,0.39957058,-0.12015247,-0.06961948,-0.17101157,0.335,0.665,0.0,Converging progress
Health,LAO,2005-2015,True,0.48868984,0.42839426,-0.059812963,0.8091804,0.7503074,0.0,1.0,0.0,Converging progress
Health,LBR,2005-2015,True,0.28186,0.1001941,-0.18210864,0.9578709,0.7761608,0.0,1.0,0.0,Converging progress
Health,LCA,2005-2015,True,-0.034447152,-0.14119007,-0.10658685,-0.08622127,-0.1917756,0.0,0.005,0.995,No rural progress
Health,LKA,2005-2015,True,0.2793131,0.31469944,0.036480255,-0.027302422,0.009017713,0.975,0.025,0.0,At parity
Health,LSO,2005-2015,True,0.35581017,0.15564758,-0.20139116,0.24128294,0.041129768,0.0,1.0,0.0,Converging progress
Health,LTU,2005-2015,True,0.30107233,0.18948226,-0.11170828,0.8338276,0.7221776,0.0,1.0,0.0,Converging progress
Health,LUX,2005-2015,True,0.017363667,0.0022595525,-0.014301807,-0.31463978,-0.33163023,0.085,0.79,0.125,Converging progress
Health,LVA,2005-2015,True,0.10497115,-0.07368216,-0.1786842,0.8225579,0.64266634,0.0,1.0,0.0,Converging progress
Health,MAR,2005-2015,True,0.17949198,0.31278414,0.1326738,0.7011039,0.83352405,1.0,0.0,0.0,Progress Without Convergence
Health,MDA,2005-2015,True,0.22068606,0.07427703,-0.14875779,0.6097424,0.4625376,0.0,1.0,0.0,Converging progress
Health,MDG,2005-2015,True,0.31359875,0.19887877,-0.11887747,0.5270304,0.4105839,0.0,1.0,0.0,Converging progress
Health,MDV,2005-2015,True,0.39776027,0.4786412,0.07931635,0.71310353,0.79289234,1.0,0.0,0.0,Progress Without Convergence
Health,MEX,2005-2015,True,0.30488908,0.15206125,-0.15133572,0.6215012,0.46910506,0.0,1.0,0.0,Converging progress
Health,MHL,2005-2015,True,0.13880008,-0.05536882,-0.19256952,0.6947645,0.50183517,0.0,1.0,0.0,Converging progress
Health,MKD,2005-2015,True,0.3742679,0.49682826,0.123013765,0.5082555,0.6302434,1.0,0.0,0.0,Progress Without Convergence
Health,MLI,2005-2015,True,0.3134718,0.15014815,-0.1603893,0.57786274,0.415556,0.0,1.0,0.0,Converging progress
Health,MLT,2005-2015,True,0.00072038174,-0.00022900105,-0.00017344952,-0.0006405115,-0.0018626451,0.13,0.41,0.46,At parity
Health,MMR,2005-2015,True,0.12424119,-0.0020335242,-0.12587275,0.40440315,0.2778958,0.0,1.0,0.0,Converging progress
Health,MNE,2005-2015,True,0.20476165,0.57766104,0.37246868,0.18027315,0.55327475,1.0,0.0,0.0,Progress Without Convergence
Health,MNG,2005-2015,True,0.24084964,0.23658004,-0.004688978,0.5993966,0.5959457,0.405,0.595,0.0,Uncertain
Health,MOZ,2005-2015,True,0.40849882,0.23370981,-0.17494828,0.96055424,0.78580713,0.0,1.0,0.0,Converging progress
Health,MRT,2005-2015,True,0.3013134,0.35001224,0.045869023,0.79687923,0.8429781,0.995,0.005,0.0,Progress Without Convergence
Health,MUS,2005-2015,True,0.19627154,0.2174103,0.022371255,0.17513499,0.19692802,0.865,0.135,0.0,Progress Without Convergence
Health,MWI,2005-2015,True,0.6849205,0.26724726,-0.41715568,0.52528435,0.10730931,0.0,1.0,0.0,Converging progress
Health,MYS,2005-2015,True,0.17525734,0.078989506,-0.097631305,0.21370468,0.11764832,0.0,1.0,0.0,Converging progress
Health,NAM,2005-2015,True,0.15672123,-0.0676173,-0.22643495,0.88246995,0.65498316,0.0,1.0,0.0,Converging progress
Health,NER,2005-2015,True,0.20817727,0.21559769,0.0051558614,0.989776,0.99465823,0.625,0.375,0.0,Progress Without Convergence
Health,NGA,2005-2015,True,0.058626533,0.245426,0.18664911,0.08932191,0.27626094,1.0,0.0,0.0,Progress Without Convergence
Health,NIC,2005-2015,True,0.2099649,0.16568415,-0.049553692,1.0743674,1.0471649,0.23,0.565,0.205,Uncertain
Health,NLD,2005-2015,True,-0.0009845495,0.0011020005,0.0013412535,-0.7017093,-0.7009112,0.11,0.345,0.545,Uncertain
Health,NOR,2005-2015,True,0.00089263916,-0.0017100573,-0.0006555319,-0.071682006,-0.07320529,0.145,0.375,0.48,At parity
Health,NPL,2005-2015,True,0.5606997,0.34702042,-0.21353933,0.3355734,0.12250146,0.0,1.0,0.0,Converging progress
Health,NZL,2005-2015,True,0.0005108714,-0.0023704767,-0.0026551485,0.0008665323,-0.0018968582,0.12,0.405,0.475,At parity
Health,OMN,2005-2015,True,1.3571227,0.8465582,-0.51179576,0.5768173,0.06578964,0.0,1.0,0.0,Converging progress
Health,PAK,2005-2015,True,0.42512044,0.18997224,-0.23524591,0.7718733,0.5371579,0.0,1.0,0.0,Converging progress
Health,PAN,2005-2015,True,0.192117,0.30206963,0.108549446,0.5615884,0.67011774,1.0,0.0,0.0,Progress Without Convergence
Health,PER,2005-2015,True,0.21016398,0.07321124,-0.13518286,0.7497517,0.615077,0.0,1.0,0.0,Converging progress
Health,PHL,2005-2015,True,0.26300353,0.15809833,-0.104791656,0.27355546,0.16831878,0.0,1.0,0.0,Converging progress
Health,PLW,2005-2015,True,0.3558034,0.23390722,-0.1222572,0.74116445,0.6195343,0.0,1.0,0.0,Converging progress
Health,PNG,2005-2015,True,0.18993407,-0.06667629,-0.2563675,1.0209237,0.76286703,0.0,1.0,0.0,Converging progress
Health,POL,2005-2015,True,0.84129596,0.371251,-0.46848845,0.58970743,0.121227175,0.0,1.0,0.0,Converging progress
Health,PRK,2005-2015,True,0.082900226,0.25465313,0.17213076,0.30297196,0.47407383,1.0,0.0,0.0,Progress Without Convergence
Health,PRT,2005-2015,True,0.4701742,0.24565834,-0.22586259,0.3342562,0.1086297,0.0,1.0,0.0,Converging progress
Health,PRY,2005-2015,True,0.38736314,0.21837547,-0.16755356,0.6587242,0.48992544,0.0,1.0,0.0,Converging progress
Health,PSE,2005-2015,True,0.37274656,0.3752427,0.0019126683,0.21818873,0.21880996,0.52,0.48,0.0,Uncertain
Health,ROU,2005-2015,True,0.27517974,0.25931543,-0.016142815,0.9980773,0.9807651,0.185,0.815,0.0,Converging progress
Health,RUS,2005-2015,True,-0.0016910434,0.30931252,0.31263667,0.39531285,0.7073271,0.435,0.0,0.565,Uncertain
Health,RWA,2005-2015,True,0.35412982,-0.023803592,-0.3778934,0.16081089,-0.21742174,0.0,1.0,0.0,Converging progress
Health,SAU,2005-2015,True,-0.20805377,-0.0025162399,0.20972458,0.12759095,0.33364645,0.0,0.005,0.995,No rural progress
Health,SDN,2005-2015,True,0.6683673,0.34796846,-0.31904978,0.8547298,0.53596735,0.0,1.0,0.0,Converging progress
Health,SEN,2005-2015,True,0.26587865,0.08200021,-0.18533435,0.65231425,0.4683951,0.0,1.0,0.0,Converging progress
Health,SLB,2005-2015,True,0.1265989,0.111444876,-0.016693592,1.0708022,1.0543549,0.215,0.785,0.0,Converging progress
Health,SLE,2005-2015,True,0.3465994,0.22174591,-0.12685788,0.681359,0.55607164,0.0,1.0,0.0,Converging progress
Health,SLV,2005-2015,True,0.06452377,0.09311564,0.028169632,0.44016516,0.4689853,0.955,0.045,0.0,Progress Without Convergence
Health,SMR,2005-2015,True,0.031474948,0.023083448,0.006378174,0.0018288493,-0.0030793548,0.165,0.405,0.43,At parity
Health,SOM,2005-2015,True,0.38521767,0.04488802,-0.34119338,0.9079049,0.5656673,0.0,1.0,0.0,Converging progress
Health,SRB,2005-2015,True,0.09986262,0.46636426,0.3664207,0.27961373,0.64484894,1.0,0.0,0.0,Progress Without Convergence
Health,SSD,2005-2015,False,0.22702771,0.32473004,0.08870953,0.66810846,0.765324,0.775,0.225,0.0,Insufficient data
Health,STP,2005-2015,True,0.30312824,0.21024665,-0.09438062,0.33604205,0.24391595,0.0,1.0,0.0,Converging progress
Health,SUR,2005-2015,True,0.26081893,0.18085036,-0.08168277,0.64539826,0.5657782,0.0,1.0,0.0,Converging progress
Health,SVK,2005-2015,True,-0.5524366,-0.41635716,0.13719442,0.3364591,0.47336665,0.0,0.0,1.0,No rural progress
Health,SWE,2005-2015,True,-0.046193898,-0.115293086,-0.06931275,0.032308042,-0.03619337,0.0,0.0,1.0,At parity
Health,SWZ,2005-2015,True,0.17841515,-0.14611599,-0.32336226,0.23274735,-0.093512595,0.0,1.0,0.0,Converging progress
Health,SYR,2005-2015,True,0.18759231,0.14856201,-0.037788868,0.31210482,0.27463564,0.025,0.975,0.0,Converging progress
Health,TCA,2005-2015,False,-0.028500944,-0.31693667,-0.29083294,0.43538892,0.14547056,0.0,0.4,0.6,Insufficient data
Health,TCD,2005-2015,True,-0.06814456,0.16946,0.23820227,0.71722734,0.95512277,0.0,0.0,1.0,No rural progress
Health,TGO,2005-2015,True,0.5468125,0.19433153,-0.35283244,1.0496792,0.69817066,0.0,1.0,0.0,Converging progress
Health,THA,2005-2015,True,0.2491357,0.32298192,0.07218376,-0.17327492,-0.100060195,1.0,0.0,0.0,Progress Without Convergence
Health,TJK,2005-2015,True,0.26836753,-0.054428294,-0.32099146,0.15712328,-0.16450189,0.0,1.0,0.0,Converging progress
Health,TKM,2005-2015,True,0.42242092,0.4243127,0.002333656,-0.45521787,-0.4538621,0.55,0.45,0.0,Uncertain
Health,TLS,2005-2015,True,0.6125002,0.23401636,-0.3794441,0.84880877,0.46843928,0.0,1.0,0.0,Converging progress
Health,TON,2005-2015,True,0.18651229,-0.011619955,-0.19712415,0.714265,0.5151588,0.0,1.0,0.0,Converging progress
Health,TTO,2005-2015,True,-0.10576816,0.05520402,0.16052014,-0.22249661,-0.062045276,0.0,0.0,1.0,No rural progress
Health,TUN,2005-2015,True,0.42989486,0.20201553,-0.22816378,1.0491076,0.819664,0.0,1.0,0.0,Converging progress
Health,TUR,2005-2015,True,0.46140182,0.44811645,-0.014243484,0.9876298,0.974667,0.21,0.79,0.0,Converging progress
Health,TUV,2005-2015,True,0.18417299,0.10730925,-0.07518439,0.087505236,0.011528,0.0,1.0,0.0,At parity
Health,TZA,2005-2015,True,0.49617523,0.34855887,-0.14681962,0.6397719,0.49192697,0.0,1.0,0.0,Converging progress
Health,UGA,2005-2015,True,0.11042142,0.04168123,-0.068434775,0.38738257,0.31777924,0.0,1.0,0.0,Converging progress
Health,UKR,2005-2015,True,0.26529375,0.08851898,-0.1770229,0.56957704,0.39294165,0.0,1.0,0.0,Converging progress
Health,URY,2005-2015,True,0.38488582,0.26684636,-0.12001778,0.3864345,0.26776665,0.0,1.0,0.0,Converging progress
Health,USA,2005-2015,True,-0.08898902,0.00065261126,0.088602126,0.0016630888,0.09175205,0.0,0.0,1.0,At parity
Health,UZB,2005-2015,True,0.21766691,-0.042751968,-0.26262227,0.30210352,0.04151404,0.0,1.0,0.0,Converging progress
Health,VCT,2005-2015,True,0.4413613,0.4828338,0.043365613,0.28936285,0.3342045,0.995,0.005,0.0,Progress Without Convergence
Health,VEN,2005-2015,False,0.24803096,0.18083507,-0.052404404,0.6113951,0.54345137,0.3,0.555,0.145,Insufficient data
Health,VNM,2005-2015,True,0.41834134,0.34827805,-0.07049185,0.6768596,0.6073977,0.0,1.0,0.0,Converging progress
Health,VUT,2005-2015,True,-0.03191948,-0.17835246,-0.14724569,0.33482987,0.1877754,0.0,0.01,0.99,No rural progress
Health,WSM,2005-2015,True,0.18418229,0.19634432,0.014011726,0.07624799,0.0887527,0.8,0.2,0.0,At parity
Health,YEM,2005-2015,True,0.16319367,0.00526713,-0.15792733,1.1278639,0.97095615,0.0,1.0,0.0,Converging progress
Health,ZAF,2005-2015,True,0.2472981,0.042175815,-0.20576411,0.3967369,0.19028565,0.0,1.0,0.0,Converging progress
Health,ZMB,2005-2015,True,0.3128205,-0.033453524,-0.34410486,0.7523403,0.4074983,0.0,1.0,0.0,Converging progress
Health,ZWE,2005-2015,True,-0.03838682,-0.23637545,-0.19688427,0.4799173,0.28286648,0.0,0.0,1.0,No rural progress
Health,AFG,2000-2010,True,0.27847683,0.26866198,-0.009582251,0.28335285,0.2730708,0.325,0.675,0.0,Converging progress
Health,AGO,2000-2010,True,0.13955069,0.08704567,-0.052468777,0.8122338,0.76111925,0.0,1.0,0.0,Converging progress
Health,ALB,2000-2010,True,0.3490395,0.17221811,-0.1749655,0.77138793,0.59613454,0.0,1.0,0.0,Converging progress
Health,AND,2000-2010,True,-0.0005648136,-0.0020915866,-0.00038218498,-0.0003837347,-0.0008928776,0.11,0.37,0.52,At parity
Health,ARE,2000-2010,True,-0.001799047,-0.0006894469,0.0022174716,-0.3139413,-0.3118835,0.125,0.32,0.555,Uncertain
Health,ARG,2000-2010,True,0.1431917,0.24334961,0.10160604,0.60388386,0.70523703,1.0,0.0,0.0,Progress Without Convergence
Health,ARM,2000-2010,True,0.043961763,0.26254117,0.21842104,0.58220434,0.80152106,1.0,0.0,0.0,Progress Without Convergence
Health,ATG,2000-2010,True,0.3547703,0.30430746,-0.051942997,-0.12598966,-0.17696385,0.005,0.995,0.0,Converging progress
Health,AUS,2000-2010,True,0.08848506,-0.047326267,-0.15152693,0.25866437,0.09396231,0.1,0.64,0.26,Converging progress
Health,AUT,2000-2010,True,-0.002113402,-0.0008190274,0.0020201802,-0.0017921925,-0.00019156933,0.11,0.35,0.54,At parity
Health,AZE,2000-2010,True,0.31520292,0.2554873,-0.060933903,0.3636342,0.3042416,0.0,1.0,0.0,Converging progress
Health,BDI,2000-2010,True,-0.012616396,0.023030877,0.03314209,-0.09366113,-0.060102046,0.205,0.035,0.76,At parity
Health,BEL,2000-2010,True,0.00038844347,-0.00036090612,-0.0015217662,0.0028606057,5.7041645e-05,0.13,0.375,0.495,At parity
Health,BEN,2000-2010,True,0.40476608,0.13362968,-0.27252007,1.0101554,0.73645663,0.0,1.0,0.0,Converging progress
Health,BFA,2000-2010,True,0.82120574,0.037020594,-0.78487736,1.7095282,0.9250771,0.0,1.0,0.0,Converging progress
Health,BGD,2000-2010,True,0.39852938,0.16412371,-0.23531228,0.4858739,0.25010812,0.0,1.0,0.0,Converging progress
Health,BGR,2000-2010,True,-0.0025000125,-0.0031084605,-0.0043338276,0.10757088,0.104846805,0.04,0.395,0.565,Uncertain
Health,BIH,2000-2010,True,-0.02123569,0.09433508,0.1151551,0.70697355,0.8235696,0.055,0.0,0.945,No rural progress
Health,BLR,2000-2010,True,0.15632662,0.26513398,0.10957222,-0.28647947,-0.17763855,1.0,0.0,0.0,Progress Without Convergence
Health,BLZ,2000-2010,True,-0.07277942,0.12246172,0.19510673,0.113295496,0.30958366,0.0,0.0,1.0,No rural progress
Health,BOL,2000-2010,True,0.38611084,0.18615112,-0.20026049,0.7715627,0.56965274,0.0,1.0,0.0,Converging progress
Health,BRA,2000-2010,True,0.22113705,0.20160624,-0.018890768,0.87765133,0.8576524,0.135,0.865,0.0,Converging progress
Health,BTN,2000-2010,True,0.38765967,0.09577738,-0.2933974,0.61108327,0.31971836,0.0,1.0,0.0,Converging progress
Health,BWA,2000-2010,True,0.19871703,0.05894023,-0.14017695,0.7360896,0.5975222,0.0,1.0,0.0,Converging progress
Health,CAF,2000-2010,True,-0.07104325,-0.11213437,-0.041992635,0.79000396,0.7487451,0.0,0.0,1.0,No rural progress
Health,CAN,2000-2010,True,-0.12263465,-0.0054594874,0.11774397,0.115856946,0.23256725,0.0,0.0,1.0,No rural progress
Health,CHE,2000-2010,True,0.0013958812,0.00051915646,-0.00045990944,-0.0009954572,-0.0015117526,0.14,0.405,0.455,At parity
Health,CHL,2000-2010,True,0.368923,0.30050242,-0.06985474,1.0416026,0.97175205,0.0,1.0,0.0,Converging progress
Health,CHN,2000-2010,True,0.36388505,0.26626652,-0.09937227,0.62728107,0.52945113,0.0,1.0,0.0,Converging progress
Health,CIV,2000-2010,True,0.30904472,0.11389065,-0.19406053,0.8887563,0.6946256,0.0,1.0,0.0,Converging progress
Health,CMR,2000-2010,True,0.007841885,0.051160783,0.043186963,0.5596417,0.6052029,0.72,0.01,0.27,Progress Without Convergence
Health,COD,2000-2010,True,-0.16709489,-0.030389845,0.13652033,-0.0044928193,0.13376814,0.0,0.0,1.0,No rural progress
Health,COG,2000-2010,True,0.021644115,0.15990031,0.13997221,0.4979126,0.6358334,0.94,0.0,0.06,Progress Without Convergence
Health,COL,2000-2010,True,0.20510572,0.24833119,0.0431657,0.43520188,0.4779827,0.99,0.01,0.0,Progress Without Convergence
Health,COM,2000-2010,True,0.38837746,0.15458065,-0.23413774,0.46311694,0.22803849,0.0,1.0,0.0,Converging progress
Health,CPV,2000-2010,True,0.5348654,0.2996834,-0.23572153,0.6718358,0.43686676,0.0,1.0,0.0,Converging progress
Health,CRI,2000-2010,True,0.15927777,0.10015392,-0.05775404,0.5347489,0.47552007,0.0,1.0,0.0,Converging progress
Health,CUB,2000-2010,True,0.17371485,0.12756881,-0.046677977,0.31263638,0.26491016,0.005,0.995,0.0,Converging progress
Health,CYP,2000-2010,True,-0.13581908,0.00052291155,0.133856,-0.0021185875,0.13257992,0.0,0.0,1.0,No rural progress
Health,CZE,2000-2010,True,0.2904214,-0.17264885,-0.46200842,0.5391401,0.07688016,0.0,1.0,0.0,Converging progress
Health,DEU,2000-2010,True,0.0007788539,-0.0007198453,-0.00080055,0.15236121,0.15418398,0.135,0.39,0.475,Uncertain
Health,DJI,2000-2010,True,0.212129,0.18620276,-0.02613157,1.0557277,1.0288014,0.065,0.935,0.0,Converging progress
Health,DMA,2000-2010,True,0.17463548,0.07982832,-0.06905166,0.39563888,0.32653642,0.195,0.63,0.175,Converging progress
Health,DNK,2000-2010,True,-0.0015197396,-0.0023107529,-0.0010288358,-0.0012533665,-0.0010347366,0.11,0.355,0.535,At parity
Health,DOM,2000-2010,True,0.10637137,0.13226083,0.02668506,0.30171636,0.32799023,0.905,0.095,0.0,Progress Without Convergence
Health,DZA,2000-2010,True,0.0796921,-0.004399836,-0.08343977,0.59659505,0.5129772,0.0,1.0,0.0,Converging progress
Health,ECU,2000-2010,True,0.20633294,0.13655184,-0.069268465,0.47958416,0.40949613,0.0,1.0,0.0,Converging progress
Health,EGY,2000-2010,True,0.11436793,0.23947525,0.1242778,0.3549012,0.4793547,1.0,0.0,0.0,Progress Without Convergence
Health,ERI,2000-2010,True,0.5467621,-0.10182184,-0.6486568,1.4071071,0.7572468,0.0,1.0,0.0,Converging progress
Health,ESP,2000-2010,True,-0.0016140342,-0.001970768,0.00057321787,-0.0013070107,-0.0011648536,0.12,0.325,0.555,At parity
Health,EST,2000-2010,True,-0.12133968,-0.12038541,0.0006570816,0.11652917,0.11753684,0.0,0.0,1.0,No rural progress
Health,ETH,2000-2010,True,0.5405412,0.10157263,-0.43818772,1.2391398,0.7994148,0.0,1.0,0.0,Converging progress
Health,FIN,2000-2010,True,-0.0025020838,-0.001996398,0.0026914477,-0.004546702,-0.005207002,0.105,0.345,0.55,At parity
Health,FJI,2000-2010,True,0.21187863,0.005710244,-0.20519233,0.6356827,0.43093652,0.0,1.0,0.0,Converging progress
Health,FRA,2000-2010,True,-0.00017625093,-0.0011746287,0.0011629462,-0.105538785,-0.106099606,0.15,0.34,0.51,Uncertain
Health,GAB,2000-2010,True,0.19324356,0.21752247,0.024448842,0.56178665,0.58400023,0.9,0.1,0.0,Progress Without Convergence
Health,GBR,2000-2010,True,0.00047940016,-0.00016838312,4.9114227e-05,-0.26253837,-0.2629987,0.125,0.4,0.475,Uncertain
Health,GEO,2000-2010,True,0.13846983,0.16146249,0.023573965,0.7146236,0.7369518,0.9,0.1,0.0,Progress Without Convergence
Health,GHA,2000-2010,True,0.7056696,0.3399036,-0.36472887,0.77567846,0.41178387,0.0,1.0,0.0,Converging progress
Health,GIN,2000-2010,True,0.4973982,0.22569704,-0.2716043,0.8554188,0.5834553,0.0,1.0,0.0,Converging progress
Health,GMB,2000-2010,True,-0.27285343,0.11253172,0.38487908,-0.28872868,0.096229434,0.0,0.0,1.0,No rural progress
Health,GNB,2000-2010,True,1.18424,0.3744874,-0.81033045,1.4525142,0.6432628,0.0,1.0,0.0,Converging progress
Health,GNQ,2000-2010,True,0.15352187,0.08036274,-0.07422246,0.33165407,0.25965372,0.0,1.0,0.0,Converging progress
Health,GRC,2000-2010,True,0.19477442,0.114057004,-0.08180675,0.5460237,0.46606544,0.0,1.0,0.0,Converging progress
Health,GTM,2000-2010,True,0.105781674,0.005453326,-0.10181874,0.67728746,0.5776702,0.0,1.0,0.0,Converging progress
Health,GUY,2000-2010,True,0.1849955,0.12761205,-0.05874735,0.2789936,0.22078827,0.0,1.0,0.0,Converging progress
Health,HND,2000-2010,True,0.21060158,0.15768321,-0.05298373,0.4107051,0.3582082,0.01,0.99,0.0,Converging progress
Health,HRV,2000-2010,True,-0.3636611,-0.36771557,-0.0024914145,0.44603214,0.4426667,0.0,0.0,1.0,No rural progress
Health,HTI,2000-2010,True,0.16580468,0.018364131,-0.14579082,0.52189726,0.37539643,0.0,1.0,0.0,Converging progress
Health,HUN,2000-2010,True,-0.0016429424,0.00039362907,0.0025961697,-0.19636005,-0.19533032,0.12,0.325,0.555,Uncertain
Health,IDN,2000-2010,True,0.4300214,0.23387049,-0.19660588,0.68242943,0.48561957,0.0,1.0,0.0,Converging progress
Health,IND,2000-2010,True,1.3636761,0.26673675,-1.0985479,1.6255512,0.5285112,0.0,1.0,0.0,Converging progress
Health,IRL,2000-2010,True,0.010147527,-0.005168438,-0.014237538,-0.23933783,-0.2552461,0.09,0.69,0.22,Converging progress
Health,IRN,2000-2010,True,0.20784864,0.13183755,-0.076452434,0.64883745,0.57189965,0.0,1.0,0.0,Converging progress
Health,IRQ,2000-2010,True,0.37011358,0.2886642,-0.08294213,0.4547969,0.37267613,0.0,1.0,0.0,Converging progress
Health,ISL,2000-2010,True,-0.0011865497,-0.00056153536,0.0014515519,-0.41261244,-0.4119255,0.11,0.355,0.535,Uncertain
Health,ISR,2000-2010,True,-0.003334403,-0.0016270876,0.00059229136,-0.0029082298,-0.0012902617,0.09,0.36,0.55,At parity
Health,ITA,2000-2010,True,-0.0026603937,-4.4226646e-05,0.0022541285,-0.0024616718,0.00067842007,0.11,0.325,0.565,At parity
Health,JAM,2000-2010,True,0.13721919,0.10138849,-0.037518032,-0.0515382,-0.08860823,0.01,0.99,0.0,At parity
Health,JOR,2000-2010,True,-0.3843414,-0.32351086,0.060542256,0.108008504,0.16884673,0.0,0.0,1.0,No rural progress
Health,KAZ,2000-2010,True,0.1774875,0.030228913,-0.14618611,-0.06913239,-0.21601361,0.0,1.0,0.0,Converging progress
Health,KEN,2000-2010,True,0.16867995,0.08798522,-0.082954586,0.15020698,0.067770064,0.0,1.0,0.0,Converging progress
Health,KGZ,2000-2010,True,0.2473016,0.10005145,-0.14635009,-0.10309276,-0.24924515,0.0,1.0,0.0,Converging progress
Health,KHM,2000-2010,True,1.9084992,0.29376823,-1.6142142,2.3900023,0.7759079,0.0,1.0,0.0,Converging progress
Health,KIR,2000-2010,True,0.2656899,0.0795432,-0.18551594,0.6121961,0.42722207,0.0,1.0,0.0,Converging progress
Health,KOR,2000-2010,True,0.5012307,0.39260048,-0.14482725,-0.006748438,-0.12651414,0.35,0.65,0.0,Converging progress
Health,LAO,2000-2010,True,0.578154,0.31577182,-0.2598011,0.9979972,0.7372234,0.0,1.0,0.0,Converging progress
Health,LBR,2000-2010,True,0.19463229,0.10159719,-0.09247202,0.94872975,0.8547864,0.0,1.0,0.0,Converging progress
Health,LCA,2000-2010,True,-0.030043509,-0.11935122,-0.09135461,-0.06306024,-0.15154408,0.0,0.015,0.985,No rural progress
Health,LKA,2000-2010,True,0.224618,0.25111458,0.027924318,-0.04238744,-0.014240336,0.91,0.09,0.0,At parity
Health,LSO,2000-2010,True,0.47834104,0.16060227,-0.31674218,0.441648,0.121867955,0.0,1.0,0.0,Converging progress
Health,LTU,2000-2010,True,0.24539515,0.14536862,-0.100375116,0.8796681,0.7792328,0.0,1.0,0.0,Converging progress
Health,LUX,2000-2010,True,0.014897466,0.00029823184,-0.01520735,-0.30604118,-0.32146448,0.115,0.755,0.13,Converging progress
Health,LVA,2000-2010,True,0.09052849,-0.054648697,-0.14530548,0.8696816,0.7239608,0.0,1.0,0.0,Converging progress
Health,MAR,2000-2010,True,0.19987798,0.22637063,0.027263641,0.7208433,0.74662244,0.935,0.065,0.0,Progress Without Convergence
Health,MDA,2000-2010,True,0.1865471,0.06751436,-0.11924547,0.66277575,0.54380953,0.0,1.0,0.0,Converging progress
Health,MDG,2000-2010,True,0.48464942,0.23768228,-0.25001645,0.69724774,0.44861162,0.0,1.0,0.0,Converging progress
Health,MDV,2000-2010,True,0.30410758,0.23916861,-0.06566858,0.7697976,0.7034426,0.0,1.0,0.0,Converging progress
Health,MEX,2000-2010,True,0.27599832,0.13242632,-0.14308998,0.6930095,0.54864466,0.0,1.0,0.0,Converging progress
Health,MHL,2000-2010,True,0.082888395,-0.029027963,-0.11178243,0.7103056,0.5989532,0.0,1.0,0.0,Converging progress
Health,MKD,2000-2010,True,0.1864557,0.217721,0.029397756,0.50474274,0.53619546,0.94,0.06,0.0,Progress Without Convergence
Health,MLI,2000-2010,True,0.3906513,0.14699495,-0.24459419,0.7280439,0.48285827,0.0,1.0,0.0,Converging progress
Health,MLT,2000-2010,True,-0.0032004118,1.23381615e-05,0.0045717955,-0.0011201501,0.0010932684,0.095,0.305,0.6,At parity
Health,MMR,2000-2010,True,0.11776838,0.023292303,-0.09481822,0.4452333,0.3498389,0.0,1.0,0.0,Converging progress
Health,MNE,2000-2010,False,0.16719162,0.53842753,0.37816125,-0.060035333,0.31868154,0.965,0.0,0.035,Insufficient data
Health,MNG,2000-2010,True,0.2003442,0.16002458,-0.039076805,0.63093925,0.59120053,0.01,0.99,0.0,Converging progress
Health,MOZ,2000-2010,True,0.6779243,0.24053994,-0.43699038,1.2780068,0.8402841,0.0,1.0,0.0,Converging progress
Health,MRT,2000-2010,True,0.39429647,0.2772424,-0.11897367,0.91048884,0.79287267,0.0,1.0,0.0,Converging progress
Health,MUS,2000-2010,True,0.1656611,0.17724566,0.012300484,0.16915798,0.18105692,0.75,0.25,0.0,Progress Without Convergence
Health,MWI,2000-2010,True,0.5671757,0.17365235,-0.39493543,0.6392322,0.24550498,0.0,1.0,0.0,Converging progress
Health,MYS,2000-2010,True,0.15155196,0.073875874,-0.07767386,0.24953145,0.17003801,0.0,1.0,0.0,Converging progress
Health,NAM,2000-2010,True,0.17763567,-0.07143396,-0.24815655,1.0103937,0.76290643,0.0,1.0,0.0,Converging progress
Health,NER,2000-2010,True,0.2977668,0.21567392,-0.0829429,1.0622809,0.98046684,0.0,1.0,0.0,Converging progress
Health,NGA,2000-2010,True,0.05647552,0.22884792,0.17312488,0.0088483095,0.18165421,1.0,0.0,0.0,Progress Without Convergence
Health,NIC,2000-2010,True,0.19172212,0.1338222,-0.036104918,1.1085589,1.0811172,0.195,0.565,0.24,Uncertain
Health,NLD,2000-2010,True,-0.001709044,-0.0026038587,-0.0010136664,-0.7016959,-0.70153505,0.125,0.325,0.55,Uncertain
Health,NOR,2000-2010,True,-0.003659606,-0.0031792521,0.0011749864,-0.07118514,-0.07241282,0.05,0.32,0.63,At parity
Health,NPL,2000-2010,True,0.66660583,0.32984605,-0.33767566,0.5542072,0.21612823,0.0,1.0,0.0,Converging progress
Health,NZL,2000-2010,True,0.0006482601,9.3996525e-05,-0.00020974874,-0.00044608116,-0.00027298927,0.135,0.37,0.495,At parity
Health,OMN,2000-2010,True,0.5033902,0.46475017,-0.03888434,0.6008249,0.5630324,0.03,0.97,0.0,Converging progress
Health,PAK,2000-2010,True,0.32598498,0.11652562,-0.20800492,0.84718543,0.6389444,0.0,1.0,0.0,Converging progress
Health,PAN,2000-2010,True,0.1830113,0.23335116,0.05033171,0.54902095,0.5994437,0.995,0.005,0.0,Progress Without Convergence
Health,PER,2000-2010,True,0.22046372,0.07213085,-0.15064448,0.82819235,0.6793624,0.0,1.0,0.0,Converging progress
Health,PHL,2000-2010,True,0.17477484,0.089314334,-0.0862523,0.31201798,0.22692123,0.0,1.0,0.0,Converging progress
Health,PLW,2000-2010,True,0.2689549,0.18492305,-0.08577734,0.7776426,0.6924782,0.0,1.0,0.0,Converging progress
Health,PNG,2000-2010,True,0.13549668,-0.041047007,-0.175565,1.0552269,0.8815102,0.0,1.0,0.0,Converging progress
Health,POL,2000-2010,True,0.45312518,0.26594132,-0.18755014,0.66458964,0.47628957,0.0,1.0,0.0,Converging progress
Health,PRK,2000-2010,True,0.024944693,0.12087332,0.098672286,0.26760745,0.3637017,0.665,0.045,0.29,Progress Without Convergence
Health,PRT,2000-2010,True,0.30176646,0.19088894,-0.10967156,0.37722623,0.26465246,0.0,1.0,0.0,Converging progress
Health,PRY,2000-2010,True,0.3463874,0.18247251,-0.16395822,0.74239016,0.578273,0.0,1.0,0.0,Converging progress
Health,PSE,2000-2010,True,0.21421112,0.2141137,0.00033445656,0.21428683,0.21626793,0.515,0.485,0.0,Uncertain
Health,ROU,2000-2010,True,0.14968687,0.1335482,-0.013610095,0.99029696,0.9807199,0.375,0.625,0.0,Converging progress
Health,RUS,2000-2010,True,-0.01095891,0.22051936,0.23328102,0.27774587,0.5104683,0.39,0.0,0.61,No rural progress
Health,RWA,2000-2010,True,0.3393838,-0.016936272,-0.35830224,0.33894,-0.017098844,0.0,1.0,0.0,Converging progress
Health,SAU,2000-2010,True,-0.21518195,-0.00022432208,0.2157881,0.036842614,0.24900427,0.005,0.035,0.96,No rural progress
Health,SDN,2000-2010,True,0.49519593,0.19690028,-0.29812178,0.93327165,0.6348041,0.0,1.0,0.0,Converging progress
Health,SEN,2000-2010,True,0.29260898,0.080874935,-0.21259925,0.76871705,0.5562111,0.0,1.0,0.0,Converging progress
Health,SLB,2000-2010,True,0.079202235,0.06368071,-0.013519049,1.0712044,1.054698,0.205,0.795,0.0,Converging progress
Health,SLE,2000-2010,True,0.33897817,0.18800849,-0.15047586,0.75905263,0.60805565,0.0,1.0,0.0,Converging progress
Health,SLV,2000-2010,True,0.054954305,0.06975053,0.015030026,0.43631884,0.45096898,0.805,0.195,0.0,Progress Without Convergence
Health,SMR,2000-2010,True,0.016019464,-0.009337187,-0.004922569,0.00092971325,0.006028235,0.135,0.405,0.46,At parity
Health,SOM,2000-2010,True,0.46266568,0.037613094,-0.4247707,1.1454884,0.7212751,0.0,1.0,0.0,Converging progress
Health,SRB,2000-2010,True,0.04415956,0.22267023,0.18036756,0.22558132,0.40390185,1.0,0.0,0.0,Progress Without Convergence
Health,SSD,2000-2010,False,0.17748773,0.23638904,0.08194858,0.63290906,0.71304697,0.61,0.325,0.065,Insufficient data
Health,STP,2000-2010,True,0.31967145,0.21702766,-0.10254109,0.3874895,0.28486294,0.0,1.0,0.0,Converging progress
Health,SUR,2000-2010,True,0.20947805,0.09737618,-0.112371564,0.7179066,0.6081158,0.0,1.0,0.0,Converging progress
Health,SVK,2000-2010,True,-0.7273779,-0.26585257,0.4636973,-0.003098607,0.4610102,0.0,0.0,1.0,No rural progress
Health,SWE,2000-2010,True,-0.05048102,-0.10505587,-0.056053936,0.052612305,-0.003733039,0.0,0.0,1.0,At parity
Health,SWZ,2000-2010,True,0.16360602,-0.13596895,-0.3004352,0.37260944,0.072846144,0.0,1.0,0.0,Converging progress
Health,SYR,2000-2010,True,0.13320713,0.08916384,-0.04338813,0.33849382,0.29497874,0.01,0.99,0.0,Converging progress
Health,TCA,2000-2010,False,-0.073213585,-0.2848664,-0.22134356,0.52347994,0.29798687,0.0,0.34,0.66,Insufficient data
Health,TCD,2000-2010,True,-0.036904633,0.12816626,0.16574258,0.64905363,0.81618726,0.005,0.0,0.995,No rural progress
Health,TGO,2000-2010,True,0.49881363,0.14264208,-0.3568403,1.1921067,0.8381608,0.0,1.0,0.0,Converging progress
Health,THA,2000-2010,True,0.19979455,0.24392936,0.044714518,-0.19331214,-0.14875278,0.985,0.015,0.0,Progress Without Convergence
Health,TJK,2000-2010,True,0.21131873,-0.056517974,-0.26778358,0.2825964,0.014701456,0.0,1.0,0.0,Converging progress
Health,TKM,2000-2010,True,0.19381258,0.20726606,0.012209028,-0.46054438,-0.44875374,0.785,0.215,0.0,Progress Without Convergence
Health,TLS,2000-2010,True,0.81008893,0.2322284,-0.5803536,1.1916016,0.6131015,0.0,1.0,0.0,Converging progress
Health,TON,2000-2010,True,0.14292386,0.07754663,-0.0646874,0.72695154,0.6610115,0.0,1.0,0.0,Converging progress
Health,TTO,2000-2010,False,-0.10854307,0.03147529,0.1318785,-0.32651666,-0.19284546,0.05,0.045,0.905,Insufficient data
Health,TUN,2000-2010,True,0.34031072,0.15857105,-0.17943642,1.131458,0.9521731,0.0,1.0,0.0,Converging progress
Health,TUR,2000-2010,True,0.31950736,0.27300742,-0.04560104,1.0138494,0.96862507,0.005,0.995,0.0,Converging progress
Health,TUV,2000-2010,True,0.1586616,0.08073163,-0.076018676,0.13065809,0.05311253,0.0,1.0,0.0,Converging progress
Health,TZA,2000-2010,True,1.3606193,0.39450157,-0.96510917,1.4786057,0.51315826,0.0,1.0,0.0,Converging progress
Health,UGA,2000-2010,True,0.1243723,0.042494953,-0.08139223,0.43065083,0.34883487,0.0,1.0,0.0,Converging progress
Health,UKR,2000-2010,True,0.20009793,0.079517365,-0.11784859,0.6101868,0.4901716,0.0,1.0,0.0,Converging progress
Health,URY,2000-2010,True,0.18740754,0.12623,-0.06178716,0.40538305,0.34255803,0.0,1.0,0.0,Converging progress
Health,USA,2000-2010,True,-0.003755033,0.00033599138,0.0023958087,-0.0028951168,0.0011705756,0.09,0.285,0.625,At parity
Health,UZB,2000-2010,True,0.17871192,-0.04651043,-0.22579002,0.41070738,0.18495566,0.0,1.0,0.0,Converging progress
Health,VCT,2000-2010,True,0.3747257,0.37663054,0.0011050701,0.2939735,0.29631653,0.525,0.475,0.0,Uncertain
Health,VEN,2000-2010,False,0.232274,0.14857504,-0.058759004,0.65864587,0.62037826,0.27,0.59,0.14,Insufficient data
Health,VNM,2000-2010,True,0.38256305,0.24923053,-0.13364533,0.76153964,0.62794083,0.0,1.0,0.0,Converging progress
Health,VUT,2000-2010,True,-0.021103442,-0.11578314,-0.09525201,0.3516485,0.25621682,0.0,0.06,0.94,No rural progress
Health,WSM,2000-2010,True,0.09955253,0.106221065,0.008059174,0.07530634,0.08285205,0.635,0.365,0.0,At parity
Health,YEM,2000-2010,True,0.13444072,0.012693416,-0.1241855,1.1731199,1.0491059,0.0,1.0,0.0,Converging progress
Health,ZAF,2000-2010,True,0.2312507,0.041837066,-0.18963355,0.4876996,0.2968307,0.0,1.0,0.0,Converging progress
Health,ZMB,2000-2010,True,0.3903613,-0.02440846,-0.41483432,0.9839316,0.56858444,0.0,1.0,0.0,Converging progress
Health,ZWE,2000-2010,True,-0.020576596,-0.1392276,-0.11832312,0.5007956,0.3822863,0.0,0.05,0.95,No rural progress
Health,AFG,2015-2021,True,0.12309554,0.20913497,0.08732602,0.3183464,0.40359282,1.0,0.0,0.0,Progress Without Convergence
Health,AGO,2015-2021,True,0.044044435,0.034187883,-0.009634465,0.7426066,0.73385304,0.32,0.68,0.0,Converging progress
Health,ALB,2015-2021,True,0.7105214,0.30229568,-0.40810597,0.42387107,0.016844213,0.0,1.0,0.0,Converging progress
Health,AND,2015-2021,True,0.0018873811,-3.772974e-05,-0.0019077063,0.00018173456,-0.0020649433,0.13,0.44,0.43,At parity
Health,ARE,2015-2021,True,0.0006207824,0.0006515384,-0.0008531809,-0.3114888,-0.31197602,0.165,0.385,0.45,Uncertain
Health,ARG,2015-2021,False,0.103305385,0.3742984,0.27152705,0.8624314,1.1308576,0.94,0.0,0.06,Insufficient data
Health,ARM,2015-2021,True,0.029768836,0.60317934,0.57390195,0.99018836,1.5639235,0.99,0.0,0.01,Progress Without Convergence
Health,ATG,2015-2021,True,0.79137254,0.55635744,-0.23842442,-0.27740687,-0.51487166,0.0,1.0,0.0,Converging progress
Health,AUS,2015-2021,True,0.10200834,0.03688228,-0.046548665,0.05043888,-0.0030938387,0.22,0.59,0.19,At parity
Health,AUT,2015-2021,True,0.001204133,0.00066930056,0.00023847818,-0.00033473969,0.000336349,0.15,0.38,0.47,At parity
Health,AZE,2015-2021,True,0.43516523,0.6737325,0.23963836,0.32608336,0.56530285,1.0,0.0,0.0,Progress Without Convergence
Health,BDI,2015-2021,True,-0.0041989684,-0.0020006895,0.0042984188,-0.065271884,-0.061457813,0.105,0.265,0.63,At parity
Health,BEL,2015-2021,True,0.0032179356,-0.0004886985,-0.0032258034,-0.0012102127,-0.005923927,0.14,0.505,0.355,At parity
Health,BEN,2015-2021,True,0.1528101,0.07540381,-0.07675421,0.65364105,0.5780934,0.0,1.0,0.0,Converging progress
Health,BFA,2015-2021,True,0.20421195,0.026246727,-0.17859542,0.7305749,0.55466294,0.0,1.0,0.0,Converging progress
Health,BGD,2015-2021,True,0.23920715,0.1349186,-0.10337627,0.16515899,0.061024815,0.0,1.0,0.0,Converging progress
Health,BGR,2015-2021,True,0.00035418384,0.0012473632,3.2987446e-05,0.10288124,0.103562295,0.13,0.375,0.495,Uncertain
Health,BIH,2015-2021,True,0.020005614,0.0006095767,-0.02015832,0.8618878,0.8403511,0.03,0.64,0.33,Converging progress
Health,BLR,2015-2021,True,0.30189797,0.7039906,0.40320164,0.009165317,0.4099849,1.0,0.0,0.0,Progress Without Convergence
Health,BLZ,2015-2021,True,-0.035043232,0.10130235,0.1366339,0.44607043,0.5845297,0.0,0.0,1.0,No rural progress
Health,BOL,2015-2021,True,0.19899225,0.19783044,-0.0027843118,0.5355288,0.5339153,0.45,0.55,0.0,Uncertain
Health,BRA,2015-2021,True,0.1356751,0.22677067,0.0929133,0.87945116,0.9718295,1.0,0.0,0.0,Progress Without Convergence
Health,BTN,2015-2021,True,0.3294718,0.11456172,-0.2139399,0.18586215,-0.02745981,0.0,1.0,0.0,Converging progress
Health,BWA,2015-2021,True,0.117293775,0.018685862,-0.098716974,0.5249009,0.42734748,0.0,1.0,0.0,Converging progress
Health,CAF,2015-2021,True,-0.090174735,-0.09920001,-0.01134783,0.73413527,0.72202927,0.0,0.0,1.0,No rural progress
Health,CAN,2015-2021,True,-0.07790673,-0.21565169,-0.13643438,0.072368264,-0.06550771,0.0,0.0,1.0,At parity
Health,CHE,2015-2021,True,0.001303792,0.0027157068,0.0006491542,0.00024038553,0.0011354089,0.145,0.41,0.445,At parity
Health,CHL,2015-2021,True,1.1270752,0.26203436,-0.8625864,0.94798183,0.083575904,0.0,1.0,0.0,Converging progress
Health,CHN,2015-2021,True,0.46356815,0.4523117,-0.008893713,0.48859325,0.4778708,0.27,0.73,0.0,Converging progress
Health,CIV,2015-2021,True,0.13187575,0.08202538,-0.050389737,0.63424903,0.58480346,0.0,1.0,0.0,Converging progress
Health,CMR,2015-2021,True,0.005646825,0.04179141,0.035438716,0.63197505,0.66839194,0.65,0.03,0.32,Progress Without Convergence
Health,COD,2015-2021,True,-0.120182514,-0.010812759,0.112900496,0.23107791,0.34163535,0.0,0.0,1.0,No rural progress
Health,COG,2015-2021,True,0.0067213774,0.03808844,0.031202793,0.711919,0.74326485,0.64,0.05,0.31,Progress Without Convergence
Health,COL,2015-2021,True,0.18955463,0.36294183,0.17415047,0.5328455,0.707077,1.0,0.0,0.0,Progress Without Convergence
Health,COM,2015-2021,True,0.15673864,0.0628055,-0.094379485,0.14543435,0.052253246,0.0,1.0,0.0,Converging progress
Health,CPV,2015-2021,True,0.35303557,0.26266328,-0.08937514,0.36573625,0.27540952,0.0,1.0,0.0,Converging progress
Health,CRI,2015-2021,True,0.26404014,0.17122817,-0.092954844,0.4391037,0.34563717,0.0,1.0,0.0,Converging progress
Health,CUB,2015-2021,True,0.2509457,0.18258633,-0.06915663,0.22946936,0.15916142,0.0,1.0,0.0,Converging progress
Health,CYP,2015-2021,True,-0.0874719,0.0016273856,0.089992344,0.22097683,0.31089783,0.0,0.0,1.0,No rural progress
Health,CZE,2015-2021,True,0.0008209944,7.3850155e-05,-0.0009279847,-0.2167952,-0.21598375,0.125,0.41,0.465,Uncertain
Health,DEU,2015-2021,True,0.0021654367,-0.0013514757,-0.004691124,0.15567839,0.15212959,0.11,0.44,0.45,Uncertain
Health,DJI,2015-2021,True,0.09174335,0.15601441,0.06405544,1.0635757,1.1270574,1.0,0.0,0.0,Progress Without Convergence
Health,DMA,2015-2021,True,0.12854254,0.10871866,-0.026291184,0.27774554,0.23854756,0.355,0.56,0.085,Uncertain
Health,DNK,2015-2021,True,0.0015983582,-0.000667572,-0.0036981702,0.0005122423,-0.0010998249,0.115,0.42,0.465,At parity
Health,DOM,2015-2021,True,0.0801643,0.116669476,0.036934033,0.34805304,0.3848207,0.995,0.005,0.0,Progress Without Convergence
Health,DZA,2015-2021,True,0.035913445,-0.09930407,-0.13500653,0.4031428,0.2665639,0.0,1.0,0.0,Converging progress
Health,ECU,2015-2021,True,0.17793807,0.1825598,0.0023683757,0.4018349,0.40487587,0.56,0.44,0.0,Uncertain
Health,EGY,2015-2021,True,0.09668815,0.4510139,0.35396728,0.5996614,0.95472485,1.0,0.0,0.0,Progress Without Convergence
Health,ERI,2015-2021,False,0.2125045,0.00943166,-0.2009623,0.6767097,0.47747642,0.0,1.0,0.0,Insufficient data
Health,ESP,2015-2021,True,0.00039714575,0.0018561482,0.0022768378,-0.0012972951,-0.00026649237,0.125,0.395,0.48,At parity
Health,EST,2015-2021,True,0.060096264,-0.028278053,-0.08746016,-0.002881527,-0.09275544,0.0,1.0,0.0,At parity
Health,ETH,2015-2021,True,0.11157191,0.069342196,-0.04190451,0.7352129,0.6933393,0.015,0.985,0.0,Converging progress
Health,FIN,2015-2021,True,0.0005198121,0.0014380217,-0.0014852285,-0.0046896935,-0.0049204826,0.065,0.44,0.495,At parity
Health,FJI,2015-2021,True,0.14658685,-0.07557297,-0.22185293,0.23319122,0.010054514,0.0,1.0,0.0,Converging progress
Health,FRA,2015-2021,True,0.00020116568,-0.0012261271,-0.0014455914,-0.10490179,-0.1061548,0.12,0.395,0.485,Uncertain
Health,GAB,2015-2021,True,0.10463244,0.14530969,0.039874762,0.6080409,0.64810276,0.995,0.005,0.0,Progress Without Convergence
Health,GBR,2015-2021,True,0.00012493134,-0.0011630058,-0.0014195442,-0.26158726,-0.26405257,0.115,0.395,0.49,Uncertain
Health,GEO,2015-2021,True,0.111494035,0.23003665,0.11820674,0.78744847,0.9062568,1.0,0.0,0.0,Progress Without Convergence
Health,GHA,2015-2021,True,0.19650531,0.14752918,-0.049310923,0.34811985,0.29839712,0.0,1.0,0.0,Converging progress
Health,GIN,2015-2021,True,0.16925764,0.14011732,-0.026254177,0.5336648,0.50387317,0.045,0.955,0.0,Converging progress
Health,GMB,2015-2021,True,-0.19591665,0.10128534,0.29807267,0.3406436,0.6365621,0.0,0.0,1.0,No rural progress
Health,GNB,2015-2021,True,0.19188857,0.17350948,-0.018099815,0.5707726,0.55144835,0.165,0.835,0.0,Converging progress
Health,GNQ,2015-2021,False,0.09365076,0.06911963,-0.01694481,0.23810813,0.22502545,0.345,0.57,0.085,Insufficient data
Health,GRC,2015-2021,True,0.049780548,0.022490442,-0.028241783,0.39939973,0.3735903,0.03,0.97,0.0,Converging progress
Health,GTM,2015-2021,True,0.056140512,0.0067356974,-0.04994604,0.5322872,0.48171034,0.005,0.995,0.0,Converging progress
Health,GUY,2015-2021,True,0.18002054,0.14233467,-0.0378573,0.19712904,0.1578542,0.0,1.0,0.0,Converging progress
Health,HND,2015-2021,True,0.16422719,0.14930719,-0.017328113,0.3415969,0.32511306,0.195,0.805,0.0,Converging progress
Health,HRV,2015-2021,True,-0.0015280694,0.00042393804,0.0018657446,0.44878966,0.45142698,0.15,0.305,0.545,Uncertain
Health,HTI,2015-2021,True,0.07531363,-0.0066787004,-0.08096266,0.3139059,0.23235708,0.0,1.0,0.0,Converging progress
Health,HUN,2015-2021,True,0.001621902,-0.0011321306,-0.00033819675,-0.19552562,-0.19861972,0.15,0.4,0.45,Uncertain
Health,IDN,2015-2021,True,0.35927925,0.25353038,-0.10501012,0.4079257,0.30368567,0.0,1.0,0.0,Converging progress
Health,IND,2015-2021,True,0.3812863,0.263188,-0.11928171,0.39432567,0.27550423,0.0,1.0,0.0,Converging progress
Health,IRL,2015-2021,True,0.008322641,-0.00066196546,-0.009824201,-0.26566508,-0.27482286,0.15,0.615,0.235,Converging progress
Health,IRN,2015-2021,True,0.13690491,0.042563185,-0.09202647,0.53378296,0.4405055,0.0,1.0,0.0,Converging progress
Health,IRQ,2015-2021,True,0.821252,0.6930399,-0.12944098,0.43964761,0.31132144,0.0,1.0,0.0,Converging progress
Health,ISL,2015-2021,True,-0.0009125471,-0.0016105175,-0.0017744899,-0.4149384,-0.4165252,0.075,0.39,0.535,Uncertain
Health,ISR,2015-2021,True,-0.27551633,0.0025225878,0.27915788,0.0024508238,0.28128344,0.0,0.0,1.0,No rural progress
Health,ITA,2015-2021,True,-0.00078850985,-0.0010992289,-0.00045663118,0.0011279583,0.001265347,0.105,0.375,0.52,At parity
Health,JAM,2015-2021,True,0.17729573,0.11729148,-0.06159772,-0.119971685,-0.18038207,0.0,1.0,0.0,Converging progress
Health,JOR,2015-2021,True,-0.10750702,-0.09585446,0.0123074055,0.18190554,0.1937243,0.0,0.0,1.0,No rural progress
Health,KAZ,2015-2021,True,0.18973929,0.019698441,-0.16796738,-0.34273365,-0.51196504,0.0,1.0,0.0,Converging progress
Health,KEN,2015-2021,True,0.090845436,0.050997645,-0.039379656,0.0307132,-0.0103343725,0.005,0.995,0.0,At parity
Health,KGZ,2015-2021,True,0.60647225,0.13746534,-0.46761093,-0.41096205,-0.88186634,0.0,1.0,0.0,Converging progress
Health,KHM,2015-2021,True,0.3942742,0.33113545,-0.06308991,0.64203334,0.58088577,0.0,1.0,0.0,Converging progress
Health,KIR,2015-2021,True,0.11035314,-0.01468721,-0.12540016,0.3218844,0.19699687,0.0,1.0,0.0,Converging progress
Health,KOR,2015-2021,False,0.32480335,0.26377356,-0.047265887,-0.17101157,-0.2414546,0.34,0.66,0.0,Insufficient data
Health,LAO,2015-2021,True,0.31609845,0.6917516,0.37501147,0.7503074,1.125644,1.0,0.0,0.0,Progress Without Convergence
Health,LBR,2015-2021,True,0.13444155,0.057108104,-0.077414215,0.7761608,0.6988132,0.0,1.0,0.0,Converging progress
Health,LCA,2015-2021,True,0.0038641826,0.054353602,0.051705793,-0.1917756,-0.14237542,0.61,0.0,0.39,Progress Without Convergence
Health,LKA,2015-2021,True,0.28258651,0.35451087,0.07090918,0.009017713,0.0789593,1.0,0.0,0.0,At parity
Health,LSO,2015-2021,True,0.16561809,0.09038451,-0.07622197,0.041129768,-0.035741717,0.0,1.0,0.0,At parity
Health,LTU,2015-2021,True,0.29304153,0.17548496,-0.11705318,0.7221776,0.6049148,0.0,1.0,0.0,Converging progress
Health,LUX,2015-2021,True,0.00954181,0.0011682808,-0.0084401965,-0.33163023,-0.34044906,0.135,0.655,0.21,Converging progress
Health,LVA,2015-2021,True,0.089794144,0.07407838,-0.014664531,0.64266634,0.62839615,0.205,0.795,0.0,Converging progress
Health,MAR,2015-2021,True,0.10278012,0.28708977,0.18585882,0.83352405,1.0197324,1.0,0.0,0.0,Progress Without Convergence
Health,MDA,2015-2021,True,0.17145696,0.05275981,-0.11877254,0.4625376,0.34232754,0.0,1.0,0.0,Converging progress
Health,MDG,2015-2021,True,0.122395456,0.098330736,-0.023134053,0.4105839,0.3875869,0.09,0.91,0.0,Converging progress
Health,MDV,2015-2021,True,0.55859137,0.59977937,0.045021385,0.79289234,0.83645636,0.985,0.015,0.0,Progress Without Convergence
Health,MEX,2015-2021,True,0.247674,0.12064035,-0.1274349,0.46910506,0.3420557,0.0,1.0,0.0,Converging progress
Health,MHL,2015-2021,True,0.092871845,-0.030548854,-0.1225404,0.50183517,0.3788837,0.0,1.0,0.0,Converging progress
Health,MKD,2015-2021,True,0.5562857,0.5996003,0.042042106,0.6302434,0.67219543,1.0,0.0,0.0,Progress Without Convergence
Health,MLI,2015-2021,True,0.15581441,0.09962672,-0.057119757,0.415556,0.35890177,0.0,1.0,0.0,Converging progress
Health,MLT,2015-2021,True,-0.002232492,0.0013187528,0.0028279424,-0.0018626451,0.0014513731,0.17,0.285,0.545,At parity
Health,MMR,2015-2021,True,0.08309767,-0.013089761,-0.09535538,0.2778958,0.18099383,0.0,1.0,0.0,Converging progress
Health,MNE,2015-2021,True,0.14187935,0.6918003,0.5501991,0.55327475,1.1001086,1.0,0.0,0.0,Progress Without Convergence
Health,MNG,2015-2021,True,0.14872947,0.17933124,0.029331207,0.5959457,0.6264868,0.96,0.04,0.0,Progress Without Convergence
Health,MOZ,2015-2021,True,0.16395044,0.14205879,-0.020920545,0.78580713,0.76578593,0.1,0.9,0.0,Converging progress
Health,MRT,2015-2021,True,0.1331594,0.28178996,0.14793706,0.8429781,0.9921025,1.0,0.0,0.0,Progress Without Convergence
Health,MUS,2015-2021,True,0.17630914,0.20226774,0.025995195,0.19692802,0.22285199,0.92,0.08,0.0,Progress Without Convergence
Health,MWI,2015-2021,True,0.25414795,0.13818729,-0.115498185,0.10730931,-0.007178247,0.0,1.0,0.0,Converging progress
Health,MYS,2015-2021,True,0.12627277,0.033944577,-0.093928695,0.11764832,0.023424327,0.0,1.0,0.0,Converging progress
Health,NAM,2015-2021,True,0.079132974,-0.03156534,-0.111614525,0.65498316,0.5435323,0.0,1.0,0.0,Converging progress
Health,NER,2015-2021,True,0.08750707,0.12651986,0.043120503,0.99465823,1.0378067,0.975,0.025,0.0,Progress Without Convergence
Health,NGA,2015-2021,True,0.032965183,0.15430525,0.12110922,0.27626094,0.3969309,0.99,0.0,0.01,Progress Without Convergence
Health,NIC,2015-2021,False,0.16287416,0.12052101,-0.022971988,1.0471649,0.96694034,0.3,0.55,0.15,Insufficient data
Health,NLD,2015-2021,True,0.00096195936,-0.00029939413,-0.0012741983,-0.7009112,-0.701467,0.13,0.41,0.46,Uncertain
Health,NOR,2015-2021,True,-0.0010798275,0.0030765235,0.0025289357,-0.07320529,-0.07005179,0.135,0.325,0.54,At parity
Health,NPL,2015-2021,True,0.40628016,0.27650902,-0.1295598,0.12250146,-0.0056770444,0.0,1.0,0.0,Converging progress
Health,NZL,2015-2021,True,0.00025343895,0.001466155,0.0002169013,-0.0018968582,-0.00018817186,0.145,0.37,0.485,At parity
Health,OMN,2015-2021,True,0.05134666,0.0022583008,-0.04802966,0.06578964,0.017664552,0.0,1.0,0.0,At parity
Health,PAK,2015-2021,True,0.25058168,0.14761856,-0.103266895,0.5371579,0.43427044,0.0,1.0,0.0,Converging progress
Health,PAN,2015-2021,True,0.13213897,0.32577908,0.19341338,0.67011774,0.8633122,1.0,0.0,0.0,Progress Without Convergence
Health,PER,2015-2021,True,0.12355739,0.048497118,-0.07435033,0.615077,0.54016954,0.0,1.0,0.0,Converging progress
Health,PHL,2015-2021,True,0.23208544,0.12564653,-0.10593344,0.16831878,0.06140764,0.0,1.0,0.0,Converging progress
Health,PLW,2015-2021,True,0.482857,0.24276757,-0.24185455,0.6195343,0.376829,0.0,1.0,0.0,Converging progress
Health,PNG,2015-2021,True,0.08191329,-0.041015446,-0.122281075,0.76286703,0.6402855,0.0,1.0,0.0,Converging progress
Health,POL,2015-2021,True,0.5465061,0.21889493,-0.33054847,0.121227175,-0.2066831,0.0,1.0,0.0,Converging progress
Health,PRK,2015-2021,True,0.036459357,0.16707416,0.13024789,0.47407383,0.6038569,0.995,0.0,0.005,Progress Without Convergence
Health,PRT,2015-2021,True,0.24288064,0.13444406,-0.1070531,0.1086297,0.0019279122,0.0,1.0,0.0,Converging progress
Health,PRY,2015-2021,True,0.3947348,0.19096619,-0.2030417,0.48992544,0.28749335,0.0,1.0,0.0,Converging progress
Health,PSE,2015-2021,True,0.56979156,0.61863506,0.04780738,0.21880996,0.26869738,0.995,0.005,0.0,Progress Without Convergence
Health,ROU,2015-2021,True,0.20422183,0.278407,0.07339519,0.9807651,1.055419,1.0,0.0,0.0,Progress Without Convergence
Health,RUS,2015-2021,True,0.0005079955,0.42171568,0.42063266,0.7073271,1.1267884,0.51,0.0,0.49,Uncertain
Health,RWA,2015-2021,True,0.27636886,-0.022769928,-0.2998929,-0.21742174,-0.5157745,0.0,1.0,0.0,Converging progress
Health,SAU,2015-2021,True,0.00094127655,0.00085642934,0.0003810823,0.33364645,0.3339419,0.135,0.385,0.48,Uncertain
Health,SDN,2015-2021,True,0.3069524,0.26720613,-0.040294558,0.53596735,0.49493855,0.01,0.99,0.0,Converging progress
Health,SEN,2015-2021,True,0.15197563,0.052003995,-0.10128574,0.4683951,0.36684722,0.0,1.0,0.0,Converging progress
Health,SLB,2015-2021,True,0.06480217,0.06848472,0.0062119365,1.0543549,1.0602202,0.63,0.37,0.0,Progress Without Convergence
Health,SLE,2015-2021,True,0.16673052,0.12520885,-0.04170239,0.55607164,0.5143147,0.005,0.995,0.0,Converging progress
Health,SLV,2015-2021,True,0.032416776,0.05444105,0.022483408,0.4689853,0.49095935,0.895,0.105,0.0,Progress Without Convergence
Health,SMR,2015-2021,True,0.052329004,0.064772606,0.015940368,-0.0030793548,0.028031826,0.26,0.42,0.32,At parity
Health,SOM,2015-2021,True,0.18539399,0.025241345,-0.15841746,0.5656673,0.40620303,0.0,1.0,0.0,Converging progress
Health,SRB,2015-2021,True,0.028964907,0.33164608,0.30432284,0.64484894,0.9477902,0.995,0.0,0.005,Progress Without Convergence
Health,SSD,2015-2021,True,0.14752215,0.20656803,0.059991956,0.765324,0.8243605,1.0,0.0,0.0,Progress Without Convergence
Health,STP,2015-2021,True,0.1635012,0.12169665,-0.041356176,0.24391595,0.20210782,0.005,0.995,0.0,Converging progress
Health,SUR,2015-2021,True,0.1734131,0.117691666,-0.055904523,0.5657782,0.50950015,0.0,1.0,0.0,Converging progress
Health,SVK,2015-2021,True,0.004538536,0.0025871992,-0.0023403168,0.47336665,0.46950814,0.19,0.48,0.33,Uncertain
Health,SWE,2015-2021,True,-0.024053633,-0.056847572,-0.032270372,-0.03619337,-0.069956064,0.0,0.015,0.985,At parity
Health,SWZ,2015-2021,True,0.122771576,-0.08520207,-0.20741388,-0.093512595,-0.300453,0.0,1.0,0.0,Converging progress
Health,SYR,2015-2021,True,0.1637306,0.11678593,-0.047341973,0.27463564,0.2272388,0.01,0.99,0.0,Converging progress
Health,TCA,2015-2021,True,-0.00039991736,-0.03795117,-0.042951524,0.14547056,0.10327448,0.005,0.49,0.505,Uncertain
Health,TCD,2015-2021,True,-0.05437708,0.11772391,0.1714347,0.95512277,1.1262219,0.0,0.0,1.0,No rural progress
Health,TGO,2015-2021,True,0.22695374,0.11026725,-0.116136014,0.69817066,0.58162516,0.0,1.0,0.0,Converging progress
Health,THA,2015-2021,True,0.2686188,0.43173844,0.1628592,-0.100060195,0.06259945,1.0,0.0,0.0,Progress Without Convergence
Health,TJK,2015-2021,True,0.16205582,-0.018921837,-0.18037568,-0.16450189,-0.344482,0.0,1.0,0.0,Converging progress
Health,TKM,2015-2021,True,0.43035078,0.8546647,0.42365214,-0.4538621,-0.032700658,1.0,0.0,0.0,Progress Without Convergence
Health,TLS,2015-2021,True,0.3048224,0.1623128,-0.14462666,0.46843928,0.3252847,0.0,1.0,0.0,Converging progress
Health,TON,2015-2021,True,0.08045216,-0.08264288,-0.16237982,0.5151588,0.35350025,0.0,1.0,0.0,Converging progress
Health,TTO,2015-2021,True,-0.08504522,0.063083336,0.14959553,-0.062045276,0.0877417,0.0,0.0,1.0,At parity
Health,TUN,2015-2021,True,0.56012523,0.18331596,-0.37804824,0.819664,0.4431768,0.0,1.0,0.0,Converging progress
Health,TUR,2015-2021,True,0.59454155,0.37026256,-0.22357842,0.974667,0.75056624,0.0,1.0,0.0,Converging progress
Health,TUV,2015-2021,True,0.14840344,0.0733713,-0.075266525,0.011528,-0.06416436,0.0,1.0,0.0,At parity
Health,TZA,2015-2021,True,0.16426015,0.19467095,0.030917734,0.49192697,0.52055734,0.955,0.045,0.0,Progress Without Convergence
Health,UGA,2015-2021,True,0.05837983,0.021916807,-0.038366973,0.31777924,0.28033155,0.03,0.97,0.0,Converging progress
Health,UKR,2015-2021,True,0.16224794,0.041410327,-0.12192133,0.39294165,0.2692051,0.0,1.0,0.0,Converging progress
Health,URY,2015-2021,True,0.65804076,0.29512727,-0.36180338,0.26776665,-0.09623647,0.0,1.0,0.0,Converging progress
Health,USA,2015-2021,True,-0.34139723,-9.214878e-05,0.34063017,0.09175205,0.43310773,0.0,0.0,1.0,No rural progress
Health,UZB,2015-2021,True,0.20092711,-0.02280417,-0.22394258,0.04151404,-0.18394402,0.0,1.0,0.0,Converging progress
Health,VCT,2015-2021,True,0.11822904,0.12177685,0.0062203854,0.3342045,0.34198257,0.54,0.455,0.005,Uncertain
Health,VEN,2015-2021,False,0.18338883,0.13480836,-0.0456782,0.54345137,0.5454913,0.355,0.59,0.055,Insufficient data
Health,VNM,2015-2021,True,0.38536543,0.45157823,0.06506467,0.6073977,0.6739123,1.0,0.0,0.0,Progress Without Convergence
Health,VUT,2015-2021,True,-0.019258201,-0.0987778,-0.07832405,0.1877754,0.10777414,0.0,0.06,0.94,No rural progress
Health,WSM,2015-2021,True,0.15873447,0.17730302,0.019763857,0.0887527,0.1090827,0.86,0.14,0.0,Progress Without Convergence
Health,YEM,2015-2021,True,0.094074816,0.0031168144,-0.089417845,0.97095615,0.88053364,0.0,1.0,0.0,Converging progress
Health,ZAF,2015-2021,True,0.18552391,0.028187163,-0.1573124,0.19028565,0.03281731,0.0,1.0,0.0,Converging progress
Health,ZMB,2015-2021,True,0.14675218,-0.014381021,-0.16189286,0.4074983,0.24532807,0.0,1.0,0.0,Converging progress
Health,ZWE,2015-2021,True,-0.021379948,-0.14015815,-0.11839494,0.28286648,0.163456,0.0,0.04,0.96,No rural progress
Infrastructure,ABW,2010-2020,True,0.02002418,-0.020070702,-0.0498091,0.021403193,-0.014016598,0.115,0.505,0.38,At parity
Infrastructure,AFG,2010-2020,True,0.3164727,0.24955465,-0.066266954,0.96676177,0.89908534,0.0,1.0,0.0,Converging progress
Infrastructure,AGO,2010-2020,True,0.030992806,-0.021799196,-0.053429782,1.0263743,0.9747847,0.0,1.0,0.0,Converging progress
Infrastructure,ALB,2010-2020,True,0.2594188,0.2559796,-0.0045596957,0.5579227,0.55468976,0.355,0.645,0.0,Converging progress
Infrastructure,AND,2010-2020,True,0.000392735,0.00060606,0.0005083084,-0.001080215,0.00030851364,0.155,0.365,0.48,At parity
Infrastructure,ARE,2010-2020,True,0.0014625192,0.00053685904,-0.0014181733,0.0009146929,-0.00019955635,0.1,0.465,0.435,At parity
Infrastructure,ARG,2010-2020,True,0.29917902,0.0014581084,-0.29760346,0.6982763,0.40044194,0.0,1.0,0.0,Converging progress
Infrastructure,ARM,2010-2020,True,0.30045614,0.16448772,-0.13541654,0.6548707,0.5195242,0.0,1.0,0.0,Converging progress
Infrastructure,ATG,2010-2020,True,0.0007817745,0.00052398443,-0.0018357635,0.0005195737,-0.00022131205,0.12,0.425,0.455,At parity
Infrastructure,AUS,2010-2020,True,0.00074470043,-5.453825e-05,-0.0007917881,-0.00029850006,-0.00096178055,0.17,0.385,0.445,At parity
Infrastructure,AUT,2010-2020,True,0.00018537045,0.0013614297,0.0004993677,0.00086545944,0.0012071729,0.17,0.345,0.485,At parity
Infrastructure,AZE,2010-2020,True,0.41167682,0.19242394,-0.21970585,0.7300492,0.50912035,0.0,1.0,0.0,Converging progress
Infrastructure,BDI,2010-2020,True,0.0006380081,-0.0011435151,-0.0014080405,0.0014751554,0.00012433529,0.135,0.405,0.46,At parity
Infrastructure,BEL,2010-2020,True,0.0006237626,0.00050008297,7.069111e-05,0.0005583167,0.00014287233,0.15,0.38,0.47,At parity
Infrastructure,BEN,2010-2020,True,0.1852467,0.027046144,-0.15858829,0.6386323,0.47977507,0.0,1.0,0.0,Converging progress
Infrastructure,BFA,2010-2020,True,0.21694463,0.24721467,0.030294865,0.8363745,0.8680357,1.0,0.0,0.0,Progress Without Convergence
Infrastructure,BGD,2010-2020,True,0.3441432,0.19308408,-0.15063068,0.9122169,0.7609635,0.0,1.0,0.0,Converging progress
Infrastructure,BGR,2010-2020,True,-0.07562976,-0.014200702,0.059109107,0.37225932,0.43066534,0.055,0.135,0.81,No rural progress
Infrastructure,BHR,2010-2020,True,-0.000151515,-0.00014019012,-0.00051528215,-0.000182271,-9.0658665e-05,0.135,0.355,0.51,At parity
Infrastructure,BHS,2010-2020,True,0.0017167926,0.0003697276,-0.00045144558,0.00052529573,-9.7334385e-05,0.225,0.38,0.395,At parity
Infrastructure,BIH,2010-2020,True,-0.14478803,-0.106466964,0.038366556,0.5740673,0.61186194,0.0,0.0,1.0,No rural progress
Infrastructure,BLR,2010-2020,True,0.40405524,0.00010573864,-0.40337977,0.55765915,0.15506575,0.0,1.0,0.0,Converging progress
Infrastructure,BLZ,2010-2020,True,0.016373388,-0.050702825,-0.066253304,0.588149,0.52110404,0.0,0.99,0.01,Converging progress
Infrastructure,BMU,2010-2020,True,-0.03263575,-0.024881095,-0.0008484721,0.015282303,0.019424945,0.065,0.29,0.645,At parity
Infrastructure,BOL,2010-2020,True,0.26498127,0.36428398,0.0988614,1.0256655,1.1242547,1.0,0.0,0.0,Progress Without Convergence
Infrastructure,BRA,2010-2020,True,0.16994439,0.08978674,-0.07937652,0.92423844,0.843976,0.0,1.0,0.0,Converging progress
Infrastructure,BRB,2010-2020,True,0.00073993206,0.0006828308,-0.00045120716,0.00015807152,0.00024008751,0.14,0.38,0.48,At parity
Infrastructure,BRN,2010-2020,True,0.0005261898,0.00035715103,-0.0005557537,0.00023144484,0.001232624,0.165,0.365,0.47,At parity
Infrastructure,BTN,2010-2020,True,0.41293532,0.11911577,-0.29260325,0.91187394,0.6193878,0.0,1.0,0.0,Converging progress
Infrastructure,BWA,2010-2020,True,-0.020276189,0.08024441,0.1009199,0.65981376,0.76064336,0.0,0.0,1.0,No rural progress
Infrastructure,CAF,2010-2020,True,0.00036770105,0.16033995,0.16020596,0.16925144,0.33067286,0.535,0.0,0.465,Uncertain
Infrastructure,CAN,2010-2020,True,0.0014709234,0.0005581379,-5.6147575e-05,0.00099051,-0.00046104193,0.16,0.425,0.415,At parity
Infrastructure,CHE,2010-2020,True,0.000983119,0.00036764145,-0.0013148189,0.00042515993,-0.001336813,0.11,0.425,0.465,At parity
Infrastructure,CHL,2010-2020,True,0.0002937913,-0.0002670288,0.0008353591,0.0007996559,0.00028896332,0.135,0.375,0.49,At parity
Infrastructure,CHN,2010-2020,True,0.39754894,0.32067987,-0.07716854,0.57514864,0.49885094,0.0,1.0,0.0,Converging progress
Infrastructure,CIV,2010-2020,True,0.2958364,0.31553552,0.0205307,0.92190766,0.94264853,0.965,0.035,0.0,Progress Without Convergence
Infrastructure,CMR,2010-2020,True,0.18722576,0.11136705,-0.07548365,0.87294245,0.7979547,0.0,1.0,0.0,Converging progress
Infrastructure,COD,2010-2020,True,0.043834448,0.016378522,-0.026609004,0.81517833,0.7889229,0.01,0.99,0.0,Converging progress
Infrastructure,COG,2010-2020,True,0.18281448,0.27983177,0.09879762,0.7440282,0.8402246,1.0,0.0,0.0,Progress Without Convergence
Infrastructure,COL,2010-2020,True,0.19123569,0.2632302,0.071700215,1.0502903,1.1231272,1.0,0.0,0.0,Progress Without Convergence
Infrastructure,COM,2010-2020,True,0.32635212,0.26609427,-0.059444815,0.45151377,0.3922414,0.0,1.0,0.0,Converging progress
Infrastructure,CPV,2010-2020,True,0.20332536,0.13183907,-0.07103217,0.82198775,0.7506468,0.0,1.0,0.0,Converging progress
Infrastructure,CRI,2010-2020,True,0.16824487,0.059701324,-0.10895279,0.64469385,0.5358176,0.0,1.0,0.0,Converging progress
Infrastructure,CUB,2010-2020,True,0.2453983,0.23135704,-0.013526753,0.3670503,0.35265154,0.105,0.895,0.0,Converging progress
Infrastructure,CUW,2010-2020,True,-0.019283295,-0.018336415,0.0044397414,0.0016995966,0.02760017,0.1,0.28,0.62,At parity
Infrastructure,CYM,2010-2020,True,-0.013797611,-0.015958369,-0.0020558834,-0.022116512,-0.014640689,0.085,0.32,0.595,At parity
Infrastructure,CYP,2010-2020,True,-0.0018771887,6.633997e-05,0.0015865564,-0.0006098151,0.000111579895,0.1,0.305,0.595,At parity
Infrastructure,CZE,2010-2020,True,0.0004171133,0.00078994036,0.0005608797,-0.0011051893,-0.00068593025,0.14,0.375,0.485,At parity
Infrastructure,DEU,2010-2020,True,0.00015699863,0.00028026104,0.0012030602,0.0006585121,0.0005199909,0.14,0.37,0.49,At parity
Infrastructure,DJI,2010-2020,True,-0.09670377,0.1310868,0.22918081,0.6632469,0.89221895,0.0,0.0,1.0,No rural progress
Infrastructure,DMA,2010-2020,True,0.095230356,-0.14460462,-0.24091968,0.75370216,0.5134118,0.0,1.0,0.0,Converging progress
Infrastructure,DNK,2010-2020,True,0.000374794,-0.00080156326,-0.00056403875,0.00088119507,-0.000554502,0.115,0.415,0.47,At parity
Infrastructure,DOM,2010-2020,True,0.11327846,0.08513802,-0.028329909,0.59569037,0.5668848,0.015,0.985,0.0,Converging progress
Infrastructure,DZA,2010-2020,True,0.2168288,0.00055742264,-0.21607593,0.42752326,0.21115482,0.0,1.0,0.0,Converging progress
Infrastructure,ECU,2010-2020,True,0.053427007,-0.026664346,-0.08040148,0.8334141,0.7531415,0.0,1.0,0.0,Converging progress
Infrastructure,EGY,2010-2020,True,0.13287154,0.05054146,-0.0830085,0.082342595,-4.2021275e-05,0.0,1.0,0.0,At parity
Infrastructure,ERI,2010-2020,True,0.093143106,0.07241222,-0.020421624,0.9716691,0.9515625,0.04,0.96,0.0,Converging progress
Infrastructure,ESP,2010-2020,True,0.0007134676,0.00037407875,-0.00034356117,-3.683567e-05,0.000121474266,0.15,0.38,0.47,At parity
Infrastructure,EST,2010-2020,True,-0.0010893345,-0.00037258863,4.1902065e-05,-0.000107228756,0.0013208389,0.105,0.355,0.54,At parity
Infrastructure,ETH,2010-2020,True,0.0011600852,0.25892353,0.25748137,0.8431234,1.1006067,0.55,0.0,0.45,Uncertain
Infrastructure,FIN,2010-2020,True,0.00021469593,-0.0015027523,-0.0011821389,0.0015550852,-0.0004619956,0.15,0.375,0.475,At parity
Infrastructure,FJI,2010-2020,True,0.21591866,0.19008158,-0.024252266,0.5068698,0.4824844,0.01,0.99,0.0,Converging progress
Infrastructure,FRA,2010-2020,True,9.804964e-05,-0.00050508976,3.296137e-05,0.00040137768,-0.00029051304,0.145,0.36,0.495,At parity
Infrastructure,FRO,2010-2020,True,-0.039644927,-0.02869603,0.01239422,0.006275326,0.025408834,0.035,0.275,0.69,At parity
Infrastructure,FSM,2010-2020,True,-0.064516544,0.008901,0.073495686,1.1678145,1.2417251,0.0,0.0,1.0,No rural progress
Infrastructure,GAB,2010-2020,True,0.20050935,0.22779405,0.028063476,0.8245522,0.85308754,0.995,0.005,0.0,Progress Without Convergence
Infrastructure,GBR,2010-2020,True,0.00048333406,0.0005118847,-0.0002439022,0.00064635277,0.00016444921,0.125,0.405,0.47,At parity
Infrastructure,GEO,2010-2020,True,0.5399327,0.264027,-0.27582842,0.8779033,0.60192776,0.0,1.0,0.0,Converging progress
Infrastructure,GHA,2010-2020,True,0.29922152,0.17862955,-0.12060432,0.6201936,0.49930173,0.0,1.0,0.0,Converging progress
Infrastructure,GIB,2010-2020,True,-0.025871992,0.1034618,0.11881155,0.46237037,0.56409454,0.24,0.11,0.65,No rural progress
Infrastructure,GIN,2010-2020,True,0.0010339022,0.14467615,0.14419639,0.26160437,0.40513843,0.53,0.0,0.47,Uncertain
Infrastructure,GMB,2010-2020,True,-0.09627038,-0.13283193,-0.036230028,0.46990234,0.433748,0.0,0.0,1.0,No rural progress
Infrastructure,GNB,2010-2020,True,0.001932025,-0.082601845,-0.08531988,0.4621948,0.37849528,0.0,0.585,0.415,Uncertain
Infrastructure,GNQ,2010-2020,True,-0.13068795,-0.046821088,0.085030556,0.6004308,0.68488634,0.0,0.0,1.0,No rural progress
Infrastructure,GRC,2010-2020,True,9.36985e-05,-0.00062417984,-0.0012803078,0.00017744303,6.979704e-05,0.105,0.4,0.495,At parity
Infrastructure,GRD,2010-2020,True,-0.14692193,-0.05295451,0.09428176,0.14231989,0.23726958,0.0,0.0,1.0,No rural progress
Infrastructure,GRL,2010-2020,True,-0.018564194,-0.031011581,-0.009724051,-0.0029340386,-0.009508848,0.065,0.33,0.605,At parity
Infrastructure,GTM,2010-2020,True,0.086256206,0.070552155,-0.014883429,0.6855339,0.6704514,0.07,0.93,0.0,Converging progress
Infrastructure,GUM,2010-2020,True,-0.035841554,-0.012753278,0.012949556,0.02559793,0.042195708,0.055,0.28,0.665,At parity
Infrastructure,GUY,2010-2020,True,0.00022268295,0.00052171946,6.4611435e-05,0.0007159114,1.0311604e-05,0.135,0.37,0.495,At parity
Infrastructure,HKG,2010-2020,True,-0.006593287,0.14182019,0.15161055,0.40937996,0.5528847,0.375,0.09,0.535,Uncertain
Infrastructure,HND,2010-2020,True,0.13695595,0.035729885,-0.10053298,0.6934289,0.5928153,0.0,1.0,0.0,Converging progress
Infrastructure,HRV,2010-2020,True,2.7954578e-05,-0.00055933,-0.0008017421,0.0005991459,-0.0007020831,0.115,0.39,0.495,At parity
Infrastructure,HTI,2010-2020,True,0.053966403,-0.013878822,-0.0696789,0.5117569,0.44355512,0.0,1.0,0.0,Converging progress
Infrastructure,HUN,2010-2020,True,-0.0004440546,0.00063455105,0.0008288026,-0.0008172989,-1.5497208e-06,0.145,0.325,0.53,At parity
Infrastructure,IDN,2010-2020,True,0.617591,0.59391654,-0.022454426,0.45052895,0.42721045,0.03,0.97,0.0,Converging progress
Infrastructure,IMN,2010-2020,True,-0.008489817,-0.025635213,-0.006789148,-0.020614684,-0.0020961165,0.11,0.335,0.555,At parity
Infrastructure,IND,2010-2020,True,0.48909372,0.43208292,-0.055992186,0.7168083,0.6586774,0.0,1.0,0.0,Converging progress
Infrastructure,IRL,2010-2020,True,-0.0013207197,0.0012298822,0.0034495592,-0.0020769835,0.0019775033,0.16,0.3,0.54,At parity
Infrastructure,IRN,2010-2020,True,0.04628417,0.0032810867,-0.04394944,0.54033905,0.49587175,0.0,1.0,0.0,Converging progress
Infrastructure,IRQ,2010-2020,True,0.6050346,0.4182138,-0.18732063,0.40371835,0.21695223,0.0,1.0,0.0,Converging progress
Infrastructure,ISL,2010-2020,True,0.00010484457,0.0013498664,0.0006906986,-1.5616417e-05,0.0010815263,0.155,0.35,0.495,At parity
Infrastructure,ISR,2010-2020,True,0.0015377402,5.3465366e-05,-8.624792e-05,-0.0008252263,-0.0007548928,0.18,0.37,0.45,At parity
Infrastructure,ITA,2010-2020,True,0.00015938282,-0.00073993206,-0.00046479702,1.2755394e-05,-0.00081062317,0.105,0.41,0.485,At parity
Infrastructure,JAM,2010-2020,True,0.2342194,-0.040026456,-0.27408212,0.65081525,0.37823707,0.0,1.0,0.0,Converging progress
Infrastructure,JOR,2010-2020,True,-0.08520278,-0.00070637465,0.08445647,0.0010613203,0.08598998,0.0,0.0,1.0,At parity
Infrastructure,JPN,2010-2020,True,0.0004428625,0.00020039082,0.00023013353,-0.00040632486,0.0007824302,0.14,0.385,0.475,At parity
Infrastructure,KAZ,2010-2020,True,0.15699297,0.00064510107,-0.15661456,0.59752834,0.44108817,0.0,1.0,0.0,Converging progress
Infrastructure,KEN,2010-2020,True,0.42530584,0.38110262,-0.04444304,0.73282367,0.68864954,0.0,1.0,0.0,Converging progress
Infrastructure,KGZ,2010-2020,True,0.12947088,0.040022552,-0.08953938,0.5948508,0.5050699,0.0,1.0,0.0,Converging progress
Infrastructure,KHM,2010-2020,True,0.6433133,0.33894587,-0.30517876,0.8242928,0.5183281,0.0,1.0,0.0,Converging progress
Infrastructure,KIR,2010-2020,True,0.2866981,0.3924461,0.105745405,0.60913527,0.7161876,1.0,0.0,0.0,Progress Without Convergence
Infrastructure,KNA,2010-2020,True,0.0004093647,-0.0007415414,-0.0010647774,0.0005068183,-0.0005401969,0.11,0.41,0.48,At parity
Infrastructure,KOR,2010-2020,True,8.046627e-06,0.0008980036,0.00027269125,-0.0009507537,0.00086414814,0.135,0.37,0.495,At parity
Infrastructure,KWT,2010-2020,True,-0.0003566146,0.0003399253,0.0012908578,0.00012999773,0.001821518,0.16,0.305,0.535,At parity
Infrastructure,LAO,2010-2020,True,0.28113908,0.22064802,-0.06098014,0.70766354,0.64570343,0.0,1.0,0.0,Converging progress
Infrastructure,LBN,2010-2020,True,0.032641917,0.09031606,0.04042867,0.27677938,0.34983373,0.3,0.335,0.365,Uncertain
Infrastructure,LBR,2010-2020,True,0.0003440976,0.19627893,0.19661134,0.00012248755,0.19567627,0.53,0.0,0.47,Uncertain
Infrastructure,LBY,2010-2020,False,-0.18587214,-0.020090014,0.1583662,2.3655634,2.5521007,0.025,0.075,0.9,Insufficient data
Infrastructure,LCA,2010-2020,True,-0.20308873,0.45008558,0.6528306,-0.17455032,0.47850385,0.0,0.0,1.0,No rural progress
Infrastructure,LIE,2010-2020,True,-0.03383681,-0.026319861,0.012597591,0.018477678,0.019387424,0.06,0.295,0.645,At parity
Infrastructure,LKA,2010-2020,True,0.16134688,0.1455413,-0.014165282,0.5631721,0.54957414,0.105,0.895,0.0,Converging progress
Infrastructure,LSO,2010-2020,True,0.21158671,0.2007274,-0.009481072,0.7239141,0.71368,0.205,0.795,0.0,Converging progress
Infrastructure,LTU,2010-2020,True,-0.00058341026,-0.00063824654,0.00047546625,0.00054985285,-0.000100672245,0.105,0.37,0.525,At parity
Infrastructure,LUX,2010-2020,True,0.0009126067,0.0012791753,-0.00032895803,-0.0009589195,-0.00019150972,0.15,0.385,0.465,At parity
Infrastructure,LVA,2010-2020,True,-0.0005772114,-0.00032651424,-0.00015574694,-0.0010200739,-0.00060915947,0.13,0.35,0.52,At parity
Infrastructure,MAC,2010-2020,True,-0.013522655,0.101459384,0.11884755,0.49920925,0.61509633,0.255,0.175,0.57,Uncertain
Infrastructure,MAF,2010-2020,True,0.006611556,0.0064971447,-0.00599885,0.16179991,0.17790982,0.09,0.43,0.48,Uncertain
Infrastructure,MAR,2010-2020,True,0.28913802,-0.09039006,-0.37940258,0.7600861,0.38070843,0.0,1.0,0.0,Converging progress
Infrastructure,MCO,2010-2020,True,-0.0006817579,-0.00020158291,0.0008572936,0.0013160706,0.0015019774,0.095,0.36,0.545,At parity
Infrastructure,MDA,2010-2020,True,0.48283803,0.15255725,-0.329614,0.637558,0.3078905,0.0,1.0,0.0,Converging progress
Infrastructure,MDG,2010-2020,True,-0.04666269,0.1348077,0.18129122,0.34352005,0.5260192,0.0,0.0,1.0,No rural progress
Infrastructure,MDV,2010-2020,True,0.79028,0.2610463,-0.5300305,0.5468769,0.017618835,0.0,1.0,0.0,Converging progress
Infrastructure,MEX,2010-2020,True,0.06291142,-0.1709681,-0.23319486,0.7967111,0.5631158,0.0,1.0,0.0,Converging progress
Infrastructure,MHL,2010-2020,True,-0.20411229,0.21206474,0.41748035,1.4286978,1.8461607,0.0,0.0,1.0,No rural progress
Infrastructure,MKD,2010-2020,True,0.1568376,0.20091027,0.044299513,0.54726434,0.59120214,1.0,0.0,0.0,Progress Without Convergence
Infrastructure,MLI,2010-2020,True,0.00055265427,0.04711616,0.046465814,0.39177507,0.4390639,0.52,0.0,0.48,Uncertain
Infrastructure,MLT,2010-2020,True,0.00053071976,0.00036257505,-0.00045746565,0.000892818,-8.404255e-06,0.115,0.42,0.465,At parity
Infrastructure,MMR,2010-2020,True,0.66860676,0.64373195,-0.024843931,0.694259,0.6688279,0.015,0.985,0.0,Converging progress
Infrastructure,MNE,2010-2020,True,0.019215241,-0.06672198,-0.08429539,0.39657623,0.31171164,0.0,1.0,0.0,Converging progress
Infrastructure,MNG,2010-2020,True,0.25024432,0.21936086,-0.03180778,0.7048667,0.67271864,0.0,1.0,0.0,Converging progress
Infrastructure,MNP,2010-2020,True,-0.05640748,-0.021539092,0.048297137,0.04844904,0.09336674,0.06,0.225,0.715,At parity
Infrastructure,MOZ,2010-2020,True,0.16096091,0.16502383,0.0041089356,0.8028918,0.8077574,0.655,0.345,0.0,Progress Without Convergence
Infrastructure,MRT,2010-2020,True,0.02323407,0.078991994,0.05603093,0.60265446,0.6580848,0.995,0.0,0.005,Progress Without Convergence
Infrastructure,MUS,2010-2020,True,0.271565,0.139247,-0.13230029,0.32071623,0.1892522,0.0,1.0,0.0,Converging progress
Infrastructure,MWI,2010-2020,True,-0.049316525,-0.1561113,-0.10736638,0.83114934,0.7238858,0.0,0.0,1.0,No rural progress
Infrastructure,MYS,2010-2020,True,-0.2696226,-0.37817454,-0.10967775,0.50110775,0.3923357,0.0,0.0,1.0,No rural progress
Infrastructure,NAM,2010-2020,True,0.03771016,-0.048846688,-0.08473995,0.86270124,0.7772037,0.0,1.0,0.0,Converging progress
Infrastructure,NCL,2010-2020,True,-0.031166077,-0.040692657,0.013962656,0.029502332,0.037319094,0.065,0.305,0.63,At parity
Infrastructure,NER,2010-2020,True,0.00064104795,0.3191797,0.3195848,0.7068855,1.0248148,0.55,0.0,0.45,Uncertain
Infrastructure,NGA,2010-2020,True,0.6162508,0.72874475,0.11239198,0.4673649,0.5794238,1.0,0.0,0.0,Progress Without Convergence
Infrastructure,NIC,2010-2020,True,0.06874883,0.26277477,0.19381127,0.901742,1.0962062,1.0,0.0,0.0,Progress Without Convergence
Infrastructure,NLD,2010-2020,True,5.686283e-05,0.0009046197,0.0004017949,-7.0393085e-05,-0.0001758337,0.165,0.345,0.49,At parity
Infrastructure,NOR,2010-2020,True,-0.00022393465,0.00068342686,-0.00054979324,0.0008892417,0.00059747696,0.125,0.365,0.51,At parity
Infrastructure,NPL,2010-2020,True,0.24020606,-0.0022392794,-0.24139416,0.7556728,0.51434875,0.0,1.0,0.0,Converging progress
Infrastructure,NRU,2010-2020,True,-0.00066947937,0.0006518364,0.00037580729,-0.0013512969,-0.0005262494,0.135,0.335,0.53,At parity
Infrastructure,NZL,2010-2020,True,0.0009063482,0.0009545684,-0.00035446882,-0.00057029724,-0.00044810772,0.135,0.415,0.45,At parity
Infrastructure,OMN,2010-2020,True,6.920099e-05,-0.0005645156,0.0012125373,-0.0007778406,-0.0002567172,0.155,0.345,0.5,At parity
Infrastructure,PAK,2010-2020,True,0.28782928,0.10955643,-0.1777044,0.9767122,0.7998062,0.0,1.0,0.0,Converging progress
Infrastructure,PAN,2010-2020,True,-0.0008789301,0.00076305866,0.0012670159,0.0004195571,0.0016710758,0.135,0.325,0.54,At parity
Infrastructure,PER,2010-2020,True,0.5349902,0.39636683,-0.13830799,0.9621445,0.82282364,0.0,1.0,0.0,Converging progress
Infrastructure,PHL,2010-2020,True,0.16565329,0.18090527,0.014892891,0.46549416,0.48008505,0.9,0.1,0.0,Progress Without Convergence
Infrastructure,PLW,2010-2020,True,-0.00040644407,-0.0010394454,0.0007132292,-0.00046247244,-0.00043272972,0.12,0.37,0.51,At parity
Infrastructure,PNG,2010-2020,True,0.22799814,-0.051523358,-0.27941117,0.8918185,0.6133172,0.0,1.0,0.0,Converging progress
Infrastructure,POL,2010-2020,True,7.998943e-05,0.001193881,0.00019925833,5.966425e-05,-0.0005360842,0.145,0.365,0.49,At parity
Infrastructure,PRI,2010-2020,True,-0.02583465,-0.025016457,0.0020696819,-0.03839889,-0.018054664,0.09,0.32,0.59,At parity
Infrastructure,PRK,2010-2020,True,-0.022547781,0.24351642,0.26529416,0.6337068,0.8992624,0.0,0.0,1.0,No rural progress
Infrastructure,PRT,2010-2020,True,0.0002989769,-0.0004838705,-0.00077956915,0.0007070303,0.00035333633,0.115,0.4,0.485,At parity
Infrastructure,PRY,2010-2020,True,0.16589746,0.17570685,0.010484755,0.586905,0.5965363,0.79,0.21,0.0,Progress Without Convergence
Infrastructure,PSE,2010-2020,True,0.16559407,0.017481476,-0.151878,0.231778,0.07849881,0.115,0.86,0.025,Converging progress
Infrastructure,PYF,2010-2020,True,-0.056138694,-0.023956686,0.03314072,0.030347139,0.06617963,0.075,0.215,0.71,At parity
Infrastructure,QAT,2010-2020,True,-0.0004582405,-0.00053471327,-0.00088888407,-0.00047928095,-0.0011144876,0.09,0.375,0.535,At parity
Infrastructure,ROU,2010-2020,True,0.00039803982,-0.0004902482,0.0016227961,-0.0005495548,0.00035190582,0.175,0.345,0.48,At parity
Infrastructure,RUS,2010-2020,True,-0.00088614225,-0.00018823147,-0.0006541014,-0.0002629757,9.834766e-06,0.095,0.345,0.56,At parity
Infrastructure,RWA,2010-2020,True,0.05191636,0.83045465,0.77885723,0.19311345,0.97391695,1.0,0.0,0.0,Progress Without Convergence
Infrastructure,SAU,2010-2020,True,-3.683567e-05,-0.0016546249,-0.0014067888,-0.00071179867,-0.0010218024,0.09,0.41,0.5,At parity
Infrastructure,SDN,2010-2020,True,0.37990147,0.2839712,-0.09535439,0.37841678,0.28257838,0.0,1.0,0.0,Converging progress
Infrastructure,SEN,2010-2020,True,0.025860488,-0.095030546,-0.12010574,0.8609666,0.7410512,0.0,0.995,0.005,Converging progress
Infrastructure,SGP,2010-2020,True,0.0009049773,9.447336e-05,-0.0003209114,0.00039827824,0.00025433302,0.2,0.38,0.42,At parity
Infrastructure,SLB,2010-2020,True,-0.17795467,-0.022310466,0.15661246,0.8912404,1.0484526,0.0,0.0,1.0,No rural progress
Infrastructure,SLE,2010-2020,True,-0.0010402203,0.27322,0.27417725,0.0078088045,0.28192568,0.445,0.0,0.555,Uncertain
Infrastructure,SLV,2010-2020,True,0.4145987,0.24007341,-0.17454368,0.72999716,0.5557344,0.0,1.0,0.0,Converging progress
Infrastructure,SMR,2010-2020,True,0.00040125847,-0.00031596422,-0.00089877844,0.00025868416,-0.0010680556,0.125,0.4,0.475,At parity
Infrastructure,SOM,2010-2020,True,-0.0003567338,0.36905587,0.3693937,0.33742648,0.70697945,0.485,0.0,0.515,Uncertain
Infrastructure,SRB,2010-2020,True,0.22345069,0.13825716,-0.0852662,0.5631622,0.47795886,0.0,1.0,0.0,Converging progress
Infrastructure,SSD,2010-2020,True,0.0010718107,-2.5987625e-05,-0.00037747622,-0.0001243949,-0.00016885996,0.115,0.42,0.465,At parity
Infrastructure,STP,2010-2020,True,0.12773961,0.28272575,0.15421557,0.3161068,0.4708678,1.0,0.0,0.0,Progress Without Convergence
Infrastructure,SUR,2010-2020,True,0.30071566,0.23509026,-0.06561014,0.44704038,0.3810123,0.0,1.0,0.0,Converging progress
Infrastructure,SVK,2010-2020,True,0.00039672852,0.0010693073,0.0004975796,-0.0012406111,-0.0006027818,0.14,0.365,0.495,At parity
Infrastructure,SVN,2010-2020,True,-0.00018399954,1.7285347e-06,0.00034028292,-0.0012105703,0.0005642772,0.13,0.36,0.51,At parity
Infrastructure,SWE,2010-2020,True,-0.00013524294,0.00073611736,0.00088334084,-0.0002630949,0.00050634146,0.14,0.355,0.505,At parity
Infrastructure,SWZ,2010-2020,True,0.114049256,0.2524978,0.13799685,0.69654155,0.83492875,1.0,0.0,0.0,Progress Without Convergence
Infrastructure,SXM,2010-2020,True,0.015664488,-0.025734186,-0.031513333,0.05340901,0.009750664,0.055,0.47,0.475,At parity
Infrastructure,SYC,2010-2020,True,0.000114262104,0.00041145086,0.0010213852,-0.00029408932,0.00043445826,0.12,0.385,0.495,At parity
Infrastructure,SYR,2010-2020,True,-0.29891092,-0.20726389,0.093085915,0.47503382,0.56749904,0.0,0.0,1.0,No rural progress
Infrastructure,TCA,2010-2020,True,0.47498655,-0.14930017,-0.6243242,0.49163702,-0.13534746,0.0,1.0,0.0,Converging progress
Infrastructure,TCD,2010-2020,True,-0.008494377,0.37175313,0.38082445,0.83205396,1.2121034,0.1,0.0,0.9,No rural progress
Infrastructure,TGO,2010-2020,True,0.2027216,0.3266064,0.12353331,0.75376165,0.876407,1.0,0.0,0.0,Progress Without Convergence
Infrastructure,THA,2010-2020,True,0.19500552,0.09356494,-0.10267946,0.39091027,0.28757215,0.0,1.0,0.0,Converging progress
Infrastructure,TJK,2010-2020,True,0.275416,0.32230324,0.04729989,0.69736254,0.74460936,1.0,0.0,0.0,Progress Without Convergence
Infrastructure,TKM,2010-2020,True,0.00017434359,0.00021702051,-0.00047183037,0.0003798008,0.00037622452,0.15,0.36,0.49,At parity
Infrastructure,TLS,2010-2020,True,0.43540108,0.32776207,-0.107693166,0.66674465,0.557098,0.0,1.0,0.0,Converging progress
Infrastructure,TON,2010-2020,True,0.40646482,0.21276094,-0.19437909,0.55346656,0.3593432,0.0,1.0,0.0,Converging progress
Infrastructure,TTO,2010-2020,True,-2.1159649e-05,-0.0002527833,0.000109255314,0.0018696189,0.0018387437,0.135,0.36,0.505,At parity
Infrastructure,TUN,2010-2020,True,0.24438247,0.00083088875,-0.24288595,0.2427299,-5.9247017e-05,0.0,1.0,0.0,Converging progress
Infrastructure,TUR,2010-2020,True,0.015108591,0.054532826,0.04009059,0.944096,0.9842827,0.96,0.0,0.04,Progress Without Convergence
Infrastructure,TUV,2010-2020,True,0.20721056,0.742153,0.5345718,0.4152219,0.94864863,1.0,0.0,0.0,Progress Without Convergence
Infrastructure,TZA,2010-2020,True,0.33275843,0.45998552,0.12773716,0.5428176,0.67074716,1.0,0.0,0.0,Progress Without Convergence
Infrastructure,UGA,2010-2020,True,0.0848825,0.050218165,-0.033179045,0.45186055,0.41822928,0.005,0.995,0.0,Converging progress
Infrastructure,UKR,2010-2020,True,0.010268133,0.20898259,0.19836035,0.53329384,0.7310747,0.955,0.0,0.045,Progress Without Convergence
Infrastructure,URY,2010-2020,True,0.00026929379,0.00058841705,0.00036138296,-0.0011206269,-0.00041556358,0.14,0.375,0.485,At parity
Infrastructure,USA,2010-2020,True,5.9902668e-05,0.00033652782,0.0013253689,0.00024861097,0.00068867207,0.16,0.35,0.49,At parity
Infrastructure,UZB,2010-2020,True,-0.023624755,-0.1694982,-0.14591563,0.89341384,0.74880755,0.0,0.0,1.0,No rural progress
Infrastructure,VCT,2010-2020,True,-0.1837791,-0.12949106,0.055051804,-0.034801453,0.020189837,0.0,0.0,1.0,At parity
Infrastructure,VEN,2010-2020,True,0.06601539,-0.2796992,-0.34685448,0.8790155,0.53259265,0.0,1.0,0.0,Converging progress
Infrastructure,VGB,2010-2020,True,0.24289753,0.2222045,-0.009078041,0.17891967,0.17701977,0.46,0.535,0.005,Uncertain
Infrastructure,VIR,2010-2020,True,-0.020733029,-0.023765743,-0.016076922,0.006247759,0.0055733323,0.045,0.36,0.595,At parity
Infrastructure,VNM,2010-2020,True,0.9412104,0.70221055,-0.23820436,0.57110965,0.33120164,0.0,1.0,0.0,Converging progress
Infrastructure,VUT,2010-2020,True,0.1773302,0.061546087,-0.11596885,0.7777456,0.66185606,0.0,1.0,0.0,Converging progress
Infrastructure,WSM,2010-2020,True,0.18299568,0.088327736,-0.09422429,0.48560515,0.3919205,0.0,1.0,0.0,Converging progress
Infrastructure,XKX,2010-2020,False,-0.0070231557,0.0046447515,0.018613756,-0.0132218,-0.008538485,0.185,0.295,0.52,Insufficient data
Infrastructure,YEM,2010-2020,True,-0.15383399,-0.1488018,0.0023346543,0.80552375,0.80945116,0.0,0.0,1.0,No rural progress
Infrastructure,ZAF,2010-2020,True,0.14087445,0.2720124,0.1299698,0.501022,0.6325882,1.0,0.0,0.0,Progress Without Convergence
Infrastructure,ZMB,2010-2020,True,0.0023774505,-0.21705046,-0.220238,0.8812622,0.6621858,0.0,0.62,0.38,Converging progress
Infrastructure,ZWE,2010-2020,True,0.10127312,-0.059835892,-0.15995419,1.2129662,1.0530164,0.0,1.0,0.0,Converging progress
Infrastructure,ABW,2005-2015,True,0.029873013,-0.017050624,-0.04483366,0.047375053,-0.0018160939,0.125,0.555,0.32,At parity
Infrastructure,AFG,2005-2015,True,0.41891354,0.35484678,-0.062773764,0.9908652,0.9285938,0.0,1.0,0.0,Converging progress
Infrastructure,AGO,2005-2015,True,0.014782131,-0.018377513,-0.033792138,1.0407604,1.0076383,0.0,0.96,0.04,Converging progress
Infrastructure,ALB,2005-2015,True,0.31880194,0.30964732,-0.009551138,0.566435,0.5566205,0.215,0.785,0.0,Converging progress
Infrastructure,AND,2005-2015,True,-0.00024330616,0.0007841587,0.0010234118,-0.00067800283,0.0010153055,0.165,0.33,0.505,At parity
Infrastructure,ARE,2005-2015,True,0.0012415648,-0.0004864335,-0.0015959144,0.00048583746,-0.0011323094,0.11,0.45,0.44,At parity
Infrastructure,ARG,2005-2015,True,0.36771062,0.12179932,-0.24647802,0.77773046,0.53187126,0.0,1.0,0.0,Converging progress
Infrastructure,ARM,2005-2015,True,0.42374718,0.429033,0.005044192,0.63868195,0.6428607,0.66,0.34,0.0,Progress Without Convergence
Infrastructure,ATG,2005-2015,True,-0.0005931854,3.129244e-05,0.001964569,0.00024110079,0.0015186071,0.11,0.355,0.535,At parity
Infrastructure,AUS,2005-2015,True,0.0006568432,-0.0002246499,-0.0016155839,0.00042539835,-0.0010197163,0.09,0.45,0.46,At parity
Infrastructure,AUT,2005-2015,True,0.00038695335,-0.0004005432,-0.0009442568,-0.00076955557,-0.00017344952,0.115,0.415,0.47,At parity
Infrastructure,AZE,2005-2015,True,0.4928259,0.35020667,-0.14383104,0.79785717,0.6547059,0.0,1.0,0.0,Converging progress
Infrastructure,BDI,2005-2015,True,-0.0013340116,-0.12701368,-0.124266624,0.12527704,0.00016129017,0.0,0.445,0.555,Uncertain
Infrastructure,BEL,2005-2015,True,-0.00062185526,-0.00036036968,0.00029534101,0.00045222044,-0.00018846989,0.11,0.365,0.525,At parity
Infrastructure,BEN,2005-2015,True,0.25428176,0.21045452,-0.043198407,0.6111031,0.5662467,0.0,1.0,0.0,Converging progress
Infrastructure,BFA,2005-2015,True,0.20148015,0.2149271,0.014162451,0.8442364,0.8576102,0.865,0.135,0.0,Progress Without Convergence
Infrastructure,BGD,2005-2015,True,0.35411197,0.16409421,-0.18962166,1.0201799,0.8302618,0.0,1.0,0.0,Converging progress
Infrastructure,BGR,2005-2015,True,-0.098943934,-0.014787123,0.079248115,0.31762457,0.40594292,0.06,0.1,0.84,No rural progress
Infrastructure,BHR,2005-2015,True,0.0012353063,7.724762e-05,0.00014990568,-0.00093621016,-0.0007921457,0.15,0.415,0.435,At parity
Infrastructure,BHS,2005-2015,True,-0.000913918,0.0019504428,0.0020866394,-0.0015431643,0.0006389022,0.155,0.305,0.54,At parity
Infrastructure,BIH,2005-2015,True,-0.16784659,-0.15317892,0.0148002505,0.57922125,0.5936838,0.0,0.0,1.0,No rural progress
Infrastructure,BLR,2005-2015,True,0.4371527,0.0961411,-0.34138417,0.68585205,0.34473887,0.0,1.0,0.0,Converging progress
Infrastructure,BLZ,2005-2015,True,0.026959877,0.0133770555,-0.01359266,0.5746951,0.5611697,0.12,0.88,0.0,Converging progress
Infrastructure,BMU,2005-2015,True,-0.025589973,-0.018449992,0.001250118,0.0073966086,0.009202987,0.065,0.285,0.65,At parity
Infrastructure,BOL,2005-2015,True,0.29177758,0.31909975,0.027408004,1.049917,1.076577,0.985,0.015,0.0,Progress Without Convergence
Infrastructure,BRA,2005-2015,True,0.18680936,0.1901767,0.0031266212,0.89756304,0.9013627,0.62,0.38,0.0,Progress Without Convergence
Infrastructure,BRB,2005-2015,True,-0.00044637918,-0.00024867058,-0.00035518408,0.00022345781,0.00093209743,0.1,0.385,0.515,At parity
Infrastructure,BRN,2005-2015,True,-0.00084239244,-0.00024813414,0.00026112795,0.0006425977,0.00047910213,0.125,0.315,0.56,At parity
Infrastructure,BTN,2005-2015,True,0.48812118,0.25863713,-0.23018166,1.0077524,0.77805495,0.0,1.0,0.0,Converging progress
Infrastructure,BWA,2005-2015,True,0.022111297,0.12454124,0.1023716,0.6137111,0.71552396,0.99,0.0,0.01,Progress Without Convergence
Infrastructure,CAF,2005-2015,True,-0.00029021502,0.13914973,0.13997346,0.10276985,0.24266464,0.49,0.0,0.51,Uncertain
Infrastructure,CAN,2005-2015,True,0.0005957484,-4.7564507e-05,-6.711483e-05,-0.0011710525,-5.5134296e-05,0.135,0.38,0.485,At parity
Infrastructure,CHE,2005-2015,True,0.00044733286,-9.62615e-05,0.00028032064,0.000972569,0.00047296286,0.13,0.395,0.475,At parity
Infrastructure,CHL,2005-2015,True,0.0011113882,0.00023901463,-0.0006676316,0.00084269047,-0.00027263165,0.145,0.43,0.425,At parity
Infrastructure,CHN,2005-2015,True,0.31057218,0.24961118,-0.061719745,0.59106255,0.52929723,0.0,1.0,0.0,Converging progress
Infrastructure,CIV,2005-2015,True,0.1918807,0.17268653,-0.018982202,0.9411491,0.92146385,0.045,0.955,0.0,Converging progress
Infrastructure,CMR,2005-2015,True,0.19858742,0.134166,-0.06391227,0.89523846,0.8307335,0.0,1.0,0.0,Converging progress
Infrastructure,COD,2005-2015,True,-0.0005209446,0.10707188,0.10724819,0.7281133,0.83658457,0.475,0.0,0.525,Uncertain
Infrastructure,COG,2005-2015,True,0.20722365,0.27094373,0.06417945,0.726357,0.7897322,1.0,0.0,0.0,Progress Without Convergence
Infrastructure,COL,2005-2015,True,0.16886468,0.2588671,0.08985889,0.9930955,1.0833318,1.0,0.0,0.0,Progress Without Convergence
Infrastructure,COM,2005-2015,True,0.3894105,0.38553303,-0.0027377605,0.44706494,0.4434885,0.39,0.61,0.0,Converging progress
Infrastructure,CPV,2005-2015,True,0.13227499,0.1051618,-0.026745707,0.8327039,0.8055084,0.01,0.99,0.0,Converging progress
Infrastructure,CRI,2005-2015,True,0.099180944,0.044400513,-0.054242015,0.6586417,0.6036496,0.0,1.0,0.0,Converging progress
Infrastructure,CUB,2005-2015,True,0.39704525,0.27233458,-0.12516823,0.4601325,0.33639425,0.0,1.0,0.0,Converging progress
Infrastructure,CUW,2005-2015,True,-0.017902374,-0.020720571,0.0021385252,0.01786524,0.018569589,0.09,0.32,0.59,At parity
Infrastructure,CYM,2005-2015,True,-0.013136357,-0.018186778,0.0073002875,-0.016539901,-0.013375014,0.115,0.345,0.54,At parity
Infrastructure,CYP,2005-2015,True,0.00060242414,0.0005236268,-0.00015854836,6.997585e-05,-1.5735626e-05,0.115,0.405,0.48,At parity
Infrastructure,CZE,2005-2015,True,0.00031793118,0.000641942,0.0007446408,0.00053679943,0.0010946393,0.145,0.365,0.49,At parity
Infrastructure,DEU,2005-2015,True,-0.000106573105,0.000104904175,0.00014072657,0.0004298091,5.8054924e-05,0.14,0.355,0.505,At parity
Infrastructure,DJI,2005-2015,True,-0.19246298,0.17334431,0.36608404,0.4771871,0.84253395,0.0,0.0,1.0,No rural progress
Infrastructure,DMA,2005-2015,True,0.18016884,0.009161413,-0.17078373,0.7974671,0.6264815,0.0,1.0,0.0,Converging progress
Infrastructure,DNK,2005-2015,True,0.00045204163,0.00094497204,-5.0663948e-05,0.000947237,0.00084888935,0.135,0.395,0.47,At parity
Infrastructure,DOM,2005-2015,True,0.019911997,-0.007872596,-0.02728197,0.6069007,0.57911116,0.0,0.99,0.01,Converging progress
Infrastructure,DZA,2005-2015,True,0.27897,0.0008521676,-0.27995142,0.579945,0.29997376,0.0,1.0,0.0,Converging progress
Infrastructure,ECU,2005-2015,True,0.11109521,0.027940601,-0.08238277,0.87731963,0.7951258,0.0,1.0,0.0,Converging progress
Infrastructure,EGY,2005-2015,True,0.69507253,0.3104783,-0.3844663,0.38532963,0.00052934885,0.0,1.0,0.0,Converging progress
Infrastructure,ERI,2005-2015,True,0.15961558,0.1457963,-0.014232397,0.9771507,0.9650508,0.185,0.815,0.0,Converging progress
Infrastructure,ESP,2005-2015,True,0.0008125305,0.0004592538,0.00038176775,0.0012046099,0.0008120537,0.17,0.36,0.47,At parity
Infrastructure,EST,2005-2015,True,-0.00086319447,0.00013649464,0.00073462725,-0.0014197826,-0.001098156,0.085,0.365,0.55,At parity
Infrastructure,ETH,2005-2015,True,0.0012264848,0.3969773,0.39525384,0.62847537,1.0244466,0.545,0.0,0.455,Uncertain
Infrastructure,FIN,2005-2015,True,0.0008441806,-0.00078195333,-0.0006913543,0.00012481213,-0.00018918514,0.135,0.41,0.455,At parity
Infrastructure,FJI,2005-2015,True,0.1617021,0.12864435,-0.03317389,0.52741694,0.49239224,0.0,1.0,0.0,Converging progress
Infrastructure,FRA,2005-2015,True,0.0001398921,-5.0365925e-05,-0.00061810017,0.00036674738,-6.7174435e-05,0.09,0.41,0.5,At parity
Infrastructure,FRO,2005-2015,True,-0.031281173,-0.019775987,0.0038636327,0.010920823,0.008637518,0.07,0.31,0.62,At parity
Infrastructure,FSM,2005-2015,True,-0.14580661,0.027339935,0.17404968,1.0605923,1.233766,0.0,0.0,1.0,No rural progress
Infrastructure,GAB,2005-2015,True,0.22835973,0.24688244,0.01891914,0.81790555,0.83556306,0.93,0.07,0.0,Progress Without Convergence
Infrastructure,GBR,2005-2015,True,-0.0005351305,-0.0006350875,4.5895576e-06,-0.00057941675,4.5001507e-05,0.11,0.35,0.54,At parity
Infrastructure,GEO,2005-2015,True,0.533434,0.25616285,-0.2768357,1.010313,0.7314983,0.0,1.0,0.0,Converging progress
Infrastructure,GHA,2005-2015,True,0.3107525,0.21375155,-0.09567994,0.65632683,0.55980444,0.0,1.0,0.0,Converging progress
Infrastructure,GIB,2005-2015,True,-0.022694886,0.106990516,0.14002162,0.38868573,0.5292303,0.255,0.125,0.62,No rural progress
Infrastructure,GIN,2005-2015,True,0.00068712234,0.0937503,0.09361714,0.2382803,0.33274204,0.54,0.0,0.46,Uncertain
Infrastructure,GMB,2005-2015,True,-0.21994597,-0.14661139,0.07250112,0.42022473,0.49228895,0.0,0.0,1.0,No rural progress
Infrastructure,GNB,2005-2015,True,-0.0010039806,-0.04300964,-0.04255259,0.48208022,0.4399113,0.0,0.475,0.525,Uncertain
Infrastructure,GNQ,2005-2015,True,-0.02883786,0.025469452,0.055233657,0.58355486,0.63812923,0.0,0.0,1.0,No rural progress
Infrastructure,GRC,2005-2015,True,9.059906e-06,-0.00018846989,-0.001132369,-2.8908253e-05,-0.0005749464,0.11,0.39,0.5,At parity
Infrastructure,GRD,2005-2015,True,-0.11307838,0.016652733,0.12906119,0.07144965,0.2002033,0.0,0.0,1.0,No rural progress
Infrastructure,GRL,2005-2015,True,-0.008535713,-0.020172954,-0.01141122,0.0024567246,-0.007957935,0.09,0.37,0.54,At parity
Infrastructure,GTM,2005-2015,True,-0.008754641,0.0059556738,0.014412224,0.6728302,0.6876354,0.105,0.055,0.84,No rural progress
Infrastructure,GUM,2005-2015,True,-0.032619268,-0.005527079,0.017056197,0.02576971,0.030274302,0.09,0.29,0.62,At parity
Infrastructure,GUY,2005-2015,True,-8.529425e-05,0.0008304715,0.002481699,0.00011599064,0.0011355281,0.135,0.355,0.51,At parity
Infrastructure,HKG,2005-2015,True,-0.015146285,0.14874923,0.16220284,0.31889743,0.48701978,0.345,0.095,0.56,Uncertain
Infrastructure,HND,2005-2015,True,0.15596616,0.0882573,-0.067534834,0.7153233,0.6481009,0.0,1.0,0.0,Converging progress
Infrastructure,HRV,2005-2015,True,-0.001319766,-0.00040495396,0.0012825727,-0.00025331974,0.00029808283,0.09,0.335,0.575,At parity
Infrastructure,HTI,2005-2015,True,0.08383155,0.009921372,-0.0738942,0.55378145,0.4788034,0.0,1.0,0.0,Converging progress
Infrastructure,HUN,2005-2015,True,-0.0002629161,0.001070857,0.0018361807,-0.00057190657,0.0004479885,0.175,0.31,0.515,At parity
Infrastructure,IDN,2005-2015,True,0.71936095,0.6796103,-0.039517373,0.4800978,0.4395333,0.0,1.0,0.0,Converging progress
Infrastructure,IMN,2005-2015,True,-0.031285465,-0.01648724,0.0055405498,-0.027645856,-0.016631216,0.09,0.29,0.62,At parity
Infrastructure,IND,2005-2015,True,0.34706014,0.3215111,-0.027068764,0.71931857,0.692227,0.03,0.97,0.0,Converging progress
Infrastructure,IRL,2005-2015,True,0.0008535385,0.001017034,0.0003104806,3.540516e-05,-0.0006990433,0.175,0.375,0.45,At parity
Infrastructure,IRN,2005-2015,True,0.14137828,0.13259235,-0.008838624,0.5332425,0.52406645,0.195,0.805,0.0,Converging progress
Infrastructure,IRQ,2005-2015,True,0.62647855,0.7108277,0.084902436,0.33323795,0.4180834,1.0,0.0,0.0,Progress Without Convergence
Infrastructure,ISL,2005-2015,True,0.0006375909,-0.00031208992,-0.0007995367,0.00031465292,9.959936e-05,0.135,0.39,0.475,At parity
Infrastructure,ISR,2005-2015,True,0.00053167343,0.0012052059,0.0018516779,-0.00068086386,0.0013630986,0.185,0.34,0.475,At parity
Infrastructure,ITA,2005-2015,True,-0.00015741587,0.00013178587,0.00014704466,-0.00086939335,-0.0008010864,0.16,0.335,0.505,At parity
Infrastructure,JAM,2005-2015,True,0.25052965,-0.08841926,-0.3396368,0.8351517,0.49560833,0.0,1.0,0.0,Converging progress
Infrastructure,JOR,2005-2015,True,0.04806462,0.00029349327,-0.04898268,0.05564922,0.008930981,0.0,1.0,0.0,At parity
Infrastructure,JPN,2005-2015,True,0.00059622526,-0.00065499544,-0.00019574165,-3.9935112e-05,-0.00019609928,0.135,0.4,0.465,At parity
Infrastructure,KAZ,2005-2015,True,0.19993886,0.054061174,-0.14728269,0.6618585,0.5151708,0.0,1.0,0.0,Converging progress
Infrastructure,KEN,2005-2015,True,0.35958248,0.3151736,-0.04390499,0.73939073,0.6957189,0.0,1.0,0.0,Converging progress
Infrastructure,KGZ,2005-2015,True,0.21621777,0.12722178,-0.08973515,0.64085984,0.55142343,0.0,1.0,0.0,Converging progress
Infrastructure,KHM,2005-2015,True,0.47299027,0.35266024,-0.1178762,0.8238599,0.7058317,0.0,1.0,0.0,Converging progress
Infrastructure,KIR,2005-2015,True,0.18816179,0.4531876,0.26622114,0.41385728,0.6792276,1.0,0.0,0.0,Progress Without Convergence
Infrastructure,KNA,2005-2015,True,0.0005002022,0.00083851814,0.00037699938,-0.0004543066,-4.053116e-05,0.13,0.385,0.485,At parity
Infrastructure,KOR,2005-2015,True,-6.0379505e-05,-0.00078332424,0.00025701523,-0.00031542778,-0.00020974874,0.13,0.365,0.505,At parity
Infrastructure,KWT,2005-2015,True,0.0002590418,-0.00042891502,-0.00067281723,-0.0009813905,-0.00057065487,0.13,0.385,0.485,At parity
Infrastructure,LAO,2005-2015,True,0.1933595,0.26596794,0.072627455,0.6064625,0.6785027,1.0,0.0,0.0,Progress Without Convergence
Infrastructure,LBN,2005-2015,True,0.040659443,0.10409057,0.058017403,0.23002458,0.32392508,0.285,0.335,0.38,Uncertain
Infrastructure,LBR,2005-2015,True,0.0005376935,0.057481706,0.05527836,0.00095808506,0.056480587,0.54,0.0,0.46,At parity
Infrastructure,LBY,2005-2015,True,-0.2115503,-0.027036965,0.18744576,2.2681584,2.475708,0.03,0.07,0.9,No rural progress
Infrastructure,LCA,2005-2015,True,-0.09135437,0.51959765,0.610464,-0.46906132,0.14122288,0.0,0.0,1.0,No rural progress
Infrastructure,LIE,2005-2015,True,-0.022755563,-0.029063284,-0.0009545088,0.015783131,0.011366159,0.055,0.33,0.615,At parity
Infrastructure,LKA,2005-2015,True,0.11441648,0.118456975,0.004651636,0.56023407,0.5643942,0.66,0.34,0.0,Progress Without Convergence
Infrastructure,LSO,2005-2015,True,0.1919471,0.23014444,0.038680404,0.6925124,0.7304412,0.995,0.005,0.0,Progress Without Convergence
Infrastructure,LTU,2005-2015,True,-0.00070637465,-0.00024801493,0.00081431866,0.00023448467,0.0017271042,0.1,0.36,0.54,At parity
Infrastructure,LUX,2005-2015,True,1.1146069e-05,4.5776367e-05,-7.861853e-05,-0.0009887218,-0.0008966923,0.125,0.38,0.495,At parity
Infrastructure,LVA,2005-2015,True,0.00017040968,0.00033551455,0.00043714046,0.00033670664,0.00025308132,0.135,0.37,0.495,At parity
Infrastructure,MAC,2005-2015,True,-0.010004103,0.12071532,0.119375944,0.422472,0.5612291,0.345,0.125,0.53,Uncertain
Infrastructure,MAF,2005-2015,False,0.027544051,0.018134534,-0.025810152,0.19084376,0.1748384,0.09,0.445,0.465,Insufficient data
Infrastructure,MAR,2005-2015,True,0.32620764,-0.0005569458,-0.32668847,0.92527246,0.5989561,0.0,1.0,0.0,Converging progress
Infrastructure,MCO,2005-2015,True,-0.00044351816,0.0003463626,0.0003822446,-0.000110924244,1.937151e-05,0.105,0.36,0.535,At parity
Infrastructure,MDA,2005-2015,True,0.5667125,0.27176172,-0.29520202,0.78276277,0.48818785,0.0,1.0,0.0,Converging progress
Infrastructure,MDG,2005-2015,True,-0.089868546,0.024322748,0.11490458,0.31552583,0.43098116,0.0,0.0,1.0,No rural progress
Infrastructure,MDV,2005-2015,True,0.8695921,0.88011014,0.010761142,0.39305386,0.4035793,0.835,0.165,0.0,Progress Without Convergence
Infrastructure,MEX,2005-2015,True,0.016516387,-0.24052127,-0.25701824,0.9325815,0.676124,0.0,0.97,0.03,Converging progress
Infrastructure,MHL,2005-2015,True,-0.104776144,0.63579726,0.741191,0.9756479,1.7176303,0.0,0.0,1.0,No rural progress
Infrastructure,MKD,2005-2015,True,0.1196965,0.25801307,0.13680203,0.4481981,0.58627534,1.0,0.0,0.0,Progress Without Convergence
Infrastructure,MLI,2005-2015,True,0.0004197359,0.016150832,0.016015947,0.37972337,0.39580607,0.43,0.085,0.485,Uncertain
Infrastructure,MLT,2005-2015,True,-0.0005096793,2.6404858e-05,-0.0004980564,0.00018382072,-0.0002567172,0.085,0.38,0.535,At parity
Infrastructure,MMR,2005-2015,True,0.65448767,0.59354204,-0.060709268,0.7404853,0.67941046,0.0,1.0,0.0,Converging progress
Infrastructure,MNE,2005-2015,True,-0.012258738,-0.10308923,-0.09098601,0.44538903,0.3524526,0.0,0.08,0.92,No rural progress
Infrastructure,MNG,2005-2015,True,0.2993476,0.19763152,-0.10165858,0.78431076,0.6826159,0.0,1.0,0.0,Converging progress
Infrastructure,MNP,2005-2015,True,-0.068519205,-0.013811111,0.04550129,0.021924108,0.0662269,0.04,0.22,0.74,At parity
Infrastructure,MOZ,2005-2015,True,-0.005366802,0.17941716,0.18467113,0.65629256,0.84057367,0.225,0.0,0.775,No rural progress
Infrastructure,MRT,2005-2015,True,0.04312381,0.09535978,0.05254808,0.57629955,0.62955165,1.0,0.0,0.0,Progress Without Convergence
Infrastructure,MUS,2005-2015,True,0.29315147,0.2299779,-0.06205009,0.33755606,0.2749498,0.0,1.0,0.0,Converging progress
Infrastructure,MWI,2005-2015,True,0.0009071827,-0.03308308,-0.03436175,0.8215556,0.78833765,0.0,0.525,0.475,Uncertain
Infrastructure,MYS,2005-2015,True,-0.23186955,-0.37426385,-0.14305514,0.57434535,0.43169957,0.0,0.0,1.0,No rural progress
Infrastructure,NAM,2005-2015,True,0.021086127,-0.03317769,-0.05319935,0.88151646,0.827894,0.0,0.99,0.01,Converging progress
Infrastructure,NCL,2005-2015,True,-0.03234124,-0.026279807,0.011979908,0.025934815,0.025642097,0.065,0.265,0.67,At parity
Infrastructure,NER,2005-2015,True,-0.0013997555,0.24624878,0.24682575,0.60783434,0.85523015,0.435,0.0,0.565,Uncertain
Infrastructure,NGA,2005-2015,True,0.393929,0.48395702,0.089963526,0.39572793,0.48543084,1.0,0.0,0.0,Progress Without Convergence
Infrastructure,NIC,2005-2015,True,0.069830716,0.22463553,0.15471956,0.8361875,0.9911237,1.0,0.0,0.0,Progress Without Convergence
Infrastructure,NLD,2005-2015,True,-0.00097060204,5.6624413e-06,0.0015265346,-0.00010830164,0.0009895563,0.105,0.345,0.55,At parity
Infrastructure,NOR,2005-2015,True,-0.0004696846,-0.0010355115,-0.00032258034,-0.0001565814,-0.00087469816,0.1,0.37,0.53,At parity
Infrastructure,NPL,2005-2015,True,0.2642049,0.16614059,-0.09975484,0.75747705,0.6571207,0.0,1.0,0.0,Converging progress
Infrastructure,NRU,2005-2015,True,-0.00038284063,0.0002169013,0.0013212562,-0.0013542771,-0.00043159723,0.125,0.37,0.505,At parity
Infrastructure,NZL,2005-2015,True,-0.0007798672,-0.0005463362,-0.00073999166,0.0012732148,-0.00067162514,0.12,0.365,0.515,At parity
Infrastructure,OMN,2005-2015,True,0.00027656555,-0.000810802,-0.0007160902,-0.0009750724,-0.0016604066,0.11,0.405,0.485,At parity
Infrastructure,PAK,2005-2015,True,0.27105924,0.19528508,-0.07648006,0.9869391,0.91076976,0.0,1.0,0.0,Converging progress
Infrastructure,PAN,2005-2015,True,0.00011873245,-7.611513e-05,-0.0007713437,0.0016607046,-6.586313e-05,0.09,0.415,0.495,At parity
Infrastructure,PER,2005-2015,True,0.40154195,0.30203676,-0.09952006,0.9996571,0.9006374,0.0,1.0,0.0,Converging progress
Infrastructure,PHL,2005-2015,True,0.06505838,0.080014,0.01557079,0.45729882,0.47221965,0.93,0.07,0.0,Progress Without Convergence
Infrastructure,PLW,2005-2015,True,0.0006250739,-0.0003401041,0.00053572655,0.00013387203,-0.00016236305,0.115,0.405,0.48,At parity
Infrastructure,PNG,2005-2015,True,0.49581867,-0.02845651,-0.52453697,1.2352185,0.71112126,0.0,1.0,0.0,Converging progress
Infrastructure,POL,2005-2015,True,-0.00025987625,-0.00014311075,0.000467062,-0.00014996529,0.00063985586,0.12,0.365,0.515,At parity
Infrastructure,PRI,2005-2015,True,-0.020008445,-0.022257805,0.007699311,-0.027895153,-0.033183396,0.085,0.29,0.625,At parity
Infrastructure,PRK,2005-2015,True,-0.027735531,0.36640048,0.39419028,0.3752278,0.77000344,0.0,0.0,1.0,No rural progress
Infrastructure,PRT,2005-2015,True,0.00046604872,-0.00020933151,0.0003157258,-2.9146671e-05,-0.0011329055,0.165,0.385,0.45,At parity
Infrastructure,PRY,2005-2015,True,0.20809123,0.20059574,-0.007722795,0.6053723,0.59785175,0.23,0.77,0.0,Converging progress
Infrastructure,PSE,2005-2015,True,0.19020177,0.028182745,-0.16637926,0.33549133,0.15644059,0.095,0.88,0.025,Converging progress
Infrastructure,PYF,2005-2015,True,-0.05136171,-0.015531689,0.043602884,-0.0008304119,0.04563123,0.055,0.24,0.705,At parity
Infrastructure,QAT,2005-2015,True,0.00034803152,-5.310774e-05,-0.0001270175,-0.00050640106,-0.0002603531,0.135,0.395,0.47,At parity
Infrastructure,ROU,2005-2015,True,0.0003797412,-0.0006535053,-0.00023174286,-0.00026726723,-0.0006752014,0.14,0.38,0.48,At parity
Infrastructure,RUS,2005-2015,True,0.0005379319,0.00018048286,-3.2186508e-05,-2.6226044e-06,0.0003924966,0.13,0.395,0.475,At parity
Infrastructure,RWA,2005-2015,True,-0.00065261126,0.5725102,0.57372195,0.00053560734,0.5738268,0.465,0.0,0.535,Uncertain
Infrastructure,SAU,2005-2015,True,0.0017861128,-0.00086176395,-0.0005862713,0.0009300709,-0.00023072958,0.125,0.435,0.44,At parity
Infrastructure,SDN,2005-2015,True,0.41789696,0.36689305,-0.049981117,0.38216788,0.33246034,0.0,1.0,0.0,Converging progress
Infrastructure,SEN,2005-2015,True,-0.075517416,-0.22753313,-0.15206948,0.9245698,0.7724541,0.0,0.0,1.0,No rural progress
Infrastructure,SGP,2005-2015,True,-0.00034070015,0.000988245,0.0011609197,0.00047039986,0.00097441673,0.15,0.335,0.515,At parity
Infrastructure,SLB,2005-2015,True,-0.17892408,-0.013145775,0.16558617,0.8119961,0.9774648,0.0,0.0,1.0,No rural progress
Infrastructure,SLE,2005-2015,True,-0.0001872778,0.18717116,0.18730247,0.0010201335,0.1880356,0.49,0.0,0.51,Uncertain
Infrastructure,SLV,2005-2015,True,0.33727163,0.27609867,-0.059935004,0.7375747,0.6755054,0.0,1.0,0.0,Converging progress
Infrastructure,SMR,2005-2015,True,0.00033849478,0.00066423416,0.00078064203,-0.00017637014,6.389618e-05,0.145,0.38,0.475,At parity
Infrastructure,SOM,2005-2015,True,-0.00088858604,0.4402132,0.43976414,0.096515596,0.5363185,0.475,0.0,0.525,Uncertain
Infrastructure,SRB,2005-2015,True,0.17789806,0.10383013,-0.07388553,0.6010635,0.52618665,0.0,1.0,0.0,Converging progress
Infrastructure,SSD,2005-2015,True,-1.1861324e-05,-0.00015097857,0.00045758486,0.0004541278,-0.0001320839,0.125,0.375,0.5,At parity
Infrastructure,STP,2005-2015,True,0.008513749,0.3447873,0.33499992,0.12747014,0.46273637,0.885,0.0,0.115,Progress Without Convergence
Infrastructure,SUR,2005-2015,True,0.27609003,0.24870333,-0.027692348,0.44542468,0.41889542,0.01,0.99,0.0,Converging progress
Infrastructure,SVK,2005-2015,True,0.000295043,-0.0015086532,-5.9127808e-05,3.1888485e-05,0.00014638901,0.145,0.37,0.485,At parity
Infrastructure,SVN,2005-2015,True,-0.00041019917,5.1617622e-05,0.000102460384,-3.5762787e-05,0.00028723478,0.1,0.38,0.52,At parity
Infrastructure,SWE,2005-2015,True,-2.092123e-05,-0.0014811158,-0.0022722483,0.00045233965,0.00025433302,0.1,0.395,0.505,At parity
Infrastructure,SWZ,2005-2015,True,0.1884445,0.27429315,0.0861716,0.66311836,0.74991,1.0,0.0,0.0,Progress Without Convergence
Infrastructure,SXM,2005-2015,False,-0.0009714365,-0.019153535,-0.033492625,0.077708066,0.03046608,0.045,0.455,0.5,Insufficient data
Infrastructure,SYC,2005-2015,True,0.0006098747,-0.00025171041,-0.002018094,0.0006583929,-0.0007263422,0.115,0.425,0.46,At parity
Infrastructure,SYR,2005-2015,True,-0.23634799,-0.01033479,0.22705606,0.3822776,0.6085544,0.0,0.0,1.0,No rural progress
Infrastructure,TCA,2005-2015,True,0.53041995,-0.15759194,-0.69263995,0.8419157,0.17716432,0.0,1.0,0.0,Converging progress
Infrastructure,TCD,2005-2015,True,-0.23648643,0.34775403,0.5843488,0.43740195,1.021291,0.0,0.0,1.0,No rural progress
Infrastructure,TGO,2005-2015,True,0.12788755,0.48082963,0.35380015,0.47237545,0.8261256,1.0,0.0,0.0,Progress Without Convergence
Infrastructure,THA,2005-2015,True,0.17862156,0.037261855,-0.14133577,0.46529204,0.32400778,0.0,1.0,0.0,Converging progress
Infrastructure,TJK,2005-2015,True,0.34132457,0.3698238,0.027762353,0.68800384,0.7171825,1.0,0.0,0.0,Progress Without Convergence
Infrastructure,TKM,2005-2015,True,0.043934017,0.00052410364,-0.04335183,0.043771267,0.000120818615,0.0,1.0,0.0,At parity
Infrastructure,TLS,2005-2015,True,0.49023092,0.36787614,-0.12102693,0.7094064,0.58784467,0.0,1.0,0.0,Converging progress
Infrastructure,TON,2005-2015,True,0.35081542,0.21861374,-0.13139887,0.60548425,0.47445023,0.0,1.0,0.0,Converging progress
Infrastructure,TTO,2005-2015,True,0.00021195412,0.00089138746,-0.00018715858,0.000367105,4.3690205e-05,0.145,0.38,0.475,At parity
Infrastructure,TUN,2005-2015,True,0.56231797,0.28185967,-0.2802853,0.29006517,0.010047615,0.0,1.0,0.0,Converging progress
Infrastructure,TUR,2005-2015,True,0.041691348,0.23705485,0.19587272,0.7925682,0.98779106,1.0,0.0,0.0,Progress Without Convergence
Infrastructure,TUV,2005-2015,True,0.32869902,0.9373445,0.6091224,0.115424395,0.7242646,1.0,0.0,0.0,Progress Without Convergence
Infrastructure,TZA,2005-2015,True,0.15850836,0.40055364,0.24280876,0.39054227,0.6332375,1.0,0.0,0.0,Progress Without Convergence
Infrastructure,UGA,2005-2015,True,-0.0004273653,-0.009554446,-0.009749174,0.47186327,0.46201718,0.015,0.47,0.515,Uncertain
Infrastructure,UKR,2005-2015,True,0.042771306,0.24758065,0.20471478,0.42935896,0.63414,1.0,0.0,0.0,Progress Without Convergence
Infrastructure,URY,2005-2015,True,0.0005772114,-0.0003566742,-0.0012464523,-0.0010751486,-0.0015156865,0.095,0.42,0.485,At parity
Infrastructure,USA,2005-2015,True,4.5478344e-05,0.000492692,0.0004426837,-0.00043022633,0.00045585632,0.11,0.39,0.5,At parity
Infrastructure,UZB,2005-2015,True,0.005250931,-0.07671496,-0.08258766,0.904293,0.8209102,0.0,0.755,0.245,Converging progress
Infrastructure,VCT,2005-2015,True,-0.13818872,-0.09774557,0.040541157,-0.039468884,0.00086410344,0.0,0.0,1.0,At parity
Infrastructure,VEN,2005-2015,True,0.074796,-0.26547807,-0.3405939,1.0444063,0.70344543,0.0,1.0,0.0,Converging progress
Infrastructure,VGB,2005-2015,True,0.27318525,0.24874017,-0.01433678,0.18500908,0.18702558,0.435,0.565,0.0,Uncertain
Infrastructure,VIR,2005-2015,True,-0.027456105,-0.024325192,-0.022027284,-0.0073713064,-0.0117890835,0.055,0.33,0.615,At parity
Infrastructure,VNM,2005-2015,True,0.7402469,0.5639483,-0.17645827,0.63732255,0.46037567,0.0,1.0,0.0,Converging progress
Infrastructure,VUT,2005-2015,True,0.11251706,-0.08395381,-0.19600967,0.8934836,0.69677675,0.0,1.0,0.0,Converging progress
Infrastructure,WSM,2005-2015,True,0.21643585,0.09901576,-0.116199,0.55444604,0.43786073,0.0,1.0,0.0,Converging progress
Infrastructure,XKX,2005-2015,False,-0.0018175244,0.0067662597,0.012391001,-0.005392432,-0.024995476,0.16,0.33,0.51,Insufficient data
Infrastructure,YEM,2005-2015,True,-0.049428508,-0.020768896,0.028819978,0.7887074,0.81796783,0.0,0.0,1.0,No rural progress
Infrastructure,ZAF,2005-2015,True,0.22503138,0.27838463,0.053973943,0.50552464,0.5603303,1.0,0.0,0.0,Progress Without Convergence
Infrastructure,ZMB,2005-2015,True,0.051501453,-0.11477336,-0.16572833,0.9546236,0.78851557,0.0,1.0,0.0,Converging progress
Infrastructure,ZWE,2005-2015,True,0.066432476,-0.089992315,-0.15605289,1.2820108,1.1258664,0.0,1.0,0.0,Converging progress
Infrastructure,ABW,2000-2010,True,0.03455302,-0.017633885,-0.053950757,0.06283265,0.021403193,0.105,0.57,0.325,At parity
Infrastructure,AFG,2000-2010,True,0.516797,0.45850092,-0.059241682,1.0237696,0.96676177,0.0,1.0,0.0,Converging progress
Infrastructure,AGO,2000-2010,True,0.004505694,-0.046341185,-0.051032424,1.0779543,1.0263743,0.0,0.675,0.325,Converging progress
Infrastructure,ALB,2000-2010,True,0.36094335,0.34334838,-0.016684145,0.5750848,0.5579227,0.05,0.95,0.0,Converging progress
Infrastructure,AND,2000-2010,True,0.0007688403,0.0010925531,0.0006662607,-0.00016659498,-0.001080215,0.185,0.32,0.495,At parity
Infrastructure,ARE,2000-2010,True,-5.364418e-06,0.0009075403,0.00016981363,-0.00014060736,0.0009146929,0.13,0.37,0.5,At parity
Infrastructure,ARG,2000-2010,True,0.39736277,0.32686824,-0.07064763,0.7690622,0.6982763,0.0,1.0,0.0,Converging progress
Infrastructure,ARM,2000-2010,True,0.55001235,0.55025494,0.00044506788,0.65542394,0.6548707,0.52,0.48,0.0,Uncertain
Infrastructure,ATG,2000-2010,True,0.0019354224,0.0005621314,-0.0017065406,0.0023622513,0.0005195737,0.09,0.49,0.42,At parity
Infrastructure,AUS,2000-2010,True,-0.00017404556,0.0010306835,0.0008716583,-0.0006451607,-0.00029850006,0.165,0.33,0.505,At parity
Infrastructure,AUT,2000-2010,True,-0.0012363195,0.0009771585,0.0019233823,-0.00096935034,0.00086545944,0.1,0.34,0.56,At parity
Infrastructure,AZE,2000-2010,True,0.5889367,0.43432146,-0.15452638,0.8841035,0.7300492,0.0,1.0,0.0,Converging progress
Infrastructure,BDI,2000-2010,True,-0.00046527386,-0.25710607,-0.25586796,0.25775063,0.0014751554,0.0,0.48,0.52,Uncertain
Infrastructure,BEL,2000-2010,True,-0.00018417835,-0.00048714876,0.00040769577,0.0008519888,0.0005583167,0.11,0.38,0.51,At parity
Infrastructure,BEN,2000-2010,True,0.17051458,0.5495501,0.37982213,0.25884658,0.6386323,1.0,0.0,0.0,Progress Without Convergence
Infrastructure,BFA,2000-2010,True,0.19067144,0.17169446,-0.019489884,0.85736126,0.8363745,0.05,0.95,0.0,Converging progress
Infrastructure,BGD,2000-2010,True,0.34057134,0.092127964,-0.2483728,1.1605849,0.9122169,0.0,1.0,0.0,Converging progress
Infrastructure,BGR,2000-2010,True,-0.1142093,-0.028312132,0.08786814,0.27168196,0.37225932,0.04,0.045,0.915,No rural progress
Infrastructure,BHR,2000-2010,True,0.0010115504,0.0010774136,-0.00022989511,-7.033348e-06,-0.000182271,0.19,0.4,0.41,At parity
Infrastructure,BHS,2000-2010,True,-0.0020173788,0.0004259944,0.0025520325,-0.0014514327,0.00052529573,0.095,0.275,0.63,At parity
Infrastructure,BIH,2000-2010,True,-0.17443413,-0.18070251,-0.005790502,0.57879746,0.5740673,0.0,0.0,1.0,No rural progress
Infrastructure,BLR,2000-2010,True,0.4381693,0.36999688,-0.06783387,0.62570643,0.55765915,0.0,1.0,0.0,Converging progress
Infrastructure,BLZ,2000-2010,True,0.077237576,0.10170454,0.02426523,0.56391656,0.588149,0.98,0.02,0.0,Progress Without Convergence
Infrastructure,BMU,2000-2010,True,-0.029955983,-0.014369726,0.019607991,-0.01732248,0.015282303,0.075,0.27,0.655,At parity
Infrastructure,BOL,2000-2010,True,0.2880664,0.23429951,-0.053711414,1.0793349,1.0256655,0.0,1.0,0.0,Converging progress
Infrastructure,BRA,2000-2010,True,0.16933936,0.22500628,0.05688736,0.86769736,0.92423844,1.0,0.0,0.0,Progress Without Convergence
Infrastructure,BRB,2000-2010,True,-0.001796186,-6.556511e-07,0.001857698,-0.0017955899,0.00015807152,0.115,0.31,0.575,At parity
Infrastructure,BRN,2000-2010,True,-0.00033414364,0.0009796619,-0.00014388561,-0.0014284849,0.00023144484,0.125,0.36,0.515,At parity
Infrastructure,BTN,2000-2010,True,0.62330747,0.4421854,-0.18078357,1.092016,0.91187394,0.0,1.0,0.0,Converging progress
Infrastructure,BWA,2000-2010,True,0.12449485,0.17476398,0.04941362,0.6100415,0.65981376,1.0,0.0,0.0,Progress Without Convergence
Infrastructure,CAF,2000-2010,True,0.00063312054,0.052552104,0.05191475,0.1183877,0.16925144,0.52,0.0,0.48,Uncertain
Infrastructure,CAN,2000-2010,True,0.00023901463,8.958578e-05,-0.000692606,0.0012379885,0.00099051,0.1,0.415,0.485,At parity
Infrastructure,CHE,2000-2010,True,-0.0004298091,0.00010985136,0.00074368715,-2.4318695e-05,0.00042515993,0.135,0.35,0.515,At parity
Infrastructure,CHL,2000-2010,True,0.0028795004,-0.00015544891,-0.0026907325,0.0033989549,0.0007996559,0.14,0.485,0.375,At parity
Infrastructure,CHN,2000-2010,True,0.18259823,0.18227687,-0.001404494,0.5758738,0.57514864,0.44,0.56,0.0,Uncertain
Infrastructure,CIV,2000-2010,True,0.09938508,0.04000914,-0.060418934,0.98225987,0.92190766,0.0,1.0,0.0,Converging progress
Infrastructure,CMR,2000-2010,True,0.22078729,0.19866547,-0.020330697,0.89368224,0.87294245,0.03,0.97,0.0,Converging progress
Infrastructure,COD,2000-2010,True,0.0018143654,0.21913046,0.21790528,0.5970547,0.81517833,0.56,0.0,0.44,Uncertain
Infrastructure,COG,2000-2010,True,0.21243721,0.23688456,0.024238199,0.71913433,0.7440282,0.99,0.01,0.0,Progress Without Convergence
Infrastructure,COL,2000-2010,True,0.108267576,0.25658634,0.1500727,0.9029733,1.0502903,1.0,0.0,0.0,Progress Without Convergence
Infrastructure,COM,2000-2010,True,0.28239703,0.53273565,0.24866056,0.20279825,0.45151377,1.0,0.0,0.0,Progress Without Convergence
Infrastructure,CPV,2000-2010,True,0.044657618,0.04797355,0.003046006,0.81927454,0.82198775,0.575,0.425,0.0,Uncertain
Infrastructure,CRI,2000-2010,True,0.053075843,0.047280133,-0.005582541,0.65030503,0.64469385,0.335,0.665,0.0,Converging progress
Infrastructure,CUB,2000-2010,True,0.5993181,0.38698596,-0.21202222,0.5795138,0.3670503,0.0,1.0,0.0,Converging progress
Infrastructure,CUW,2000-2010,True,-0.020919144,-0.023162365,0.0031661093,0.016992778,0.0016995966,0.08,0.315,0.605,At parity
Infrastructure,CYM,2000-2010,True,-0.0019203424,-0.016489834,-0.007280618,0.007840574,-0.022116512,0.08,0.42,0.5,At parity
Infrastructure,CYP,2000-2010,True,0.00019532442,-2.4437904e-06,0.000102341175,-0.0009114146,-0.0006098151,0.145,0.37,0.485,At parity
Infrastructure,CZE,2000-2010,True,-0.00038164854,-0.0007278323,0.00016951561,-0.0003964305,-0.0011051893,0.115,0.355,0.53,At parity
Infrastructure,DEU,2000-2010,True,0.00015419722,-0.0002514124,4.4107437e-06,0.0008662939,0.0006585121,0.115,0.4,0.485,At parity
Infrastructure,DJI,2000-2010,True,-0.18364036,0.16888934,0.3520972,0.3126114,0.6632469,0.0,0.0,1.0,No rural progress
Infrastructure,DMA,2000-2010,True,0.19324073,0.21031733,0.015864372,0.73762715,0.75370216,0.895,0.105,0.0,Progress Without Convergence
Infrastructure,DNK,2000-2010,True,0.0006608963,0.0010191202,0.0016813874,-0.0010544658,0.00088119507,0.15,0.385,0.465,At parity
Infrastructure,DOM,2000-2010,True,0.026853442,0.0066812485,-0.020031571,0.61576635,0.59569037,0.07,0.93,0.0,Converging progress
Infrastructure,DZA,2000-2010,True,0.32084855,-0.00032401085,-0.32108808,0.7482171,0.42752326,0.0,1.0,0.0,Converging progress
Infrastructure,ECU,2000-2010,True,0.18655303,0.094848126,-0.09084797,0.92375207,0.8334141,0.0,1.0,0.0,Converging progress
Infrastructure,EGY,2000-2010,True,1.0402905,0.5032108,-0.537133,0.62050736,0.082342595,0.0,1.0,0.0,Converging progress
Infrastructure,ERI,2000-2010,True,0.09770727,0.20654142,0.107417375,0.8636155,0.9716691,1.0,0.0,0.0,Progress Without Convergence
Infrastructure,ESP,2000-2010,True,0.0004453659,0.0006172657,-0.0004798174,-0.00020128489,-3.683567e-05,0.105,0.415,0.48,At parity
Infrastructure,EST,2000-2010,True,0.00076186657,-0.00029456615,-0.0005978942,0.0012182593,-0.000107228756,0.135,0.405,0.46,At parity
Infrastructure,ETH,2000-2010,True,0.00065392256,0.4482931,0.44753358,0.39532804,0.8431234,0.53,0.0,0.47,Uncertain
Infrastructure,FIN,2000-2010,True,-8.583069e-06,0.0007329583,0.0013502836,0.00041121244,0.0015550852,0.145,0.355,0.5,At parity
Infrastructure,FJI,2000-2010,True,0.09752673,0.045576394,-0.05318053,0.55901396,0.5068698,0.0,1.0,0.0,Converging progress
Infrastructure,FRA,2000-2010,True,-0.0002644658,0.00042891502,6.5505505e-05,-0.0005942583,0.00040137768,0.115,0.375,0.51,At parity
Infrastructure,FRO,2000-2010,True,-0.035135865,-0.010207415,0.013538182,-0.001376003,0.006275326,0.095,0.27,0.635,At parity
Infrastructure,FSM,2000-2010,True,-0.028057635,0.027724296,0.05601275,1.1117291,1.1678145,0.0,0.0,1.0,No rural progress
Infrastructure,GAB,2000-2010,True,0.23821205,0.2370052,-0.00089770555,0.82559013,0.8245522,0.47,0.53,0.0,Uncertain
Infrastructure,GBR,2000-2010,True,-0.0010012388,2.0325184e-05,0.00024467707,0.00017666817,0.00064635277,0.11,0.33,0.56,At parity
Infrastructure,GEO,2000-2010,True,0.5056613,0.2536806,-0.25322714,1.1316392,0.8779033,0.0,1.0,0.0,Converging progress
Infrastructure,GHA,2000-2010,True,0.3229947,0.24052808,-0.08359259,0.7034782,0.6201936,0.0,1.0,0.0,Converging progress
Infrastructure,GIB,2000-2010,True,-0.028975666,0.12588632,0.15039283,0.31881154,0.46237037,0.29,0.1,0.61,No rural progress
Infrastructure,GIN,2000-2010,True,-0.00053840876,0.024062634,0.022693634,0.2375623,0.26160437,0.45,0.035,0.515,Uncertain
Infrastructure,GMB,2000-2010,True,-0.23722225,-0.09338707,0.14406776,0.32611793,0.46990234,0.0,0.0,1.0,No rural progress
Infrastructure,GNB,2000-2010,True,-0.00035011768,-0.06438178,-0.06307346,0.5262827,0.4621948,0.0,0.47,0.53,Uncertain
Infrastructure,GNQ,2000-2010,True,0.06785995,0.09048599,0.022619516,0.5771332,0.6004308,0.965,0.035,0.0,Progress Without Convergence
Infrastructure,GRC,2000-2010,True,-1.50203705e-05,-5.8591366e-05,-3.7550926e-06,-2.1636486e-05,0.00017744303,0.15,0.35,0.5,At parity
Infrastructure,GRD,2000-2010,True,-0.027402498,0.101857856,0.12934351,0.013184175,0.14231989,0.0,0.0,1.0,No rural progress
Infrastructure,GRL,2000-2010,True,-0.012620389,-0.02690062,-0.015991658,0.016753316,-0.0029340386,0.08,0.36,0.56,At parity
Infrastructure,GTM,2000-2010,True,-0.116107166,-0.06426668,0.05165127,0.63428575,0.6855339,0.0,0.0,1.0,No rural progress
Infrastructure,GUM,2000-2010,True,-0.029376388,-0.0029357672,-0.0008853674,-0.0015793443,0.02559793,0.055,0.32,0.625,At parity
Infrastructure,GUY,2000-2010,True,0.0019842386,0.0022737384,-0.00021600723,0.00075399876,0.0007159114,0.185,0.42,0.395,At parity
Infrastructure,HKG,2000-2010,True,0.001021266,0.17080897,0.17306626,0.24718618,0.40937996,0.405,0.095,0.5,Uncertain
Infrastructure,HND,2000-2010,True,0.19193596,0.16956738,-0.020324558,0.714499,0.6934289,0.03,0.97,0.0,Converging progress
Infrastructure,HRV,2000-2010,True,-0.0004969835,-0.00018882751,0.00049078465,-0.0010306835,0.0005991459,0.14,0.35,0.51,At parity
Infrastructure,HTI,2000-2010,True,0.15496194,0.04307747,-0.11089826,0.62446094,0.5117569,0.0,1.0,0.0,Converging progress
Infrastructure,HUN,2000-2010,True,0.00034093857,-0.0007286072,-0.00075930357,-0.00010663271,-0.0008172989,0.115,0.395,0.49,At parity
Infrastructure,IDN,2000-2010,True,0.7703657,0.6116178,-0.15787843,0.6084122,0.45052895,0.0,1.0,0.0,Converging progress
Infrastructure,IMN,2000-2010,True,-0.01974237,-0.016207606,0.011009157,-0.012935072,-0.020614684,0.09,0.3,0.61,At parity
Infrastructure,IND,2000-2010,True,0.24364206,0.24014285,-0.004071921,0.7200291,0.7168083,0.375,0.625,0.0,Converging progress
Infrastructure,IRL,2000-2010,True,0.001489222,-0.0014536977,-0.0035398006,0.0003476143,-0.0020769835,0.12,0.45,0.43,At parity
Infrastructure,IRN,2000-2010,True,0.23672155,0.25071964,0.01442036,0.5254139,0.54033905,0.9,0.1,0.0,Progress Without Convergence
Infrastructure,IRQ,2000-2010,True,0.64546,0.7451291,0.0997175,0.30344605,0.40371835,1.0,0.0,0.0,Progress Without Convergence
Infrastructure,ISL,2000-2010,True,-0.00037801266,0.00065624714,-0.00064873695,-0.0003167987,-1.5616417e-05,0.105,0.37,0.525,At parity
Infrastructure,ISR,2000-2010,True,0.00077050924,-0.00047582388,-5.531311e-05,-0.0012722611,-0.0008252263,0.155,0.38,0.465,At parity
Infrastructure,ITA,2000-2010,True,0.00023263693,0.00026524067,0.0011720657,-0.0005736351,1.2755394e-05,0.155,0.355,0.49,At parity
Infrastructure,JAM,2000-2010,True,0.27849397,-0.025463253,-0.30395532,0.9544353,0.65081525,0.0,1.0,0.0,Converging progress
Infrastructure,JOR,2000-2010,True,0.15509087,0.0003629923,-0.15514761,0.15665647,0.0010613203,0.0,1.0,0.0,Converging progress
Infrastructure,JPN,2000-2010,True,-0.00041508675,-0.0013962984,-0.0010448098,0.00067579746,-0.00040632486,0.08,0.39,0.53,At parity
Infrastructure,KAZ,2000-2010,True,0.2221603,0.11721709,-0.1036824,0.7026304,0.59752834,0.0,1.0,0.0,Converging progress
Infrastructure,KEN,2000-2010,True,0.31807846,0.3834828,0.06414384,0.66891545,0.73282367,1.0,0.0,0.0,Progress Without Convergence
Infrastructure,KGZ,2000-2010,True,0.28264567,0.17891607,-0.10332495,0.6974224,0.5948508,0.0,1.0,0.0,Converging progress
Infrastructure,KHM,2000-2010,True,0.39777893,0.39788604,0.0009046793,0.8232217,0.8242928,0.545,0.455,0.0,Uncertain
Infrastructure,KIR,2000-2010,True,0.0527696,0.5283771,0.47511214,0.13541174,0.60913527,1.0,0.0,0.0,Progress Without Convergence
Infrastructure,KNA,2000-2010,True,0.0023949742,0.00090134144,-0.0016043782,0.0018846989,0.0005068183,0.17,0.465,0.365,At parity
Infrastructure,KOR,2000-2010,True,0.0001488924,0.00070410967,-0.00046527386,1.4901161e-05,-0.0009507537,0.13,0.38,0.49,At parity
Infrastructure,KWT,2000-2010,True,-0.00040215254,-0.00087732077,-0.00014406443,-0.0004684329,0.00012999773,0.105,0.38,0.515,At parity
Infrastructure,LAO,2000-2010,True,0.047896206,0.32706708,0.27914524,0.42726606,0.70766354,1.0,0.0,0.0,Progress Without Convergence
Infrastructure,LBN,2000-2010,True,0.032967925,0.119454384,0.0666191,0.19237441,0.27677938,0.3,0.325,0.375,Uncertain
Infrastructure,LBR,2000-2010,True,0.0016556978,0.0040890574,0.002377212,-0.003100574,0.00012248755,0.21,0.36,0.43,At parity
Infrastructure,LBY,2000-2010,True,-0.22239196,-0.025238186,0.20146811,2.1663253,2.3655634,0.035,0.05,0.915,No rural progress
Infrastructure,LCA,2000-2010,True,0.033788636,0.57716167,0.5429661,-0.7178981,-0.17455032,1.0,0.0,0.0,Progress Without Convergence
Infrastructure,LIE,2000-2010,True,-0.033540457,-0.031982064,0.010404855,0.019113123,0.018477678,0.06,0.34,0.6,At parity
Infrastructure,LKA,2000-2010,True,0.10910797,0.08132443,-0.026839584,0.59110665,0.5631721,0.005,0.995,0.0,Converging progress
Infrastructure,LSO,2000-2010,True,0.19211611,0.30001312,0.10769814,0.6159811,0.7239141,1.0,0.0,0.0,Progress Without Convergence
Infrastructure,LTU,2000-2010,True,0.0017755628,-0.0007519722,-0.0015152693,0.0019703507,0.00054985285,0.145,0.42,0.435,At parity
Infrastructure,LUX,2000-2010,True,-0.00016182661,-0.000600338,0.0004864931,0.0011615753,-0.0009589195,0.105,0.385,0.51,At parity
Infrastructure,LVA,2000-2010,True,0.0009841919,1.680851e-05,-0.0022068024,0.0012292862,-0.0010200739,0.115,0.44,0.445,At parity
Infrastructure,MAC,2000-2010,True,-0.012386531,0.13164663,0.1310541,0.35109845,0.49920925,0.315,0.15,0.535,Uncertain
Infrastructure,MAF,2000-2010,False,0.027632058,0.024922192,-0.011498392,0.18913576,0.16179991,0.085,0.46,0.455,Insufficient data
Infrastructure,MAR,2000-2010,True,0.32150015,-0.0015547276,-0.3216967,1.0822618,0.7600861,0.0,1.0,0.0,Converging progress
Infrastructure,MCO,2000-2010,True,0.0006133914,0.0009880066,0.00045144558,-0.00056028366,0.0013160706,0.145,0.395,0.46,At parity
Infrastructure,MDA,2000-2010,True,0.6416625,0.3455488,-0.29703915,0.9338905,0.637558,0.0,1.0,0.0,Converging progress
Infrastructure,MDG,2000-2010,True,-0.081006944,-0.054691076,0.025647342,0.3196771,0.34352005,0.0,0.0,1.0,No rural progress
Infrastructure,MDV,2000-2010,True,1.0695059,1.1774698,0.10779698,0.43868306,0.5468769,1.0,0.0,0.0,Progress Without Convergence
Infrastructure,MEX,2000-2010,True,0.04817739,-0.2829684,-0.3305616,1.1289468,0.7967111,0.0,1.0,0.0,Converging progress
Infrastructure,MHL,2000-2010,True,-0.018757045,0.9220532,0.939661,0.48945946,1.4286978,0.035,0.0,0.965,No rural progress
Infrastructure,MKD,2000-2010,True,0.08303517,0.29215637,0.20839728,0.33898488,0.54726434,1.0,0.0,0.0,Progress Without Convergence
Infrastructure,MLI,2000-2010,True,4.595518e-05,0.027679443,0.026969492,0.36406034,0.39177507,0.505,0.01,0.485,Uncertain
Infrastructure,MLT,2000-2010,True,-0.0003118515,0.0015701652,0.00056254864,-0.00033205748,0.000892818,0.125,0.355,0.52,At parity
Infrastructure,MMR,2000-2010,True,0.4661041,0.52606857,0.05960524,0.6349227,0.694259,1.0,0.0,0.0,Progress Without Convergence
Infrastructure,MNE,2000-2010,True,-0.034101695,-0.12471209,-0.09128173,0.487432,0.39657623,0.0,0.0,1.0,No rural progress
Infrastructure,MNG,2000-2010,True,0.32445318,0.11563884,-0.20877713,0.91338784,0.7048667,0.0,1.0,0.0,Converging progress
Infrastructure,MNP,2000-2010,True,-0.06355822,0.002304405,0.053926677,-0.02592665,0.04844904,0.065,0.215,0.72,At parity
Infrastructure,MOZ,2000-2010,True,-0.12459463,0.21031266,0.33572793,0.46776956,0.8028918,0.0,0.0,1.0,No rural progress
Infrastructure,MRT,2000-2010,True,0.097684264,0.16943157,0.07193592,0.5309796,0.60265446,1.0,0.0,0.0,Progress Without Convergence
Infrastructure,MUS,2000-2010,True,0.3203144,0.31652725,-0.003073573,0.3256408,0.32071623,0.355,0.645,0.0,Converging progress
Infrastructure,MWI,2000-2010,True,0.050682247,-0.006852895,-0.056064308,0.88869727,0.83114934,0.0,1.0,0.0,Converging progress
Infrastructure,MYS,2000-2010,True,-0.14473136,-0.24572808,-0.10093124,0.6018471,0.50110775,0.0,0.0,1.0,No rural progress
Infrastructure,NAM,2000-2010,True,0.012505919,-0.01571092,-0.026704371,0.88893485,0.86270124,0.01,0.87,0.12,Converging progress
Infrastructure,NCL,2000-2010,True,-0.04934013,-0.02681005,0.025941908,0.014746428,0.029502332,0.09,0.225,0.685,At parity
Infrastructure,NER,2000-2010,True,0.000119924545,0.15092129,0.15083027,0.5555505,0.7068855,0.51,0.0,0.49,Uncertain
Infrastructure,NGA,2000-2010,True,0.10225606,0.24867755,0.14740932,0.32028836,0.4673649,1.0,0.0,0.0,Progress Without Convergence
Infrastructure,NIC,2000-2010,True,0.06614965,0.18410295,0.11794692,0.78397477,0.901742,1.0,0.0,0.0,Progress Without Convergence
Infrastructure,NLD,2000-2010,True,4.595518e-05,-0.0010012984,-0.00053441525,0.0004772544,-7.0393085e-05,0.165,0.34,0.495,At parity
Infrastructure,NOR,2000-2010,True,-0.000926435,-0.0003157854,0.00077068806,-0.00014609098,0.0008892417,0.11,0.335,0.555,At parity
Infrastructure,NPL,2000-2010,True,0.37859297,0.4713347,0.09158188,0.6631717,0.7556728,1.0,0.0,0.0,Progress Without Convergence
Infrastructure,NRU,2000-2010,True,0.0012247562,0.0031938553,0.0009557605,-0.0020781755,-0.0013512969,0.17,0.38,0.45,At parity
Infrastructure,NZL,2000-2010,True,0.00046032667,0.0008316636,-0.0004092455,0.00054091215,-0.00057029724,0.14,0.385,0.475,At parity
Infrastructure,OMN,2000-2010,True,-0.00050389767,0.0010166168,3.3974648e-05,-1.0073185e-05,-0.0007778406,0.13,0.35,0.52,At parity
Infrastructure,PAK,2000-2010,True,0.2737542,0.23929627,-0.033557028,1.0106869,0.9767122,0.005,0.995,0.0,Converging progress
Infrastructure,PAN,2000-2010,True,0.0036906004,0.0023338199,-0.0010159016,0.0022560954,0.0004195571,0.19,0.5,0.31,At parity
Infrastructure,PER,2000-2010,True,0.37006947,0.34389353,-0.025875181,0.9864625,0.9621445,0.03,0.97,0.0,Converging progress
Infrastructure,PHL,2000-2010,True,0.036037326,0.050490707,0.014310122,0.45116097,0.46549416,0.88,0.12,0.0,Progress Without Convergence
Infrastructure,PLW,2000-2010,True,0.0019702315,0.0012909174,-0.0013933182,0.0012276769,-0.00046247244,0.17,0.45,0.38,At parity
Infrastructure,PNG,2000-2010,True,0.4398682,-0.00015062094,-0.4388858,1.3313704,0.8918185,0.0,1.0,0.0,Converging progress
Infrastructure,POL,2000-2010,True,-0.0010608435,-0.0005773306,0.0011364818,-0.00092846155,5.966425e-05,0.11,0.345,0.545,At parity
Infrastructure,PRI,2000-2010,True,-0.01950264,-0.025238276,0.0011156797,-0.017539918,-0.03839889,0.085,0.315,0.6,At parity
Infrastructure,PRK,2000-2010,True,0.001442194,0.5960499,0.5951717,0.038223505,0.6337068,0.565,0.0,0.435,Uncertain
Infrastructure,PRT,2000-2010,True,0.00022262335,0.0005146861,0.001006484,-0.00096046925,0.0007070303,0.155,0.365,0.48,At parity
Infrastructure,PRY,2000-2010,True,0.18328023,0.08557654,-0.09565058,0.68357015,0.586905,0.0,1.0,0.0,Converging progress
Infrastructure,PSE,2000-2010,True,0.20809063,0.016698569,-0.19164905,0.42845958,0.231778,0.11,0.86,0.03,Converging progress
Infrastructure,PYF,2000-2010,True,-0.049301386,-0.020577073,0.03344363,-0.010928631,0.030347139,0.06,0.23,0.71,At parity
Infrastructure,QAT,2000-2010,True,0.0005786419,-0.00040465593,-0.00062680244,-8.803606e-05,-0.00047928095,0.125,0.41,0.465,At parity
Infrastructure,ROU,2000-2010,True,0.001550734,-2.259016e-05,-0.0005490184,-0.00011307001,-0.0005495548,0.155,0.415,0.43,At parity
Infrastructure,RUS,2000-2010,True,0.00088733435,-0.0002757907,-0.00014740229,0.0017933846,-0.0002629757,0.155,0.395,0.45,At parity
Infrastructure,RWA,2000-2010,True,-8.2314014e-05,0.20613217,0.20654422,-0.012404561,0.19311345,0.495,0.0,0.505,Uncertain
Infrastructure,SAU,2000-2010,True,0.0005671382,0.0011140108,0.00053942204,-0.0006571412,-0.00071179867,0.145,0.38,0.475,At parity
Infrastructure,SDN,2000-2010,True,0.4530255,0.4650855,0.012515515,0.36486295,0.37841678,0.855,0.145,0.0,Progress Without Convergence
Infrastructure,SEN,2000-2010,True,-0.010510206,-0.07442915,-0.064189136,0.92603683,0.8609666,0.0,0.1,0.9,No rural progress
Infrastructure,SGP,2000-2010,True,-0.00025624037,0.00085783005,0.0006489754,-3.8564205e-05,0.00039827824,0.14,0.35,0.51,At parity
Infrastructure,SLB,2000-2010,True,-0.135409,-0.010457069,0.1254431,0.7655091,0.8912404,0.0,0.0,1.0,No rural progress
Infrastructure,SLE,2000-2010,True,0.00091677904,0.012957454,0.011869967,-0.0033655167,0.0078088045,0.4,0.16,0.44,At parity
Infrastructure,SLV,2000-2010,True,0.28900668,0.29005587,-0.00019389391,0.72984934,0.72999716,0.495,0.505,0.0,Uncertain
Infrastructure,SMR,2000-2010,True,0.00027620792,0.0007073879,0.0016420484,-0.00016605854,0.00025868416,0.145,0.365,0.49,At parity
Infrastructure,SOM,2000-2010,True,8.571148e-05,0.34687752,0.34540462,-0.0088890195,0.33742648,0.505,0.0,0.495,Uncertain
Infrastructure,SRB,2000-2010,True,0.1559359,0.08406663,-0.07199189,0.6346708,0.5631622,0.0,1.0,0.0,Converging progress
Infrastructure,SSD,2000-2010,True,-0.00018173456,0.0005838871,0.0005710125,0.0001630187,-0.0001243949,0.12,0.365,0.515,At parity
Infrastructure,STP,2000-2010,True,0.0045449734,0.32396692,0.31871182,-0.0041347146,0.3161068,0.68,0.0,0.32,Progress Without Convergence
Infrastructure,SUR,2000-2010,True,0.2543974,0.2580032,0.0025986135,0.44368488,0.44704038,0.58,0.42,0.0,Uncertain
Infrastructure,SVK,2000-2010,True,0.00089907646,-0.0010188222,-0.0012780428,0.000577271,-0.0012406111,0.135,0.405,0.46,At parity
Infrastructure,SVN,2000-2010,True,0.0012747049,0.00080007315,-0.0006582737,-0.00019311905,-0.0012105703,0.14,0.42,0.44,At parity
Infrastructure,SWE,2000-2010,True,0.0011795759,0.00012999773,-0.0006196499,-0.00012254715,-0.0002630949,0.145,0.415,0.44,At parity
Infrastructure,SWZ,2000-2010,True,0.23779729,0.25169346,0.014258176,0.68147033,0.69654155,0.86,0.14,0.0,Progress Without Convergence
Infrastructure,SXM,2000-2010,False,0.0030715168,-0.0173783,-0.042985737,0.09487069,0.05340901,0.03,0.48,0.49,Insufficient data
Infrastructure,SYC,2000-2010,True,0.0018594861,-0.00017762184,-0.0007645488,0.0017030835,-0.00029408932,0.145,0.415,0.44,At parity
Infrastructure,SYR,2000-2010,True,-0.041414887,-0.002595365,0.038747102,0.43599668,0.47503382,0.0,0.0,1.0,No rural progress
Infrastructure,TCA,2000-2010,True,0.5727462,-0.167416,-0.74562365,1.2364762,0.49163702,0.0,1.0,0.0,Converging progress
Infrastructure,TCD,2000-2010,True,-0.42571485,0.32460302,0.75120795,0.081071496,0.83205396,0.0,0.0,1.0,No rural progress
Infrastructure,TGO,2000-2010,True,0.011986554,0.70558137,0.6929611,0.060144246,0.75376165,0.895,0.0,0.105,Progress Without Convergence
Infrastructure,THA,2000-2010,True,0.1662071,0.033241972,-0.13398889,0.5245756,0.39091027,0.0,1.0,0.0,Converging progress
Infrastructure,TJK,2000-2010,True,0.459121,0.4396419,-0.019449532,0.716755,0.69736254,0.05,0.95,0.0,Converging progress
Infrastructure,TKM,2000-2010,True,0.2536671,0.0012969375,-0.25363976,0.25326613,0.0003798008,0.0,1.0,0.0,Converging progress
Infrastructure,TLS,2000-2010,True,0.24519497,0.38689816,0.14348474,0.5250673,0.66674465,1.0,0.0,0.0,Progress Without Convergence
Infrastructure,TON,2000-2010,True,0.35689732,0.2469433,-0.109888375,0.6633673,0.55346656,0.0,1.0,0.0,Converging progress
Infrastructure,TTO,2000-2010,True,0.00071787834,0.0014053583,0.0011253953,-2.9325485e-05,0.0018696189,0.165,0.375,0.46,At parity
Infrastructure,TUN,2000-2010,True,0.6493625,0.6726662,0.023539282,0.21865171,0.2427299,0.985,0.015,0.0,Progress Without Convergence
Infrastructure,TUR,2000-2010,True,0.080327444,0.3570834,0.27722582,0.6668564,0.944096,1.0,0.0,0.0,Progress Without Convergence
Infrastructure,TUV,2000-2010,True,0.4186381,1.0082841,0.589423,-0.17319643,0.4152219,1.0,0.0,0.0,Progress Without Convergence
Infrastructure,TZA,2000-2010,True,0.0075781345,0.26857662,0.260175,0.28289425,0.5428176,0.855,0.0,0.145,Progress Without Convergence
Infrastructure,UGA,2000-2010,True,0.0027717352,-0.10705054,-0.108638525,0.560174,0.45186055,0.0,0.63,0.37,Converging progress
Infrastructure,UKR,2000-2010,True,0.06352526,0.26617396,0.20289075,0.33033085,0.53329384,1.0,0.0,0.0,Progress Without Convergence
Infrastructure,URY,2000-2010,True,0.0021457672,-0.0012643933,-0.0028401613,0.0014486313,-0.0011206269,0.16,0.44,0.4,At parity
Infrastructure,USA,2000-2010,True,0.00079089403,-0.00013190508,-0.0010212064,0.0007095337,0.00024861097,0.115,0.42,0.465,At parity
Infrastructure,UZB,2000-2010,True,0.027585112,0.067130566,0.039136052,0.8541675,0.89341384,0.995,0.0,0.005,Progress Without Convergence
Infrastructure,VCT,2000-2010,True,-0.10718432,-0.027604103,0.08032742,-0.11418378,-0.034801453,0.0,0.0,1.0,No rural progress
Infrastructure,VEN,2000-2010,True,0.02923755,-0.1911057,-0.22061756,1.0985149,0.8790155,0.0,1.0,0.0,Converging progress
Infrastructure,VGB,2000-2010,True,0.29648313,0.2732465,-0.017558783,0.20121929,0.17891967,0.445,0.555,0.0,Uncertain
Infrastructure,VIR,2000-2010,True,-0.017343163,-0.01232177,-0.016670197,-0.0010563731,0.006247759,0.05,0.365,0.585,At parity
Infrastructure,VNM,2000-2010,True,0.6952839,0.54829717,-0.14799792,0.71810067,0.57110965,0.0,1.0,0.0,Converging progress
Infrastructure,VUT,2000-2010,True,0.10996264,-0.1203623,-0.22951576,1.0070918,0.7777456,0.0,1.0,0.0,Converging progress
Infrastructure,WSM,2000-2010,True,0.27556482,0.10783996,-0.16791716,0.6540085,0.48560515,0.0,1.0,0.0,Converging progress
Infrastructure,XKX,2000-2010,False,0.0034435987,0.011637449,-0.0038012862,0.028294802,-0.0132218,0.175,0.355,0.47,Insufficient data
Infrastructure,YEM,2000-2010,True,0.031203628,0.07059395,0.03837058,0.7665074,0.80552375,1.0,0.0,0.0,Progress Without Convergence
Infrastructure,ZAF,2000-2010,True,0.29019606,0.24344674,-0.04804641,0.5482578,0.501022,0.0,1.0,0.0,Converging progress
Infrastructure,ZMB,2000-2010,True,0.13452035,-0.008528352,-0.14173806,1.024648,0.8812622,0.0,1.0,0.0,Converging progress
Infrastructure,ZWE,2000-2010,True,-0.018989861,-0.1321175,-0.114066005,1.3278061,1.2129662,0.0,0.035,0.965,No rural progress
Infrastructure,ABW,2015-2021,True,0.008770704,-0.01883024,-0.024722874,-0.0018160939,-0.018702507,0.095,0.475,0.43,At parity
Infrastructure,AFG,2015-2021,True,0.15357646,0.11354759,-0.038637877,0.9285938,0.8899139,0.0,1.0,0.0,Converging progress
Infrastructure,AGO,2015-2021,True,0.018446326,-0.026118144,-0.045141578,1.0076383,0.96234965,0.0,0.99,0.01,Converging progress
Infrastructure,ALB,2015-2021,True,0.13856405,0.13037005,-0.008206159,0.5566205,0.5484055,0.275,0.725,0.0,Converging progress
Infrastructure,AND,2015-2021,True,0.0012327433,0.00075256824,-0.0012367964,0.0010153055,-0.00084221363,0.12,0.44,0.44,At parity
Infrastructure,ARE,2015-2021,True,-0.0009364486,0.0002078414,0.0003156662,-0.0011323094,-0.00047940016,0.11,0.335,0.555,At parity
Infrastructure,ARG,2015-2021,True,0.16276225,0.0010123253,-0.162922,0.53187126,0.36924824,0.0,1.0,0.0,Converging progress
Infrastructure,ARM,2015-2021,True,0.15077472,0.0021615028,-0.14874142,0.6428607,0.4945591,0.0,1.0,0.0,Converging progress
Infrastructure,ATG,2015-2021,True,0.00026327372,0.00022858381,-0.0010874271,0.0015186071,0.0008749962,0.105,0.405,0.49,At parity
Infrastructure,AUS,2015-2021,True,-0.0009967685,0.0005181432,0.0017992258,-0.0010197163,0.00012254715,0.11,0.33,0.56,At parity
Infrastructure,AUT,2015-2021,True,-0.00077420473,0.0013000369,0.0011920929,-0.00017344952,0.0014364719,0.125,0.305,0.57,At parity
Infrastructure,AZE,2015-2021,True,0.22475608,0.043706447,-0.18185472,0.6547059,0.4736255,0.0,1.0,0.0,Converging progress
Infrastructure,BDI,2015-2021,True,-0.00054991245,-0.00018715858,-0.0011777282,0.00016129017,0.0002593398,0.1,0.385,0.515,At parity
Infrastructure,BEL,2015-2021,True,0.0008096099,0.00031214952,0.0015246868,-0.00018846989,0.00070154667,0.175,0.35,0.475,At parity
Infrastructure,BEN,2015-2021,True,0.101947725,0.004917383,-0.097013116,0.5662467,0.46870014,0.0,1.0,0.0,Converging progress
Infrastructure,BFA,2015-2021,True,0.14660668,0.15399304,0.00636515,0.8576102,0.8649454,0.73,0.27,0.0,Progress Without Convergence
Infrastructure,BGD,2015-2021,True,0.18879497,0.105640054,-0.08372551,0.8302618,0.7464829,0.0,1.0,0.0,Converging progress
Infrastructure,BGR,2015-2021,True,-0.040417813,-0.011893526,0.02995272,0.40594292,0.44857997,0.035,0.19,0.775,No rural progress
Infrastructure,BHR,2015-2021,True,-0.0014494658,0.00049984455,0.00090551376,-0.0007921457,0.0006017685,0.115,0.325,0.56,At parity
Infrastructure,BHS,2015-2021,True,0.00075125694,-0.0010439754,-0.0021851063,0.0006389022,-0.0006914735,0.11,0.45,0.44,At parity
Infrastructure,BIH,2015-2021,True,-0.08665028,-0.059623137,0.027272373,0.5936838,0.62098134,0.0,0.0,1.0,No rural progress
Infrastructure,BLR,2015-2021,True,0.24363658,-4.863739e-05,-0.24307445,0.34473887,0.10265112,0.0,1.0,0.0,Converging progress
Infrastructure,BLZ,2015-2021,True,0.009179596,-0.043437883,-0.052603513,0.5611697,0.51003885,0.0,0.83,0.17,Converging progress
Infrastructure,BMU,2015-2021,True,-0.02571398,-0.017089665,0.0128311515,0.009202987,0.020837218,0.06,0.255,0.685,At parity
Infrastructure,BOL,2015-2021,True,0.17509912,0.22465035,0.04919374,1.076577,1.126085,1.0,0.0,0.0,Progress Without Convergence
Infrastructure,BRA,2015-2021,True,0.09393051,0.0044798553,-0.08979347,0.9013627,0.8116636,0.0,1.0,0.0,Converging progress
Infrastructure,BRB,2015-2021,True,-3.8444996e-05,-0.00045681,-0.00023436546,0.00093209743,0.00019478798,0.115,0.38,0.505,At parity
Infrastructure,BRN,2015-2021,True,0.00026023388,0.0006341338,0.000541687,0.00047910213,0.0010462403,0.16,0.37,0.47,At parity
Infrastructure,BTN,2015-2021,True,0.23087282,0.05191052,-0.17887282,0.77805495,0.6000439,0.0,1.0,0.0,Converging progress
Infrastructure,BWA,2015-2021,True,-0.014647841,0.034744438,0.048807383,0.71552396,0.7653774,0.025,0.0,0.975,No rural progress
Infrastructure,CAF,2015-2021,True,0.00047326088,0.094162226,0.09324813,0.24266464,0.33588344,0.525,0.0,0.475,Uncertain
Infrastructure,CAN,2015-2021,True,0.0010783076,7.3075294e-05,-0.0010011792,-5.5134296e-05,0.00027185678,0.13,0.43,0.44,At parity
Infrastructure,CHE,2015-2021,True,0.0012719631,0.00037437677,-0.001586616,0.00047296286,0.00042712688,0.13,0.43,0.44,At parity
Infrastructure,CHL,2015-2021,True,0.00035625696,-0.00015944242,0.0010745525,-0.00027263165,0.00025773048,0.17,0.35,0.48,At parity
Infrastructure,CHN,2015-2021,True,0.24902642,0.21220544,-0.035878986,0.52929723,0.4930811,0.005,0.995,0.0,Converging progress
Infrastructure,CIV,2015-2021,True,0.19689041,0.21962507,0.023143947,0.92146385,0.94607097,0.99,0.01,0.0,Progress Without Convergence
Infrastructure,CMR,2015-2021,True,0.11636835,0.07538745,-0.04164508,0.8307335,0.790694,0.0,1.0,0.0,Converging progress
Infrastructure,COD,2015-2021,True,0.056157768,-0.00085383654,-0.056406736,0.83658457,0.7779497,0.0,1.0,0.0,Converging progress
Infrastructure,COG,2015-2021,True,0.098116875,0.15423416,0.055561036,0.7897322,0.8453102,1.0,0.0,0.0,Progress Without Convergence
Infrastructure,COL,2015-2021,True,0.0970449,0.14992657,0.051807463,1.0833318,1.1366494,1.0,0.0,0.0,Progress Without Convergence
Infrastructure,COM,2015-2021,True,0.19049066,0.12356219,-0.06725314,0.4434885,0.37607607,0.0,1.0,0.0,Converging progress
Infrastructure,CPV,2015-2021,True,0.14209443,0.08005375,-0.061386645,0.8055084,0.74405336,0.0,1.0,0.0,Converging progress
Infrastructure,CRI,2015-2021,True,0.11553484,0.042064756,-0.07445261,0.6036496,0.528944,0.0,1.0,0.0,Converging progress
Infrastructure,CUB,2015-2021,True,0.109416336,0.122503,0.013222054,0.33639425,0.34929755,0.87,0.13,0.0,Progress Without Convergence
Infrastructure,CUW,2015-2021,True,-0.013746947,-0.019767016,0.0014201105,0.018569589,0.022971481,0.09,0.29,0.62,At parity
Infrastructure,CYM,2015-2021,True,-0.01538837,-0.013023138,0.001396507,-0.013375014,-0.012384325,0.065,0.345,0.59,At parity
Infrastructure,CYP,2015-2021,True,-0.00021702051,-8.33869e-05,-0.00013297796,-1.5735626e-05,0.0003041029,0.115,0.37,0.515,At parity
Infrastructure,CZE,2015-2021,True,0.0012358427,0.0005096197,-0.0007932186,0.0010946393,-0.0005046129,0.16,0.375,0.465,At parity
Infrastructure,DEU,2015-2021,True,0.0015204549,0.0004891157,-0.00093591213,5.8054924e-05,-5.3286552e-05,0.14,0.41,0.45,At parity
Infrastructure,DJI,2015-2021,True,-0.0011379719,0.053901255,0.056140333,0.84253395,0.8989283,0.45,0.0,0.55,Uncertain
Infrastructure,DMA,2015-2021,True,0.018047795,-0.103826314,-0.12219226,0.6264815,0.5035613,0.0,0.985,0.015,Converging progress
Infrastructure,DNK,2015-2021,True,0.0006939769,-0.00062662363,-0.0020334125,0.00084888935,-0.00032633543,0.09,0.45,0.46,At parity
Infrastructure,DOM,2015-2021,True,0.08874169,0.07660502,-0.010715574,0.57911116,0.5684465,0.175,0.825,0.0,Converging progress
Infrastructure,DZA,2015-2021,True,0.112294644,0.00058186054,-0.11315021,0.29997376,0.18733251,0.0,1.0,0.0,Converging progress
Infrastructure,ECU,2015-2021,True,0.017895166,-0.028589666,-0.046417207,0.7951258,0.74883455,0.0,0.985,0.015,Converging progress
Infrastructure,EGY,2015-2021,True,0.00012922287,0.000741899,0.0016391873,0.00052934885,0.00027942657,0.155,0.36,0.485,At parity
Infrastructure,ERI,2015-2021,True,0.028006792,0.012479454,-0.016441852,0.9650508,0.9483886,0.09,0.91,0.0,Converging progress
Infrastructure,ESP,2015-2021,True,0.0010728836,-0.0005969405,-0.0009562969,0.0008120537,-4.8577785e-05,0.15,0.395,0.455,At parity
Infrastructure,EST,2015-2021,True,-0.00010865927,0.00054734945,0.0010422468,-0.001098156,0.0008035302,0.14,0.35,0.51,At parity
Infrastructure,ETH,2015-2021,True,-0.002075255,0.083753586,0.08516878,1.0244466,1.1086187,0.415,0.0,0.585,Uncertain
Infrastructure,FIN,2015-2021,True,7.9631805e-05,0.00031650066,0.0018362999,-0.00018918514,0.00020080805,0.15,0.355,0.495,At parity
Infrastructure,FJI,2015-2021,True,0.13306299,0.122420296,-0.0112911165,0.49239224,0.48330078,0.18,0.82,0.0,Converging progress
Infrastructure,FRA,2015-2021,True,-0.00060111284,-3.8266182e-05,0.00056672096,-6.7174435e-05,-0.00014215708,0.125,0.355,0.52,At parity
Infrastructure,FRO,2015-2021,True,-0.023459792,-0.011130661,0.011398286,0.008637518,0.022967339,0.075,0.245,0.68,At parity
Infrastructure,FSM,2015-2021,True,-0.0084686875,-0.0012153983,0.005856037,1.233766,1.2410822,0.06,0.09,0.85,No rural progress
Infrastructure,GAB,2015-2021,True,0.10440388,0.12533918,0.02116999,0.83556306,0.85635006,0.955,0.045,0.0,Progress Without Convergence
Infrastructure,GBR,2015-2021,True,0.00010472536,0.00083869696,0.00079125166,4.5001507e-05,0.00052034855,0.145,0.365,0.49,At parity
Infrastructure,GEO,2015-2021,True,0.31517786,0.15801793,-0.15728462,0.7314983,0.575178,0.0,1.0,0.0,Converging progress
Infrastructure,GHA,2015-2021,True,0.17022955,0.10106395,-0.069096416,0.55980444,0.48999852,0.0,1.0,0.0,Converging progress
Infrastructure,GIB,2015-2021,True,-0.020615458,0.054561198,0.066731185,0.5292303,0.5764077,0.235,0.115,0.65,No rural progress
Infrastructure,GIN,2015-2021,True,-0.00044763088,0.08565551,0.08563775,0.33274204,0.4195844,0.48,0.0,0.52,Uncertain
Infrastructure,GMB,2015-2021,True,-5.9723854e-05,-0.0643968,-0.063771665,0.49228895,0.42949575,0.0,0.5,0.5,Uncertain
Infrastructure,GNB,2015-2021,True,-0.000297606,-0.07861537,-0.078097284,0.4399113,0.3617463,0.0,0.48,0.52,Uncertain
Infrastructure,GNQ,2015-2021,True,-0.10440898,-0.050361663,0.05316481,0.63812923,0.69132245,0.0,0.0,1.0,No rural progress
Infrastructure,GRC,2015-2021,True,0.0005918741,0.0009949207,4.4345856e-05,-0.0005749464,-0.00054860115,0.16,0.36,0.48,At parity
Infrastructure,GRD,2015-2021,True,-0.09563567,-0.049292788,0.04622358,0.2002033,0.2469227,0.0,0.0,1.0,No rural progress
Infrastructure,GRL,2015-2021,True,-0.013715267,-0.01841253,-0.008935422,-0.007957935,-0.013115525,0.065,0.29,0.645,At parity
Infrastructure,GTM,2015-2021,True,0.07223791,0.047072798,-0.024851859,0.6876354,0.6618541,0.01,0.99,0.0,Converging progress
Infrastructure,GUM,2015-2021,True,-0.020976722,-0.01105082,0.0068767965,0.030274302,0.040241778,0.05,0.3,0.65,At parity
Infrastructure,GUY,2015-2021,True,0.0009942055,-0.00060105324,-0.00097602606,0.0011355281,1.4305115e-05,0.125,0.42,0.455,At parity
Infrastructure,HKG,2015-2021,True,-0.004630089,0.08110261,0.079158425,0.48701978,0.5739286,0.315,0.15,0.535,Uncertain
Infrastructure,HND,2015-2021,True,0.07287678,0.0128657,-0.059661448,0.6481009,0.58729964,0.0,1.0,0.0,Converging progress
Infrastructure,HRV,2015-2021,True,0.0005648136,0.00013828278,-0.00093346834,0.00029808283,-8.5771084e-05,0.135,0.4,0.465,At parity
Infrastructure,HTI,2015-2021,True,0.037666976,-0.010797262,-0.04888481,0.4788034,0.4304024,0.0,1.0,0.0,Converging progress
Infrastructure,HUN,2015-2021,True,0.00042802095,-0.0010100007,-0.00015002489,0.0004479885,0.00071400404,0.14,0.395,0.465,At parity
Infrastructure,IDN,2015-2021,True,0.34052235,0.31957617,-0.021051213,0.4395333,0.41854694,0.02,0.98,0.0,Converging progress
Infrastructure,IMN,2015-2021,True,-0.0077959597,-0.015332997,-0.007171124,-0.016631216,0.009057909,0.085,0.355,0.56,At parity
Infrastructure,IND,2015-2021,True,0.32066518,0.27694663,-0.044898927,0.692227,0.64971995,0.0,1.0,0.0,Converging progress
Infrastructure,IRL,2015-2021,True,-0.0007905364,-0.0006850362,0.0002824068,-0.0006990433,0.00067162514,0.095,0.36,0.545,At parity
Infrastructure,IRN,2015-2021,True,-0.0029196292,-0.028648555,-0.025861293,0.52406645,0.49723017,0.0,0.39,0.61,No rural progress
Infrastructure,IRQ,2015-2021,True,0.35092258,0.09265953,-0.25844,0.4180834,0.15872055,0.0,1.0,0.0,Converging progress
Infrastructure,ISL,2015-2021,True,-0.0012906194,-8.9883804e-05,-0.00014269352,9.959936e-05,0.0001860261,0.085,0.345,0.57,At parity
Infrastructure,ISR,2015-2021,True,-0.00041258335,-0.0010330677,-0.0009227991,0.0013630986,-0.0006365776,0.11,0.375,0.515,At parity
Infrastructure,ITA,2015-2021,True,-0.000977695,-0.0008043051,0.00019329786,-0.0008010864,-0.0001552105,0.09,0.365,0.545,At parity
Infrastructure,JAM,2015-2021,True,0.12972924,-0.009860352,-0.13813372,0.49560833,0.3577729,0.0,1.0,0.0,Converging progress
Infrastructure,JOR,2015-2021,True,-0.09006214,-0.0038385987,0.08581382,0.008930981,0.09455988,0.0,0.0,1.0,At parity
Infrastructure,JPN,2015-2021,True,0.0004889369,-3.5226345e-05,0.000120937824,-0.00019609928,0.0013661385,0.13,0.4,0.47,At parity
Infrastructure,KAZ,2015-2021,True,0.07304388,-0.023248672,-0.09576309,0.5151708,0.42045164,0.0,1.0,0.0,Converging progress
Infrastructure,KEN,2015-2021,True,0.26911062,0.2674842,-0.0017971396,0.6957189,0.69372,0.43,0.57,0.0,Uncertain
Infrastructure,KGZ,2015-2021,True,0.055546477,-0.007214308,-0.062357634,0.55142343,0.48881668,0.0,1.0,0.0,Converging progress
Infrastructure,KHM,2015-2021,True,0.4369543,0.21090302,-0.22604683,0.7058317,0.4802843,0.0,1.0,0.0,Converging progress
Infrastructure,KIR,2015-2021,True,0.16082752,0.21552074,0.053807974,0.6792276,0.7343364,1.0,0.0,0.0,Progress Without Convergence
Infrastructure,KNA,2015-2021,True,-0.0006710291,-0.0004696846,-0.0013436079,-4.053116e-05,-0.0004054904,0.08,0.385,0.535,At parity
Infrastructure,KOR,2015-2021,True,-0.00061166286,0.00039750338,-0.00073987246,-0.00020974874,-0.0005004406,0.13,0.355,0.515,At parity
Infrastructure,KWT,2015-2021,True,3.4749508e-05,-0.00013357401,9.846687e-05,-0.00057065487,-0.001347959,0.14,0.36,0.5,At parity
Infrastructure,LAO,2015-2021,True,0.16082132,0.11928931,-0.041505992,0.6785027,0.63811046,0.0,1.0,0.0,Converging progress
Infrastructure,LBN,2015-2021,True,0.021904036,0.04719907,0.020691574,0.32392508,0.3490823,0.255,0.36,0.385,Uncertain
Infrastructure,LBR,2015-2021,True,-0.00016212463,0.1772561,0.1772179,0.056480587,0.23585588,0.5,0.0,0.5,Uncertain
Infrastructure,LBY,2015-2021,False,-0.11530125,-0.025813282,0.09707129,2.475708,2.5632665,0.02,0.09,0.89,Insufficient data
Infrastructure,LCA,2015-2021,True,-0.14080915,0.24434933,0.38465977,0.14122288,0.5244632,0.0,0.0,1.0,No rural progress
Infrastructure,LIE,2015-2021,True,-0.021132141,-0.017483294,-0.0012092888,0.011366159,0.008414447,0.055,0.31,0.635,At parity
Infrastructure,LKA,2015-2021,True,0.099515945,0.079167366,-0.018872619,0.5643942,0.5445043,0.04,0.96,0.0,Converging progress
Infrastructure,LSO,2015-2021,True,0.13757011,0.11404119,-0.023237348,0.7304412,0.70782065,0.02,0.98,0.0,Converging progress
Infrastructure,LTU,2015-2021,True,0.00028705597,-0.00026130676,-0.00041908026,0.0017271042,0.00012511015,0.155,0.385,0.46,At parity
Infrastructure,LUX,2015-2021,True,-0.00018376112,0.0007069111,0.00076276064,-0.0008966923,-0.0012487173,0.135,0.34,0.525,At parity
Infrastructure,LVA,2015-2021,True,-0.00012898445,0.0009294152,0.0007368326,0.00025308132,0.00024229288,0.135,0.36,0.505,At parity
Infrastructure,MAC,2015-2021,True,-0.010438621,0.05291432,0.06505829,0.5612291,0.62656355,0.23,0.205,0.565,Uncertain
Infrastructure,MAF,2015-2021,True,0.007638842,0.00521338,-0.013770372,0.1748384,0.16936016,0.085,0.455,0.46,Uncertain
Infrastructure,MAR,2015-2021,True,0.15213127,-0.12058127,-0.2727263,0.5989561,0.3264517,0.0,1.0,0.0,Converging progress
Infrastructure,MCO,2015-2021,True,0.0003695488,-0.00045973063,-0.0011907816,1.937151e-05,-7.5519085e-05,0.105,0.41,0.485,At parity
Infrastructure,MDA,2015-2021,True,0.25209463,0.06285566,-0.19059071,0.48818785,0.29915205,0.0,1.0,0.0,Converging progress
Infrastructure,MDG,2015-2021,True,0.0049719214,0.11687106,0.11317551,0.43098116,0.542801,0.725,0.0,0.275,Progress Without Convergence
Infrastructure,MDV,2015-2021,True,0.40147585,0.000359416,-0.4006228,0.4035793,0.002996862,0.0,1.0,0.0,Converging progress
Infrastructure,MEX,2015-2021,True,0.05966392,-0.07765828,-0.13649035,0.676124,0.5402287,0.0,1.0,0.0,Converging progress
Infrastructure,MHL,2015-2021,True,-0.1294347,0.007480681,0.13565445,1.7176303,1.8530443,0.0,0.0,1.0,No rural progress
Infrastructure,MKD,2015-2021,True,0.09958425,0.093945816,-0.0058037937,0.58627534,0.5802159,0.295,0.705,0.0,Converging progress
Infrastructure,MLI,2015-2021,True,0.00096440315,0.056031644,0.05539328,0.39580607,0.45123678,0.58,0.0,0.42,Uncertain
Infrastructure,MLT,2015-2021,True,0.00073057413,-0.00029480457,0.00034940243,-0.0002567172,-0.0006145835,0.13,0.395,0.475,At parity
Infrastructure,MMR,2015-2021,True,0.39538175,0.38610712,-0.009135097,0.67941046,0.67082465,0.23,0.77,0.0,Converging progress
Infrastructure,MNE,2015-2021,True,0.021953896,-0.029909283,-0.05205007,0.3524526,0.3010114,0.0,1.0,0.0,Converging progress
Infrastructure,MNG,2015-2021,True,0.13246563,0.11666295,-0.01513201,0.6826159,0.6662518,0.085,0.915,0.0,Converging progress
Infrastructure,MNP,2015-2021,True,-0.03330186,-0.013158619,0.02441594,0.0662269,0.100290656,0.06,0.2,0.74,No rural progress
Infrastructure,MOZ,2015-2021,True,0.14819765,0.10114646,-0.047850937,0.84057367,0.79367995,0.0,1.0,0.0,Converging progress
Infrastructure,MRT,2015-2021,True,0.012404621,0.044929337,0.03172162,0.62955165,0.6624507,0.97,0.0,0.03,Progress Without Convergence
Infrastructure,MUS,2015-2021,True,0.1503286,0.040930748,-0.109255135,0.2749498,0.16462603,0.0,1.0,0.0,Converging progress
Infrastructure,MWI,2015-2021,True,-0.04816115,-0.13789922,-0.08961481,0.78833765,0.69886893,0.0,0.0,1.0,No rural progress
Infrastructure,MYS,2015-2021,True,-0.18002439,-0.21794581,-0.038964868,0.43169957,0.3921468,0.0,0.0,1.0,No rural progress
Infrastructure,NAM,2015-2021,True,0.02837199,-0.033575967,-0.061945975,0.827894,0.76673865,0.0,1.0,0.0,Converging progress
Infrastructure,NCL,2015-2021,True,-0.027783304,-0.024933606,0.010464251,0.025642097,0.03971958,0.045,0.255,0.7,At parity
Infrastructure,NER,2015-2021,True,0.0014415979,0.20825368,0.20669442,0.85523015,1.0621303,0.565,0.0,0.435,Uncertain
Infrastructure,NGA,2015-2021,True,0.35997105,0.46613738,0.10653871,0.48543084,0.591965,1.0,0.0,0.0,Progress Without Convergence
Infrastructure,NIC,2015-2021,True,0.035337806,0.15599447,0.119683236,0.9911237,1.1114607,1.0,0.0,0.0,Progress Without Convergence
Infrastructure,NLD,2015-2021,True,-0.0002452135,-0.00066041946,-0.0014172196,0.0009895563,-0.0001539588,0.095,0.4,0.505,At parity
Infrastructure,NOR,2015-2021,True,-0.00022536516,0.0010271668,0.00045019388,-0.00087469816,-0.00026375055,0.125,0.37,0.505,At parity
Infrastructure,NPL,2015-2021,True,0.14220038,-0.029239178,-0.17217386,0.6571207,0.48659664,0.0,1.0,0.0,Converging progress
Infrastructure,NRU,2015-2021,True,0.0002785325,0.00096434355,0.00028806925,-0.00043159723,-0.000305593,0.13,0.38,0.49,At parity
Infrastructure,NZL,2015-2021,True,-0.000282228,0.0015262365,0.0019183755,-0.00067162514,0.0013044477,0.145,0.345,0.51,At parity
Infrastructure,OMN,2015-2021,True,-0.0007519722,0.001509726,0.0026485324,-0.0016604066,0.0006955862,0.145,0.3,0.555,At parity
Infrastructure,PAK,2015-2021,True,0.1804817,0.046987887,-0.13346022,0.91076976,0.7769693,0.0,1.0,0.0,Converging progress
Infrastructure,PAN,2015-2021,True,0.00021731853,-0.00068444014,-0.0008663535,-6.586313e-05,-8.8095665e-05,0.15,0.36,0.49,At parity
Infrastructure,PER,2015-2021,True,0.3656485,0.26305854,-0.10220814,0.9006374,0.79875237,0.0,1.0,0.0,Converging progress
Infrastructure,PHL,2015-2021,True,0.12780869,0.1366969,0.0082054585,0.47221965,0.4816569,0.77,0.23,0.0,Progress Without Convergence
Infrastructure,PLW,2015-2021,True,0.00044035912,-0.00010454655,0.00043332577,-0.00016236305,-0.00041502714,0.125,0.41,0.465,At parity
Infrastructure,PNG,2015-2021,True,0.077261865,-0.0370194,-0.11466509,0.71112126,0.5965612,0.0,1.0,0.0,Converging progress
Infrastructure,POL,2015-2021,True,0.00036770105,0.00025302172,-0.00089257956,0.00063985586,-0.0006467104,0.105,0.425,0.47,At parity
Infrastructure,PRI,2015-2021,True,-0.015783489,-0.021630019,-0.002815336,-0.033183396,-0.011443287,0.065,0.315,0.62,At parity
Infrastructure,PRK,2015-2021,True,-0.008679688,0.12721267,0.1369017,0.77000344,0.9067235,0.16,0.0,0.84,No rural progress
Infrastructure,PRT,2015-2021,True,-0.00061142445,0.00088989735,0.001295805,-0.0011329055,0.0001783371,0.14,0.335,0.525,At parity
Infrastructure,PRY,2015-2021,True,0.07702915,0.07340282,-0.0020336509,0.59785175,0.5956642,0.44,0.56,0.0,Uncertain
Infrastructure,PSE,2015-2021,True,0.09316489,0.00047636032,-0.09730071,0.15644059,0.067679584,0.125,0.835,0.04,Converging progress
Infrastructure,PYF,2015-2021,True,-0.0298509,-0.015950829,0.019267678,0.04563123,0.05972439,0.06,0.205,0.735,At parity
Infrastructure,QAT,2015-2021,True,0.0009148121,0.00038319826,0.00050890446,-0.0002603531,-0.00016355515,0.135,0.4,0.465,At parity
Infrastructure,ROU,2015-2021,True,0.00047016144,0.00037389994,0.00043034554,-0.0006752014,-0.00013709068,0.15,0.385,0.465,At parity
Infrastructure,RUS,2015-2021,True,0.00034999847,2.9027462e-05,0.0006902218,0.0003924966,0.0007828474,0.14,0.38,0.48,At parity
Infrastructure,RWA,2015-2021,True,0.091498196,0.54422295,0.45364982,0.5738268,1.0279799,1.0,0.0,0.0,Progress Without Convergence
Infrastructure,SAU,2015-2021,True,0.0009544492,-0.0010553598,-0.0008106828,-0.00023072958,-0.0009544492,0.15,0.375,0.475,At parity
Infrastructure,SDN,2015-2021,True,0.21508849,0.15677455,-0.05890046,0.33246034,0.27437127,0.0,1.0,0.0,Converging progress
Infrastructure,SEN,2015-2021,True,0.066967964,0.041497096,-0.025209606,0.7724541,0.74658036,0.0,1.0,0.0,Converging progress
Infrastructure,SGP,2015-2021,True,0.0005838871,0.00013977289,-0.00090920925,0.00097441673,-0.00047588348,0.125,0.41,0.465,At parity
Infrastructure,SLB,2015-2021,True,-0.11271322,-0.023070663,0.08907455,0.9774648,1.065948,0.0,0.0,1.0,No rural progress
Infrastructure,SLE,2015-2021,True,-0.00025582314,0.10989797,0.10980952,0.1880356,0.29729956,0.485,0.0,0.515,Uncertain
Infrastructure,SLV,2015-2021,True,0.2687726,0.12652396,-0.14171857,0.6755054,0.5329116,0.0,1.0,0.0,Converging progress
Infrastructure,SMR,2015-2021,True,-2.4676323e-05,-0.00043857098,-0.00019818544,6.389618e-05,0.00047796965,0.11,0.39,0.5,At parity
Infrastructure,SOM,2015-2021,True,0.0015464425,0.20061862,0.20014143,0.5363185,0.73675674,0.565,0.0,0.435,Uncertain
Infrastructure,SRB,2015-2021,True,0.15271986,0.08984241,-0.062689155,0.52618665,0.46448794,0.0,1.0,0.0,Converging progress
Infrastructure,SSD,2015-2021,True,-0.0002424717,0.0006688237,0.0010938048,-0.0001320839,0.0017514229,0.14,0.35,0.51,At parity
Infrastructure,STP,2015-2021,True,0.15052366,0.14702898,-0.003942251,0.46273637,0.45856792,0.365,0.635,0.0,Converging progress
Infrastructure,SUR,2015-2021,True,0.18564072,0.1309558,-0.055583626,0.41889542,0.36355937,0.0,1.0,0.0,Converging progress
Infrastructure,SVK,2015-2021,True,0.00018584728,0.00059860945,0.00088351965,0.00014638901,-3.159046e-05,0.13,0.375,0.495,At parity
Infrastructure,SVN,2015-2021,True,-0.00037628412,0.00031787157,0.0009211898,0.00028723478,0.0011763573,0.13,0.36,0.51,At parity
Infrastructure,SWE,2015-2021,True,0.0015223026,0.00057935715,0.0004899502,0.00025433302,-0.0004991889,0.16,0.415,0.425,At parity
Infrastructure,SWZ,2015-2021,True,0.029958367,0.13342671,0.103414476,0.74991,0.85380805,1.0,0.0,0.0,Progress Without Convergence
Infrastructure,SXM,2015-2021,True,0.012281418,-0.019106925,-0.018803835,0.03046608,0.0080551505,0.07,0.465,0.465,At parity
Infrastructure,SYC,2015-2021,True,-0.00087302923,-0.00021022558,0.00077420473,-0.0007263422,-0.0010740757,0.115,0.35,0.535,At parity
Infrastructure,SYR,2015-2021,True,-0.1838283,-0.21225768,-0.028038114,0.6085544,0.58055353,0.0,0.0,1.0,No rural progress
Infrastructure,TCA,2015-2021,True,0.26262242,-0.08254331,-0.35289472,0.17716432,-0.1971154,0.0,1.0,0.0,Converging progress
Infrastructure,TCD,2015-2021,True,-0.0007843971,0.23006892,0.22974765,1.021291,1.2523218,0.475,0.0,0.525,Uncertain
Infrastructure,TGO,2015-2021,True,0.09010142,0.15890595,0.06903112,0.8261256,0.8945043,1.0,0.0,0.0,Progress Without Convergence
Infrastructure,THA,2015-2021,True,0.121344306,0.075362474,-0.045907885,0.32400778,0.27839547,0.0,1.0,0.0,Converging progress
Infrastructure,TJK,2015-2021,True,0.15223652,0.18060854,0.028721213,0.7171825,0.7444141,0.985,0.015,0.0,Progress Without Convergence
Infrastructure,TKM,2015-2021,True,0.00057315826,0.0007828474,0.00036782026,0.000120818615,-0.00028967857,0.15,0.39,0.46,At parity
Infrastructure,TLS,2015-2021,True,0.20542067,0.17816484,-0.027761668,0.58784467,0.5604241,0.01,0.99,0.0,Converging progress
Infrastructure,TON,2015-2021,True,0.26533097,0.119444266,-0.14592175,0.47445023,0.32712972,0.0,1.0,0.0,Converging progress
Infrastructure,TTO,2015-2021,True,-0.00015711784,-0.00022786856,1.7642975e-05,4.3690205e-05,-1.9073486e-05,0.125,0.37,0.505,At parity
Infrastructure,TUN,2015-2021,True,0.009719372,0.0013673902,-0.008107007,0.010047615,0.00021272898,0.14,0.72,0.14,At parity
Infrastructure,TUR,2015-2021,True,0.006564647,0.00061160326,-0.005946249,0.98779106,0.9833836,0.135,0.615,0.25,Converging progress
Infrastructure,TUV,2015-2021,True,0.07809742,0.34351566,0.26524904,0.7242646,0.98897684,1.0,0.0,0.0,Progress Without Convergence
Infrastructure,TZA,2015-2021,True,0.20744777,0.24953336,0.04118952,0.6332375,0.6741237,1.0,0.0,0.0,Progress Without Convergence
Infrastructure,UGA,2015-2021,True,0.096230626,0.055874407,-0.040377676,0.46201718,0.42193562,0.0,1.0,0.0,Converging progress
Infrastructure,UKR,2015-2021,True,-0.0013133809,0.10021746,0.10154846,0.63414,0.73636913,0.46,0.0,0.54,Uncertain
Infrastructure,URY,2015-2021,True,-0.00059354305,0.00029081106,0.0017323494,-0.0015156865,-0.001187861,0.115,0.35,0.535,At parity
Infrastructure,USA,2015-2021,True,0.0013467073,-0.00012934208,0.00068229437,0.00045585632,-3.5762787e-06,0.155,0.41,0.435,At parity
Infrastructure,UZB,2015-2021,True,-0.02657839,-0.11507881,-0.08877453,0.8209102,0.73282754,0.0,0.0,1.0,No rural progress
Infrastructure,VCT,2015-2021,True,-0.11754078,-0.085687816,0.032202393,0.00086410344,0.033513322,0.0,0.0,1.0,At parity
Infrastructure,VEN,2015-2021,True,0.027280666,-0.17073196,-0.19666165,0.70344543,0.5057501,0.0,0.995,0.005,Converging progress
Infrastructure,VGB,2015-2021,True,0.13317576,0.12711295,-0.006710112,0.18702558,0.17562515,0.47,0.53,0.0,Uncertain
Infrastructure,VIR,2015-2021,True,-0.01073283,-0.01800856,-0.0038921833,-0.0117890835,0.00264889,0.085,0.33,0.585,At parity
Infrastructure,VNM,2015-2021,True,0.6477016,0.47921348,-0.16766302,0.46037567,0.29152787,0.0,1.0,0.0,Converging progress
Infrastructure,VUT,2015-2021,True,0.13141221,0.091654494,-0.041062176,0.69677675,0.65654886,0.0,1.0,0.0,Converging progress
Infrastructure,WSM,2015-2021,True,0.09608039,0.044277675,-0.052425116,0.43786073,0.38508105,0.0,1.0,0.0,Converging progress
Infrastructure,XKX,2015-2021,False,-0.0056688786,-0.0037952662,0.005138576,-0.024995476,-0.016493618,0.14,0.335,0.525,Insufficient data
Infrastructure,YEM,2015-2021,True,-0.1249187,-0.13993806,-0.014745146,0.81796783,0.80367756,0.0,0.0,1.0,No rural progress
Infrastructure,ZAF,2015-2021,True,0.06463869,0.15186335,0.08788973,0.5603303,0.6468134,1.0,0.0,0.0,Progress Without Convergence
Infrastructure,ZMB,2015-2021,True,0.0021358132,-0.151579,-0.15310097,0.78851557,0.6350403,0.0,0.615,0.385,Converging progress
Infrastructure,ZWE,2015-2021,True,0.062984645,-0.027655637,-0.08980894,1.1258664,1.0368931,0.0,1.0,0.0,Converging progress
