view,related_variable,method,excluded_iso3,excluded_country,removed_observations,baseline,coefficient_after_exclusion,absolute_change
All available observations,female_lfpr_pct,pearson,ALB,Albania,1,-0.5572767367734555,-0.5641236014223842,0.006846864648928697
All available observations,female_lfpr_pct,pearson,ARG,Argentina,3,-0.5572767367734555,-0.5570228942843474,0.0002538424891080915
All available observations,female_lfpr_pct,pearson,ARM,Armenia,2,-0.5572767367734555,-0.5732110538641912,0.015934317090735783
All available observations,female_lfpr_pct,pearson,AUS,Australia,1,-0.5572767367734555,-0.557140105838057,0.00013663093539850735
All available observations,female_lfpr_pct,pearson,AUT,Austria,1,-0.5572767367734555,-0.5571956579363585,8.107883709695951e-05
All available observations,female_lfpr_pct,pearson,AZE,Azerbaijan,1,-0.5572767367734555,-0.5645102959165607,0.007233559143105195
All available observations,female_lfpr_pct,pearson,BEL,Belgium,3,-0.5572767367734555,-0.5717743942991628,0.014497657525707308
All available observations,female_lfpr_pct,pearson,BGR,Bulgaria,2,-0.5572767367734555,-0.5584962824988756,0.001219545725420157
All available observations,female_lfpr_pct,pearson,BLR,Belarus,1,-0.5572767367734555,-0.5573154161911607,3.867941770518968e-05
All available observations,female_lfpr_pct,pearson,BOL,Bolivia,1,-0.5572767367734555,-0.5584002866938885,0.0011235499204330646
All available observations,female_lfpr_pct,pearson,BRA,Brazil,3,-0.5572767367734555,-0.5587216650797183,0.0014449283062628604
All available observations,female_lfpr_pct,pearson,BTN,Bhutan,2,-0.5572767367734555,-0.556176599983871,0.0011001367895844272
All available observations,female_lfpr_pct,pearson,CAN,Canada,3,-0.5572767367734555,-0.551224381810759,0.006052354962696516
All available observations,female_lfpr_pct,pearson,CHE,Switzerland,6,-0.5572767367734555,-0.5484175976607071,0.008859139112748382
All available observations,female_lfpr_pct,pearson,CHL,Chile,2,-0.5572767367734555,-0.5575036903928229,0.00022695361936742042
All available observations,female_lfpr_pct,pearson,CHN,China,2,-0.5572767367734555,-0.5586244032769397,0.0013476665034842794
All available observations,female_lfpr_pct,pearson,CMR,Cameroon,1,-0.5572767367734555,-0.5614442606951336,0.0041675239216781845
All available observations,female_lfpr_pct,pearson,COL,Colombia,2,-0.5572767367734555,-0.5631682284954007,0.005891491721945252
All available observations,female_lfpr_pct,pearson,CRI,Costa Rica,1,-0.5572767367734555,-0.556523862675783,0.0007528740976724402
All available observations,female_lfpr_pct,pearson,CUB,Cuba,2,-0.5572767367734555,-0.5607980611318037,0.003521324358348288
All available observations,female_lfpr_pct,pearson,DEU,Germany,2,-0.5572767367734555,-0.559535963675932,0.0022592269024764855
All available observations,female_lfpr_pct,pearson,DNK,Denmark,2,-0.5572767367734555,-0.5543619178023449,0.0029148189711105665
All available observations,female_lfpr_pct,pearson,DOM,Dominican Republic,1,-0.5572767367734555,-0.5571780933679461,9.864340550935768e-05
All available observations,female_lfpr_pct,pearson,DZA,Algeria,1,-0.5572767367734555,-0.5451060937449067,0.012170643028548755
All available observations,female_lfpr_pct,pearson,ECU,Ecuador,1,-0.5572767367734555,-0.5576222787522727,0.0003455419788171987
All available observations,female_lfpr_pct,pearson,EGY,"Egypt, Arab Rep.",1,-0.5572767367734555,-0.5431628935049162,0.014113843268539261
All available observations,female_lfpr_pct,pearson,ESP,Spain,2,-0.5572767367734555,-0.5559168268426515,0.0013599099308039264
All available observations,female_lfpr_pct,pearson,EST,Estonia,2,-0.5572767367734555,-0.5573831515119905,0.00010641473853501004
All available observations,female_lfpr_pct,pearson,ETH,Ethiopia,1,-0.5572767367734555,-0.569292565523094,0.01201582874963858
All available observations,female_lfpr_pct,pearson,FIN,Finland,2,-0.5572767367734555,-0.5574311423585661,0.0001544055851105952
All available observations,female_lfpr_pct,pearson,FJI,Fiji,1,-0.5572767367734555,-0.5595766025330449,0.0022998657595894034
All available observations,female_lfpr_pct,pearson,FRA,France,1,-0.5572767367734555,-0.5590477577973267,0.0017710210238712776
All available observations,female_lfpr_pct,pearson,GBR,United Kingdom,2,-0.5572767367734555,-0.5574199554404333,0.00014321866697786234
All available observations,female_lfpr_pct,pearson,GHA,Ghana,1,-0.5572767367734555,-0.5610559823691776,0.0037792455957221804
All available observations,female_lfpr_pct,pearson,GRC,Greece,1,-0.5572767367734555,-0.5572898584036616,1.3121630206169854e-05
All available observations,female_lfpr_pct,pearson,GTM,Guatemala,2,-0.5572767367734555,-0.5506119207139721,0.006664816059483325
All available observations,female_lfpr_pct,pearson,HKG,"Hong Kong SAR, China",2,-0.5572767367734555,-0.5575123941301307,0.0002356573566751896
All available observations,female_lfpr_pct,pearson,HND,Honduras,1,-0.5572767367734555,-0.5559324080517948,0.0013443287216606814
All available observations,female_lfpr_pct,pearson,HUN,Hungary,2,-0.5572767367734555,-0.5601495572805759,0.002872820507120455
All available observations,female_lfpr_pct,pearson,IRL,Ireland,1,-0.5572767367734555,-0.5580299535219002,0.0007532167484447516
All available observations,female_lfpr_pct,pearson,IRN,"Iran, Islamic Rep.",1,-0.5572767367734555,-0.5512583564092752,0.006018380364180231
All available observations,female_lfpr_pct,pearson,IRQ,Iraq,1,-0.5572767367734555,-0.5389601110794405,0.018316625694014932
All available observations,female_lfpr_pct,pearson,ITA,Italy,3,-0.5572767367734555,-0.5516263412229419,0.005650395550513609
All available observations,female_lfpr_pct,pearson,JPN,Japan,4,-0.5572767367734555,-0.5568589216616815,0.000417815111773967
All available observations,female_lfpr_pct,pearson,KAZ,Kazakhstan,5,-0.5572767367734555,-0.579960032286746,0.022683295513290513
All available observations,female_lfpr_pct,pearson,KGZ,Kyrgyz Republic,4,-0.5572767367734555,-0.5670832760668911,0.009806539293435668
All available observations,female_lfpr_pct,pearson,KHM,Cambodia,1,-0.5572767367734555,-0.5657624087721775,0.008485671998722077
All available observations,female_lfpr_pct,pearson,KOR,"Korea, Rep.",4,-0.5572767367734555,-0.5572405826120972,3.615416135827054e-05
All available observations,female_lfpr_pct,pearson,LAO,Lao PDR,4,-0.5572767367734555,-0.5565973777930587,0.000679358980396727
All available observations,female_lfpr_pct,pearson,LBR,Liberia,1,-0.5572767367734555,-0.5506340301609468,0.006642706612508653
All available observations,female_lfpr_pct,pearson,LSO,Lesotho,1,-0.5572767367734555,-0.5577553470005501,0.0004786102270946113
All available observations,female_lfpr_pct,pearson,LTU,Lithuania,1,-0.5572767367734555,-0.5572063362900433,7.040048341211413e-05
All available observations,female_lfpr_pct,pearson,LUX,Luxembourg,1,-0.5572767367734555,-0.5579007355657131,0.0006239987922576073
All available observations,female_lfpr_pct,pearson,LVA,Latvia,1,-0.5572767367734555,-0.5575527118268768,0.0002759750534213623
All available observations,female_lfpr_pct,pearson,MAR,Morocco,1,-0.5572767367734555,-0.547120646866693,0.010156089906762422
All available observations,female_lfpr_pct,pearson,MDA,Moldova,1,-0.5572767367734555,-0.5572047822042971,7.195456915831677e-05
All available observations,female_lfpr_pct,pearson,MEX,Mexico,4,-0.5572767367734555,-0.5574508795067709,0.00017414273331539665
All available observations,female_lfpr_pct,pearson,MKD,North Macedonia,3,-0.5572767367734555,-0.5550402275917153,0.0022365091817401206
All available observations,female_lfpr_pct,pearson,MLT,Malta,1,-0.5572767367734555,-0.5587213015875622,0.001444564814106708
All available observations,female_lfpr_pct,pearson,MNG,Mongolia,5,-0.5572767367734555,-0.5602315264848976,0.0029547897114421406
All available observations,female_lfpr_pct,pearson,MUS,Mauritius,1,-0.5572767367734555,-0.5552814792630747,0.0019952575103807657
All available observations,female_lfpr_pct,pearson,MWI,Malawi,1,-0.5572767367734555,-0.5568451504619774,0.0004315863114781049
All available observations,female_lfpr_pct,pearson,MYS,Malaysia,1,-0.5572767367734555,-0.5559325136143582,0.0013442231590972131
All available observations,female_lfpr_pct,pearson,NLD,Netherlands,4,-0.5572767367734555,-0.551215415594086,0.006061321179369417
All available observations,female_lfpr_pct,pearson,NOR,Norway,2,-0.5572767367734555,-0.5515473855592651,0.005729351214190381
All available observations,female_lfpr_pct,pearson,NZL,New Zealand,1,-0.5572767367734555,-0.5559405241245597,0.0013362126488957182
All available observations,female_lfpr_pct,pearson,OMN,Oman,2,-0.5572767367734555,-0.5613121443887568,0.004035407615301301
All available observations,female_lfpr_pct,pearson,PAK,Pakistan,1,-0.5572767367734555,-0.5454399805943128,0.011836756179142705
All available observations,female_lfpr_pct,pearson,PAN,Panama,1,-0.5572767367734555,-0.5575419528490668,0.00026521607561136307
All available observations,female_lfpr_pct,pearson,PER,Peru,1,-0.5572767367734555,-0.5732543188285141,0.015977582055058615
All available observations,female_lfpr_pct,pearson,POL,Poland,2,-0.5572767367734555,-0.5585725067568826,0.0012957699834271752
All available observations,female_lfpr_pct,pearson,PRT,Portugal,1,-0.5572767367734555,-0.5573902082242798,0.00011347145082429844
All available observations,female_lfpr_pct,pearson,PRY,Paraguay,1,-0.5572767367734555,-0.5574903151833455,0.00021357840989000287
All available observations,female_lfpr_pct,pearson,PSE,West Bank and Gaza,2,-0.5572767367734555,-0.5279040201462182,0.029372716627237283
All available observations,female_lfpr_pct,pearson,QAT,Qatar,1,-0.5572767367734555,-0.5582588590011293,0.0009821222276737984
All available observations,female_lfpr_pct,pearson,ROU,Romania,2,-0.5572767367734555,-0.5590537402023749,0.0017770034289193992
All available observations,female_lfpr_pct,pearson,RUS,Russian Federation,1,-0.5572767367734555,-0.5574476589109407,0.0001709221374852632
All available observations,female_lfpr_pct,pearson,SLV,El Salvador,2,-0.5572767367734555,-0.5557917517848074,0.0014849849886480193
All available observations,female_lfpr_pct,pearson,SRB,Serbia,2,-0.5572767367734555,-0.5584042712794912,0.0011275345060357544
All available observations,female_lfpr_pct,pearson,SVN,Slovenia,1,-0.5572767367734555,-0.5573966659969048,0.00011992922344938872
All available observations,female_lfpr_pct,pearson,SWE,Sweden,2,-0.5572767367734555,-0.5554060176480937,0.0018707191253617417
All available observations,female_lfpr_pct,pearson,THA,Thailand,2,-0.5572767367734555,-0.5567950503333509,0.0004816864401046006
All available observations,female_lfpr_pct,pearson,TUN,Tunisia,1,-0.5572767367734555,-0.5449929927858452,0.01228374398761023
All available observations,female_lfpr_pct,pearson,TUR,Turkey,2,-0.5572767367734555,-0.5404881137598951,0.016788623013560322
All available observations,female_lfpr_pct,pearson,TZA,Tanzania,2,-0.5572767367734555,-0.5963604384862857,0.039083701712830266
All available observations,female_lfpr_pct,pearson,UGA,Uganda,1,-0.5572767367734555,-0.5551870229304284,0.00208971384302703
All available observations,female_lfpr_pct,pearson,URY,Uruguay,2,-0.5572767367734555,-0.5616874213170087,0.0044106845435532005
All available observations,female_lfpr_pct,pearson,USA,United States,17,-0.5572767367734555,-0.5460824665793471,0.011194270194108347
All available observations,female_lfpr_pct,pearson,ZAF,South Africa,2,-0.5572767367734555,-0.5597122059294246,0.00243546915596915
All available observations,female_lfpr_pct,spearman,ALB,Albania,1,-0.5274477353152237,-0.5281097789838435,0.0006620436686197717
All available observations,female_lfpr_pct,spearman,ARG,Argentina,3,-0.5274477353152237,-0.523359131662202,0.004088603653021661
All available observations,female_lfpr_pct,spearman,ARM,Armenia,2,-0.5274477353152237,-0.5298103034492662,0.002362568134042453
All available observations,female_lfpr_pct,spearman,AUS,Australia,1,-0.5274477353152237,-0.5284869963669893,0.0010392610517655498
All available observations,female_lfpr_pct,spearman,AUT,Austria,1,-0.5274477353152237,-0.5270520956185129,0.00039563969671085886
All available observations,female_lfpr_pct,spearman,AZE,Azerbaijan,1,-0.5274477353152237,-0.5335258662271241,0.006078130911900348
All available observations,female_lfpr_pct,spearman,BEL,Belgium,3,-0.5274477353152237,-0.5534779595698361,0.026030224254612433
All available observations,female_lfpr_pct,spearman,BGR,Bulgaria,2,-0.5274477353152237,-0.5292281201611331,0.0017803848459093663
All available observations,female_lfpr_pct,spearman,BLR,Belarus,1,-0.5274477353152237,-0.5293083400502797,0.001860604735056004
All available observations,female_lfpr_pct,spearman,BOL,Bolivia,1,-0.5274477353152237,-0.5326079599558589,0.005160224640635147
All available observations,female_lfpr_pct,spearman,BRA,Brazil,3,-0.5274477353152237,-0.5312105444278821,0.0037628091126583607
All available observations,female_lfpr_pct,spearman,BTN,Bhutan,2,-0.5274477353152237,-0.5279719477586613,0.0005242124434375883
All available observations,female_lfpr_pct,spearman,CAN,Canada,3,-0.5274477353152237,-0.5205401126806247,0.006907622634598987
All available observations,female_lfpr_pct,spearman,CHE,Switzerland,6,-0.5274477353152237,-0.5228496051496878,0.004598130165535896
All available observations,female_lfpr_pct,spearman,CHL,Chile,2,-0.5274477353152237,-0.5254484071212538,0.0019993281939698626
All available observations,female_lfpr_pct,spearman,CHN,China,2,-0.5274477353152237,-0.5353217120992922,0.007873976784068537
All available observations,female_lfpr_pct,spearman,CMR,Cameroon,1,-0.5274477353152237,-0.5373229605147317,0.009875225199508009
All available observations,female_lfpr_pct,spearman,COL,Colombia,2,-0.5274477353152237,-0.5317001599692058,0.004252424653982123
All available observations,female_lfpr_pct,spearman,CRI,Costa Rica,1,-0.5274477353152237,-0.5238108078860477,0.0036369274291759845
All available observations,female_lfpr_pct,spearman,CUB,Cuba,2,-0.5274477353152237,-0.5312545658371347,0.0038068305219109977
All available observations,female_lfpr_pct,spearman,DEU,Germany,2,-0.5274477353152237,-0.5317259103838733,0.004278175068649581
All available observations,female_lfpr_pct,spearman,DNK,Denmark,2,-0.5274477353152237,-0.5219217198950631,0.005526015420160624
All available observations,female_lfpr_pct,spearman,DOM,Dominican Republic,1,-0.5274477353152237,-0.5247375190136319,0.00271021630159185
All available observations,female_lfpr_pct,spearman,DZA,Algeria,1,-0.5274477353152237,-0.5199124577507703,0.00753527756445338
All available observations,female_lfpr_pct,spearman,ECU,Ecuador,1,-0.5274477353152237,-0.5246120498110849,0.0028356855041388185
All available observations,female_lfpr_pct,spearman,EGY,"Egypt, Arab Rep.",1,-0.5274477353152237,-0.5195470562135281,0.007900679101695562
All available observations,female_lfpr_pct,spearman,ESP,Spain,2,-0.5274477353152237,-0.5223717923601199,0.005075942955103829
All available observations,female_lfpr_pct,spearman,EST,Estonia,2,-0.5274477353152237,-0.5282840157520494,0.0008362804368257093
All available observations,female_lfpr_pct,spearman,ETH,Ethiopia,1,-0.5274477353152237,-0.5405862603879947,0.013138525072771023
All available observations,female_lfpr_pct,spearman,FIN,Finland,2,-0.5274477353152237,-0.5277693031910612,0.0003215678758374807
All available observations,female_lfpr_pct,spearman,FJI,Fiji,1,-0.5274477353152237,-0.5292235933082085,0.0017758579929847418
All available observations,female_lfpr_pct,spearman,FRA,France,1,-0.5274477353152237,-0.5312377041912004,0.0037899688759767125
All available observations,female_lfpr_pct,spearman,GBR,United Kingdom,2,-0.5274477353152237,-0.5280290465042282,0.0005813111890045075
All available observations,female_lfpr_pct,spearman,GHA,Ghana,1,-0.5274477353152237,-0.5353888993159319,0.007941164000708212
All available observations,female_lfpr_pct,spearman,GRC,Greece,1,-0.5274477353152237,-0.5262805700835526,0.0011671652316711523
All available observations,female_lfpr_pct,spearman,GTM,Guatemala,2,-0.5274477353152237,-0.5140152230089174,0.013432512306306266
All available observations,female_lfpr_pct,spearman,HKG,"Hong Kong SAR, China",2,-0.5274477353152237,-0.5281835489922327,0.000735813677009034
All available observations,female_lfpr_pct,spearman,HND,Honduras,1,-0.5274477353152237,-0.5225803292154548,0.004867406099768878
All available observations,female_lfpr_pct,spearman,HUN,Hungary,2,-0.5274477353152237,-0.5323483986688771,0.004900663353653356
All available observations,female_lfpr_pct,spearman,IRL,Ireland,1,-0.5274477353152237,-0.5282693670046271,0.0008216316894034126
All available observations,female_lfpr_pct,spearman,IRN,"Iran, Islamic Rep.",1,-0.5274477353152237,-0.5204517552003147,0.006995980114908984
All available observations,female_lfpr_pct,spearman,IRQ,Iraq,1,-0.5274477353152237,-0.5194678125066564,0.007979922808567297
All available observations,female_lfpr_pct,spearman,ITA,Italy,3,-0.5274477353152237,-0.5129091210774515,0.014538614237772252
All available observations,female_lfpr_pct,spearman,JPN,Japan,4,-0.5274477353152237,-0.5182315493187972,0.009216185996426485
All available observations,female_lfpr_pct,spearman,KAZ,Kazakhstan,5,-0.5274477353152237,-0.5783767020345872,0.05092896671936353
All available observations,female_lfpr_pct,spearman,KGZ,Kyrgyz Republic,4,-0.5274477353152237,-0.5397710548574668,0.012323319542243083
All available observations,female_lfpr_pct,spearman,KHM,Cambodia,1,-0.5274477353152237,-0.5374002164053511,0.009952481090127363
All available observations,female_lfpr_pct,spearman,KOR,"Korea, Rep.",4,-0.5274477353152237,-0.5242150154124143,0.003232719902809378
All available observations,female_lfpr_pct,spearman,LAO,Lao PDR,4,-0.5274477353152237,-0.5275902349835213,0.00014249966829760208
All available observations,female_lfpr_pct,spearman,LBR,Liberia,1,-0.5274477353152237,-0.521310228691426,0.0061375066237977505
All available observations,female_lfpr_pct,spearman,LSO,Lesotho,1,-0.5274477353152237,-0.5310653565998384,0.003617621284614736
All available observations,female_lfpr_pct,spearman,LTU,Lithuania,1,-0.5274477353152237,-0.5271577538943418,0.0002899814208818796
All available observations,female_lfpr_pct,spearman,LUX,Luxembourg,1,-0.5274477353152237,-0.5291971787392512,0.001749443424027497
All available observations,female_lfpr_pct,spearman,LVA,Latvia,1,-0.5274477353152237,-0.5281516020513591,0.0007038667361354278
All available observations,female_lfpr_pct,spearman,MAR,Morocco,1,-0.5274477353152237,-0.5199586832464457,0.007489052068778035
All available observations,female_lfpr_pct,spearman,MDA,Moldova,1,-0.5274477353152237,-0.5292290963434079,0.0017813610281841585
All available observations,female_lfpr_pct,spearman,MEX,Mexico,4,-0.5274477353152237,-0.5031060471671144,0.02434168814810933
All available observations,female_lfpr_pct,spearman,MKD,North Macedonia,3,-0.5274477353152237,-0.5172213683269369,0.010226366988286828
All available observations,female_lfpr_pct,spearman,MLT,Malta,1,-0.5274477353152237,-0.5248585857880194,0.0025891495272043485
All available observations,female_lfpr_pct,spearman,MNG,Mongolia,5,-0.5274477353152237,-0.5314897817257768,0.004042046410553057
All available observations,female_lfpr_pct,spearman,MUS,Mauritius,1,-0.5274477353152237,-0.5215567646683605,0.0058909706468631695
All available observations,female_lfpr_pct,spearman,MWI,Malawi,1,-0.5274477353152237,-0.5265315084886465,0.0009162268265772155
All available observations,female_lfpr_pct,spearman,MYS,Malaysia,1,-0.5274477353152237,-0.5225825304295345,0.0048652048856892005
All available observations,female_lfpr_pct,spearman,NLD,Netherlands,4,-0.5274477353152237,-0.5221415588391604,0.005306176476063351
All available observations,female_lfpr_pct,spearman,NOR,Norway,2,-0.5274477353152237,-0.5202882479385513,0.00715948737667238
All available observations,female_lfpr_pct,spearman,NZL,New Zealand,1,-0.5274477353152237,-0.5279479897489803,0.000500254433756564
All available observations,female_lfpr_pct,spearman,OMN,Oman,2,-0.5274477353152237,-0.5207775058172324,0.006670229497991342
All available observations,female_lfpr_pct,spearman,PAK,Pakistan,1,-0.5274477353152237,-0.5199344698915681,0.007513265423655602
All available observations,female_lfpr_pct,spearman,PAN,Panama,1,-0.5274477353152237,-0.5271720617858604,0.00027567352936330725
All available observations,female_lfpr_pct,spearman,PER,Peru,1,-0.5274477353152237,-0.5452330233103947,0.017785287995170984
All available observations,female_lfpr_pct,spearman,POL,Poland,2,-0.5274477353152237,-0.5287914826950333,0.001343747379809579
All available observations,female_lfpr_pct,spearman,PRT,Portugal,1,-0.5274477353152237,-0.5275781857835785,0.00013045046835480356
All available observations,female_lfpr_pct,spearman,PRY,Paraguay,1,-0.5274477353152237,-0.5284850859844448,0.00103735066922106
All available observations,female_lfpr_pct,spearman,PSE,West Bank and Gaza,2,-0.5274477353152237,-0.5119350373370882,0.015512697978135481
All available observations,female_lfpr_pct,spearman,QAT,Qatar,1,-0.5274477353152237,-0.5306907024923769,0.003242967177153222
All available observations,female_lfpr_pct,spearman,ROU,Romania,2,-0.5274477353152237,-0.5278935769314126,0.0004458416161888801
All available observations,female_lfpr_pct,spearman,RUS,Russian Federation,1,-0.5274477353152237,-0.5274020886571966,4.564665802708756e-05
All available observations,female_lfpr_pct,spearman,SLV,El Salvador,2,-0.5274477353152237,-0.5187577776407092,0.008689957674514526
All available observations,female_lfpr_pct,spearman,SRB,Serbia,2,-0.5274477353152237,-0.5278017711052071,0.0003540357899833868
All available observations,female_lfpr_pct,spearman,SVN,Slovenia,1,-0.5274477353152237,-0.5273437564840827,0.00010397883114099393
All available observations,female_lfpr_pct,spearman,SWE,Sweden,2,-0.5274477353152237,-0.5228196256586838,0.004628109656539925
All available observations,female_lfpr_pct,spearman,THA,Thailand,2,-0.5274477353152237,-0.5316233622838749,0.004175626968651147
All available observations,female_lfpr_pct,spearman,TUN,Tunisia,1,-0.5274477353152237,-0.5198420189002176,0.00760571641500607
All available observations,female_lfpr_pct,spearman,TUR,Turkey,2,-0.5274477353152237,-0.5128866830965365,0.014561052218687198
All available observations,female_lfpr_pct,spearman,TZA,Tanzania,2,-0.5274477353152237,-0.5533663349537272,0.025918599638503514
All available observations,female_lfpr_pct,spearman,UGA,Uganda,1,-0.5274477353152237,-0.5261264850979684,0.0013212502172552654
All available observations,female_lfpr_pct,spearman,URY,Uruguay,2,-0.5274477353152237,-0.5287780476960764,0.0013303123808526829
All available observations,female_lfpr_pct,spearman,USA,United States,17,-0.5274477353152237,-0.5106507029863815,0.01679703232884222
All available observations,female_lfpr_pct,spearman,ZAF,South Africa,2,-0.5274477353152237,-0.5313770547969583,0.003929319481734583
All available observations,lfpr_gap_pp,pearson,ALB,Albania,1,0.6696489223546155,0.6816803199565148,0.012031397601899307
All available observations,lfpr_gap_pp,pearson,ARG,Argentina,3,0.6696489223546155,0.669649689782523,7.674279075553514e-07
All available observations,lfpr_gap_pp,pearson,ARM,Armenia,2,0.6696489223546155,0.69179456446011,0.022145642105494523
All available observations,lfpr_gap_pp,pearson,AUS,Australia,1,0.6696489223546155,0.6695732648947894,7.565745982607286e-05
All available observations,lfpr_gap_pp,pearson,AUT,Austria,1,0.6696489223546155,0.669433384243797,0.00021553811081853613
All available observations,lfpr_gap_pp,pearson,AZE,Azerbaijan,1,0.6696489223546155,0.6829784561221006,0.013329533767485136
All available observations,lfpr_gap_pp,pearson,BEL,Belgium,3,0.6696489223546155,0.6695574020044178,9.152035019766025e-05
All available observations,lfpr_gap_pp,pearson,BGR,Bulgaria,2,0.6696489223546155,0.67062579208662,0.0009768697320045039
All available observations,lfpr_gap_pp,pearson,BLR,Belarus,1,0.6696489223546155,0.6698881308182177,0.00023920846360225845
All available observations,lfpr_gap_pp,pearson,BOL,Bolivia,1,0.6696489223546155,0.6695962069433044,5.2715411311132776e-05
All available observations,lfpr_gap_pp,pearson,BRA,Brazil,3,0.6696489223546155,0.6718262647465586,0.0021773423919431156
All available observations,lfpr_gap_pp,pearson,BTN,Bhutan,2,0.6696489223546155,0.6688719778748823,0.0007769444797331992
All available observations,lfpr_gap_pp,pearson,CAN,Canada,3,0.6696489223546155,0.6651981528525408,0.004450769502074681
All available observations,lfpr_gap_pp,pearson,CHE,Switzerland,6,0.6696489223546155,0.6675547194188319,0.002094202935783551
All available observations,lfpr_gap_pp,pearson,CHL,Chile,2,0.6696489223546155,0.6699040701632192,0.0002551478086036951
All available observations,lfpr_gap_pp,pearson,CHN,China,2,0.6696489223546155,0.669962019876127,0.0003130975215115406
All available observations,lfpr_gap_pp,pearson,CMR,Cameroon,1,0.6696489223546155,0.6720034110864902,0.0023544887318747154
All available observations,lfpr_gap_pp,pearson,COL,Colombia,2,0.6696489223546155,0.6808538732279708,0.011204950873355268
All available observations,lfpr_gap_pp,pearson,CRI,Costa Rica,1,0.6696489223546155,0.6686068416573492,0.001042080697266301
All available observations,lfpr_gap_pp,pearson,CUB,Cuba,2,0.6696489223546155,0.6721909040989066,0.0025419817442910997
All available observations,lfpr_gap_pp,pearson,DEU,Germany,2,0.6696489223546155,0.6689428185002461,0.000706103854369422
All available observations,lfpr_gap_pp,pearson,DNK,Denmark,2,0.6696489223546155,0.6670431230971428,0.0026057992574727296
All available observations,lfpr_gap_pp,pearson,DOM,Dominican Republic,1,0.6696489223546155,0.6689079424014179,0.0007409799531975514
All available observations,lfpr_gap_pp,pearson,DZA,Algeria,1,0.6696489223546155,0.6614783670058172,0.008170555348798292
All available observations,lfpr_gap_pp,pearson,ECU,Ecuador,1,0.6696489223546155,0.6683707519203189,0.001278170434296566
All available observations,lfpr_gap_pp,pearson,EGY,"Egypt, Arab Rep.",1,0.6696489223546155,0.6592360505324676,0.010412871822147896
All available observations,lfpr_gap_pp,pearson,ESP,Spain,2,0.6696489223546155,0.6700889503902756,0.0004400280356601227
All available observations,lfpr_gap_pp,pearson,EST,Estonia,2,0.6696489223546155,0.6682808117844402,0.0013681105701752738
All available observations,lfpr_gap_pp,pearson,ETH,Ethiopia,1,0.6696489223546155,0.6723599107731932,0.0027109884185777533
All available observations,lfpr_gap_pp,pearson,FIN,Finland,2,0.6696489223546155,0.6657717628463675,0.0038771595082479626
All available observations,lfpr_gap_pp,pearson,FJI,Fiji,1,0.6696489223546155,0.674724069421937,0.005075147067321484
All available observations,lfpr_gap_pp,pearson,FRA,France,1,0.6696489223546155,0.6683430197598581,0.00130590259475738
All available observations,lfpr_gap_pp,pearson,GBR,United Kingdom,2,0.6696489223546155,0.6683642027132223,0.001284719641393206
All available observations,lfpr_gap_pp,pearson,GHA,Ghana,1,0.6696489223546155,0.6721439575951668,0.00249503524055128
All available observations,lfpr_gap_pp,pearson,GRC,Greece,1,0.6696489223546155,0.670275320159435,0.0006263978048195451
All available observations,lfpr_gap_pp,pearson,GTM,Guatemala,2,0.6696489223546155,0.6599358820178163,0.009713040336799206
All available observations,lfpr_gap_pp,pearson,HKG,"Hong Kong SAR, China",2,0.6696489223546155,0.6694110460138462,0.0002378763407693274
All available observations,lfpr_gap_pp,pearson,HND,Honduras,1,0.6696489223546155,0.6694700631042615,0.00017885925035399097
All available observations,lfpr_gap_pp,pearson,HUN,Hungary,2,0.6696489223546155,0.6692582559501996,0.00039066640441587364
All available observations,lfpr_gap_pp,pearson,IRL,Ireland,1,0.6696489223546155,0.6696417000367327,7.222317882749074e-06
All available observations,lfpr_gap_pp,pearson,IRN,"Iran, Islamic Rep.",1,0.6696489223546155,0.6664944615089675,0.003154460845647966
All available observations,lfpr_gap_pp,pearson,IRQ,Iraq,1,0.6696489223546155,0.6563999435162126,0.013248978838402925
All available observations,lfpr_gap_pp,pearson,ITA,Italy,3,0.6696489223546155,0.6709507576748965,0.0013018353202810529
All available observations,lfpr_gap_pp,pearson,JPN,Japan,4,0.6696489223546155,0.6688836432351906,0.000765279119424922
All available observations,lfpr_gap_pp,pearson,KAZ,Kazakhstan,5,0.6696489223546155,0.6847155639763376,0.01506664162172211
All available observations,lfpr_gap_pp,pearson,KGZ,Kyrgyz Republic,4,0.6696489223546155,0.6753795793368125,0.005730656982196991
All available observations,lfpr_gap_pp,pearson,KHM,Cambodia,1,0.6696489223546155,0.6716404014074511,0.0019914790528355875
All available observations,lfpr_gap_pp,pearson,KOR,"Korea, Rep.",4,0.6696489223546155,0.6695548329567139,9.408939790156445e-05
All available observations,lfpr_gap_pp,pearson,LAO,Lao PDR,4,0.6696489223546155,0.6652719333805007,0.004376988974114759
All available observations,lfpr_gap_pp,pearson,LBR,Liberia,1,0.6696489223546155,0.6687827999834918,0.000866122371123712
All available observations,lfpr_gap_pp,pearson,LSO,Lesotho,1,0.6696489223546155,0.6696338174411153,1.5104913500207928e-05
All available observations,lfpr_gap_pp,pearson,LTU,Lithuania,1,0.6696489223546155,0.6700731695240454,0.00042424716942990326
All available observations,lfpr_gap_pp,pearson,LUX,Luxembourg,1,0.6696489223546155,0.6690073932569949,0.0006415290976206078
All available observations,lfpr_gap_pp,pearson,LVA,Latvia,1,0.6696489223546155,0.6694767932145042,0.0001721291401113323
All available observations,lfpr_gap_pp,pearson,MAR,Morocco,1,0.6696489223546155,0.6619886586486138,0.007660263706001702
All available observations,lfpr_gap_pp,pearson,MDA,Moldova,1,0.6696489223546155,0.6721609454275111,0.002512023072895664
All available observations,lfpr_gap_pp,pearson,MEX,Mexico,4,0.6696489223546155,0.6516856668858318,0.017963255468783634
All available observations,lfpr_gap_pp,pearson,MKD,North Macedonia,3,0.6696489223546155,0.6712547473949539,0.00160582504033846
All available observations,lfpr_gap_pp,pearson,MLT,Malta,1,0.6696489223546155,0.6716268578710302,0.001977935516414675
All available observations,lfpr_gap_pp,pearson,MNG,Mongolia,5,0.6696489223546155,0.6782862226221266,0.008637300267511083
All available observations,lfpr_gap_pp,pearson,MUS,Mauritius,1,0.6696489223546155,0.6676043231261455,0.002044599228470001
All available observations,lfpr_gap_pp,pearson,MWI,Malawi,1,0.6696489223546155,0.6685411559472414,0.001107766407374089
All available observations,lfpr_gap_pp,pearson,MYS,Malaysia,1,0.6696489223546155,0.668644176094739,0.0010047462598764545
All available observations,lfpr_gap_pp,pearson,NLD,Netherlands,4,0.6696489223546155,0.6686062181659594,0.0010427041886560406
All available observations,lfpr_gap_pp,pearson,NOR,Norway,2,0.6696489223546155,0.6656433180948282,0.004005604259787243
All available observations,lfpr_gap_pp,pearson,NZL,New Zealand,1,0.6696489223546155,0.6689002748053959,0.0007486475492195499
All available observations,lfpr_gap_pp,pearson,OMN,Oman,2,0.6696489223546155,0.6842555570824839,0.014606634727868384
All available observations,lfpr_gap_pp,pearson,PAK,Pakistan,1,0.6696489223546155,0.6615772913280736,0.008071631026541848
All available observations,lfpr_gap_pp,pearson,PAN,Panama,1,0.6696489223546155,0.6719976396861923,0.0023487173315768217
All available observations,lfpr_gap_pp,pearson,PER,Peru,1,0.6696489223546155,0.6748182354945763,0.005169313139960829
All available observations,lfpr_gap_pp,pearson,POL,Poland,2,0.6696489223546155,0.669531734350581,0.00011718800403448526
All available observations,lfpr_gap_pp,pearson,PRT,Portugal,1,0.6696489223546155,0.6686908608752974,0.0009580614793180953
All available observations,lfpr_gap_pp,pearson,PRY,Paraguay,1,0.6696489223546155,0.6703147673636659,0.0006658450090504253
All available observations,lfpr_gap_pp,pearson,PSE,West Bank and Gaza,2,0.6696489223546155,0.649815380855989,0.019833541498626484
All available observations,lfpr_gap_pp,pearson,QAT,Qatar,1,0.6696489223546155,0.6892298362835946,0.019580913928979093
All available observations,lfpr_gap_pp,pearson,ROU,Romania,2,0.6696489223546155,0.669909953088609,0.00026103073399352805
All available observations,lfpr_gap_pp,pearson,RUS,Russian Federation,1,0.6696489223546155,0.6699083719362907,0.0002594495816752307
All available observations,lfpr_gap_pp,pearson,SLV,El Salvador,2,0.6696489223546155,0.6669339890856224,0.0027149332689930805
All available observations,lfpr_gap_pp,pearson,SRB,Serbia,2,0.6696489223546155,0.6701213029612156,0.00047238060660015346
All available observations,lfpr_gap_pp,pearson,SVN,Slovenia,1,0.6696489223546155,0.6696233375574666,2.5584797148869853e-05
All available observations,lfpr_gap_pp,pearson,SWE,Sweden,2,0.6696489223546155,0.6653732696820878,0.004275652672527719
All available observations,lfpr_gap_pp,pearson,THA,Thailand,2,0.6696489223546155,0.6694230901616138,0.00022583219300165158
All available observations,lfpr_gap_pp,pearson,TUN,Tunisia,1,0.6696489223546155,0.6614366614323807,0.008212260922234815
All available observations,lfpr_gap_pp,pearson,TUR,Turkey,2,0.6696489223546155,0.6577855045253855,0.01186341782922995
All available observations,lfpr_gap_pp,pearson,TZA,Tanzania,2,0.6696489223546155,0.6835137140671684,0.013864791712552949
All available observations,lfpr_gap_pp,pearson,UGA,Uganda,1,0.6696489223546155,0.6682141479226831,0.0014347744319324063
All available observations,lfpr_gap_pp,pearson,URY,Uruguay,2,0.6696489223546155,0.6718947318748043,0.002245809520188824
All available observations,lfpr_gap_pp,pearson,USA,United States,17,0.6696489223546155,0.6560917519191631,0.013557170435452348
All available observations,lfpr_gap_pp,pearson,ZAF,South Africa,2,0.6696489223546155,0.6700479545956791,0.0003990322410636349
All available observations,lfpr_gap_pp,spearman,ALB,Albania,1,0.6252981744474317,0.629988570237959,0.004690395790527213
All available observations,lfpr_gap_pp,spearman,ARG,Argentina,3,0.6252981744474317,0.6214655482113665,0.003832626236065284
All available observations,lfpr_gap_pp,spearman,ARM,Armenia,2,0.6252981744474317,0.6297263906918575,0.004428216244425798
All available observations,lfpr_gap_pp,spearman,AUS,Australia,1,0.6252981744474317,0.6251389516001735,0.00015922284725822244
All available observations,lfpr_gap_pp,spearman,AUT,Austria,1,0.6252981744474317,0.6254144473801916,0.00011627293275984218
All available observations,lfpr_gap_pp,spearman,AZE,Azerbaijan,1,0.6252981744474317,0.6439398650755577,0.01864169062812593
All available observations,lfpr_gap_pp,spearman,BEL,Belgium,3,0.6252981744474317,0.6307407646204402,0.00544259017300841
All available observations,lfpr_gap_pp,spearman,BGR,Bulgaria,2,0.6252981744474317,0.6313732976473262,0.00607512319989445
All available observations,lfpr_gap_pp,spearman,BLR,Belarus,1,0.6252981744474317,0.6271049797934568,0.0018068053460250644
All available observations,lfpr_gap_pp,spearman,BOL,Bolivia,1,0.6252981744474317,0.6248751499306472,0.00042302451678455366
All available observations,lfpr_gap_pp,spearman,BRA,Brazil,3,0.6252981744474317,0.628391011298811,0.003092836851379288
All available observations,lfpr_gap_pp,spearman,BTN,Bhutan,2,0.6252981744474317,0.6262041817986524,0.0009060073512207056
All available observations,lfpr_gap_pp,spearman,CAN,Canada,3,0.6252981744474317,0.6171476084298878,0.008150566017543937
All available observations,lfpr_gap_pp,spearman,CHE,Switzerland,6,0.6252981744474317,0.6306917012318903,0.005393526784458591
All available observations,lfpr_gap_pp,spearman,CHL,Chile,2,0.6252981744474317,0.6229965757976885,0.0023015986497432195
All available observations,lfpr_gap_pp,spearman,CHN,China,2,0.6252981744474317,0.6270927798509882,0.0017946054035564707
All available observations,lfpr_gap_pp,spearman,CMR,Cameroon,1,0.6252981744474317,0.6330548614510821,0.007756687003650398
All available observations,lfpr_gap_pp,spearman,COL,Colombia,2,0.6252981744474317,0.6365021084991292,0.011203934051697506
All available observations,lfpr_gap_pp,spearman,CRI,Costa Rica,1,0.6252981744474317,0.6215821336673073,0.003716040780124441
All available observations,lfpr_gap_pp,spearman,CUB,Cuba,2,0.6252981744474317,0.629050162411026,0.0037519879635942166
All available observations,lfpr_gap_pp,spearman,DEU,Germany,2,0.6252981744474317,0.6275208116964303,0.0022226372489985158
All available observations,lfpr_gap_pp,spearman,DNK,Denmark,2,0.6252981744474317,0.6188451611200012,0.006453013327430535
All available observations,lfpr_gap_pp,spearman,DOM,Dominican Republic,1,0.6252981744474317,0.6215975421658657,0.0037006322815660297
All available observations,lfpr_gap_pp,spearman,DZA,Algeria,1,0.6252981744474317,0.61942714508321,0.0058710293642217914
All available observations,lfpr_gap_pp,spearman,ECU,Ecuador,1,0.6252981744474317,0.6210362325755238,0.004261941871907982
All available observations,lfpr_gap_pp,spearman,EGY,"Egypt, Arab Rep.",1,0.6252981744474317,0.6192510479568283,0.0060471264906034605
All available observations,lfpr_gap_pp,spearman,ESP,Spain,2,0.6252981744474317,0.6226495049913015,0.0026486694561302926
All available observations,lfpr_gap_pp,spearman,EST,Estonia,2,0.6252981744474317,0.6250898465443994,0.00020832790303237925
All available observations,lfpr_gap_pp,spearman,ETH,Ethiopia,1,0.6252981744474317,0.6276013535684456,0.002303179121013854
All available observations,lfpr_gap_pp,spearman,FIN,Finland,2,0.6252981744474317,0.6170146425121212,0.008283531935310506
All available observations,lfpr_gap_pp,spearman,FJI,Fiji,1,0.6252981744474317,0.6277103136653942,0.0024121392179624612
All available observations,lfpr_gap_pp,spearman,FRA,France,1,0.6252981744474317,0.6240607007211314,0.0012374737263003421
All available observations,lfpr_gap_pp,spearman,GBR,United Kingdom,2,0.6252981744474317,0.6252491772894649,4.8997157966801375e-05
All available observations,lfpr_gap_pp,spearman,GHA,Ghana,1,0.6252981744474317,0.6323765395115508,0.007078365064119074
All available observations,lfpr_gap_pp,spearman,GRC,Greece,1,0.6252981744474317,0.6250578506992683,0.00024032374816340685
All available observations,lfpr_gap_pp,spearman,GTM,Guatemala,2,0.6252981744474317,0.6145224502056131,0.010775724241818607
All available observations,lfpr_gap_pp,spearman,HKG,"Hong Kong SAR, China",2,0.6252981744474317,0.6272129263036675,0.0019147518562357968
All available observations,lfpr_gap_pp,spearman,HND,Honduras,1,0.6252981744474317,0.6216107494503443,0.0036874249970874073
All available observations,lfpr_gap_pp,spearman,HUN,Hungary,2,0.6252981744474317,0.6284478266244576,0.0031496521770258967
All available observations,lfpr_gap_pp,spearman,IRL,Ireland,1,0.6252981744474317,0.6233981352831198,0.0019000391643119174
All available observations,lfpr_gap_pp,spearman,IRN,"Iran, Islamic Rep.",1,0.6252981744474317,0.6200192716706688,0.005278902776762906
All available observations,lfpr_gap_pp,spearman,IRQ,Iraq,1,0.6252981744474317,0.6189758961968567,0.006322278250575075
All available observations,lfpr_gap_pp,spearman,ITA,Italy,3,0.6252981744474317,0.6178655287757011,0.007432645671730631
All available observations,lfpr_gap_pp,spearman,JPN,Japan,4,0.6252981744474317,0.6137695146028067,0.011528659844625033
All available observations,lfpr_gap_pp,spearman,KAZ,Kazakhstan,5,0.6252981744474317,0.6654080767738555,0.04010990232642375
All available observations,lfpr_gap_pp,spearman,KGZ,Kyrgyz Republic,4,0.6252981744474317,0.6255351055102194,0.00023693106278765974
All available observations,lfpr_gap_pp,spearman,KHM,Cambodia,1,0.6252981744474317,0.6319873298636797,0.006689155416247927
All available observations,lfpr_gap_pp,spearman,KOR,"Korea, Rep.",4,0.6252981744474317,0.6205883546225605,0.004709819824871286
All available observations,lfpr_gap_pp,spearman,LAO,Lao PDR,4,0.6252981744474317,0.623043547834548,0.002254626612883781
All available observations,lfpr_gap_pp,spearman,LBR,Liberia,1,0.6252981744474317,0.6227311674169488,0.0025670070304829595
All available observations,lfpr_gap_pp,spearman,LSO,Lesotho,1,0.6252981744474317,0.6257018410556638,0.00040366660823210054
All available observations,lfpr_gap_pp,spearman,LTU,Lithuania,1,0.6252981744474317,0.6284664307017962,0.0031682562543644543
All available observations,lfpr_gap_pp,spearman,LUX,Luxembourg,1,0.6252981744474317,0.6258084647004708,0.0005102902530390585
All available observations,lfpr_gap_pp,spearman,LVA,Latvia,1,0.6252981744474317,0.6252713684650063,2.6805982425437413e-05
All available observations,lfpr_gap_pp,spearman,MAR,Morocco,1,0.6252981744474317,0.6195878337110334,0.005710340736398312
All available observations,lfpr_gap_pp,spearman,MDA,Moldova,1,0.6252981744474317,0.6274021436942261,0.002103969246794346
All available observations,lfpr_gap_pp,spearman,MEX,Mexico,4,0.6252981744474317,0.6038554270370968,0.021442747410334917
All available observations,lfpr_gap_pp,spearman,MKD,North Macedonia,3,0.6252981744474317,0.6194726552598596,0.005825519187572126
All available observations,lfpr_gap_pp,spearman,MLT,Malta,1,0.6252981744474317,0.6233144891480884,0.0019836852993433407
All available observations,lfpr_gap_pp,spearman,MNG,Mongolia,5,0.6252981744474317,0.6471003034430145,0.02180212899558276
All available observations,lfpr_gap_pp,spearman,MUS,Mauritius,1,0.6252981744474317,0.6208667390913812,0.004431435356050506
All available observations,lfpr_gap_pp,spearman,MWI,Malawi,1,0.6252981744474317,0.6257688428470348,0.00047066839960308027
All available observations,lfpr_gap_pp,spearman,MYS,Malaysia,1,0.6252981744474317,0.6215094936026749,0.0037886808447568088
All available observations,lfpr_gap_pp,spearman,NLD,Netherlands,4,0.6252981744474317,0.6298163141963061,0.0045181397488743835
All available observations,lfpr_gap_pp,spearman,NOR,Norway,2,0.6252981744474317,0.6171579491676616,0.008140225279770097
All available observations,lfpr_gap_pp,spearman,NZL,New Zealand,1,0.6252981744474317,0.6257809495244737,0.00048277507704197475
All available observations,lfpr_gap_pp,spearman,OMN,Oman,2,0.6252981744474317,0.6211772530222727,0.004120921425159074
All available observations,lfpr_gap_pp,spearman,PAK,Pakistan,1,0.6252981744474317,0.6194447547958482,0.005853419651583591
All available observations,lfpr_gap_pp,spearman,PAN,Panama,1,0.6252981744474317,0.6265260604904767,0.0012278860430449123
All available observations,lfpr_gap_pp,spearman,PER,Peru,1,0.6252981744474317,0.6285500768368276,0.0032519023893958776
All available observations,lfpr_gap_pp,spearman,POL,Poland,2,0.6252981744474317,0.6257014889210144,0.00040331447358266104
All available observations,lfpr_gap_pp,spearman,PRT,Portugal,1,0.6252981744474317,0.6259559460438155,0.0006577715963838049
All available observations,lfpr_gap_pp,spearman,PRY,Paraguay,1,0.6252981744474317,0.6260946225308412,0.0007964480834095067
All available observations,lfpr_gap_pp,spearman,PSE,West Bank and Gaza,2,0.6252981744474317,0.6132573211371701,0.012040853310261612
All available observations,lfpr_gap_pp,spearman,QAT,Qatar,1,0.6252981744474317,0.6414304810246169,0.016132306577185118
All available observations,lfpr_gap_pp,spearman,ROU,Romania,2,0.6252981744474317,0.6238127519843212,0.001485422463110564
All available observations,lfpr_gap_pp,spearman,RUS,Russian Federation,1,0.6252981744474317,0.6253594170281972,6.124258076545264e-05
All available observations,lfpr_gap_pp,spearman,SLV,El Salvador,2,0.6252981744474317,0.6170862958398914,0.008211878607540357
All available observations,lfpr_gap_pp,spearman,SRB,Serbia,2,0.6252981744474317,0.6248248552390756,0.0004733192083561377
All available observations,lfpr_gap_pp,spearman,SVN,Slovenia,1,0.6252981744474317,0.6254738801603453,0.0001757057129135875
All available observations,lfpr_gap_pp,spearman,SWE,Sweden,2,0.6252981744474317,0.6156241201200803,0.009674054327351467
All available observations,lfpr_gap_pp,spearman,THA,Thailand,2,0.6252981744474317,0.6270204911256462,0.0017223166782144306
All available observations,lfpr_gap_pp,spearman,TUN,Tunisia,1,0.6252981744474317,0.6194513584380875,0.0058468160093442245
All available observations,lfpr_gap_pp,spearman,TUR,Turkey,2,0.6252981744474317,0.6144799060422496,0.010818268405182185
All available observations,lfpr_gap_pp,spearman,TZA,Tanzania,2,0.6252981744474317,0.6508607636343342,0.025562589186902462
All available observations,lfpr_gap_pp,spearman,UGA,Uganda,1,0.6252981744474317,0.6247496807281002,0.000548493719331522
All available observations,lfpr_gap_pp,spearman,URY,Uruguay,2,0.6252981744474317,0.6219811137931949,0.0033170606542368697
All available observations,lfpr_gap_pp,spearman,USA,United States,17,0.6252981744474317,0.6213122463481178,0.003985928099313973
All available observations,lfpr_gap_pp,spearman,ZAF,South Africa,2,0.6252981744474317,0.6271917867870019,0.0018936123395701943
All available observations,electricity_pct,pearson,ALB,Albania,1,0.01637523288060161,0.012553386761997255,0.003821846118604354
All available observations,electricity_pct,pearson,ARG,Argentina,3,0.01637523288060161,0.014249433289250744,0.0021257995913508652
All available observations,electricity_pct,pearson,ARM,Armenia,2,0.01637523288060161,0.009188428902700215,0.007186803977901394
All available observations,electricity_pct,pearson,AUS,Australia,1,0.01637523288060161,0.01683228854324732,0.0004570556626457105
All available observations,electricity_pct,pearson,AUT,Austria,1,0.01637523288060161,0.017058015424587382,0.0006827825439857729
All available observations,electricity_pct,pearson,AZE,Azerbaijan,1,0.01637523288060161,0.013370851086202479,0.0030043817943991302
All available observations,electricity_pct,pearson,BEL,Belgium,3,0.01637523288060161,0.023194488385967108,0.006819255505365499
All available observations,electricity_pct,pearson,BGR,Bulgaria,2,0.01637523288060161,0.01633176800359364,4.346487700796972e-05
All available observations,electricity_pct,pearson,BLR,Belarus,1,0.01637523288060161,0.01659298761584597,0.00021775473524436248
All available observations,electricity_pct,pearson,BOL,Bolivia,1,0.01637523288060161,0.017649868913078282,0.0012746360324766733
All available observations,electricity_pct,pearson,BRA,Brazil,3,0.01637523288060161,0.017871242897388406,0.0014960100167867967
All available observations,electricity_pct,pearson,BTN,Bhutan,2,0.01637523288060161,0.013330742940917595,0.003044489939684014
All available observations,electricity_pct,pearson,CAN,Canada,3,0.01637523288060161,0.023944000069593224,0.007568767188991615
All available observations,electricity_pct,pearson,CHE,Switzerland,6,0.01637523288060161,0.027268473727593865,0.010893240846992256
All available observations,electricity_pct,pearson,CHL,Chile,2,0.01637523288060161,0.015207599368252127,0.0011676335123494818
All available observations,electricity_pct,pearson,CHN,China,2,0.01637523288060161,0.017002818105734264,0.0006275852251326555
All available observations,electricity_pct,pearson,CMR,Cameroon,1,0.01637523288060161,0.019122326276926664,0.002747093396325055
All available observations,electricity_pct,pearson,COL,Colombia,2,0.01637523288060161,0.019028964314021152,0.0026537314334195428
All available observations,electricity_pct,pearson,CRI,Costa Rica,1,0.01637523288060161,0.014713362895192528,0.0016618699854090806
All available observations,electricity_pct,pearson,CUB,Cuba,2,0.01637523288060161,0.017052765755435434,0.000677532874833825
All available observations,electricity_pct,pearson,DEU,Germany,2,0.01637523288060161,0.02036698610564548,0.00399175322504387
All available observations,electricity_pct,pearson,DNK,Denmark,2,0.01637523288060161,0.022829196271325694,0.006453963390724085
All available observations,electricity_pct,pearson,DOM,Dominican Republic,1,0.01637523288060161,0.015249882531907143,0.0011253503486944663
All available observations,electricity_pct,pearson,DZA,Algeria,1,0.01637523288060161,0.013227850252259093,0.003147382628342516
All available observations,electricity_pct,pearson,ECU,Ecuador,1,0.01637523288060161,0.014959599837050638,0.0014156330435509713
All available observations,electricity_pct,pearson,EGY,"Egypt, Arab Rep.",1,0.01637523288060161,0.012063235226784822,0.004311997653816787
All available observations,electricity_pct,pearson,ESP,Spain,2,0.01637523288060161,0.014594179394115052,0.001781053486486557
All available observations,electricity_pct,pearson,EST,Estonia,2,0.01637523288060161,0.019272722304776113,0.002897489424174504
All available observations,electricity_pct,pearson,ETH,Ethiopia,1,0.01637523288060161,0.028383452269716978,0.012008219389115369
All available observations,electricity_pct,pearson,FIN,Finland,2,0.01637523288060161,0.021865034875214066,0.005489801994612457
All available observations,electricity_pct,pearson,FJI,Fiji,1,0.01637523288060161,0.016386164822232735,1.0931941631125985e-05
All available observations,electricity_pct,pearson,FRA,France,1,0.01637523288060161,0.018527290877793954,0.002152057997192345
All available observations,electricity_pct,pearson,GBR,United Kingdom,2,0.01637523288060161,0.020819368935701552,0.004444136055099943
All available observations,electricity_pct,pearson,GHA,Ghana,1,0.01637523288060161,0.01793522693487434,0.0015599940542727307
All available observations,electricity_pct,pearson,GRC,Greece,1,0.01637523288060161,0.01596505017135217,0.00041018270924943895
All available observations,electricity_pct,pearson,GTM,Guatemala,2,0.01637523288060161,0.01930629579045568,0.002931062909854072
All available observations,electricity_pct,pearson,HKG,"Hong Kong SAR, China",2,0.01637523288060161,0.018482173506021715,0.002106940625420106
All available observations,electricity_pct,pearson,HND,Honduras,1,0.01637523288060161,0.019343518495578627,0.0029682856149770183
All available observations,electricity_pct,pearson,HUN,Hungary,2,0.01637523288060161,0.01788978812350656,0.0015145552429049504
All available observations,electricity_pct,pearson,IRL,Ireland,1,0.01637523288060161,0.015714862164487423,0.0006603707161141857
All available observations,electricity_pct,pearson,IRN,"Iran, Islamic Rep.",1,0.01637523288060161,0.013699900333428185,0.0026753325471734236
All available observations,electricity_pct,pearson,IRQ,Iraq,1,0.01637523288060161,0.012931433582298847,0.003443799298302762
All available observations,electricity_pct,pearson,ITA,Italy,3,0.01637523288060161,0.01167514415529542,0.004700088725306188
All available observations,electricity_pct,pearson,JPN,Japan,4,0.01637523288060161,0.011358553481322985,0.005016679399278624
All available observations,electricity_pct,pearson,KAZ,Kazakhstan,5,0.01637523288060161,0.013063594701884092,0.003311638178717517
All available observations,electricity_pct,pearson,KGZ,Kyrgyz Republic,4,0.01637523288060161,0.013203835729586546,0.0031713971510150627
All available observations,electricity_pct,pearson,KHM,Cambodia,1,0.01637523288060161,0.02309304119684478,0.006717808316243173
All available observations,electricity_pct,pearson,KOR,"Korea, Rep.",4,0.01637523288060161,0.015074802858622878,0.0013004300219787313
All available observations,electricity_pct,pearson,LAO,Lao PDR,4,0.01637523288060161,0.0014372326843570043,0.014938000196244604
All available observations,electricity_pct,pearson,LBR,Liberia,1,0.01637523288060161,-0.028497264066889787,0.044872496947491396
All available observations,electricity_pct,pearson,LSO,Lesotho,1,0.01637523288060161,0.0110496850394746,0.005325547841127008
All available observations,electricity_pct,pearson,LTU,Lithuania,1,0.01637523288060161,0.016658909115098097,0.00028367623449648827
All available observations,electricity_pct,pearson,LUX,Luxembourg,1,0.01637523288060161,0.017939869087133794,0.001564636206532185
All available observations,electricity_pct,pearson,LVA,Latvia,1,0.01637523288060161,0.01696107620449208,0.0005858433238904726
All available observations,electricity_pct,pearson,MAR,Morocco,1,0.01637523288060161,0.014607434202577851,0.001767798678023758
All available observations,electricity_pct,pearson,MDA,Moldova,1,0.01637523288060161,0.01708269822791622,0.000707465347314612
All available observations,electricity_pct,pearson,MEX,Mexico,4,0.01637523288060161,6.8738807581552555e-06,0.016368358999843454
All available observations,electricity_pct,pearson,MKD,North Macedonia,3,0.01637523288060161,0.012594105932264928,0.003781126948336681
All available observations,electricity_pct,pearson,MLT,Malta,1,0.01637523288060161,0.015643597741316212,0.000731635139285397
All available observations,electricity_pct,pearson,MNG,Mongolia,5,0.01637523288060161,0.02010874566426168,0.003733512783660072
All available observations,electricity_pct,pearson,MUS,Mauritius,1,0.01637523288060161,0.01466682999913276,0.0017084028814688488
All available observations,electricity_pct,pearson,MWI,Malawi,1,0.01637523288060161,-0.0021734602755189617,0.01854869315612057
All available observations,electricity_pct,pearson,MYS,Malaysia,1,0.01637523288060161,0.015205652201193335,0.0011695806794082744
All available observations,electricity_pct,pearson,NLD,Netherlands,4,0.01637523288060161,0.02457969073992311,0.008204457859321501
All available observations,electricity_pct,pearson,NOR,Norway,2,0.01637523288060161,0.02320678520724325,0.006831552326641642
All available observations,electricity_pct,pearson,NZL,New Zealand,1,0.01637523288060161,0.01786512662432544,0.0014898937437238316
All available observations,electricity_pct,pearson,OMN,Oman,2,0.01637523288060161,0.014333705453611584,0.0020415274269900245
All available observations,electricity_pct,pearson,PAK,Pakistan,1,0.01637523288060161,0.02399003412817809,0.007614801247576481
All available observations,electricity_pct,pearson,PAN,Panama,1,0.01637523288060161,0.016401658180775908,2.642530017429867e-05
All available observations,electricity_pct,pearson,PER,Peru,1,0.01637523288060161,0.017993649148513584,0.0016184162679119748
All available observations,electricity_pct,pearson,POL,Poland,2,0.01637523288060161,0.017626660901833693,0.0012514280212320844
All available observations,electricity_pct,pearson,PRT,Portugal,1,0.01637523288060161,0.017827535077024757,0.0014523021964231476
All available observations,electricity_pct,pearson,PRY,Paraguay,1,0.01637523288060161,0.01639998838634799,2.4755505746380108e-05
All available observations,electricity_pct,pearson,PSE,West Bank and Gaza,2,0.01637523288060161,0.008230873568677032,0.008144359311924577
All available observations,electricity_pct,pearson,QAT,Qatar,1,0.01637523288060161,0.018695094523631762,0.002319861643030153
All available observations,electricity_pct,pearson,ROU,Romania,2,0.01637523288060161,0.016515020519207117,0.0001397876386055076
All available observations,electricity_pct,pearson,RUS,Russian Federation,1,0.01637523288060161,0.01639675573926473,2.1522858663122757e-05
All available observations,electricity_pct,pearson,SLV,El Salvador,2,0.01637523288060161,0.016109261324738073,0.000265971555863536
All available observations,electricity_pct,pearson,SRB,Serbia,2,0.01637523288060161,0.016079380603974527,0.0002958522766270816
All available observations,electricity_pct,pearson,SVN,Slovenia,1,0.01637523288060161,0.016832283292743937,0.0004570504121423277
All available observations,electricity_pct,pearson,SWE,Sweden,2,0.01637523288060161,0.023212013436595742,0.006836780555994133
All available observations,electricity_pct,pearson,THA,Thailand,2,0.01637523288060161,0.01791801424488292,0.00154278136428131
All available observations,electricity_pct,pearson,TUN,Tunisia,1,0.01637523288060161,0.012299059603151773,0.004076173277449836
All available observations,electricity_pct,pearson,TUR,Turkey,2,0.01637523288060161,0.00977197454211736,0.006603258338484248
All available observations,electricity_pct,pearson,TZA,Tanzania,2,0.01637523288060161,0.04319733237977173,0.026822099499170124
All available observations,electricity_pct,pearson,UGA,Uganda,1,0.01637523288060161,0.004274485637677995,0.012100747242923614
All available observations,electricity_pct,pearson,URY,Uruguay,2,0.01637523288060161,0.013653425581662697,0.0027218072989389115
All available observations,electricity_pct,pearson,USA,United States,17,0.01637523288060161,0.06144104832963205,0.04506581544903044
All available observations,electricity_pct,pearson,ZAF,South Africa,2,0.01637523288060161,0.014094356007682591,0.0022808768729190177
All available observations,electricity_pct,spearman,ALB,Albania,1,-0.43113102299348244,-0.4322125804961358,0.0010815575026533741
All available observations,electricity_pct,spearman,ARG,Argentina,3,-0.43113102299348244,-0.4342542740492949,0.0031232510558124593
All available observations,electricity_pct,spearman,ARM,Armenia,2,-0.43113102299348244,-0.42986068826174645,0.0012703347317359892
All available observations,electricity_pct,spearman,AUS,Australia,1,-0.43113102299348244,-0.43044330808885845,0.0006877149046239928
All available observations,electricity_pct,spearman,AUT,Austria,1,-0.43113102299348244,-0.4288274682410163,0.0023035547524661304
All available observations,electricity_pct,spearman,AZE,Azerbaijan,1,-0.43113102299348244,-0.43172977515067396,0.0005987521571915178
All available observations,electricity_pct,spearman,BEL,Belgium,3,-0.43113102299348244,-0.4165003324811537,0.014630690512328737
All available observations,electricity_pct,spearman,BGR,Bulgaria,2,-0.43113102299348244,-0.43912542657667447,0.007994403583192033
All available observations,electricity_pct,spearman,BLR,Belarus,1,-0.43113102299348244,-0.43422270202222635,0.00309167902874391
All available observations,electricity_pct,spearman,BOL,Bolivia,1,-0.43113102299348244,-0.4330104377667974,0.0018794147733149358
All available observations,electricity_pct,spearman,BRA,Brazil,3,-0.43113102299348244,-0.43150298389959485,0.00037196090611241184
All available observations,electricity_pct,spearman,BTN,Bhutan,2,-0.43113102299348244,-0.444593814696984,0.013462791703501564
All available observations,electricity_pct,spearman,CAN,Canada,3,-0.43113102299348244,-0.41638860259991556,0.01474242039356688
All available observations,electricity_pct,spearman,CHE,Switzerland,6,-0.43113102299348244,-0.4040282694495947,0.027102753543887748
All available observations,electricity_pct,spearman,CHL,Chile,2,-0.43113102299348244,-0.4326100288972738,0.0014790059037913528
All available observations,electricity_pct,spearman,CHN,China,2,-0.43113102299348244,-0.43245325736113105,0.0013222343676486115
All available observations,electricity_pct,spearman,CMR,Cameroon,1,-0.43113102299348244,-0.4318958992286966,0.0007648762352141514
All available observations,electricity_pct,spearman,COL,Colombia,2,-0.43113102299348244,-0.44532920911798435,0.01419818612450191
All available observations,electricity_pct,spearman,CRI,Costa Rica,1,-0.43113102299348244,-0.4311578162972281,2.6793303745664687e-05
All available observations,electricity_pct,spearman,CUB,Cuba,2,-0.43113102299348244,-0.4350260535478352,0.003895030554352752
All available observations,electricity_pct,spearman,DEU,Germany,2,-0.43113102299348244,-0.4218335780181644,0.009297444975318037
All available observations,electricity_pct,spearman,DNK,Denmark,2,-0.43113102299348244,-0.4214230430008596,0.00970797999262285
All available observations,electricity_pct,spearman,DOM,Dominican Republic,1,-0.43113102299348244,-0.43113307602649653,2.0530330140933195e-06
All available observations,electricity_pct,spearman,DZA,Algeria,1,-0.43113102299348244,-0.4297480492185303,0.001382973774952112
All available observations,electricity_pct,spearman,ECU,Ecuador,1,-0.43113102299348244,-0.4288838530124724,0.0022471699810100443
All available observations,electricity_pct,spearman,EGY,"Egypt, Arab Rep.",1,-0.43113102299348244,-0.4308951090778644,0.00023591391561805786
All available observations,electricity_pct,spearman,ESP,Spain,2,-0.43113102299348244,-0.44053651527204635,0.00940549227856391
All available observations,electricity_pct,spearman,EST,Estonia,2,-0.43113102299348244,-0.42364889658342025,0.007482126410062184
All available observations,electricity_pct,spearman,ETH,Ethiopia,1,-0.43113102299348244,-0.42852436198087207,0.0026066610126103673
All available observations,electricity_pct,spearman,FIN,Finland,2,-0.43113102299348244,-0.4214230430008596,0.00970797999262285
All available observations,electricity_pct,spearman,FJI,Fiji,1,-0.43113102299348244,-0.43405051861550514,0.0029194956220227053
All available observations,electricity_pct,spearman,FRA,France,1,-0.43113102299348244,-0.4263360166233358,0.004795006370146626
All available observations,electricity_pct,spearman,GBR,United Kingdom,2,-0.43113102299348244,-0.4215339346434649,0.009597088350017546
All available observations,electricity_pct,spearman,GHA,Ghana,1,-0.43113102299348244,-0.43331966407831035,0.0021886410848279136
All available observations,electricity_pct,spearman,GRC,Greece,1,-0.43113102299348244,-0.4345789367004708,0.0034479137069883814
All available observations,electricity_pct,spearman,GTM,Guatemala,2,-0.43113102299348244,-0.42296074808845435,0.008170274905028085
All available observations,electricity_pct,spearman,HKG,"Hong Kong SAR, China",2,-0.43113102299348244,-0.4254800255425588,0.005650997450923623
All available observations,electricity_pct,spearman,HND,Honduras,1,-0.43113102299348244,-0.42931431152927546,0.001816711464206977
All available observations,electricity_pct,spearman,HUN,Hungary,2,-0.43113102299348244,-0.4267151696894501,0.0044158533040323245
All available observations,electricity_pct,spearman,IRL,Ireland,1,-0.43113102299348244,-0.4364678424702593,0.005336819476776888
All available observations,electricity_pct,spearman,IRN,"Iran, Islamic Rep.",1,-0.43113102299348244,-0.43172977515067396,0.0005987521571915178
All available observations,electricity_pct,spearman,IRQ,Iraq,1,-0.43113102299348244,-0.4282951719057094,0.0028358510877730114
All available observations,electricity_pct,spearman,ITA,Italy,3,-0.43113102299348244,-0.4543551167059694,0.02322409371248696
All available observations,electricity_pct,spearman,JPN,Japan,4,-0.43113102299348244,-0.45915341401862175,0.028022391025139315
All available observations,electricity_pct,spearman,KAZ,Kazakhstan,5,-0.43113102299348244,-0.43604320921954165,0.004912186226059212
All available observations,electricity_pct,spearman,KGZ,Kyrgyz Republic,4,-0.43113102299348244,-0.43576769846159363,0.0046366754681111955
All available observations,electricity_pct,spearman,KHM,Cambodia,1,-0.43113102299348244,-0.4318742450101522,0.0007432220166697645
All available observations,electricity_pct,spearman,KOR,"Korea, Rep.",4,-0.43113102299348244,-0.44407697937851875,0.012945956385036317
All available observations,electricity_pct,spearman,LAO,Lao PDR,4,-0.43113102299348244,-0.4761207639486668,0.044989740955184376
All available observations,electricity_pct,spearman,LBR,Liberia,1,-0.43113102299348244,-0.45626683168812665,0.025135808694644213
All available observations,electricity_pct,spearman,LSO,Lesotho,1,-0.43113102299348244,-0.43725715420787664,0.006126131214394204
All available observations,electricity_pct,spearman,LTU,Lithuania,1,-0.43113102299348244,-0.4312358230858932,0.00010480009241076171
All available observations,electricity_pct,spearman,LUX,Luxembourg,1,-0.43113102299348244,-0.4269408844205453,0.004190138572937152
All available observations,electricity_pct,spearman,LVA,Latvia,1,-0.43113102299348244,-0.42940775493769856,0.0017232680557838775
All available observations,electricity_pct,spearman,MAR,Morocco,1,-0.43113102299348244,-0.42793568087410905,0.00319534211937339
All available observations,electricity_pct,spearman,MDA,Moldova,1,-0.43113102299348244,-0.4314395805967646,0.00030855760328218906
All available observations,electricity_pct,spearman,MEX,Mexico,4,-0.43113102299348244,-0.4249379269260911,0.006193096067391324
All available observations,electricity_pct,spearman,MKD,North Macedonia,3,-0.43113102299348244,-0.42926331872097534,0.001867704272507098
All available observations,electricity_pct,spearman,MLT,Malta,1,-0.43113102299348244,-0.4368370324117422,0.005706009418259772
All available observations,electricity_pct,spearman,MNG,Mongolia,5,-0.43113102299348244,-0.43762258261074777,0.00649155961726533
All available observations,electricity_pct,spearman,MUS,Mauritius,1,-0.43113102299348244,-0.43063567072590975,0.0004953522675726907
All available observations,electricity_pct,spearman,MWI,Malawi,1,-0.43113102299348244,-0.44185345178360697,0.010722428790124527
All available observations,electricity_pct,spearman,MYS,Malaysia,1,-0.43113102299348244,-0.43100859230667093,0.00012243068681150326
All available observations,electricity_pct,spearman,NLD,Netherlands,4,-0.43113102299348244,-0.4121804124695646,0.018950610523917832
All available observations,electricity_pct,spearman,NOR,Norway,2,-0.43113102299348244,-0.4208638659945306,0.010267156998951865
All available observations,electricity_pct,spearman,NZL,New Zealand,1,-0.43113102299348244,-0.42754226929377853,0.003588753699703906
All available observations,electricity_pct,spearman,OMN,Oman,2,-0.43113102299348244,-0.44418768158974314,0.013056658596260706
All available observations,electricity_pct,spearman,PAK,Pakistan,1,-0.43113102299348244,-0.42587180679624825,0.005259216197234184
All available observations,electricity_pct,spearman,PAN,Panama,1,-0.43113102299348244,-0.43354909261349944,0.002418069620017005
All available observations,electricity_pct,spearman,PER,Peru,1,-0.43113102299348244,-0.42742960126651636,0.003701421726966081
All available observations,electricity_pct,spearman,POL,Poland,2,-0.43113102299348244,-0.42654744465245803,0.004583578341024408
All available observations,electricity_pct,spearman,PRT,Portugal,1,-0.43113102299348244,-0.42754226929377853,0.003588753699703906
All available observations,electricity_pct,spearman,PRY,Paraguay,1,-0.43113102299348244,-0.4329813527318782,0.0018503297383957729
All available observations,electricity_pct,spearman,PSE,West Bank and Gaza,2,-0.43113102299348244,-0.434227900273599,0.003096877280116539
All available observations,electricity_pct,spearman,QAT,Qatar,1,-0.43113102299348244,-0.4263360166233358,0.004795006370146626
All available observations,electricity_pct,spearman,ROU,Romania,2,-0.43113102299348244,-0.43574532000050253,0.004614297007020096
All available observations,electricity_pct,spearman,RUS,Russian Federation,1,-0.43113102299348244,-0.43227904590148425,0.0011480229080018112
All available observations,electricity_pct,spearman,SLV,El Salvador,2,-0.43113102299348244,-0.4269708203993832,0.004160202594099216
All available observations,electricity_pct,spearman,SRB,Serbia,2,-0.43113102299348244,-0.42896692977680373,0.0021640932166787086
All available observations,electricity_pct,spearman,SVN,Slovenia,1,-0.43113102299348244,-0.4304435449659983,0.0006874780274841452
All available observations,electricity_pct,spearman,SWE,Sweden,2,-0.43113102299348244,-0.4208638659945306,0.010267156998951865
All available observations,electricity_pct,spearman,THA,Thailand,2,-0.43113102299348244,-0.43341608149890487,0.0022850585054224326
All available observations,electricity_pct,spearman,TUN,Tunisia,1,-0.43113102299348244,-0.4309798757228679,0.0001511472706145489
All available observations,electricity_pct,spearman,TUR,Turkey,2,-0.43113102299348244,-0.4424417381698589,0.01131071517637644
All available observations,electricity_pct,spearman,TZA,Tanzania,2,-0.43113102299348244,-0.4273356955165962,0.003795327476886212
All available observations,electricity_pct,spearman,UGA,Uganda,1,-0.43113102299348244,-0.44247238132668587,0.011341358333203433
All available observations,electricity_pct,spearman,URY,Uruguay,2,-0.43113102299348244,-0.4302237803900111,0.0009072426034713588
All available observations,electricity_pct,spearman,USA,United States,17,-0.43113102299348244,-0.33154408733449486,0.09958693565898757
All available observations,electricity_pct,spearman,ZAF,South Africa,2,-0.43113102299348244,-0.4428976717256163,0.011766648732133844
All available observations,water_pct,pearson,ALB,Albania,1,-0.1487535740902198,-0.14955663934276003,0.0008030652525402304
All available observations,water_pct,pearson,ARG,Argentina,3,-0.1487535740902198,-0.1528131424986597,0.004059568408439906
All available observations,water_pct,pearson,ARM,Armenia,2,-0.1487535740902198,-0.16076496935402393,0.012011395263804125
All available observations,water_pct,pearson,AUS,Australia,1,-0.1487535740902198,-0.14816641762485097,0.0005871564653688321
All available observations,water_pct,pearson,AUT,Austria,1,-0.1487535740902198,-0.14780526855884848,0.0009483055313713185
All available observations,water_pct,pearson,AZE,Azerbaijan,1,-0.1487535740902198,-0.14283277499260186,0.005920799097617946
All available observations,water_pct,pearson,BEL,Belgium,3,-0.1487535740902198,-0.1394123375729048,0.009341236517315
All available observations,water_pct,pearson,BGR,Bulgaria,2,-0.1487535740902198,-0.14788899687381338,0.0008645772164064258
All available observations,water_pct,pearson,BLR,Belarus,1,-0.1487535740902198,-0.14837440838653515,0.00037916570368465297
All available observations,water_pct,pearson,BOL,Bolivia,1,-0.1487535740902198,-0.14830951974741777,0.00044405434280203604
All available observations,water_pct,pearson,BRA,Brazil,3,-0.1487535740902198,-0.14726087285740402,0.0014927012328157796
All available observations,water_pct,pearson,BTN,Bhutan,2,-0.1487535740902198,-0.14906580408241552,0.0003122299921957117
All available observations,water_pct,pearson,CAN,Canada,3,-0.1487535740902198,-0.13992575577003588,0.008827818320183922
All available observations,water_pct,pearson,CHE,Switzerland,6,-0.1487535740902198,-0.13352215761980046,0.01523141647041934
All available observations,water_pct,pearson,CHL,Chile,2,-0.1487535740902198,-0.15053634370472768,0.0017827696145078786
All available observations,water_pct,pearson,CHN,China,2,-0.1487535740902198,-0.1491228654268829,0.00036929133666310787
All available observations,water_pct,pearson,CMR,Cameroon,1,-0.1487535740902198,-0.14811805038791653,0.00063552370230327
All available observations,water_pct,pearson,COL,Colombia,2,-0.1487535740902198,-0.14841031607431873,0.0003432580159010712
All available observations,water_pct,pearson,CRI,Costa Rica,1,-0.1487535740902198,-0.15196901660052795,0.003215442510308142
All available observations,water_pct,pearson,CUB,Cuba,2,-0.1487535740902198,-0.1485549863336074,0.00019858775661241168
All available observations,water_pct,pearson,DEU,Germany,2,-0.1487535740902198,-0.14322897316240205,0.005524600927817758
All available observations,water_pct,pearson,DNK,Denmark,2,-0.1487535740902198,-0.1403905081459883,0.008363065944231501
All available observations,water_pct,pearson,DOM,Dominican Republic,1,-0.1487535740902198,-0.150019136021419,0.0012655619311991995
All available observations,water_pct,pearson,DZA,Algeria,1,-0.1487535740902198,-0.148686735245718,6.683884450181532e-05
All available observations,water_pct,pearson,ECU,Ecuador,1,-0.1487535740902198,-0.1474714247123501,0.0012821493778696902
All available observations,water_pct,pearson,EGY,"Egypt, Arab Rep.",1,-0.1487535740902198,-0.15726606905107784,0.008512494960858041
All available observations,water_pct,pearson,ESP,Spain,2,-0.1487535740902198,-0.15235858073729172,0.0036050066470719178
All available observations,water_pct,pearson,EST,Estonia,2,-0.1487535740902198,-0.14556900219840505,0.003184571891814758
All available observations,water_pct,pearson,ETH,Ethiopia,1,-0.1487535740902198,-0.1426835942693395,0.006069979820880311
All available observations,water_pct,pearson,FIN,Finland,2,-0.1487535740902198,-0.14144454653385258,0.007309027556367226
All available observations,water_pct,pearson,FJI,Fiji,1,-0.1487535740902198,-0.14865879319933945,9.478089088035824e-05
All available observations,water_pct,pearson,FRA,France,1,-0.1487535740902198,-0.1457919800828965,0.0029615940073232927
All available observations,water_pct,pearson,GBR,United Kingdom,2,-0.1487535740902198,-0.14266290944054835,0.006090664649671451
All available observations,water_pct,pearson,GHA,Ghana,1,-0.1487535740902198,-0.1485922540961972,0.00016131999402260733
All available observations,water_pct,pearson,GRC,Greece,1,-0.1487535740902198,-0.14959251727545816,0.0008389431852383611
All available observations,water_pct,pearson,GTM,Guatemala,2,-0.1487535740902198,-0.14868554269652876,6.803139369104816e-05
All available observations,water_pct,pearson,HKG,"Hong Kong SAR, China",2,-0.1487535740902198,-0.1459925841270982,0.0027609899631216017
All available observations,water_pct,pearson,HND,Honduras,1,-0.1487535740902198,-0.14809976664301705,0.0006538074472027533
All available observations,water_pct,pearson,HUN,Hungary,2,-0.1487535740902198,-0.14811266317175947,0.0006409109184603301
All available observations,water_pct,pearson,IRL,Ireland,1,-0.1487535740902198,-0.14944701060265786,0.0006934365124380559
All available observations,water_pct,pearson,IRN,"Iran, Islamic Rep.",1,-0.1487535740902198,-0.15163632825747012,0.002882754167250312
All available observations,water_pct,pearson,IRQ,Iraq,1,-0.1487535740902198,-0.14478473199468764,0.003968842095532166
All available observations,water_pct,pearson,ITA,Italy,3,-0.1487535740902198,-0.15764469167423867,0.008891117584018865
All available observations,water_pct,pearson,JPN,Japan,4,-0.1487535740902198,-0.15668412736430073,0.007930553274080931
All available observations,water_pct,pearson,KAZ,Kazakhstan,5,-0.1487535740902198,-0.14890072639377222,0.00014715230355241693
All available observations,water_pct,pearson,KGZ,Kyrgyz Republic,4,-0.1487535740902198,-0.14106746479036555,0.007686109299854249
All available observations,water_pct,pearson,KHM,Cambodia,1,-0.1487535740902198,-0.14879038924657537,3.6815156355562983e-05
All available observations,water_pct,pearson,KOR,"Korea, Rep.",4,-0.1487535740902198,-0.1511206876103148,0.002367113520094999
All available observations,water_pct,pearson,LAO,Lao PDR,4,-0.1487535740902198,-0.19620362177765335,0.04745004768743355
All available observations,water_pct,pearson,LBR,Liberia,1,-0.1487535740902198,-0.17037611025704,0.021622536166820194
All available observations,water_pct,pearson,LSO,Lesotho,1,-0.1487535740902198,-0.15410174199835702,0.005348167908137219
All available observations,water_pct,pearson,LTU,Lithuania,1,-0.1487535740902198,-0.14889463911553932,0.00014106502531952003
All available observations,water_pct,pearson,LUX,Luxembourg,1,-0.1487535740902198,-0.1465448979367994,0.002208676153420408
All available observations,water_pct,pearson,LVA,Latvia,1,-0.1487535740902198,-0.14812679587832828,0.0006267782118915266
All available observations,water_pct,pearson,MAR,Morocco,1,-0.1487535740902198,-0.13787577498865072,0.01087779910156908
All available observations,water_pct,pearson,MDA,Moldova,1,-0.1487535740902198,-0.14977431136195662,0.0010207372717368213
All available observations,water_pct,pearson,MEX,Mexico,4,-0.1487535740902198,-0.17385758594796086,0.025104011857741054
All available observations,water_pct,pearson,MKD,North Macedonia,3,-0.1487535740902198,-0.15402548354662762,0.0052719094564078195
All available observations,water_pct,pearson,MLT,Malta,1,-0.1487535740902198,-0.1501729088022708,0.0014193347120509958
All available observations,water_pct,pearson,MNG,Mongolia,5,-0.1487535740902198,-0.1449622290597608,0.003791345030458998
All available observations,water_pct,pearson,MUS,Mauritius,1,-0.1487535740902198,-0.15232679022077444,0.0035732161305546406
All available observations,water_pct,pearson,MWI,Malawi,1,-0.1487535740902198,-0.1650117004405158,0.016258126350296
All available observations,water_pct,pearson,MYS,Malaysia,1,-0.1487535740902198,-0.15022783857958322,0.0014742644893634138
All available observations,water_pct,pearson,NLD,Netherlands,4,-0.1487535740902198,-0.1373990767566989,0.011354497333520897
All available observations,water_pct,pearson,NOR,Norway,2,-0.1487535740902198,-0.1400768264956936,0.00867674759452619
All available observations,water_pct,pearson,NZL,New Zealand,1,-0.1487535740902198,-0.14664558278194265,0.0021079913082771573
All available observations,water_pct,pearson,OMN,Oman,2,-0.1487535740902198,-0.14617054907847044,0.002583025011749368
All available observations,water_pct,pearson,PAK,Pakistan,1,-0.1487535740902198,-0.14633126302799332,0.0024223110622264843
All available observations,water_pct,pearson,PAN,Panama,1,-0.1487535740902198,-0.14875258514935502,9.88940864782295e-07
All available observations,water_pct,pearson,PER,Peru,1,-0.1487535740902198,-0.14663101265660505,0.0021225614336147502
All available observations,water_pct,pearson,POL,Poland,1,-0.1487535740902198,-0.14807927941115584,0.0006742946790639637
All available observations,water_pct,pearson,PRT,Portugal,1,-0.1487535740902198,-0.14693154773833722,0.001822026351882583
All available observations,water_pct,pearson,PRY,Paraguay,1,-0.1487535740902198,-0.14874422358217684,9.350508042960115e-06
All available observations,water_pct,pearson,PSE,West Bank and Gaza,2,-0.1487535740902198,-0.15709599398007515,0.008342419889855346
All available observations,water_pct,pearson,QAT,Qatar,1,-0.1487535740902198,-0.14562073185318797,0.0031328422370318354
All available observations,water_pct,pearson,ROU,Romania,2,-0.1487535740902198,-0.14929886752310223,0.0005452934328824266
All available observations,water_pct,pearson,RUS,Russian Federation,1,-0.1487535740902198,-0.14876853158274203,1.4957492522227334e-05
All available observations,water_pct,pearson,SLV,El Salvador,2,-0.1487535740902198,-0.14262452726481534,0.006129046825404466
All available observations,water_pct,pearson,SRB,Serbia,2,-0.1487535740902198,-0.14872913439692065,2.4439693299155296e-05
All available observations,water_pct,pearson,SVN,Slovenia,1,-0.1487535740902198,-0.148173772620203,0.0005798014700167942
All available observations,water_pct,pearson,SWE,Sweden,2,-0.1487535740902198,-0.14066278104743749,0.008090793042782318
All available observations,water_pct,pearson,THA,Thailand,2,-0.1487535740902198,-0.14700928621175074,0.0017442878784690585
All available observations,water_pct,pearson,TUN,Tunisia,1,-0.1487535740902198,-0.1471471044962858,0.0016064695939340123
All available observations,water_pct,pearson,TUR,Turkey,2,-0.1487535740902198,-0.15365770566552017,0.004904131575300369
All available observations,water_pct,pearson,TZA,Tanzania,2,-0.1487535740902198,-0.14043507665440572,0.008318497435814087
All available observations,water_pct,pearson,UGA,Uganda,1,-0.1487535740902198,-0.16999232219200172,0.021238748101781918
All available observations,water_pct,pearson,URY,Uruguay,2,-0.1487535740902198,-0.1537380694950026,0.004984495404782796
All available observations,water_pct,pearson,USA,United States,15,-0.1487535740902198,-0.10030156422285298,0.04845200986736682
All available observations,water_pct,pearson,ZAF,South Africa,2,-0.1487535740902198,-0.15002192841098888,0.0012683543207690773
All available observations,water_pct,spearman,ALB,Albania,1,-0.4729947635331175,-0.4712396034972187,0.0017551600358987618
All available observations,water_pct,spearman,ARG,Argentina,3,-0.4729947635331175,-0.4750294644961337,0.0020347009630162227
All available observations,water_pct,spearman,ARM,Armenia,2,-0.4729947635331175,-0.4768396106962964,0.0038448471631788994
All available observations,water_pct,spearman,AUS,Australia,1,-0.4729947635331175,-0.4730559852536914,6.122172057393405e-05
All available observations,water_pct,spearman,AUT,Austria,1,-0.4729947635331175,-0.47167434883784254,0.0013204146952749407
All available observations,water_pct,spearman,AZE,Azerbaijan,1,-0.4729947635331175,-0.46942178831295667,0.0035729752201608123
All available observations,water_pct,spearman,BEL,Belgium,3,-0.4729947635331175,-0.454528719941189,0.018466043591928494
All available observations,water_pct,spearman,BGR,Bulgaria,2,-0.4729947635331175,-0.4722731148141413,0.0007216487189761756
All available observations,water_pct,spearman,BLR,Belarus,1,-0.4729947635331175,-0.4714135016334683,0.001581261899649189
All available observations,water_pct,spearman,BOL,Bolivia,1,-0.4729947635331175,-0.4748636406566595,0.001868877123542001
All available observations,water_pct,spearman,BRA,Brazil,3,-0.4729947635331175,-0.4726407650693016,0.0003539984638158966
All available observations,water_pct,spearman,BTN,Bhutan,2,-0.4729947635331175,-0.4783224537146042,0.005327690181486711
All available observations,water_pct,spearman,CAN,Canada,3,-0.4729947635331175,-0.4664831478690649,0.006511615664052561
All available observations,water_pct,spearman,CHE,Switzerland,6,-0.4729947635331175,-0.4444568310965412,0.028537932436576263
All available observations,water_pct,spearman,CHL,Chile,2,-0.4729947635331175,-0.47342683038447136,0.000432066851353885
All available observations,water_pct,spearman,CHN,China,2,-0.4729947635331175,-0.4780001224452897,0.005005358912172242
All available observations,water_pct,spearman,CMR,Cameroon,1,-0.4729947635331175,-0.47342724205123815,0.0004324785181206714
All available observations,water_pct,spearman,COL,Colombia,2,-0.4729947635331175,-0.482509096413072,0.009514332879954512
All available observations,water_pct,spearman,CRI,Costa Rica,1,-0.4729947635331175,-0.48066488248194467,0.007670118948827187
All available observations,water_pct,spearman,CUB,Cuba,2,-0.4729947635331175,-0.4755042262120288,0.002509462678911334
All available observations,water_pct,spearman,DEU,Germany,2,-0.4729947635331175,-0.46212355898324664,0.010871204549870839
All available observations,water_pct,spearman,DNK,Denmark,2,-0.4729947635331175,-0.45960160678422535,0.013393156748892132
All available observations,water_pct,spearman,DOM,Dominican Republic,1,-0.4729947635331175,-0.4736324418520126,0.0006376783188951074
All available observations,water_pct,spearman,DZA,Algeria,1,-0.4729947635331175,-0.4707364582230033,0.0022583053101141726
All available observations,water_pct,spearman,ECU,Ecuador,1,-0.4729947635331175,-0.47055908212402875,0.00243568140908873
All available observations,water_pct,spearman,EGY,"Egypt, Arab Rep.",1,-0.4729947635331175,-0.4763985815392888,0.003403818006171344
All available observations,water_pct,spearman,ESP,Spain,2,-0.4729947635331175,-0.48780108828270463,0.014806324749587152
All available observations,water_pct,spearman,EST,Estonia,2,-0.4729947635331175,-0.4695053362248684,0.0034894273082490823
All available observations,water_pct,spearman,ETH,Ethiopia,1,-0.4729947635331175,-0.47044199071228743,0.0025527728208300515
All available observations,water_pct,spearman,FIN,Finland,2,-0.4729947635331175,-0.45849860291765804,0.014496160615459441
All available observations,water_pct,spearman,FJI,Fiji,1,-0.4729947635331175,-0.4736208486429293,0.0006260851098118247
All available observations,water_pct,spearman,FRA,France,1,-0.4729947635331175,-0.4678068542876525,0.005187909245464972
All available observations,water_pct,spearman,GBR,United Kingdom,2,-0.4729947635331175,-0.4613143638436169,0.011680399689500576
All available observations,water_pct,spearman,GHA,Ghana,1,-0.4729947635331175,-0.4752737648662604,0.002279001333142905
All available observations,water_pct,spearman,GRC,Greece,1,-0.4729947635331175,-0.4768437607680877,0.0038489972349702306
All available observations,water_pct,spearman,GTM,Guatemala,2,-0.4729947635331175,-0.4693487171670571,0.0036460463660603626
All available observations,water_pct,spearman,HKG,"Hong Kong SAR, China",2,-0.4729947635331175,-0.4678116094082226,0.005183154124894895
All available observations,water_pct,spearman,HND,Honduras,1,-0.4729947635331175,-0.4722656025010911,0.0007291610320263597
All available observations,water_pct,spearman,HUN,Hungary,2,-0.4729947635331175,-0.4747633945370112,0.0017686310038937392
All available observations,water_pct,spearman,IRL,Ireland,1,-0.4729947635331175,-0.4736324418520126,0.0006376783188951074
All available observations,water_pct,spearman,IRN,"Iran, Islamic Rep.",1,-0.4729947635331175,-0.47326609644498024,0.000271332911862765
All available observations,water_pct,spearman,IRQ,Iraq,1,-0.4729947635331175,-0.4690890632122659,0.0039057003208515795
All available observations,water_pct,spearman,ITA,Italy,3,-0.4729947635331175,-0.4984189877190853,0.025424224185967848
All available observations,water_pct,spearman,JPN,Japan,4,-0.4729947635331175,-0.48104297976397764,0.008048216230860161
All available observations,water_pct,spearman,KAZ,Kazakhstan,5,-0.4729947635331175,-0.4744946114053399,0.001499847872222404
All available observations,water_pct,spearman,KGZ,Kyrgyz Republic,4,-0.4729947635331175,-0.4739671633064869,0.0009723997733694367
All available observations,water_pct,spearman,KHM,Cambodia,1,-0.4729947635331175,-0.4734414902327507,0.0004467266996331931
All available observations,water_pct,spearman,KOR,"Korea, Rep.",4,-0.4729947635331175,-0.4767584251656913,0.0037636616325738004
All available observations,water_pct,spearman,LAO,Lao PDR,4,-0.4729947635331175,-0.5219001336372417,0.04890537010412427
All available observations,water_pct,spearman,LBR,Liberia,1,-0.4729947635331175,-0.49565722046847294,0.022662456935355457
All available observations,water_pct,spearman,LSO,Lesotho,1,-0.4729947635331175,-0.4788059857572921,0.005811222224174628
All available observations,water_pct,spearman,LTU,Lithuania,1,-0.4729947635331175,-0.4748265423875929,0.001831778854475441
All available observations,water_pct,spearman,LUX,Luxembourg,1,-0.4729947635331175,-0.46897064086974183,0.004024122663375651
All available observations,water_pct,spearman,LVA,Latvia,1,-0.4729947635331175,-0.4718505656159088,0.0011441979172086558
All available observations,water_pct,spearman,MAR,Morocco,1,-0.4729947635331175,-0.46811755229108504,0.004877211242032442
All available observations,water_pct,spearman,MDA,Moldova,1,-0.4729947635331175,-0.47822798993263416,0.005233226399516677
All available observations,water_pct,spearman,MEX,Mexico,4,-0.4729947635331175,-0.477370205763768,0.004375442230650506
All available observations,water_pct,spearman,MKD,North Macedonia,3,-0.4729947635331175,-0.4748124599779524,0.0018176964448349264
All available observations,water_pct,spearman,MLT,Malta,1,-0.4729947635331175,-0.47975829353163024,0.006763529998512763
All available observations,water_pct,spearman,MNG,Mongolia,5,-0.4729947635331175,-0.47830257213754246,0.0053078086044249795
All available observations,water_pct,spearman,MUS,Mauritius,1,-0.4729947635331175,-0.48008290338596277,0.007088139852845288
All available observations,water_pct,spearman,MWI,Malawi,1,-0.4729947635331175,-0.48322466304753803,0.010229899514420548
All available observations,water_pct,spearman,MYS,Malaysia,1,-0.4729947635331175,-0.4739199534372785,0.0009251899041610168
All available observations,water_pct,spearman,NLD,Netherlands,4,-0.4729947635331175,-0.45125231110908776,0.021742452424029723
All available observations,water_pct,spearman,NOR,Norway,2,-0.4729947635331175,-0.45996799506555924,0.013026768467558236
All available observations,water_pct,spearman,NZL,New Zealand,1,-0.4729947635331175,-0.469791382962773,0.0032033805703444718
All available observations,water_pct,spearman,OMN,Oman,2,-0.4729947635331175,-0.4724382683722662,0.0005564951608512669
All available observations,water_pct,spearman,PAK,Pakistan,1,-0.4729947635331175,-0.4698588522953972,0.003135911237720279
All available observations,water_pct,spearman,PAN,Panama,1,-0.4729947635331175,-0.473739099375579,0.0007443358424615298
All available observations,water_pct,spearman,PER,Peru,1,-0.4729947635331175,-0.470380546704146,0.002614216828971505
All available observations,water_pct,spearman,POL,Poland,1,-0.4729947635331175,-0.4741135600289697,0.0011187964958522256
All available observations,water_pct,spearman,PRT,Portugal,1,-0.4729947635331175,-0.47004202499891345,0.0029527385342040247
All available observations,water_pct,spearman,PRY,Paraguay,1,-0.4729947635331175,-0.4735141911193629,0.0005194275862454023
All available observations,water_pct,spearman,PSE,West Bank and Gaza,2,-0.4729947635331175,-0.47512319336006914,0.002128429826951661
All available observations,water_pct,spearman,QAT,Qatar,1,-0.4729947635331175,-0.46815696920196825,0.0048377943311492255
All available observations,water_pct,spearman,ROU,Romania,2,-0.4729947635331175,-0.4806949413131772,0.007700177780059714
All available observations,water_pct,spearman,RUS,Russian Federation,1,-0.4729947635331175,-0.47285801548524786,0.00013674804786961703
All available observations,water_pct,spearman,SLV,El Salvador,2,-0.4729947635331175,-0.4690148710459902,0.003979892487127268
All available observations,water_pct,spearman,SRB,Serbia,2,-0.4729947635331175,-0.4742148487903819,0.0012200852572644139
All available observations,water_pct,spearman,SVN,Slovenia,1,-0.4729947635331175,-0.4731455270705138,0.00015076353739634785
All available observations,water_pct,spearman,SWE,Sweden,2,-0.4729947635331175,-0.4664054448276158,0.006589318705501668
All available observations,water_pct,spearman,THA,Thailand,2,-0.4729947635331175,-0.4709690949312784,0.002025668601839059
All available observations,water_pct,spearman,TUN,Tunisia,1,-0.4729947635331175,-0.46978001847363077,0.003214745059486712
All available observations,water_pct,spearman,TUR,Turkey,2,-0.4729947635331175,-0.47186730892846285,0.0011274546046546319
All available observations,water_pct,spearman,TZA,Tanzania,2,-0.4729947635331175,-0.468841459809959,0.004153303723158475
All available observations,water_pct,spearman,UGA,Uganda,1,-0.4729947635331175,-0.4847584446092591,0.011763681076141619
All available observations,water_pct,spearman,URY,Uruguay,2,-0.4729947635331175,-0.4761235520549975,0.0031287885218800326
All available observations,water_pct,spearman,USA,United States,15,-0.4729947635331175,-0.41752709445256714,0.05546766908055034
All available observations,water_pct,spearman,ZAF,South Africa,2,-0.4729947635331175,-0.4816568516692741,0.008662088136156598
All available observations,clean_cooking_pct,pearson,ALB,Albania,1,-0.1066163225200468,-0.10209476735708495,0.004521555162961849
All available observations,clean_cooking_pct,pearson,ARG,Argentina,3,-0.1066163225200468,-0.11143891027168135,0.0048225877516345494
All available observations,clean_cooking_pct,pearson,ARM,Armenia,2,-0.1066163225200468,-0.11645889502866852,0.009842572508621722
All available observations,clean_cooking_pct,pearson,AUS,Australia,1,-0.1066163225200468,-0.1060528611938932,0.0005634613261535915
All available observations,clean_cooking_pct,pearson,AUT,Austria,1,-0.1066163225200468,-0.10569874857519851,0.0009175739448482878
All available observations,clean_cooking_pct,pearson,AZE,Azerbaijan,1,-0.1066163225200468,-0.10998534687247519,0.0033690243524283903
All available observations,clean_cooking_pct,pearson,BEL,Belgium,3,-0.1066163225200468,-0.09706456171683758,0.009551760803209214
All available observations,clean_cooking_pct,pearson,BLR,Belarus,1,-0.1066163225200468,-0.10623571059486679,0.000380611925180005
All available observations,clean_cooking_pct,pearson,BOL,Bolivia,1,-0.1066163225200468,-0.1060577473160652,0.0005585752039816011
All available observations,clean_cooking_pct,pearson,BRA,Brazil,3,-0.1066163225200468,-0.10526472559483889,0.0013515969252079069
All available observations,clean_cooking_pct,pearson,BTN,Bhutan,2,-0.1066163225200468,-0.11009429378413119,0.0034779712640843896
All available observations,clean_cooking_pct,pearson,CAN,Canada,3,-0.1066163225200468,-0.09610064285523323,0.010515679664813565
All available observations,clean_cooking_pct,pearson,CHE,Switzerland,6,-0.1066163225200468,-0.09120176672581112,0.015414555794235674
All available observations,clean_cooking_pct,pearson,CHL,Chile,2,-0.1066163225200468,-0.10921294412774363,0.0025966216076968307
All available observations,clean_cooking_pct,pearson,CHN,China,2,-0.1066163225200468,-0.10758192046142478,0.000965597941377988
All available observations,clean_cooking_pct,pearson,CMR,Cameroon,1,-0.1066163225200468,-0.10494129284364033,0.001675029676406467
All available observations,clean_cooking_pct,pearson,COL,Colombia,2,-0.1066163225200468,-0.10580636648731376,0.0008099560327330391
All available observations,clean_cooking_pct,pearson,CRI,Costa Rica,1,-0.1066163225200468,-0.10908544066200695,0.0024691181419601582
All available observations,clean_cooking_pct,pearson,CUB,Cuba,2,-0.1066163225200468,-0.1053594252157838,0.0012568973042629966
All available observations,clean_cooking_pct,pearson,DEU,Germany,2,-0.1066163225200468,-0.1009979482083628,0.0056183743116839935
All available observations,clean_cooking_pct,pearson,DNK,Denmark,2,-0.1066163225200468,-0.09789223449441731,0.00872408802562949
All available observations,clean_cooking_pct,pearson,DOM,Dominican Republic,1,-0.1066163225200468,-0.10774986054569818,0.0011335380256513872
All available observations,clean_cooking_pct,pearson,DZA,Algeria,1,-0.1066163225200468,-0.11430901354537643,0.007692691025329629
All available observations,clean_cooking_pct,pearson,ECU,Ecuador,1,-0.1066163225200468,-0.10978849461006655,0.0031721720900197564
All available observations,clean_cooking_pct,pearson,EGY,"Egypt, Arab Rep.",1,-0.1066163225200468,-0.11694625645565482,0.010329933935608021
All available observations,clean_cooking_pct,pearson,ESP,Spain,2,-0.1066163225200468,-0.11022558879082733,0.0036092662707805367
All available observations,clean_cooking_pct,pearson,EST,Estonia,2,-0.1066163225200468,-0.10255872241744045,0.0040576001026063485
All available observations,clean_cooking_pct,pearson,ETH,Ethiopia,1,-0.1066163225200468,-0.0991262478674978,0.007490074652549
All available observations,clean_cooking_pct,pearson,FIN,Finland,2,-0.1066163225200468,-0.09906337625525884,0.00755294626478796
All available observations,clean_cooking_pct,pearson,FJI,Fiji,1,-0.1066163225200468,-0.10783350531847967,0.0012171827984328726
All available observations,clean_cooking_pct,pearson,FRA,France,1,-0.1066163225200468,-0.10359507420047812,0.0030212483195686812
All available observations,clean_cooking_pct,pearson,GBR,United Kingdom,2,-0.1066163225200468,-0.10039240642940957,0.00622391609063723
All available observations,clean_cooking_pct,pearson,GHA,Ghana,1,-0.1066163225200468,-0.10615489442505753,0.0004614280949892663
All available observations,clean_cooking_pct,pearson,GRC,Greece,1,-0.1066163225200468,-0.10749421158901948,0.0008778890689726815
All available observations,clean_cooking_pct,pearson,GTM,Guatemala,2,-0.1066163225200468,-0.0832904195309169,0.0233259029891299
All available observations,clean_cooking_pct,pearson,HND,Honduras,1,-0.1066163225200468,-0.10168158710039328,0.004934735419653516
All available observations,clean_cooking_pct,pearson,HUN,Hungary,2,-0.1066163225200468,-0.10455899127650908,0.0020573312435377134
All available observations,clean_cooking_pct,pearson,IRL,Ireland,1,-0.1066163225200468,-0.10793455421371527,0.001318231693668473
All available observations,clean_cooking_pct,pearson,IRN,"Iran, Islamic Rep.",1,-0.1066163225200468,-0.11120122167421786,0.004584899154171068
All available observations,clean_cooking_pct,pearson,IRQ,Iraq,1,-0.1066163225200468,-0.11243752124128578,0.005821198721238985
All available observations,clean_cooking_pct,pearson,ITA,Italy,3,-0.1066163225200468,-0.11574356768888382,0.00912724516883702
All available observations,clean_cooking_pct,pearson,JPN,Japan,4,-0.1066163225200468,-0.1163057516500536,0.009689429130006796
All available observations,clean_cooking_pct,pearson,KAZ,Kazakhstan,5,-0.1066163225200468,-0.10885993444774267,0.002243611927695871
All available observations,clean_cooking_pct,pearson,KGZ,Kyrgyz Republic,4,-0.1066163225200468,-0.09809906126266082,0.008517261257385972
All available observations,clean_cooking_pct,pearson,KHM,Cambodia,1,-0.1066163225200468,-0.10498443068386719,0.001631891836179608
All available observations,clean_cooking_pct,pearson,KOR,"Korea, Rep.",4,-0.1066163225200468,-0.10961547776650477,0.0029991552464579685
All available observations,clean_cooking_pct,pearson,LAO,Lao PDR,4,-0.1066163225200468,-0.1782600870510412,0.07164376453099441
All available observations,clean_cooking_pct,pearson,LBR,Liberia,1,-0.1066163225200468,-0.1381344654838192,0.031518142963772394
All available observations,clean_cooking_pct,pearson,LSO,Lesotho,1,-0.1066163225200468,-0.11091029803956522,0.00429397551951842
All available observations,clean_cooking_pct,pearson,LTU,Lithuania,1,-0.1066163225200468,-0.10628703095596202,0.00032929156408477434
All available observations,clean_cooking_pct,pearson,LUX,Luxembourg,1,-0.1066163225200468,-0.10439524244937147,0.002221080070675327
All available observations,clean_cooking_pct,pearson,LVA,Latvia,1,-0.1066163225200468,-0.10582273304043974,0.0007935894796070597
All available observations,clean_cooking_pct,pearson,MAR,Morocco,1,-0.1066163225200468,-0.11338908320915156,0.006772760689104762
All available observations,clean_cooking_pct,pearson,MDA,Moldova,1,-0.1066163225200468,-0.10590985581072605,0.0007064667093207438
All available observations,clean_cooking_pct,pearson,MEX,Mexico,4,-0.1066163225200468,-0.11874528001495216,0.012128957494905362
All available observations,clean_cooking_pct,pearson,MKD,North Macedonia,3,-0.1066163225200468,-0.0989203263694676,0.0076959961505791985
All available observations,clean_cooking_pct,pearson,MLT,Malta,1,-0.1066163225200468,-0.10806204330873714,0.0014457207886903467
All available observations,clean_cooking_pct,pearson,MNG,Mongolia,5,-0.1066163225200468,-0.09882127085195445,0.007795051668092343
All available observations,clean_cooking_pct,pearson,MUS,Mauritius,1,-0.1066163225200468,-0.1093690611114249,0.002752738591378104
All available observations,clean_cooking_pct,pearson,MWI,Malawi,1,-0.1066163225200468,-0.12105609115648573,0.014439768636438935
All available observations,clean_cooking_pct,pearson,MYS,Malaysia,1,-0.1066163225200468,-0.10909418437550007,0.0024778618554532755
All available observations,clean_cooking_pct,pearson,NLD,Netherlands,4,-0.1066163225200468,-0.09506111568690812,0.011555206833138681
All available observations,clean_cooking_pct,pearson,NOR,Norway,2,-0.1066163225200468,-0.09751135853337725,0.009104963986669545
All available observations,clean_cooking_pct,pearson,NZL,New Zealand,1,-0.1066163225200468,-0.10450089381035044,0.0021154287096963598
All available observations,clean_cooking_pct,pearson,OMN,Oman,2,-0.1066163225200468,-0.11060507564452213,0.0039887531244753305
All available observations,clean_cooking_pct,pearson,PAK,Pakistan,1,-0.1066163225200468,-0.08827172223378707,0.018344600286259727
All available observations,clean_cooking_pct,pearson,PAN,Panama,1,-0.1066163225200468,-0.10684886716131212,0.00023254464126531982
All available observations,clean_cooking_pct,pearson,PER,Peru,1,-0.1066163225200468,-0.1032957631595033,0.0033205593605434985
All available observations,clean_cooking_pct,pearson,POL,Poland,2,-0.1066163225200468,-0.10498372126708613,0.0016326012529606637
All available observations,clean_cooking_pct,pearson,PRT,Portugal,1,-0.1066163225200468,-0.10455436341722255,0.002061959102824251
All available observations,clean_cooking_pct,pearson,PRY,Paraguay,1,-0.1066163225200468,-0.10671406187607647,9.773935602967743e-05
All available observations,clean_cooking_pct,pearson,QAT,Qatar,1,-0.1066163225200468,-0.10337615593360394,0.0032401665864428553
All available observations,clean_cooking_pct,pearson,ROU,Romania,2,-0.1066163225200468,-0.1072342008967559,0.0006178783767090967
All available observations,clean_cooking_pct,pearson,RUS,Russian Federation,1,-0.1066163225200468,-0.10676045395405502,0.00014413143400822392
All available observations,clean_cooking_pct,pearson,SLV,El Salvador,2,-0.1066163225200468,-0.106624010279077,7.68775903020602e-06
All available observations,clean_cooking_pct,pearson,SRB,Serbia,2,-0.1066163225200468,-0.10625541379187219,0.00036090872817461095
All available observations,clean_cooking_pct,pearson,SVN,Slovenia,1,-0.1066163225200468,-0.10605286952996662,0.0005634529900801766
All available observations,clean_cooking_pct,pearson,SWE,Sweden,2,-0.1066163225200468,-0.09748369634264316,0.009132626177403638
All available observations,clean_cooking_pct,pearson,THA,Thailand,2,-0.1066163225200468,-0.10769457664725215,0.001078254127205358
All available observations,clean_cooking_pct,pearson,TUN,Tunisia,1,-0.1066163225200468,-0.11526488818614826,0.008648565666101463
All available observations,clean_cooking_pct,pearson,TUR,Turkey,2,-0.1066163225200468,-0.11609321122619214,0.00947688870614534
All available observations,clean_cooking_pct,pearson,TZA,Tanzania,2,-0.1066163225200468,-0.09392007545879517,0.012696247061251623
All available observations,clean_cooking_pct,pearson,UGA,Uganda,1,-0.1066163225200468,-0.12278524913213175,0.016168926612084952
All available observations,clean_cooking_pct,pearson,URY,Uruguay,2,-0.1066163225200468,-0.11307806324781623,0.0064617407277694355
All available observations,clean_cooking_pct,pearson,USA,United States,17,-0.1066163225200468,-0.04266639132451851,0.06394993119552829
All available observations,clean_cooking_pct,pearson,ZAF,South Africa,2,-0.1066163225200468,-0.10839479391124295,0.0017784713911961486
All available observations,clean_cooking_pct,spearman,ALB,Albania,1,-0.41425145140144987,-0.41011368039226703,0.0041377710091828335
All available observations,clean_cooking_pct,spearman,ARG,Argentina,3,-0.41425145140144987,-0.41279573692058996,0.0014557144808599043
All available observations,clean_cooking_pct,spearman,ARM,Armenia,2,-0.41425145140144987,-0.41208121139436,0.002170240007089874
All available observations,clean_cooking_pct,spearman,AUS,Australia,1,-0.41425145140144987,-0.41390220359942403,0.0003492478020258316
All available observations,clean_cooking_pct,spearman,AUT,Austria,1,-0.41425145140144987,-0.4124030303056875,0.001848421095762387
All available observations,clean_cooking_pct,spearman,AZE,Azerbaijan,1,-0.41425145140144987,-0.4130039168829603,0.0012475345184895792
All available observations,clean_cooking_pct,spearman,BEL,Belgium,3,-0.41425145140144987,-0.4002171579049299,0.014034293496519967
All available observations,clean_cooking_pct,spearman,BLR,Belarus,1,-0.41425145140144987,-0.41324933929193275,0.001002112109517117
All available observations,clean_cooking_pct,spearman,BOL,Bolivia,1,-0.41425145140144987,-0.4156300679008949,0.00137861649944504
All available observations,clean_cooking_pct,spearman,BRA,Brazil,3,-0.41425145140144987,-0.41631154631999123,0.0020600949185413664
All available observations,clean_cooking_pct,spearman,BTN,Bhutan,2,-0.41425145140144987,-0.4254893299177902,0.011237878516340338
All available observations,clean_cooking_pct,spearman,CAN,Canada,3,-0.41425145140144987,-0.40007485905881063,0.014176592342639238
All available observations,clean_cooking_pct,spearman,CHE,Switzerland,6,-0.41425145140144987,-0.3887425210158945,0.02550893038555535
All available observations,clean_cooking_pct,spearman,CHL,Chile,2,-0.41425145140144987,-0.42169743032934165,0.007445978927891783
All available observations,clean_cooking_pct,spearman,CHN,China,2,-0.41425145140144987,-0.42152277119247844,0.007271319791028574
All available observations,clean_cooking_pct,spearman,CMR,Cameroon,1,-0.41425145140144987,-0.4151484100180453,0.0008969586165954446
All available observations,clean_cooking_pct,spearman,COL,Colombia,2,-0.41425145140144987,-0.42478539110684993,0.010533939705400064
All available observations,clean_cooking_pct,spearman,CRI,Costa Rica,1,-0.41425145140144987,-0.41361812911504103,0.0006333222864088328
All available observations,clean_cooking_pct,spearman,CUB,Cuba,2,-0.41425145140144987,-0.41698419853447277,0.002732747133022906
All available observations,clean_cooking_pct,spearman,DEU,Germany,2,-0.41425145140144987,-0.40539042490928606,0.008861026492163804
All available observations,clean_cooking_pct,spearman,DNK,Denmark,2,-0.41425145140144987,-0.4049193779962954,0.009332073405154462
All available observations,clean_cooking_pct,spearman,DOM,Dominican Republic,1,-0.41425145140144987,-0.41369162459580283,0.0005598268056470346
All available observations,clean_cooking_pct,spearman,DZA,Algeria,1,-0.41425145140144987,-0.4150289798618074,0.0007775284603575572
All available observations,clean_cooking_pct,spearman,ECU,Ecuador,1,-0.41425145140144987,-0.4135417171847884,0.000709734216661484
All available observations,clean_cooking_pct,spearman,EGY,"Egypt, Arab Rep.",1,-0.41425145140144987,-0.4158571164396769,0.001605665038227011
All available observations,clean_cooking_pct,spearman,ESP,Spain,2,-0.41425145140144987,-0.42307464376139037,0.008823192359940502
All available observations,clean_cooking_pct,spearman,EST,Estonia,2,-0.41425145140144987,-0.40739411702848555,0.006857334372964319
All available observations,clean_cooking_pct,spearman,ETH,Ethiopia,1,-0.41425145140144987,-0.4113699548553099,0.00288149654613995
All available observations,clean_cooking_pct,spearman,FIN,Finland,2,-0.41425145140144987,-0.4049193779962954,0.009332073405154462
All available observations,clean_cooking_pct,spearman,FJI,Fiji,1,-0.41425145140144987,-0.4177522499078915,0.003500798506441638
All available observations,clean_cooking_pct,spearman,FRA,France,1,-0.41425145140144987,-0.4096437198657877,0.004607731535662185
All available observations,clean_cooking_pct,spearman,GBR,United Kingdom,2,-0.41425145140144987,-0.4050604259419932,0.009191025459456659
All available observations,clean_cooking_pct,spearman,GHA,Ghana,1,-0.41425145140144987,-0.4167033724230395,0.0024519210215896425
All available observations,clean_cooking_pct,spearman,GRC,Greece,1,-0.41425145140144987,-0.4172894182905765,0.0030379668891266087
All available observations,clean_cooking_pct,spearman,GTM,Guatemala,2,-0.41425145140144987,-0.4033703699581876,0.010881081443262275
All available observations,clean_cooking_pct,spearman,HND,Honduras,1,-0.41425145140144987,-0.411779429676697,0.0024720217247528598
All available observations,clean_cooking_pct,spearman,HUN,Hungary,2,-0.41425145140144987,-0.4102911757017842,0.003960275699665672
All available observations,clean_cooking_pct,spearman,IRL,Ireland,1,-0.41425145140144987,-0.4189478842902696,0.004696432888819713
All available observations,clean_cooking_pct,spearman,IRN,"Iran, Islamic Rep.",1,-0.41425145140144987,-0.4143832695665432,0.00013181816509333366
All available observations,clean_cooking_pct,spearman,IRQ,Iraq,1,-0.41425145140144987,-0.4131797810690689,0.0010716703323809806
All available observations,clean_cooking_pct,spearman,ITA,Italy,3,-0.41425145140144987,-0.4360870806396826,0.021835629238232734
All available observations,clean_cooking_pct,spearman,JPN,Japan,4,-0.41425145140144987,-0.44007985118630005,0.025828399784850187
All available observations,clean_cooking_pct,spearman,KAZ,Kazakhstan,5,-0.41425145140144987,-0.41447478540740984,0.0002233340059599742
All available observations,clean_cooking_pct,spearman,KGZ,Kyrgyz Republic,4,-0.41425145140144987,-0.4119256548689288,0.002325796532521074
All available observations,clean_cooking_pct,spearman,KHM,Cambodia,1,-0.41425145140144987,-0.4149127268502749,0.0006612754488250494
All available observations,clean_cooking_pct,spearman,KOR,"Korea, Rep.",4,-0.41425145140144987,-0.42570630631698825,0.011454854915538382
All available observations,clean_cooking_pct,spearman,LAO,Lao PDR,4,-0.41425145140144987,-0.4691563982682244,0.05490494686677455
All available observations,clean_cooking_pct,spearman,LBR,Liberia,1,-0.41425145140144987,-0.4404072318527121,0.02615578045126221
All available observations,clean_cooking_pct,spearman,LSO,Lesotho,1,-0.41425145140144987,-0.42083883058116694,0.006587379179717079
All available observations,clean_cooking_pct,spearman,LTU,Lithuania,1,-0.41425145140144987,-0.41412825381602336,0.00012319758542650439
All available observations,clean_cooking_pct,spearman,LUX,Luxembourg,1,-0.41425145140144987,-0.4103335474757626,0.003917903925687249
All available observations,clean_cooking_pct,spearman,LVA,Latvia,1,-0.41425145140144987,-0.4128323727270761,0.0014190786743737416
All available observations,clean_cooking_pct,spearman,MAR,Morocco,1,-0.41425145140144987,-0.4146418161685087,0.00039036476705883727
All available observations,clean_cooking_pct,spearman,MDA,Moldova,1,-0.41425145140144987,-0.4150719970087086,0.0008205456072587491
All available observations,clean_cooking_pct,spearman,MEX,Mexico,4,-0.41425145140144987,-0.4050590051796417,0.009192446221808148
All available observations,clean_cooking_pct,spearman,MKD,North Macedonia,3,-0.41425145140144987,-0.40949181916768446,0.0047596322337654096
All available observations,clean_cooking_pct,spearman,MLT,Malta,1,-0.41425145140144987,-0.4193824625948458,0.005131011193395929
All available observations,clean_cooking_pct,spearman,MNG,Mongolia,5,-0.41425145140144987,-0.41899911634426473,0.0047476649428148665
All available observations,clean_cooking_pct,spearman,MUS,Mauritius,1,-0.41425145140144987,-0.4139183812580861,0.0003330701433637562
All available observations,clean_cooking_pct,spearman,MWI,Malawi,1,-0.41425145140144987,-0.4250493012120974,0.01079784981064752
All available observations,clean_cooking_pct,spearman,MYS,Malaysia,1,-0.41425145140144987,-0.41419296876814204,5.848263330782144e-05
All available observations,clean_cooking_pct,spearman,NLD,Netherlands,4,-0.41425145140144987,-0.3962134062259097,0.01803804517554014
All available observations,clean_cooking_pct,spearman,NOR,Norway,2,-0.41425145140144987,-0.4042753477536756,0.009976103647774293
All available observations,clean_cooking_pct,spearman,NZL,New Zealand,1,-0.41425145140144987,-0.41097756110784556,0.003273890293604309
All available observations,clean_cooking_pct,spearman,OMN,Oman,2,-0.41425145140144987,-0.4262229403606439,0.011971488959194032
All available observations,clean_cooking_pct,spearman,PAK,Pakistan,1,-0.41425145140144987,-0.4078776070998258,0.0063738443016240764
All available observations,clean_cooking_pct,spearman,PAN,Panama,1,-0.41425145140144987,-0.4152971647376697,0.0010457133362198334
All available observations,clean_cooking_pct,spearman,PER,Peru,1,-0.41425145140144987,-0.4105378810195426,0.003713570381907283
All available observations,clean_cooking_pct,spearman,POL,Poland,2,-0.41425145140144987,-0.4118719772063967,0.0023794741950531884
All available observations,clean_cooking_pct,spearman,PRT,Portugal,1,-0.41425145140144987,-0.41097756110784556,0.003273890293604309
All available observations,clean_cooking_pct,spearman,PRY,Paraguay,1,-0.41425145140144987,-0.41694117478091325,0.0026897233794633824
All available observations,clean_cooking_pct,spearman,QAT,Qatar,1,-0.41425145140144987,-0.4096437198657877,0.004607731535662185
All available observations,clean_cooking_pct,spearman,ROU,Romania,2,-0.41425145140144987,-0.41767490259496154,0.003423451193511673
All available observations,clean_cooking_pct,spearman,RUS,Russian Federation,1,-0.41425145140144987,-0.4152971647376697,0.0010457133362198334
All available observations,clean_cooking_pct,spearman,SLV,El Salvador,2,-0.41425145140144987,-0.41083209107428453,0.0034193603271653328
All available observations,clean_cooking_pct,spearman,SRB,Serbia,2,-0.41425145140144987,-0.41746814744808186,0.003216696046631995
All available observations,clean_cooking_pct,spearman,SVN,Slovenia,1,-0.41425145140144987,-0.414009137473504,0.0002423139279458808
All available observations,clean_cooking_pct,spearman,SWE,Sweden,2,-0.41425145140144987,-0.4042753477536756,0.009976103647774293
All available observations,clean_cooking_pct,spearman,THA,Thailand,2,-0.41425145140144987,-0.42313740336002803,0.008885951958578164
All available observations,clean_cooking_pct,spearman,TUN,Tunisia,1,-0.41425145140144987,-0.41510510018116786,0.000853648779717997
All available observations,clean_cooking_pct,spearman,TUR,Turkey,2,-0.41425145140144987,-0.41322896186222524,0.0010224895392246247
All available observations,clean_cooking_pct,spearman,TZA,Tanzania,2,-0.41425145140144987,-0.408821519751679,0.005429931649770847
All available observations,clean_cooking_pct,spearman,UGA,Uganda,1,-0.41425145140144987,-0.4264535898623672,0.012202138460917333
All available observations,clean_cooking_pct,spearman,URY,Uruguay,2,-0.41425145140144987,-0.42868595684636585,0.01443450544491598
All available observations,clean_cooking_pct,spearman,USA,United States,17,-0.41425145140144987,-0.31813177636921974,0.09611967503223012
All available observations,clean_cooking_pct,spearman,ZAF,South Africa,2,-0.41425145140144987,-0.4233955795530511,0.00914412815160126
Exclude source conflicts,female_lfpr_pct,pearson,ALB,Albania,1,-0.5588218565327475,-0.5659714413559763,0.007149584823228805
Exclude source conflicts,female_lfpr_pct,pearson,ARG,Argentina,3,-0.5588218565327475,-0.5586847142403082,0.00013714229243932952
Exclude source conflicts,female_lfpr_pct,pearson,ARM,Armenia,2,-0.5588218565327475,-0.5754329231957626,0.01661106666301504
Exclude source conflicts,female_lfpr_pct,pearson,AUS,Australia,1,-0.5588218565327475,-0.5586172290321386,0.00020462750060890045
Exclude source conflicts,female_lfpr_pct,pearson,AUT,Austria,1,-0.5588218565327475,-0.5587208743667565,0.00010098216599097043
Exclude source conflicts,female_lfpr_pct,pearson,AZE,Azerbaijan,1,-0.5588218565327475,-0.5662830917699826,0.007461235237235075
Exclude source conflicts,female_lfpr_pct,pearson,BEL,Belgium,3,-0.5588218565327475,-0.5740288207932389,0.015206964260491396
Exclude source conflicts,female_lfpr_pct,pearson,BGR,Bulgaria,2,-0.5588218565327475,-0.5601650571060994,0.0013432005733519103
Exclude source conflicts,female_lfpr_pct,pearson,BLR,Belarus,1,-0.5588218565327475,-0.5587843544565899,3.7502076157602815e-05
Exclude source conflicts,female_lfpr_pct,pearson,BOL,Bolivia,1,-0.5588218565327475,-0.5598991071667363,0.00107725063398878
Exclude source conflicts,female_lfpr_pct,pearson,BRA,Brazil,2,-0.5588218565327475,-0.5599616143223283,0.0011397577895807531
Exclude source conflicts,female_lfpr_pct,pearson,BTN,Bhutan,2,-0.5588218565327475,-0.5575056304630617,0.001316226069685844
Exclude source conflicts,female_lfpr_pct,pearson,CAN,Canada,1,-0.5588218565327475,-0.5565138388449012,0.0023080176878462755
Exclude source conflicts,female_lfpr_pct,pearson,CHE,Switzerland,6,-0.5588218565327475,-0.5491985785596512,0.009623277973096367
Exclude source conflicts,female_lfpr_pct,pearson,CHL,Chile,2,-0.5588218565327475,-0.5591403827219613,0.00031852618921379694
Exclude source conflicts,female_lfpr_pct,pearson,CHN,China,1,-0.5588218565327475,-0.5588502924135019,2.8435880754407172e-05
Exclude source conflicts,female_lfpr_pct,pearson,CMR,Cameroon,1,-0.5588218565327475,-0.5629270083200683,0.004105151787320738
Exclude source conflicts,female_lfpr_pct,pearson,COL,Colombia,1,-0.5588218565327475,-0.560771371497373,0.0019495149646254761
Exclude source conflicts,female_lfpr_pct,pearson,CRI,Costa Rica,1,-0.5588218565327475,-0.5581195385356534,0.0007023179970940818
Exclude source conflicts,female_lfpr_pct,pearson,CUB,Cuba,2,-0.5588218565327475,-0.5626379176383585,0.003816061105610946
Exclude source conflicts,female_lfpr_pct,pearson,DEU,Germany,2,-0.5588218565327475,-0.5611931075073152,0.0023712509745676957
Exclude source conflicts,female_lfpr_pct,pearson,DNK,Denmark,2,-0.5588218565327475,-0.5557602432617325,0.0030616132710150623
Exclude source conflicts,female_lfpr_pct,pearson,DOM,Dominican Republic,1,-0.5588218565327475,-0.5587580114866147,6.384504613277109e-05
Exclude source conflicts,female_lfpr_pct,pearson,DZA,Algeria,1,-0.5588218565327475,-0.5465878804853735,0.012233976047373973
Exclude source conflicts,female_lfpr_pct,pearson,ECU,Ecuador,1,-0.5588218565327475,-0.5592488867818662,0.00042703024911872056
Exclude source conflicts,female_lfpr_pct,pearson,EGY,"Egypt, Arab Rep.",1,-0.5588218565327475,-0.5446388898987123,0.014182966634035177
Exclude source conflicts,female_lfpr_pct,pearson,ESP,Spain,2,-0.5588218565327475,-0.5575138934254753,0.0013079631072722142
Exclude source conflicts,female_lfpr_pct,pearson,EST,Estonia,2,-0.5588218565327475,-0.5589151978779805,9.334134523297788e-05
Exclude source conflicts,female_lfpr_pct,pearson,ETH,Ethiopia,1,-0.5588218565327475,-0.5709063328417932,0.012084476309045633
Exclude source conflicts,female_lfpr_pct,pearson,FIN,Finland,2,-0.5588218565327475,-0.5589765936816259,0.00015473714887836998
Exclude source conflicts,female_lfpr_pct,pearson,FJI,Fiji,1,-0.5588218565327475,-0.561297053535535,0.0024751970027875325
Exclude source conflicts,female_lfpr_pct,pearson,FRA,France,1,-0.5588218565327475,-0.5606795381597316,0.0018576816269840757
Exclude source conflicts,female_lfpr_pct,pearson,GBR,United Kingdom,2,-0.5588218565327475,-0.5589565310519887,0.00013467451924120688
Exclude source conflicts,female_lfpr_pct,pearson,GHA,Ghana,1,-0.5588218565327475,-0.5625168722064575,0.0036950156737100004
Exclude source conflicts,female_lfpr_pct,pearson,GRC,Greece,1,-0.5588218565327475,-0.5589079063062827,8.604977353521281e-05
Exclude source conflicts,female_lfpr_pct,pearson,GTM,Guatemala,2,-0.5588218565327475,-0.552292560091696,0.006529296441051491
Exclude source conflicts,female_lfpr_pct,pearson,HKG,"Hong Kong SAR, China",2,-0.5588218565327475,-0.5590580530209206,0.00023619648817307937
Exclude source conflicts,female_lfpr_pct,pearson,HND,Honduras,1,-0.5588218565327475,-0.5575416744922097,0.001280182040537814
Exclude source conflicts,female_lfpr_pct,pearson,HUN,Hungary,2,-0.5588218565327475,-0.5618893341761575,0.003067477643409977
Exclude source conflicts,female_lfpr_pct,pearson,IRL,Ireland,1,-0.5588218565327475,-0.5595638065482332,0.000741950015485715
Exclude source conflicts,female_lfpr_pct,pearson,IRN,"Iran, Islamic Rep.",1,-0.5588218565327475,-0.5528715371428001,0.005950319389947389
Exclude source conflicts,female_lfpr_pct,pearson,IRQ,Iraq,1,-0.5588218565327475,-0.5403219654512311,0.018499891081516395
Exclude source conflicts,female_lfpr_pct,pearson,ITA,Italy,3,-0.5588218565327475,-0.5533970252394792,0.005424831293268317
Exclude source conflicts,female_lfpr_pct,pearson,JPN,Japan,4,-0.5588218565327475,-0.5585345127358405,0.0002873437969069803
Exclude source conflicts,female_lfpr_pct,pearson,KAZ,Kazakhstan,5,-0.5588218565327475,-0.5813901193000068,0.022568262767259317
Exclude source conflicts,female_lfpr_pct,pearson,KGZ,Kyrgyz Republic,4,-0.5588218565327475,-0.5689219098720144,0.01010005333926689
Exclude source conflicts,female_lfpr_pct,pearson,KHM,Cambodia,1,-0.5588218565327475,-0.5672459966802644,0.008424140147516912
Exclude source conflicts,female_lfpr_pct,pearson,KOR,"Korea, Rep.",4,-0.5588218565327475,-0.5587928069432343,2.904958951321923e-05
Exclude source conflicts,female_lfpr_pct,pearson,LAO,Lao PDR,4,-0.5588218565327475,-0.557996269668958,0.0008255868637895292
Exclude source conflicts,female_lfpr_pct,pearson,LBR,Liberia,1,-0.5588218565327475,-0.5517956229101383,0.007026233622609235
Exclude source conflicts,female_lfpr_pct,pearson,LSO,Lesotho,1,-0.5588218565327475,-0.5591622945961946,0.0003404380634470794
Exclude source conflicts,female_lfpr_pct,pearson,LTU,Lithuania,1,-0.5588218565327475,-0.5587160598156921,0.0001057967170554619
Exclude source conflicts,female_lfpr_pct,pearson,LUX,Luxembourg,1,-0.5588218565327475,-0.5594732534573651,0.0006513969246175755
Exclude source conflicts,female_lfpr_pct,pearson,LVA,Latvia,1,-0.5588218565327475,-0.5591183786349541,0.0002965221022065423
Exclude source conflicts,female_lfpr_pct,pearson,MAR,Morocco,1,-0.5588218565327475,-0.5486446954379646,0.01017716109478295
Exclude source conflicts,female_lfpr_pct,pearson,MDA,Moldova,1,-0.5588218565327475,-0.5585886081768782,0.00023324835586935322
Exclude source conflicts,female_lfpr_pct,pearson,MEX,Mexico,4,-0.5588218565327475,-0.5601246652717309,0.0013028087389833631
Exclude source conflicts,female_lfpr_pct,pearson,MKD,North Macedonia,3,-0.5588218565327475,-0.5568332093172381,0.001988647215509398
Exclude source conflicts,female_lfpr_pct,pearson,MLT,Malta,1,-0.5588218565327475,-0.5604638055679665,0.0016419490352189703
Exclude source conflicts,female_lfpr_pct,pearson,MNG,Mongolia,5,-0.5588218565327475,-0.5617069651968908,0.0028851086641432655
Exclude source conflicts,female_lfpr_pct,pearson,MUS,Mauritius,1,-0.5588218565327475,-0.5568837544885772,0.0019381020441703312
Exclude source conflicts,female_lfpr_pct,pearson,MWI,Malawi,1,-0.5588218565327475,-0.5580271376913244,0.0007947188414231254
Exclude source conflicts,female_lfpr_pct,pearson,MYS,Malaysia,1,-0.5588218565327475,-0.557536175677757,0.0012856808549904786
Exclude source conflicts,female_lfpr_pct,pearson,NLD,Netherlands,4,-0.5588218565327475,-0.5522855771224013,0.00653627941034618
Exclude source conflicts,female_lfpr_pct,pearson,NOR,Norway,2,-0.5588218565327475,-0.5528005724221323,0.006021284110615199
Exclude source conflicts,female_lfpr_pct,pearson,NZL,New Zealand,1,-0.5588218565327475,-0.5573485114058649,0.0014733451268825748
Exclude source conflicts,female_lfpr_pct,pearson,OMN,Oman,2,-0.5588218565327475,-0.5633439216594184,0.00452206512667086
Exclude source conflicts,female_lfpr_pct,pearson,PAK,Pakistan,1,-0.5588218565327475,-0.5469314944828272,0.011890362049920333
Exclude source conflicts,female_lfpr_pct,pearson,PAN,Panama,1,-0.5588218565327475,-0.5591446376690775,0.00032278113632999705
Exclude source conflicts,female_lfpr_pct,pearson,PER,Peru,1,-0.5588218565327475,-0.5750423264288225,0.01622046989607495
Exclude source conflicts,female_lfpr_pct,pearson,POL,Poland,2,-0.5588218565327475,-0.5602223329709087,0.0014004764381612134
Exclude source conflicts,female_lfpr_pct,pearson,PRT,Portugal,1,-0.5588218565327475,-0.5589300193319136,0.00010816279916603389
Exclude source conflicts,female_lfpr_pct,pearson,PRY,Paraguay,1,-0.5588218565327475,-0.5589891420500589,0.00016728551731137742
Exclude source conflicts,female_lfpr_pct,pearson,PSE,West Bank and Gaza,2,-0.5588218565327475,-0.5292272840390685,0.029594572493679028
Exclude source conflicts,female_lfpr_pct,pearson,QAT,Qatar,1,-0.5588218565327475,-0.5598492945248754,0.0010274379921278998
Exclude source conflicts,female_lfpr_pct,pearson,ROU,Romania,2,-0.5588218565327475,-0.5608198845494361,0.00199802801668858
Exclude source conflicts,female_lfpr_pct,pearson,RUS,Russian Federation,1,-0.5588218565327475,-0.5589520485435574,0.00013019201080988196
Exclude source conflicts,female_lfpr_pct,pearson,SLV,El Salvador,2,-0.5588218565327475,-0.557455132028401,0.0013667245043464948
Exclude source conflicts,female_lfpr_pct,pearson,SRB,Serbia,2,-0.5588218565327475,-0.5601428090925774,0.001320952559829891
Exclude source conflicts,female_lfpr_pct,pearson,SVN,Slovenia,1,-0.5588218565327475,-0.558950663394508,0.00012880686176053313
Exclude source conflicts,female_lfpr_pct,pearson,SWE,Sweden,2,-0.5588218565327475,-0.556873836905007,0.0019480196277404938
Exclude source conflicts,female_lfpr_pct,pearson,THA,Thailand,2,-0.5588218565327475,-0.5580717679473621,0.0007500885853853889
Exclude source conflicts,female_lfpr_pct,pearson,TUN,Tunisia,1,-0.5588218565327475,-0.5464951707448459,0.012326685787901637
Exclude source conflicts,female_lfpr_pct,pearson,TUR,Turkey,2,-0.5588218565327475,-0.5420411936985886,0.01678066283415891
Exclude source conflicts,female_lfpr_pct,pearson,TZA,Tanzania,2,-0.5588218565327475,-0.5981700185796829,0.039348162046935364
Exclude source conflicts,female_lfpr_pct,pearson,UGA,Uganda,1,-0.5588218565327475,-0.5564306609259085,0.0023911956068389806
Exclude source conflicts,female_lfpr_pct,pearson,URY,Uruguay,2,-0.5588218565327475,-0.5633508275518193,0.0045289710190717924
Exclude source conflicts,female_lfpr_pct,pearson,USA,United States,17,-0.5588218565327475,-0.546733995876831,0.012087860655916494
Exclude source conflicts,female_lfpr_pct,pearson,ZAF,South Africa,2,-0.5588218565327475,-0.5614421810624267,0.0026203245296791966
Exclude source conflicts,female_lfpr_pct,spearman,ALB,Albania,1,-0.5314470915834841,-0.5326776503594759,0.0012305587759917636
Exclude source conflicts,female_lfpr_pct,spearman,ARG,Argentina,3,-0.5314470915834841,-0.5282597616111214,0.003187329972362707
Exclude source conflicts,female_lfpr_pct,spearman,ARM,Armenia,2,-0.5314470915834841,-0.5350438968947907,0.0035968053113065723
Exclude source conflicts,female_lfpr_pct,spearman,AUS,Australia,1,-0.5314470915834841,-0.5323545294564475,0.0009074378729633237
Exclude source conflicts,female_lfpr_pct,spearman,AUT,Austria,1,-0.5314470915834841,-0.5310900430563562,0.00035704852712792334
Exclude source conflicts,female_lfpr_pct,spearman,AZE,Azerbaijan,1,-0.5314470915834841,-0.5378148739911124,0.006367782407628253
Exclude source conflicts,female_lfpr_pct,spearman,BEL,Belgium,3,-0.5314470915834841,-0.5586841358233193,0.027237044239835195
Exclude source conflicts,female_lfpr_pct,spearman,BGR,Bulgaria,2,-0.5314470915834841,-0.5337932778443644,0.002346186260880234
Exclude source conflicts,female_lfpr_pct,spearman,BLR,Belarus,1,-0.5314470915834841,-0.5332308529042515,0.0017837613207674075
Exclude source conflicts,female_lfpr_pct,spearman,BOL,Bolivia,1,-0.5314470915834841,-0.5368044693431708,0.005357377759686699
Exclude source conflicts,female_lfpr_pct,spearman,BRA,Brazil,2,-0.5314470915834841,-0.5346933815945247,0.003246290011040598
Exclude source conflicts,female_lfpr_pct,spearman,BTN,Bhutan,2,-0.5314470915834841,-0.5314459245094825,1.1670740016622716e-06
Exclude source conflicts,female_lfpr_pct,spearman,CAN,Canada,1,-0.5314470915834841,-0.528575714340915,0.0028713772425691397
Exclude source conflicts,female_lfpr_pct,spearman,CHE,Switzerland,6,-0.5314470915834841,-0.5251274194776402,0.006319672105843943
Exclude source conflicts,female_lfpr_pct,spearman,CHL,Chile,2,-0.5314470915834841,-0.5301049286917403,0.0013421628917438255
Exclude source conflicts,female_lfpr_pct,spearman,CHN,China,1,-0.5314470915834841,-0.534393337611827,0.002946246028342814
Exclude source conflicts,female_lfpr_pct,spearman,CMR,Cameroon,1,-0.5314470915834841,-0.5413260901429854,0.00987899855950125
Exclude source conflicts,female_lfpr_pct,spearman,COL,Colombia,1,-0.5314470915834841,-0.5328132509832496,0.0013661593997654764
Exclude source conflicts,female_lfpr_pct,spearman,CRI,Costa Rica,1,-0.5314470915834841,-0.5279880287868444,0.003459062796639767
Exclude source conflicts,female_lfpr_pct,spearman,CUB,Cuba,2,-0.5314470915834841,-0.5360111725666046,0.004564080983120444
Exclude source conflicts,female_lfpr_pct,spearman,DEU,Germany,2,-0.5314470915834841,-0.5358438534163035,0.00439676183281934
Exclude source conflicts,female_lfpr_pct,spearman,DNK,Denmark,2,-0.5314470915834841,-0.5251415343353613,0.006305557248122873
Exclude source conflicts,female_lfpr_pct,spearman,DOM,Dominican Republic,1,-0.5314470915834841,-0.5289768333354238,0.002470258248060353
Exclude source conflicts,female_lfpr_pct,spearman,DZA,Algeria,1,-0.5314470915834841,-0.5237952094995428,0.007651882083941297
Exclude source conflicts,female_lfpr_pct,spearman,ECU,Ecuador,1,-0.5314470915834841,-0.5288784328827739,0.0025686587007102135
Exclude source conflicts,female_lfpr_pct,spearman,EGY,"Egypt, Arab Rep.",1,-0.5314470915834841,-0.5233968076668628,0.008050283916621326
Exclude source conflicts,female_lfpr_pct,spearman,ESP,Spain,2,-0.5314470915834841,-0.5267805292237129,0.0046665623597712536
Exclude source conflicts,female_lfpr_pct,spearman,EST,Estonia,2,-0.5314470915834841,-0.5322773099890737,0.0008302184055896111
Exclude source conflicts,female_lfpr_pct,spearman,ETH,Ethiopia,1,-0.5314470915834841,-0.5447353058256481,0.013288214242163976
Exclude source conflicts,female_lfpr_pct,spearman,FIN,Finland,2,-0.5314470915834841,-0.531263949667184,0.00018314191630008914
Exclude source conflicts,female_lfpr_pct,spearman,FJI,Fiji,1,-0.5314470915834841,-0.5337624553496649,0.0023153637661808
Exclude source conflicts,female_lfpr_pct,spearman,FRA,France,1,-0.5314470915834841,-0.5354400630667936,0.00399297148330946
Exclude source conflicts,female_lfpr_pct,spearman,GBR,United Kingdom,2,-0.5314470915834841,-0.5318379642704071,0.0003908726869229495
Exclude source conflicts,female_lfpr_pct,spearman,GHA,Ghana,1,-0.5314470915834841,-0.5393145572970599,0.007867465713575772
Exclude source conflicts,female_lfpr_pct,spearman,GRC,Greece,1,-0.5314470915834841,-0.5305896407544659,0.0008574508290182248
Exclude source conflicts,female_lfpr_pct,spearman,GTM,Guatemala,2,-0.5314470915834841,-0.5179333764880806,0.013513715095403556
Exclude source conflicts,female_lfpr_pct,spearman,HKG,"Hong Kong SAR, China",2,-0.5314470915834841,-0.5323240447216468,0.0008769531381627171
Exclude source conflicts,female_lfpr_pct,spearman,HND,Honduras,1,-0.5314470915834841,-0.5266608226815909,0.004786268901893265
Exclude source conflicts,female_lfpr_pct,spearman,HUN,Hungary,2,-0.5314470915834841,-0.5368404404721119,0.005393348888627747
Exclude source conflicts,female_lfpr_pct,spearman,IRL,Ireland,1,-0.5314470915834841,-0.5322348483225513,0.0007877567390671691
Exclude source conflicts,female_lfpr_pct,spearman,IRN,"Iran, Islamic Rep.",1,-0.5314470915834841,-0.5243784121823215,0.007068679401162625
Exclude source conflicts,female_lfpr_pct,spearman,IRQ,Iraq,1,-0.5314470915834841,-0.5233104072694141,0.008136684314069997
Exclude source conflicts,female_lfpr_pct,spearman,ITA,Italy,3,-0.5314470915834841,-0.5171689999377695,0.014278091645714586
Exclude source conflicts,female_lfpr_pct,spearman,JPN,Japan,4,-0.5314470915834841,-0.5233288642363382,0.008118227347145957
Exclude source conflicts,female_lfpr_pct,spearman,KAZ,Kazakhstan,5,-0.5314470915834841,-0.5824629706926674,0.05101587910918326
Exclude source conflicts,female_lfpr_pct,spearman,KGZ,Kyrgyz Republic,4,-0.5314470915834841,-0.5448613955290138,0.013414303945529671
Exclude source conflicts,female_lfpr_pct,spearman,KHM,Cambodia,1,-0.5314470915834841,-0.5414103159804599,0.009963224396975723
Exclude source conflicts,female_lfpr_pct,spearman,KOR,"Korea, Rep.",4,-0.5314470915834841,-0.5292742032776651,0.002172888305819076
Exclude source conflicts,female_lfpr_pct,spearman,LAO,Lao PDR,4,-0.5314470915834841,-0.5306326987114884,0.000814392871995695
Exclude source conflicts,female_lfpr_pct,spearman,LBR,Liberia,1,-0.5314470915834841,-0.5250480152625487,0.006399076320935393
Exclude source conflicts,female_lfpr_pct,spearman,LSO,Lesotho,1,-0.5314470915834841,-0.534842934864596,0.0033958432811118655
Exclude source conflicts,female_lfpr_pct,spearman,LTU,Lithuania,1,-0.5314470915834841,-0.530948442404982,0.0004986491785021752
Exclude source conflicts,female_lfpr_pct,spearman,LUX,Luxembourg,1,-0.5314470915834841,-0.5333400534065825,0.0018929618230983936
Exclude source conflicts,female_lfpr_pct,spearman,LVA,Latvia,1,-0.5314470915834841,-0.5322768485157555,0.000829756932271386
Exclude source conflicts,female_lfpr_pct,spearman,MAR,Morocco,1,-0.5314470915834841,-0.5238456097313879,0.007601481852096192
Exclude source conflicts,female_lfpr_pct,spearman,MDA,Moldova,1,-0.5314470915834841,-0.5329332515352616,0.001486159951777477
Exclude source conflicts,female_lfpr_pct,spearman,MEX,Mexico,4,-0.5314470915834841,-0.507204516178296,0.02424257540518815
Exclude source conflicts,female_lfpr_pct,spearman,MKD,North Macedonia,3,-0.5314470915834841,-0.5217834503032972,0.00966364128018693
Exclude source conflicts,female_lfpr_pct,spearman,MLT,Malta,1,-0.5314470915834841,-0.5290968338874359,0.0023502576960482413
Exclude source conflicts,female_lfpr_pct,spearman,MNG,Mongolia,5,-0.5314470915834841,-0.5371234735425284,0.0056763819590442965
Exclude source conflicts,female_lfpr_pct,spearman,MUS,Mauritius,1,-0.5314470915834841,-0.5255712176693215,0.005875873914162666
Exclude source conflicts,female_lfpr_pct,spearman,MWI,Malawi,1,-0.5314470915834841,-0.5301120385574579,0.0013350530260262117
Exclude source conflicts,female_lfpr_pct,spearman,MYS,Malaysia,1,-0.5314470915834841,-0.5266656227036715,0.004781468879812678
Exclude source conflicts,female_lfpr_pct,spearman,NLD,Netherlands,4,-0.5314470915834841,-0.5248777735145553,0.006569318068928798
Exclude source conflicts,female_lfpr_pct,spearman,NOR,Norway,2,-0.5314470915834841,-0.5235941375219921,0.007852954061492001
Exclude source conflicts,female_lfpr_pct,spearman,NZL,New Zealand,1,-0.5314470915834841,-0.5315700452644044,0.00012295368092030134
Exclude source conflicts,female_lfpr_pct,spearman,OMN,Oman,2,-0.5314470915834841,-0.525163517873357,0.0062835737101271105
Exclude source conflicts,female_lfpr_pct,spearman,PAK,Pakistan,1,-0.5314470915834841,-0.5238192096099452,0.007627881973538919
Exclude source conflicts,female_lfpr_pct,spearman,PAN,Panama,1,-0.5314470915834841,-0.5315160450159991,6.895343251500652e-05
Exclude source conflicts,female_lfpr_pct,spearman,PER,Peru,1,-0.5314470915834841,-0.5496121282594184,0.018165036675934276
Exclude source conflicts,female_lfpr_pct,spearman,POL,Poland,2,-0.5314470915834841,-0.5333023121624588,0.0018552205789746923
Exclude source conflicts,female_lfpr_pct,spearman,PRT,Portugal,1,-0.5314470915834841,-0.5316108454520887,0.00016375386860456587
Exclude source conflicts,female_lfpr_pct,spearman,PRY,Paraguay,1,-0.5314470915834841,-0.5324532493272133,0.0010061577437291414
Exclude source conflicts,female_lfpr_pct,spearman,PSE,West Bank and Gaza,2,-0.5314470915834841,-0.515669072074516,0.015778019508968177
Exclude source conflicts,female_lfpr_pct,spearman,QAT,Qatar,1,-0.5314470915834841,-0.534678059561517,0.003230967978032906
Exclude source conflicts,female_lfpr_pct,spearman,ROU,Romania,2,-0.5314470915834841,-0.5324254132579608,0.0009783216744766454
Exclude source conflicts,female_lfpr_pct,spearman,RUS,Russian Federation,1,-0.5314470915834841,-0.5313300441603804,0.00011704742310369998
Exclude source conflicts,female_lfpr_pct,spearman,SLV,El Salvador,2,-0.5314470915834841,-0.5230384425337656,0.008408649049718497
Exclude source conflicts,female_lfpr_pct,spearman,SRB,Serbia,2,-0.5314470915834841,-0.532618379869257,0.0011712882857728424
Exclude source conflicts,female_lfpr_pct,spearman,SVN,Slovenia,1,-0.5314470915834841,-0.5314464446958321,6.46887652000494e-07
Exclude source conflicts,female_lfpr_pct,spearman,SWE,Sweden,2,-0.5314470915834841,-0.526059957700518,0.0053871338829660775
Exclude source conflicts,female_lfpr_pct,spearman,THA,Thailand,2,-0.5314470915834841,-0.535012625244187,0.003565533660702891
Exclude source conflicts,female_lfpr_pct,spearman,TUN,Tunisia,1,-0.5314470915834841,-0.5237184091462551,0.0077286824372290175
Exclude source conflicts,female_lfpr_pct,spearman,TUR,Turkey,2,-0.5314470915834841,-0.5167022983603173,0.014744793223166797
Exclude source conflicts,female_lfpr_pct,spearman,TZA,Tanzania,2,-0.5314470915834841,-0.5576625148771084,0.02621542329362425
Exclude source conflicts,female_lfpr_pct,spearman,UGA,Uganda,1,-0.5314470915834841,-0.5297208367578985,0.001726254825585638
Exclude source conflicts,female_lfpr_pct,spearman,URY,Uruguay,2,-0.5314470915834841,-0.5332876564704616,0.0018405648869774804
Exclude source conflicts,female_lfpr_pct,spearman,USA,United States,17,-0.5314470915834841,-0.5091933595009258,0.02225373208255832
Exclude source conflicts,female_lfpr_pct,spearman,ZAF,South Africa,2,-0.5314470915834841,-0.5358186853506575,0.004371593767173332
Exclude source conflicts,lfpr_gap_pp,pearson,ALB,Albania,1,0.6807778912180966,0.6932005916068299,0.012422700388733277
Exclude source conflicts,lfpr_gap_pp,pearson,ARG,Argentina,3,0.6807778912180966,0.6809517189905321,0.0001738277724354642
Exclude source conflicts,lfpr_gap_pp,pearson,ARM,Armenia,2,0.6807778912180966,0.7037229627627756,0.022945071544678952
Exclude source conflicts,lfpr_gap_pp,pearson,AUS,Australia,1,0.6807778912180966,0.6806561035090236,0.00012178770907300684
Exclude source conflicts,lfpr_gap_pp,pearson,AUT,Austria,1,0.6807778912180966,0.6805053180423015,0.0002725731757950989
Exclude source conflicts,lfpr_gap_pp,pearson,AZE,Azerbaijan,1,0.6807778912180966,0.6943944161469604,0.013616524928863782
Exclude source conflicts,lfpr_gap_pp,pearson,BEL,Belgium,3,0.6807778912180966,0.680944086730548,0.00016619551245133923
Exclude source conflicts,lfpr_gap_pp,pearson,BGR,Bulgaria,2,0.6807778912180966,0.6815919980180819,0.0008141067999852813
Exclude source conflicts,lfpr_gap_pp,pearson,BLR,Belarus,1,0.6807778912180966,0.6809456234098513,0.00016773219175469922
Exclude source conflicts,lfpr_gap_pp,pearson,BOL,Bolivia,1,0.6807778912180966,0.6807388330873835,3.9058130713143235e-05
Exclude source conflicts,lfpr_gap_pp,pearson,BRA,Brazil,2,0.6807778912180966,0.6810022551639934,0.000224363945896755
Exclude source conflicts,lfpr_gap_pp,pearson,BTN,Bhutan,2,0.6807778912180966,0.679866389058197,0.0009115021598996575
Exclude source conflicts,lfpr_gap_pp,pearson,CAN,Canada,1,0.6807778912180966,0.6791991826060556,0.0015787086120410132
Exclude source conflicts,lfpr_gap_pp,pearson,CHE,Switzerland,6,0.6807778912180966,0.6789092923247875,0.001868598893309148
Exclude source conflicts,lfpr_gap_pp,pearson,CHL,Chile,2,0.6807778912180966,0.6811679385347749,0.00039004731667824366
Exclude source conflicts,lfpr_gap_pp,pearson,CHN,China,1,0.6807778912180966,0.6807971817833292,1.9290565232532586e-05
Exclude source conflicts,lfpr_gap_pp,pearson,CMR,Cameroon,1,0.6807778912180966,0.6830693239069935,0.002291432688896866
Exclude source conflicts,lfpr_gap_pp,pearson,COL,Colombia,1,0.6807778912180966,0.6805183694506878,0.0002595217674088435
Exclude source conflicts,lfpr_gap_pp,pearson,CRI,Costa Rica,1,0.6807778912180966,0.6797953110135907,0.0009825802045059229
Exclude source conflicts,lfpr_gap_pp,pearson,CUB,Cuba,2,0.6807778912180966,0.6836165103391415,0.002838619121044883
Exclude source conflicts,lfpr_gap_pp,pearson,DEU,Germany,2,0.6807778912180966,0.6801688532204851,0.0006090379976114724
Exclude source conflicts,lfpr_gap_pp,pearson,DNK,Denmark,2,0.6807778912180966,0.6783598747813123,0.0024180164367842982
Exclude source conflicts,lfpr_gap_pp,pearson,DOM,Dominican Republic,1,0.6807778912180966,0.6800886297185601,0.0006892614995365198
Exclude source conflicts,lfpr_gap_pp,pearson,DZA,Algeria,1,0.6807778912180966,0.6728962538327475,0.007881637385349083
Exclude source conflicts,lfpr_gap_pp,pearson,ECU,Ecuador,1,0.6807778912180966,0.6795805320864577,0.0011973591316388754
Exclude source conflicts,lfpr_gap_pp,pearson,EGY,"Egypt, Arab Rep.",1,0.6807778912180966,0.6706234788571112,0.010154412360985465
Exclude source conflicts,lfpr_gap_pp,pearson,ESP,Spain,2,0.6807778912180966,0.6812068782463676,0.00042898702827098845
Exclude source conflicts,lfpr_gap_pp,pearson,EST,Estonia,2,0.6807778912180966,0.6793644751574148,0.0014134160606817936
Exclude source conflicts,lfpr_gap_pp,pearson,ETH,Ethiopia,1,0.6807778912180966,0.6834757139215364,0.0026978227034397673
Exclude source conflicts,lfpr_gap_pp,pearson,FIN,Finland,2,0.6807778912180966,0.6769101045761247,0.0038677866419719598
Exclude source conflicts,lfpr_gap_pp,pearson,FJI,Fiji,1,0.6807778912180966,0.6862059892430284,0.005428098024931827
Exclude source conflicts,lfpr_gap_pp,pearson,FRA,France,1,0.6807778912180966,0.6794597855488468,0.001318105669249836
Exclude source conflicts,lfpr_gap_pp,pearson,GBR,United Kingdom,2,0.6807778912180966,0.6795819254247623,0.0011959657933343637
Exclude source conflicts,lfpr_gap_pp,pearson,GHA,Ghana,1,0.6807778912180966,0.6831966364850479,0.0024187452669512943
Exclude source conflicts,lfpr_gap_pp,pearson,GRC,Greece,1,0.6807778912180966,0.6813648256423921,0.000586934424295471
Exclude source conflicts,lfpr_gap_pp,pearson,GTM,Guatemala,2,0.6807778912180966,0.6714456683648977,0.009332222853198902
Exclude source conflicts,lfpr_gap_pp,pearson,HKG,"Hong Kong SAR, China",2,0.6807778912180966,0.6805800714367016,0.00019781978139499223
Exclude source conflicts,lfpr_gap_pp,pearson,HND,Honduras,1,0.6807778912180966,0.6808042620414052,2.6370823308585756e-05
Exclude source conflicts,lfpr_gap_pp,pearson,HUN,Hungary,2,0.6807778912180966,0.6802448068635363,0.0005330843545603425
Exclude source conflicts,lfpr_gap_pp,pearson,IRL,Ireland,1,0.6807778912180966,0.6807739018571767,3.9893609199426194e-06
Exclude source conflicts,lfpr_gap_pp,pearson,IRN,"Iran, Islamic Rep.",1,0.6807778912180966,0.6779523895944868,0.0028255016236098385
Exclude source conflicts,lfpr_gap_pp,pearson,IRQ,Iraq,1,0.6807778912180966,0.6678508419730756,0.012927049245020972
Exclude source conflicts,lfpr_gap_pp,pearson,ITA,Italy,3,0.6807778912180966,0.6821443001349451,0.0013664089168484717
Exclude source conflicts,lfpr_gap_pp,pearson,JPN,Japan,4,0.6807778912180966,0.6800964396483361,0.0006814515697605161
Exclude source conflicts,lfpr_gap_pp,pearson,KAZ,Kazakhstan,5,0.6807778912180966,0.6956641153362924,0.014886224118195734
Exclude source conflicts,lfpr_gap_pp,pearson,KGZ,Kyrgyz Republic,4,0.6807778912180966,0.6868052471156066,0.006027355897510023
Exclude source conflicts,lfpr_gap_pp,pearson,KHM,Cambodia,1,0.6807778912180966,0.682709035378294,0.0019311441601973511
Exclude source conflicts,lfpr_gap_pp,pearson,KOR,"Korea, Rep.",4,0.6807778912180966,0.6806868725852746,9.101863282201528e-05
Exclude source conflicts,lfpr_gap_pp,pearson,LAO,Lao PDR,4,0.6807778912180966,0.6761372609286833,0.004640630289413306
Exclude source conflicts,lfpr_gap_pp,pearson,LBR,Liberia,1,0.6807778912180966,0.6800679503539716,0.0007099408641250138
Exclude source conflicts,lfpr_gap_pp,pearson,LSO,Lesotho,1,0.6807778912180966,0.6806995886839268,7.830253416984956e-05
Exclude source conflicts,lfpr_gap_pp,pearson,LTU,Lithuania,1,0.6807778912180966,0.6811230950615065,0.0003452038434098581
Exclude source conflicts,lfpr_gap_pp,pearson,LUX,Luxembourg,1,0.6807778912180966,0.680127550204256,0.0006503410138406496
Exclude source conflicts,lfpr_gap_pp,pearson,LVA,Latvia,1,0.6807778912180966,0.6805575975416591,0.00022029367643749964
Exclude source conflicts,lfpr_gap_pp,pearson,MAR,Morocco,1,0.6807778912180966,0.6733368340917042,0.007441057126392425
Exclude source conflicts,lfpr_gap_pp,pearson,MDA,Moldova,1,0.6807778912180966,0.6831370829323619,0.0023591917142652408
Exclude source conflicts,lfpr_gap_pp,pearson,MEX,Mexico,4,0.6807778912180966,0.6642176484361871,0.016560242781909484
Exclude source conflicts,lfpr_gap_pp,pearson,MKD,North Macedonia,3,0.6807778912180966,0.682589869686868,0.001811978468771347
Exclude source conflicts,lfpr_gap_pp,pearson,MLT,Malta,1,0.6807778912180966,0.6830168020101502,0.0022389107920536278
Exclude source conflicts,lfpr_gap_pp,pearson,MNG,Mongolia,5,0.6807778912180966,0.6891401432400133,0.00836225202191665
Exclude source conflicts,lfpr_gap_pp,pearson,MUS,Mauritius,1,0.6807778912180966,0.6788855319823832,0.0018923592357134034
Exclude source conflicts,lfpr_gap_pp,pearson,MWI,Malawi,1,0.6807778912180966,0.679549261461317,0.00122862975677962
Exclude source conflicts,lfpr_gap_pp,pearson,MYS,Malaysia,1,0.6807778912180966,0.679905508128936,0.0008723830891605999
Exclude source conflicts,lfpr_gap_pp,pearson,NLD,Netherlands,4,0.6807778912180966,0.6799623267583603,0.0008155644597362954
Exclude source conflicts,lfpr_gap_pp,pearson,NOR,Norway,2,0.6807778912180966,0.6769349868037702,0.0038429044143264424
Exclude source conflicts,lfpr_gap_pp,pearson,NZL,New Zealand,1,0.6807778912180966,0.6800020887057,0.0007758025123966172
Exclude source conflicts,lfpr_gap_pp,pearson,OMN,Oman,2,0.6807778912180966,0.6965089607214536,0.01573106950335701
Exclude source conflicts,lfpr_gap_pp,pearson,PAK,Pakistan,1,0.6807778912180966,0.6730592769765679,0.007718614241528754
Exclude source conflicts,lfpr_gap_pp,pearson,PAN,Panama,1,0.6807778912180966,0.6833477813350759,0.0025698901169792787
Exclude source conflicts,lfpr_gap_pp,pearson,PER,Peru,1,0.6807778912180966,0.6860246795819357,0.005246788363839072
Exclude source conflicts,lfpr_gap_pp,pearson,POL,Poland,2,0.6807778912180966,0.6805954592494788,0.00018243196861778
Exclude source conflicts,lfpr_gap_pp,pearson,PRT,Portugal,1,0.6807778912180966,0.6797557366474452,0.0010221545706514679
Exclude source conflicts,lfpr_gap_pp,pearson,PRY,Paraguay,1,0.6807778912180966,0.6815435873039658,0.000765696085869183
Exclude source conflicts,lfpr_gap_pp,pearson,PSE,West Bank and Gaza,2,0.6807778912180966,0.661515534552056,0.019262356666040592
Exclude source conflicts,lfpr_gap_pp,pearson,QAT,Qatar,1,0.6807778912180966,0.7012961502061817,0.020518258988085125
Exclude source conflicts,lfpr_gap_pp,pearson,ROU,Romania,2,0.6807778912180966,0.6809955421056678,0.00021765088757119688
Exclude source conflicts,lfpr_gap_pp,pearson,RUS,Russian Federation,1,0.6807778912180966,0.6809908973979888,0.0002130061798921723
Exclude source conflicts,lfpr_gap_pp,pearson,SLV,El Salvador,2,0.6807778912180966,0.6782203118228021,0.0025575793952945514
Exclude source conflicts,lfpr_gap_pp,pearson,SRB,Serbia,2,0.6807778912180966,0.6811827625930587,0.00040487137496203474
Exclude source conflicts,lfpr_gap_pp,pearson,SVN,Slovenia,1,0.6807778912180966,0.6806956541175444,8.223710055221822e-05
Exclude source conflicts,lfpr_gap_pp,pearson,SWE,Sweden,2,0.6807778912180966,0.676637836468409,0.004140054749687594
Exclude source conflicts,lfpr_gap_pp,pearson,THA,Thailand,2,0.6807778912180966,0.6805470286607285,0.00023086255736814998
Exclude source conflicts,lfpr_gap_pp,pearson,TUN,Tunisia,1,0.6807778912180966,0.672797690838981,0.00798020037911562
Exclude source conflicts,lfpr_gap_pp,pearson,TUR,Turkey,2,0.6807778912180966,0.6692872824192823,0.011490608798814361
Exclude source conflicts,lfpr_gap_pp,pearson,TZA,Tanzania,2,0.6807778912180966,0.6946316784757521,0.013853787257655514
Exclude source conflicts,lfpr_gap_pp,pearson,UGA,Uganda,1,0.6807778912180966,0.6792371881356702,0.0015407030824263757
Exclude source conflicts,lfpr_gap_pp,pearson,URY,Uruguay,2,0.6807778912180966,0.6831107116882619,0.0023328204701652533
Exclude source conflicts,lfpr_gap_pp,pearson,USA,United States,17,0.6807778912180966,0.6681347874197872,0.012643103798309463
Exclude source conflicts,lfpr_gap_pp,pearson,ZAF,South Africa,2,0.6807778912180966,0.6812242920247258,0.0004464008066291658
Exclude source conflicts,lfpr_gap_pp,spearman,ALB,Albania,1,0.6396736929545765,0.6446549654640141,0.004981272509437584
Exclude source conflicts,lfpr_gap_pp,spearman,ARG,Argentina,3,0.6396736929545765,0.6369553597449007,0.0027183332096758495
Exclude source conflicts,lfpr_gap_pp,spearman,ARM,Armenia,2,0.6396736929545765,0.64428253981112,0.004608846856543503
Exclude source conflicts,lfpr_gap_pp,spearman,AUS,Australia,1,0.6396736929545765,0.6394525578562722,0.00022113509830434808
Exclude source conflicts,lfpr_gap_pp,spearman,AUT,Austria,1,0.6396736929545765,0.6397781430302438,0.00010445007566728393
Exclude source conflicts,lfpr_gap_pp,spearman,AZE,Azerbaijan,1,0.6396736929545765,0.6588102305793573,0.019136537624780736
Exclude source conflicts,lfpr_gap_pp,spearman,BEL,Belgium,3,0.6396736929545765,0.64532939187862,0.005655698924043495
Exclude source conflicts,lfpr_gap_pp,spearman,BGR,Bulgaria,2,0.6396736929545765,0.6458079530864934,0.006134260131916869
Exclude source conflicts,lfpr_gap_pp,spearman,BLR,Belarus,1,0.6396736929545765,0.6415565512110627,0.001882858256486153
Exclude source conflicts,lfpr_gap_pp,spearman,BOL,Bolivia,1,0.6396736929545765,0.6393845412196443,0.0002891517349322692
Exclude source conflicts,lfpr_gap_pp,spearman,BRA,Brazil,2,0.6396736929545765,0.6383701893979234,0.0013035035566530961
Exclude source conflicts,lfpr_gap_pp,spearman,BTN,Bhutan,2,0.6396736929545765,0.640288863741888,0.0006151707873114365
Exclude source conflicts,lfpr_gap_pp,spearman,CAN,Canada,1,0.6396736929545765,0.6362197449247876,0.0034539480297889336
Exclude source conflicts,lfpr_gap_pp,spearman,CHE,Switzerland,6,0.6396736929545765,0.6452568360454605,0.005583143090883924
Exclude source conflicts,lfpr_gap_pp,spearman,CHL,Chile,2,0.6396736929545765,0.6381381409413015,0.0015355520132750433
Exclude source conflicts,lfpr_gap_pp,spearman,CHN,China,1,0.6396736929545765,0.6414757659492502,0.0018020729946736092
Exclude source conflicts,lfpr_gap_pp,spearman,CMR,Cameroon,1,0.6396736929545765,0.6476285791428732,0.00795488618829665
Exclude source conflicts,lfpr_gap_pp,spearman,COL,Colombia,1,0.6396736929545765,0.6366377285840881,0.0030359643704884753
Exclude source conflicts,lfpr_gap_pp,spearman,CRI,Costa Rica,1,0.6396736929545765,0.6362069266023648,0.0034667663522117698
Exclude source conflicts,lfpr_gap_pp,spearman,CUB,Cuba,2,0.6396736929545765,0.6441310976604825,0.004457404705905943
Exclude source conflicts,lfpr_gap_pp,spearman,DEU,Germany,2,0.6396736929545765,0.6420377763202183,0.002364083365641756
Exclude source conflicts,lfpr_gap_pp,spearman,DNK,Denmark,2,0.6396736929545765,0.6330257470496178,0.006647945904958763
Exclude source conflicts,lfpr_gap_pp,spearman,DOM,Dominican Republic,1,0.6396736929545765,0.636218926657566,0.003454766297010581
Exclude source conflicts,lfpr_gap_pp,spearman,DZA,Algeria,1,0.6396736929545765,0.6339077160258136,0.005765976928762906
Exclude source conflicts,lfpr_gap_pp,spearman,ECU,Ecuador,1,0.6396736929545765,0.6356333239637472,0.004040368990829379
Exclude source conflicts,lfpr_gap_pp,spearman,EGY,"Egypt, Arab Rep.",1,0.6396736929545765,0.6337253151867553,0.0059483777678212
Exclude source conflicts,lfpr_gap_pp,spearman,ESP,Spain,2,0.6396736929545765,0.6370096526575185,0.0026640402970580235
Exclude source conflicts,lfpr_gap_pp,spearman,EST,Estonia,2,0.6396736929545765,0.63952271330315,0.00015097965142651937
Exclude source conflicts,lfpr_gap_pp,spearman,ETH,Ethiopia,1,0.6396736929545765,0.6421457539214419,0.0024720609668653637
Exclude source conflicts,lfpr_gap_pp,spearman,FIN,Finland,2,0.6396736929545765,0.6311241710129835,0.008549521941593086
Exclude source conflicts,lfpr_gap_pp,spearman,FJI,Fiji,1,0.6396736929545765,0.6426821563889358,0.003008463434359232
Exclude source conflicts,lfpr_gap_pp,spearman,FRA,France,1,0.6396736929545765,0.6384317368366684,0.0012419561179081162
Exclude source conflicts,lfpr_gap_pp,spearman,GBR,United Kingdom,2,0.6396736929545765,0.6396501198323441,2.3573122232445343e-05
Exclude source conflicts,lfpr_gap_pp,spearman,GHA,Ghana,1,0.6396736929545765,0.6466837867817086,0.0070100938271320246
Exclude source conflicts,lfpr_gap_pp,spearman,GRC,Greece,1,0.6396736929545765,0.6393989412858857,0.00027475166869084244
Exclude source conflicts,lfpr_gap_pp,spearman,GTM,Guatemala,2,0.6396736929545765,0.629179849208024,0.0104938437465526
Exclude source conflicts,lfpr_gap_pp,spearman,HKG,"Hong Kong SAR, China",2,0.6396736929545765,0.6415626876379763,0.0018889946833997584
Exclude source conflicts,lfpr_gap_pp,spearman,HND,Honduras,1,0.6396736929545765,0.6362333267238074,0.003440366230769154
Exclude source conflicts,lfpr_gap_pp,spearman,HUN,Hungary,2,0.6396736929545765,0.6428267410727333,0.003153048118156754
Exclude source conflicts,lfpr_gap_pp,spearman,IRL,Ireland,1,0.6396736929545765,0.6378269340545276,0.0018467589000489282
Exclude source conflicts,lfpr_gap_pp,spearman,IRN,"Iran, Islamic Rep.",1,0.6396736929545765,0.6345365189183568,0.005137174036219716
Exclude source conflicts,lfpr_gap_pp,spearman,IRQ,Iraq,1,0.6396736929545765,0.6334253138067252,0.006248379147851368
Exclude source conflicts,lfpr_gap_pp,spearman,ITA,Italy,3,0.6396736929545765,0.6324308097146345,0.007242883239942044
Exclude source conflicts,lfpr_gap_pp,spearman,JPN,Japan,4,0.6396736929545765,0.6285572556008405,0.01111643735373602
Exclude source conflicts,lfpr_gap_pp,spearman,KAZ,Kazakhstan,5,0.6396736929545765,0.680936448844954,0.04126275589037742
Exclude source conflicts,lfpr_gap_pp,spearman,KGZ,Kyrgyz Republic,4,0.6396736929545765,0.6403698145619117,0.0006961216073351206
Exclude source conflicts,lfpr_gap_pp,spearman,KHM,Cambodia,1,0.6396736929545765,0.6465030102461328,0.006829317291556225
Exclude source conflicts,lfpr_gap_pp,spearman,KOR,"Korea, Rep.",4,0.6396736929545765,0.6350857656678691,0.004587927286707427
Exclude source conflicts,lfpr_gap_pp,spearman,LAO,Lao PDR,4,0.6396736929545765,0.6364874202328324,0.003186272721744099
Exclude source conflicts,lfpr_gap_pp,spearman,LBR,Liberia,1,0.6396736929545765,0.6370325304002078,0.002641162554368748
Exclude source conflicts,lfpr_gap_pp,spearman,LSO,Lesotho,1,0.6396736929545765,0.6400770401029633,0.0004033471483867457
Exclude source conflicts,lfpr_gap_pp,spearman,LTU,Lithuania,1,0.6396736929545765,0.6428873573328765,0.003213664378299952
Exclude source conflicts,lfpr_gap_pp,spearman,LUX,Luxembourg,1,0.6396736929545765,0.6401981449622861,0.0005244520077095638
Exclude source conflicts,lfpr_gap_pp,spearman,LVA,Latvia,1,0.6396736929545765,0.6395885421580647,8.515079651183477e-05
Exclude source conflicts,lfpr_gap_pp,spearman,MAR,Morocco,1,0.6396736929545765,0.6340829168317512,0.005590776122825325
Exclude source conflicts,lfpr_gap_pp,spearman,MDA,Moldova,1,0.6396736929545765,0.641599751409787,0.0019260584552104332
Exclude source conflicts,lfpr_gap_pp,spearman,MEX,Mexico,4,0.6396736929545765,0.6189006161383606,0.020773076816215985
Exclude source conflicts,lfpr_gap_pp,spearman,MKD,North Macedonia,3,0.6396736929545765,0.634542865525796,0.005130827428780571
Exclude source conflicts,lfpr_gap_pp,spearman,MLT,Malta,1,0.6396736929545765,0.6380357350150286,0.0016379579395479071
Exclude source conflicts,lfpr_gap_pp,spearman,MNG,Mongolia,5,0.6396736929545765,0.6620978682678025,0.022424175313225936
Exclude source conflicts,lfpr_gap_pp,spearman,MUS,Mauritius,1,0.6396736929545765,0.635443723091568,0.004229969863008498
Exclude source conflicts,lfpr_gap_pp,spearman,MWI,Malawi,1,0.6396736929545765,0.6398789434939339,0.00020525053935738224
Exclude source conflicts,lfpr_gap_pp,spearman,MYS,Malaysia,1,0.6396736929545765,0.6361229262159563,0.0035507667386202035
Exclude source conflicts,lfpr_gap_pp,spearman,NLD,Netherlands,4,0.6396736929545765,0.6443816923035416,0.004707999348965042
Exclude source conflicts,lfpr_gap_pp,spearman,NOR,Norway,2,0.6396736929545765,0.6312829410096196,0.008390751944956976
Exclude source conflicts,lfpr_gap_pp,spearman,NZL,New Zealand,1,0.6396736929545765,0.6401513447470014,0.0004776517924248713
Exclude source conflicts,lfpr_gap_pp,spearman,OMN,Oman,2,0.6396736929545765,0.6362878598266573,0.003385833127919291
Exclude source conflicts,lfpr_gap_pp,spearman,PAK,Pakistan,1,0.6396736929545765,0.6339269161141355,0.0057467768404410036
Exclude source conflicts,lfpr_gap_pp,spearman,PAN,Panama,1,0.6396736929545765,0.6414125505486482,0.0017388575940716633
Exclude source conflicts,lfpr_gap_pp,spearman,PER,Peru,1,0.6396736929545765,0.6431297584479408,0.003456065493364302
Exclude source conflicts,lfpr_gap_pp,spearman,POL,Poland,2,0.6396736929545765,0.6400091842862751,0.0003354913316985231
Exclude source conflicts,lfpr_gap_pp,spearman,PRT,Portugal,1,0.6396736929545765,0.6402221450726885,0.0005484521181119417
Exclude source conflicts,lfpr_gap_pp,spearman,PRY,Paraguay,1,0.6396736929545765,0.6409325483406,0.0012588553860234386
Exclude source conflicts,lfpr_gap_pp,spearman,PSE,West Bank and Gaza,2,0.6396736929545765,0.6278315255442832,0.011842167410293314
Exclude source conflicts,lfpr_gap_pp,spearman,QAT,Qatar,1,0.6396736929545765,0.6566190204996171,0.016945327545040523
Exclude source conflicts,lfpr_gap_pp,spearman,ROU,Romania,2,0.6396736929545765,0.6380074610209933,0.0016662319335832843
Exclude source conflicts,lfpr_gap_pp,spearman,RUS,Russian Federation,1,0.6396736929545765,0.6397229427763184,4.924982174181469e-05
Exclude source conflicts,lfpr_gap_pp,spearman,SLV,El Salvador,2,0.6396736929545765,0.6319180209961641,0.0077556719584124245
Exclude source conflicts,lfpr_gap_pp,spearman,SRB,Serbia,2,0.6396736929545765,0.6391603754581049,0.0005133174964716547
Exclude source conflicts,lfpr_gap_pp,spearman,SVN,Slovenia,1,0.6396736929545765,0.6398333432841694,0.00015965032959286418
Exclude source conflicts,lfpr_gap_pp,spearman,SWE,Sweden,2,0.6396736929545765,0.6296586018132653,0.010015091141311272
Exclude source conflicts,lfpr_gap_pp,spearman,THA,Thailand,2,0.6396736929545765,0.6413869119312542,0.001713218976677644
Exclude source conflicts,lfpr_gap_pp,spearman,TUN,Tunisia,1,0.6396736929545765,0.6339389161693368,0.005734776785239704
Exclude source conflicts,lfpr_gap_pp,spearman,TUR,Turkey,2,0.6396736929545765,0.6291358821320324,0.010537810822544125
Exclude source conflicts,lfpr_gap_pp,spearman,TZA,Tanzania,2,0.6396736929545765,0.6656932845113366,0.026019591556760036
Exclude source conflicts,lfpr_gap_pp,spearman,UGA,Uganda,1,0.6396736929545765,0.6388061385589462,0.0008675543956303544
Exclude source conflicts,lfpr_gap_pp,spearman,URY,Uruguay,2,0.6396736929545765,0.6363049581339872,0.003368734820589303
Exclude source conflicts,lfpr_gap_pp,spearman,USA,United States,17,0.6396736929545765,0.6356848332393137,0.00398885971526286
Exclude source conflicts,lfpr_gap_pp,spearman,ZAF,South Africa,2,0.6396736929545765,0.641659262542986,0.0019855695884094526
Exclude source conflicts,electricity_pct,pearson,ALB,Albania,1,0.027589277909439592,0.023751765876351926,0.003837512033087666
Exclude source conflicts,electricity_pct,pearson,ARG,Argentina,3,0.027589277909439592,0.0255375140106757,0.0020517638987638913
Exclude source conflicts,electricity_pct,pearson,ARM,Armenia,2,0.027589277909439592,0.020380127019365906,0.007209150890073686
Exclude source conflicts,electricity_pct,pearson,AUS,Australia,1,0.027589277909439592,0.02814664774175413,0.0005573698323145387
Exclude source conflicts,electricity_pct,pearson,AUT,Austria,1,0.027589277909439592,0.028386394485482584,0.0007971165760429916
Exclude source conflicts,electricity_pct,pearson,AZE,Azerbaijan,1,0.027589277909439592,0.024565689986184844,0.003023587923254748
Exclude source conflicts,electricity_pct,pearson,BEL,Belgium,3,0.027589277909439592,0.03511967590493632,0.007530397995496731
Exclude source conflicts,electricity_pct,pearson,BGR,Bulgaria,2,0.027589277909439592,0.027540893141289262,4.8384768150330076e-05
Exclude source conflicts,electricity_pct,pearson,BLR,Belarus,1,0.027589277909439592,0.027869751095938162,0.0002804731864985699
Exclude source conflicts,electricity_pct,pearson,BOL,Bolivia,1,0.027589277909439592,0.028706866429917988,0.0011175885204783957
Exclude source conflicts,electricity_pct,pearson,BRA,Brazil,2,0.027589277909439592,0.027185613899096784,0.00040366401034280797
Exclude source conflicts,electricity_pct,pearson,BTN,Bhutan,2,0.027589277909439592,0.024394664720243882,0.00319461318919571
Exclude source conflicts,electricity_pct,pearson,CAN,Canada,1,0.027589277909439592,0.03022920720123459,0.002639929291794997
Exclude source conflicts,electricity_pct,pearson,CHE,Switzerland,6,0.027589277909439592,0.039703360961712085,0.012114083052272493
Exclude source conflicts,electricity_pct,pearson,CHL,Chile,2,0.027589277909439592,0.026489501989639033,0.0010997759198005594
Exclude source conflicts,electricity_pct,pearson,CHN,China,1,0.027589277909439592,0.02814664774175413,0.0005573698323145387
Exclude source conflicts,electricity_pct,pearson,CMR,Cameroon,1,0.027589277909439592,0.030156074363152992,0.0025667964537134
Exclude source conflicts,electricity_pct,pearson,COL,Colombia,1,0.027589277909439592,0.02665070801964164,0.0009385698897979508
Exclude source conflicts,electricity_pct,pearson,CRI,Costa Rica,1,0.027589277909439592,0.02592800692622259,0.0016612709832170003
Exclude source conflicts,electricity_pct,pearson,CUB,Cuba,2,0.027589277909439592,0.028408195731938906,0.000818917822499314
Exclude source conflicts,electricity_pct,pearson,DEU,Germany,2,0.027589277909439592,0.03200524692027915,0.004415969010839561
Exclude source conflicts,electricity_pct,pearson,DNK,Denmark,2,0.027589277909439592,0.03469009320232182,0.007100815292882225
Exclude source conflicts,electricity_pct,pearson,DOM,Dominican Republic,1,0.027589277909439592,0.026472563800516755,0.0011167141089228373
Exclude source conflicts,electricity_pct,pearson,DZA,Algeria,1,0.027589277909439592,0.0244271704825199,0.0031621074269196914
Exclude source conflicts,electricity_pct,pearson,ECU,Ecuador,1,0.027589277909439592,0.02615600100642564,0.0014332769030139525
Exclude source conflicts,electricity_pct,pearson,EGY,"Egypt, Arab Rep.",1,0.027589277909439592,0.02327979598369742,0.004309481925742171
Exclude source conflicts,electricity_pct,pearson,ESP,Spain,2,0.027589277909439592,0.025884467753558096,0.0017048101558814963
Exclude source conflicts,electricity_pct,pearson,EST,Estonia,2,0.027589277909439592,0.030828413805609793,0.003239135896170201
Exclude source conflicts,electricity_pct,pearson,ETH,Ethiopia,1,0.027589277909439592,0.03960275111205398,0.01201347320261439
Exclude source conflicts,electricity_pct,pearson,FIN,Finland,2,0.027589277909439592,0.033634490214798966,0.006045212305359374
Exclude source conflicts,electricity_pct,pearson,FJI,Fiji,1,0.027589277909439592,0.027611943276474857,2.2665367035264866e-05
Exclude source conflicts,electricity_pct,pearson,FRA,France,1,0.027589277909439592,0.029964212096346476,0.0023749341869068845
Exclude source conflicts,electricity_pct,pearson,GBR,United Kingdom,2,0.027589277909439592,0.032495300853509844,0.004906022944070252
Exclude source conflicts,electricity_pct,pearson,GHA,Ghana,1,0.027589277909439592,0.028960666813299087,0.0013713889038594954
Exclude source conflicts,electricity_pct,pearson,GRC,Greece,1,0.027589277909439592,0.027232395300862654,0.0003568826085769382
Exclude source conflicts,electricity_pct,pearson,GTM,Guatemala,2,0.027589277909439592,0.030490070263662752,0.0029007923542231605
Exclude source conflicts,electricity_pct,pearson,HKG,"Hong Kong SAR, China",2,0.027589277909439592,0.029978393492541916,0.002389115583102324
Exclude source conflicts,electricity_pct,pearson,HND,Honduras,1,0.027589277909439592,0.030480905477262323,0.0028916275678227306
Exclude source conflicts,electricity_pct,pearson,HUN,Hungary,2,0.027589277909439592,0.02934411862721255,0.0017548407177729597
Exclude source conflicts,electricity_pct,pearson,IRL,Ireland,1,0.027589277909439592,0.026970708037063886,0.0006185698723757058
Exclude source conflicts,electricity_pct,pearson,IRN,"Iran, Islamic Rep.",1,0.027589277909439592,0.024896860537045557,0.0026924173723940348
Exclude source conflicts,electricity_pct,pearson,IRQ,Iraq,1,0.027589277909439592,0.02415630189132019,0.0034329760181194026
Exclude source conflicts,electricity_pct,pearson,ITA,Italy,3,0.027589277909439592,0.022921779522367985,0.0046674983870716065
Exclude source conflicts,electricity_pct,pearson,JPN,Japan,4,0.027589277909439592,0.02265108335657019,0.004938194552869403
Exclude source conflicts,electricity_pct,pearson,KAZ,Kazakhstan,5,0.027589277909439592,0.024507190847418855,0.0030820870620207365
Exclude source conflicts,electricity_pct,pearson,KGZ,Kyrgyz Republic,4,0.027589277909439592,0.02458802040085993,0.0030012575085796613
Exclude source conflicts,electricity_pct,pearson,KHM,Cambodia,1,0.027589277909439592,0.03425343680190366,0.006664158892464068
Exclude source conflicts,electricity_pct,pearson,KOR,"Korea, Rep.",4,0.027589277909439592,0.026528156045051113,0.0010611218643884791
Exclude source conflicts,electricity_pct,pearson,LAO,Lao PDR,4,0.027589277909439592,0.01202568786669348,0.015563590042746113
Exclude source conflicts,electricity_pct,pearson,LBR,Liberia,1,0.027589277909439592,-0.018350592126577657,0.04593987003601725
Exclude source conflicts,electricity_pct,pearson,LSO,Lesotho,1,0.027589277909439592,0.0220034463253649,0.005585831584074691
Exclude source conflicts,electricity_pct,pearson,LTU,Lithuania,1,0.027589277909439592,0.027957360383194425,0.0003680824737548327
Exclude source conflicts,electricity_pct,pearson,LUX,Luxembourg,1,0.027589277909439592,0.02932986162259693,0.0017405837131573391
Exclude source conflicts,electricity_pct,pearson,LVA,Latvia,1,0.027589277909439592,0.02828181277961967,0.0006925348701800789
Exclude source conflicts,electricity_pct,pearson,MAR,Morocco,1,0.027589277909439592,0.02581386707445969,0.0017754108349799028
Exclude source conflicts,electricity_pct,pearson,MDA,Moldova,1,0.027589277909439592,0.028409365943202796,0.0008200880337632041
Exclude source conflicts,electricity_pct,pearson,MEX,Mexico,4,0.027589277909439592,0.01129830638396022,0.01629097152547937
Exclude source conflicts,electricity_pct,pearson,MKD,North Macedonia,3,0.027589277909439592,0.023875706359941427,0.0037135715494981646
Exclude source conflicts,electricity_pct,pearson,MLT,Malta,1,0.027589277909439592,0.026896340429071443,0.0006929374803681491
Exclude source conflicts,electricity_pct,pearson,MNG,Mongolia,5,0.027589277909439592,0.030877201319930717,0.0032879234104911254
Exclude source conflicts,electricity_pct,pearson,MUS,Mauritius,1,0.027589277909439592,0.025874684272402897,0.0017145936370366946
Exclude source conflicts,electricity_pct,pearson,MWI,Malawi,1,0.027589277909439592,0.00849449950734082,0.01909477840209877
Exclude source conflicts,electricity_pct,pearson,MYS,Malaysia,1,0.027589277909439592,0.02642422231706195,0.0011650555923776416
Exclude source conflicts,electricity_pct,pearson,NLD,Netherlands,4,0.027589277909439592,0.03667363692905961,0.009084359019620018
Exclude source conflicts,electricity_pct,pearson,NOR,Norway,2,0.027589277909439592,0.03511038784934262,0.007521109939903025
Exclude source conflicts,electricity_pct,pearson,NZL,New Zealand,1,0.027589277909439592,0.029249481315262726,0.0016602034058231345
Exclude source conflicts,electricity_pct,pearson,OMN,Oman,2,0.027589277909439592,0.0256054123541064,0.0019838655553331905
Exclude source conflicts,electricity_pct,pearson,PAK,Pakistan,1,0.027589277909439592,0.03528325898832702,0.00769398107888743
Exclude source conflicts,electricity_pct,pearson,PAN,Panama,1,0.027589277909439592,0.027576311873942116,1.2966035497476158e-05
Exclude source conflicts,electricity_pct,pearson,PER,Peru,1,0.027589277909439592,0.029174422887214183,0.0015851449777745906
Exclude source conflicts,electricity_pct,pearson,POL,Poland,2,0.027589277909439592,0.02906492302270904,0.001475645113269447
Exclude source conflicts,electricity_pct,pearson,PRT,Portugal,1,0.027589277909439592,0.029209082976615258,0.0016198050671756663
Exclude source conflicts,electricity_pct,pearson,PRY,Paraguay,1,0.027589277909439592,0.027672489888116075,8.32119786764833e-05
Exclude source conflicts,electricity_pct,pearson,PSE,West Bank and Gaza,2,0.027589277909439592,0.019423010175582976,0.008166267733856616
Exclude source conflicts,electricity_pct,pearson,QAT,Qatar,1,0.027589277909439592,0.030146263824951433,0.002556985915511841
Exclude source conflicts,electricity_pct,pearson,ROU,Romania,2,0.027589277909439592,0.027797447939368645,0.00020817002992905287
Exclude source conflicts,electricity_pct,pearson,RUS,Russian Federation,1,0.027589277909439592,0.027686131122967576,9.68532135279844e-05
Exclude source conflicts,electricity_pct,pearson,SLV,El Salvador,2,0.027589277909439592,0.027289466453326035,0.00029981145611355717
Exclude source conflicts,electricity_pct,pearson,SRB,Serbia,2,0.027589277909439592,0.027422396747907446,0.00016688116153214597
Exclude source conflicts,electricity_pct,pearson,SVN,Slovenia,1,0.027589277909439592,0.028146642173590884,0.0005573642641512923
Exclude source conflicts,electricity_pct,pearson,SWE,Sweden,2,0.027589277909439592,0.035114265171135584,0.007524987261695992
Exclude source conflicts,electricity_pct,pearson,THA,Thailand,2,0.027589277909439592,0.02936546654325563,0.0017761886338160393
Exclude source conflicts,electricity_pct,pearson,TUN,Tunisia,1,0.027589277909439592,0.023506633672383023,0.004082644237056569
Exclude source conflicts,electricity_pct,pearson,TUR,Turkey,2,0.027589277909439592,0.020955370953041955,0.006633906956397637
Exclude source conflicts,electricity_pct,pearson,TZA,Tanzania,2,0.027589277909439592,0.05456070896913595,0.02697143105969636
Exclude source conflicts,electricity_pct,pearson,UGA,Uganda,1,0.027589277909439592,0.015001053984693912,0.01258822392474568
Exclude source conflicts,electricity_pct,pearson,URY,Uruguay,2,0.027589277909439592,0.024890841205483287,0.002698436703956305
Exclude source conflicts,electricity_pct,pearson,USA,United States,17,0.027589277909439592,0.07781860156851697,0.05022932365907738
Exclude source conflicts,electricity_pct,pearson,ZAF,South Africa,2,0.027589277909439592,0.025040566421234523,0.0025487114882050688
Exclude source conflicts,electricity_pct,spearman,ALB,Albania,1,-0.4369797226527774,-0.4381709230796226,0.0011912004268451737
Exclude source conflicts,electricity_pct,spearman,ARG,Argentina,3,-0.4369797226527774,-0.4408550180408305,0.0038752953880530905
Exclude source conflicts,electricity_pct,spearman,ARM,Armenia,2,-0.4369797226527774,-0.4356466935379522,0.0013330291148251905
Exclude source conflicts,electricity_pct,spearman,AUS,Australia,1,-0.4369797226527774,-0.43608914338862453,0.0008905792641528687
Exclude source conflicts,electricity_pct,spearman,AUT,Austria,1,-0.4369797226527774,-0.43438566855773886,0.002594054095038545
Exclude source conflicts,electricity_pct,spearman,AZE,Azerbaijan,1,-0.4369797226527774,-0.43765806385888995,0.0006783412061125427
Exclude source conflicts,electricity_pct,spearman,BEL,Belgium,3,-0.4369797226527774,-0.4212618252744106,0.01571789737836682
Exclude source conflicts,electricity_pct,spearman,BGR,Bulgaria,2,-0.4369797226527774,-0.4462066017849751,0.009226879132197718
Exclude source conflicts,electricity_pct,spearman,BLR,Belarus,1,-0.4369797226527774,-0.44059671415552343,0.0036169915027460253
Exclude source conflicts,electricity_pct,spearman,BOL,Bolivia,1,-0.4369797226527774,-0.4394148362663342,0.0024351136135568052
Exclude source conflicts,electricity_pct,spearman,BRA,Brazil,2,-0.4369797226527774,-0.4382420916425449,0.0012623689897675039
Exclude source conflicts,electricity_pct,spearman,BTN,Bhutan,2,-0.4369797226527774,-0.45191038536924544,0.014930662716468035
Exclude source conflicts,electricity_pct,spearman,CAN,Canada,1,-0.4369797226527774,-0.4318709730514034,0.00510874960137403
Exclude source conflicts,electricity_pct,spearman,CHE,Switzerland,6,-0.4369797226527774,-0.40753529869121663,0.029444423961560773
Exclude source conflicts,electricity_pct,spearman,CHL,Chile,2,-0.4369797226527774,-0.43897161604627133,0.0019918933934939265
Exclude source conflicts,electricity_pct,spearman,CHN,China,1,-0.4369797226527774,-0.43608914338862453,0.0008905792641528687
Exclude source conflicts,electricity_pct,spearman,CMR,Cameroon,1,-0.4369797226527774,-0.4382354973199789,0.0012557746672015035
Exclude source conflicts,electricity_pct,spearman,COL,Colombia,1,-0.4369797226527774,-0.43694922937604175,3.0493276735654717e-05
Exclude source conflicts,electricity_pct,spearman,CRI,Costa Rica,1,-0.4369797226527774,-0.4370479480074033,6.822535462591706e-05
Exclude source conflicts,electricity_pct,spearman,CUB,Cuba,2,-0.4369797226527774,-0.44167280107280565,0.004693078420028252
Exclude source conflicts,electricity_pct,spearman,DEU,Germany,2,-0.4369797226527774,-0.4269499508306736,0.010029771822103795
Exclude source conflicts,electricity_pct,spearman,DNK,Denmark,2,-0.4369797226527774,-0.42663316601785756,0.010346556634919846
Exclude source conflicts,electricity_pct,spearman,DOM,Dominican Republic,1,-0.4369797226527774,-0.43702988858772274,5.016593494533428e-05
Exclude source conflicts,electricity_pct,spearman,DZA,Algeria,1,-0.4369797226527774,-0.4355991474306457,0.001380575222131697
Exclude source conflicts,electricity_pct,spearman,ECU,Ecuador,1,-0.4369797226527774,-0.43513163970551316,0.0018480829472642402
Exclude source conflicts,electricity_pct,spearman,EGY,"Egypt, Arab Rep.",1,-0.4369797226527774,-0.4367359583211978,0.00024376433157957678
Exclude source conflicts,electricity_pct,spearman,ESP,Spain,2,-0.4369797226527774,-0.44614762558458226,0.009167902931804861
Exclude source conflicts,electricity_pct,spearman,EST,Estonia,2,-0.4369797226527774,-0.4288671384757692,0.00811258417700822
Exclude source conflicts,electricity_pct,spearman,ETH,Ethiopia,1,-0.4369797226527774,-0.4346682826383229,0.002311440014454491
Exclude source conflicts,electricity_pct,spearman,FIN,Finland,2,-0.4369797226527774,-0.42663316601785756,0.010346556634919846
Exclude source conflicts,electricity_pct,spearman,FJI,Fiji,1,-0.4369797226527774,-0.44047992278516324,0.0035002001323858334
Exclude source conflicts,electricity_pct,spearman,FRA,France,1,-0.4369797226527774,-0.43187123217836654,0.005108490474410865
Exclude source conflicts,electricity_pct,spearman,GBR,United Kingdom,2,-0.4369797226527774,-0.42663316601785756,0.010346556634919846
Exclude source conflicts,electricity_pct,spearman,GHA,Ghana,1,-0.4369797226527774,-0.43974273077752063,0.002763008124743227
Exclude source conflicts,electricity_pct,spearman,GRC,Greece,1,-0.4369797226527774,-0.4402379083928522,0.0032581857400748038
Exclude source conflicts,electricity_pct,spearman,GTM,Guatemala,2,-0.4369797226527774,-0.429350045899761,0.007629676753016401
Exclude source conflicts,electricity_pct,spearman,HKG,"Hong Kong SAR, China",2,-0.4369797226527774,-0.4306818304548235,0.006297892197953903
Exclude source conflicts,electricity_pct,spearman,HND,Honduras,1,-0.4369797226527774,-0.43553279267327233,0.0014469299795050738
Exclude source conflicts,electricity_pct,spearman,HUN,Hungary,2,-0.4369797226527774,-0.431983738770909,0.004995983881868393
Exclude source conflicts,electricity_pct,spearman,IRL,Ireland,1,-0.4369797226527774,-0.44223045671766464,0.005250734064887241
Exclude source conflicts,electricity_pct,spearman,IRN,"Iran, Islamic Rep.",1,-0.4369797226527774,-0.43765806385888995,0.0006783412061125427
Exclude source conflicts,electricity_pct,spearman,IRQ,Iraq,1,-0.4369797226527774,-0.4345591080964644,0.0024206145563129833
Exclude source conflicts,electricity_pct,spearman,ITA,Italy,3,-0.4369797226527774,-0.46034319589202505,0.023363473239247645
Exclude source conflicts,electricity_pct,spearman,JPN,Japan,4,-0.4369797226527774,-0.46501872675428857,0.028039004101511167
Exclude source conflicts,electricity_pct,spearman,KAZ,Kazakhstan,5,-0.4369797226527774,-0.44137333690651664,0.004393614253739242
Exclude source conflicts,electricity_pct,spearman,KGZ,Kyrgyz Republic,4,-0.4369797226527774,-0.44212000553503505,0.005140282882257652
Exclude source conflicts,electricity_pct,spearman,KHM,Cambodia,1,-0.4369797226527774,-0.4382118580402718,0.001232135387494393
Exclude source conflicts,electricity_pct,spearman,KOR,"Korea, Rep.",4,-0.4369797226527774,-0.44930344611319367,0.01232372346041627
Exclude source conflicts,electricity_pct,spearman,LAO,Lao PDR,4,-0.4369797226527774,-0.48524519480315165,0.048265472150374245
Exclude source conflicts,electricity_pct,spearman,LBR,Liberia,1,-0.4369797226527774,-0.4630752445356239,0.026095521882846473
Exclude source conflicts,electricity_pct,spearman,LSO,Lesotho,1,-0.4369797226527774,-0.44381132224502473,0.006831599592247328
Exclude source conflicts,electricity_pct,spearman,LTU,Lithuania,1,-0.4369797226527774,-0.4371914999222028,0.000211777269425395
Exclude source conflicts,electricity_pct,spearman,LUX,Luxembourg,1,-0.4369797226527774,-0.4323931202329264,0.0045866024198509825
Exclude source conflicts,electricity_pct,spearman,LVA,Latvia,1,-0.4369797226527774,-0.4351808568796274,0.0017988657731500268
Exclude source conflicts,electricity_pct,spearman,MAR,Morocco,1,-0.4369797226527774,-0.4341427214717018,0.0028370011810756046
Exclude source conflicts,electricity_pct,spearman,MDA,Moldova,1,-0.4369797226527774,-0.4374125861321015,0.000432863479324086
Exclude source conflicts,electricity_pct,spearman,MEX,Mexico,4,-0.4369797226527774,-0.4316813252055067,0.005298397447270675
Exclude source conflicts,electricity_pct,spearman,MKD,North Macedonia,3,-0.4369797226527774,-0.43491800730676755,0.0020617153460098514
Exclude source conflicts,electricity_pct,spearman,MLT,Malta,1,-0.4369797226527774,-0.4426231394771637,0.005643416824386294
Exclude source conflicts,electricity_pct,spearman,MNG,Mongolia,5,-0.4369797226527774,-0.4458126328095698,0.008832910156792384
Exclude source conflicts,electricity_pct,spearman,MUS,Mauritius,1,-0.4369797226527774,-0.4364871420905465,0.0004925805622308932
Exclude source conflicts,electricity_pct,spearman,MWI,Malawi,1,-0.4369797226527774,-0.4486857860243889,0.011706063371611508
Exclude source conflicts,electricity_pct,spearman,MYS,Malaysia,1,-0.4369797226527774,-0.4370095770859671,2.9854433189702156e-05
Exclude source conflicts,electricity_pct,spearman,NLD,Netherlands,4,-0.4369797226527774,-0.416403047875802,0.02057667477697539
Exclude source conflicts,electricity_pct,spearman,NOR,Norway,2,-0.4369797226527774,-0.4260433796590375,0.010936342993739911
Exclude source conflicts,electricity_pct,spearman,NZL,New Zealand,1,-0.4369797226527774,-0.43302901295959895,0.003950709693178456
Exclude source conflicts,electricity_pct,spearman,OMN,Oman,2,-0.4369797226527774,-0.44999411434832826,0.013014391695550853
Exclude source conflicts,electricity_pct,spearman,PAK,Pakistan,1,-0.4369797226527774,-0.43191226019210405,0.005067462460673355
Exclude source conflicts,electricity_pct,spearman,PAN,Panama,1,-0.4369797226527774,-0.4399657868612946,0.002986064208517214
Exclude source conflicts,electricity_pct,spearman,PER,Peru,1,-0.4369797226527774,-0.43356003409131744,0.003419688561459966
Exclude source conflicts,electricity_pct,spearman,POL,Poland,2,-0.4369797226527774,-0.43183422620089934,0.005145496451878062
Exclude source conflicts,electricity_pct,spearman,PRT,Portugal,1,-0.4369797226527774,-0.43302901295959895,0.003950709693178456
Exclude source conflicts,electricity_pct,spearman,PRY,Paraguay,1,-0.4369797226527774,-0.4393056617244757,0.002325939071698313
Exclude source conflicts,electricity_pct,spearman,PSE,West Bank and Gaza,2,-0.4369797226527774,-0.4400640752531,0.003084352600322582
Exclude source conflicts,electricity_pct,spearman,QAT,Qatar,1,-0.4369797226527774,-0.43187123217836654,0.005108490474410865
Exclude source conflicts,electricity_pct,spearman,ROU,Romania,2,-0.4369797226527774,-0.442654690991242,0.005674968338464592
Exclude source conflicts,electricity_pct,spearman,RUS,Russian Federation,1,-0.4369797226527774,-0.43781720918832806,0.0008374865355506578
Exclude source conflicts,electricity_pct,spearman,SLV,El Salvador,2,-0.4369797226527774,-0.43359102240153474,0.00338870025124266
Exclude source conflicts,electricity_pct,spearman,SRB,Serbia,2,-0.4369797226527774,-0.43455182818701743,0.002427894465759972
Exclude source conflicts,electricity_pct,spearman,SVN,Slovenia,1,-0.4369797226527774,-0.4360894050465327,0.0008903176062446949
Exclude source conflicts,electricity_pct,spearman,SWE,Sweden,2,-0.4369797226527774,-0.4260433796590375,0.010936342993739911
Exclude source conflicts,electricity_pct,spearman,THA,Thailand,2,-0.4369797226527774,-0.43963564909146463,0.0026559264386872283
Exclude source conflicts,electricity_pct,spearman,TUN,Tunisia,1,-0.4369797226527774,-0.4368322409585918,0.00014748169418560275
Exclude source conflicts,electricity_pct,spearman,TUR,Turkey,2,-0.4369797226527774,-0.4485829182224156,0.01160319556963818
Exclude source conflicts,electricity_pct,spearman,TZA,Tanzania,2,-0.4369797226527774,-0.4338652178935677,0.003114504759209713
Exclude source conflicts,electricity_pct,spearman,UGA,Uganda,1,-0.4369797226527774,-0.4493281385613703,0.012348415908592925
Exclude source conflicts,electricity_pct,spearman,URY,Uruguay,2,-0.4369797226527774,-0.43622154326352414,0.0007581793892532662
Exclude source conflicts,electricity_pct,spearman,USA,United States,17,-0.4369797226527774,-0.3296572474985922,0.10732247515418519
Exclude source conflicts,electricity_pct,spearman,ZAF,South Africa,2,-0.4369797226527774,-0.45014263255198844,0.01316290989921104
Exclude source conflicts,water_pct,pearson,ALB,Albania,1,-0.1398368398640724,-0.1406434037614273,0.0008065638973549227
Exclude source conflicts,water_pct,pearson,ARG,Argentina,3,-0.1398368398640724,-0.14372502753355199,0.003888187669479598
Exclude source conflicts,water_pct,pearson,ARM,Armenia,2,-0.1398368398640724,-0.1519546581182387,0.012117818254166302
Exclude source conflicts,water_pct,pearson,AUS,Australia,1,-0.1398368398640724,-0.139106223375244,0.0007306164888283839
Exclude source conflicts,water_pct,pearson,AUT,Austria,1,-0.1398368398640724,-0.1387285664857873,0.0011082733782850906
Exclude source conflicts,water_pct,pearson,AZE,Azerbaijan,1,-0.1398368398640724,-0.13387409782218396,0.00596274204188843
Exclude source conflicts,water_pct,pearson,BEL,Belgium,3,-0.1398368398640724,-0.12972428580595577,0.010112554058116618
Exclude source conflicts,water_pct,pearson,BGR,Bulgaria,2,-0.1398368398640724,-0.13870204298838498,0.001134796875687405
Exclude source conflicts,water_pct,pearson,BLR,Belarus,1,-0.1398368398640724,-0.1393391346183941,0.0004977052456782982
Exclude source conflicts,water_pct,pearson,BOL,Bolivia,1,-0.1398368398640724,-0.13951915196700318,0.00031768789706920764
Exclude source conflicts,water_pct,pearson,BRA,Brazil,2,-0.1398368398640724,-0.14032096957567516,0.0004841297116027765
Exclude source conflicts,water_pct,pearson,BTN,Bhutan,2,-0.1398368398640724,-0.14010846011809086,0.0002716202540184731
Exclude source conflicts,water_pct,pearson,CAN,Canada,1,-0.1398368398640724,-0.13676070127273282,0.0030761385913395667
Exclude source conflicts,water_pct,pearson,CHE,Switzerland,6,-0.1398368398640724,-0.12318474589623808,0.016652093967834306
Exclude source conflicts,water_pct,pearson,CHL,Chile,2,-0.1398368398640724,-0.14150321754999498,0.0016663776859225932
Exclude source conflicts,water_pct,pearson,CHN,China,1,-0.1398368398640724,-0.13980059806048595,3.62418035864398e-05
Exclude source conflicts,water_pct,pearson,CMR,Cameroon,1,-0.1398368398640724,-0.1394208785970042,0.00041596126706819336
Exclude source conflicts,water_pct,pearson,COL,Colombia,1,-0.1398368398640724,-0.14064293844656298,0.0008060985824905886
Exclude source conflicts,water_pct,pearson,CRI,Costa Rica,1,-0.1398368398640724,-0.14302365204953366,0.0031868121854612685
Exclude source conflicts,water_pct,pearson,CUB,Cuba,2,-0.1398368398640724,-0.13961466369411898,0.00022217616995340306
Exclude source conflicts,water_pct,pearson,DEU,Germany,2,-0.1398368398640724,-0.13383763785116126,0.005999202012911126
Exclude source conflicts,water_pct,pearson,DNK,Denmark,2,-0.1398368398640724,-0.13084792561236774,0.008988914251704644
Exclude source conflicts,water_pct,pearson,DOM,Dominican Republic,1,-0.1398368398640724,-0.14108388226811308,0.0012470424040406936
Exclude source conflicts,water_pct,pearson,DZA,Algeria,1,-0.1398368398640724,-0.13976728622527046,6.9553638801928e-05
Exclude source conflicts,water_pct,pearson,ECU,Ecuador,1,-0.1398368398640724,-0.13856785322675236,0.0012689866373200298
Exclude source conflicts,water_pct,pearson,EGY,"Egypt, Arab Rep.",1,-0.1398368398640724,-0.1484333001657196,0.008596460301647207
Exclude source conflicts,water_pct,pearson,ESP,Spain,2,-0.1398368398640724,-0.14328673455983923,0.003449894695766842
Exclude source conflicts,water_pct,pearson,EST,Estonia,2,-0.1398368398640724,-0.13633194213646474,0.0035048977276076476
Exclude source conflicts,water_pct,pearson,ETH,Ethiopia,1,-0.1398368398640724,-0.13370411493343373,0.0061327249306386555
Exclude source conflicts,water_pct,pearson,FIN,Finland,2,-0.1398368398640724,-0.13196209856518368,0.00787474129888871
Exclude source conflicts,water_pct,pearson,FJI,Fiji,1,-0.1398368398640724,-0.13969481714492712,0.00014202271914526277
Exclude source conflicts,water_pct,pearson,FRA,France,1,-0.1398368398640724,-0.1366316107271936,0.00320522913687879
Exclude source conflicts,water_pct,pearson,GBR,United Kingdom,2,-0.1398368398640724,-0.13324444991750328,0.006592389946569105
Exclude source conflicts,water_pct,pearson,GHA,Ghana,1,-0.1398368398640724,-0.13986974909097902,3.290922690663001e-05
Exclude source conflicts,water_pct,pearson,GRC,Greece,1,-0.1398368398640724,-0.14057507174395165,0.0007382318798792586
Exclude source conflicts,water_pct,pearson,GTM,Guatemala,2,-0.1398368398640724,-0.1397880481740554,4.879169001698047e-05
Exclude source conflicts,water_pct,pearson,HKG,"Hong Kong SAR, China",2,-0.1398368398640724,-0.136741203866586,0.0030956359974863845
Exclude source conflicts,water_pct,pearson,HND,Honduras,1,-0.1398368398640724,-0.13921001857898085,0.0006268212850915333
Exclude source conflicts,water_pct,pearson,HUN,Hungary,2,-0.1398368398640724,-0.1390668233356938,0.0007700165283785754
Exclude source conflicts,water_pct,pearson,IRL,Ireland,1,-0.1398368398640724,-0.14048546241643087,0.0006486225523584799
Exclude source conflicts,water_pct,pearson,IRN,"Iran, Islamic Rep.",1,-0.1398368398640724,-0.1427370795109972,0.002900239646924818
Exclude source conflicts,water_pct,pearson,IRQ,Iraq,1,-0.1398368398640724,-0.13578628393810285,0.0040505559259695345
Exclude source conflicts,water_pct,pearson,ITA,Italy,3,-0.1398368398640724,-0.14860265873473016,0.008765818870657777
Exclude source conflicts,water_pct,pearson,JPN,Japan,4,-0.1398368398640724,-0.14758219040128365,0.00774535053721126
Exclude source conflicts,water_pct,pearson,KAZ,Kazakhstan,5,-0.1398368398640724,-0.13997185885338537,0.0001350189893129794
Exclude source conflicts,water_pct,pearson,KGZ,Kyrgyz Republic,4,-0.1398368398640724,-0.13233542298406714,0.007501416880005246
Exclude source conflicts,water_pct,pearson,KHM,Cambodia,1,-0.1398368398640724,-0.14011285939435408,0.0002760195302816959
Exclude source conflicts,water_pct,pearson,KOR,"Korea, Rep.",4,-0.1398368398640724,-0.14182056386248476,0.0019837239984123733
Exclude source conflicts,water_pct,pearson,LAO,Lao PDR,4,-0.1398368398640724,-0.18933952072680646,0.04950268086273407
Exclude source conflicts,water_pct,pearson,LBR,Liberia,1,-0.1398368398640724,-0.16218868070246664,0.022351840838394255
Exclude source conflicts,water_pct,pearson,LSO,Lesotho,1,-0.1398368398640724,-0.14555296968569212,0.005716129821619731
Exclude source conflicts,water_pct,pearson,LTU,Lithuania,1,-0.1398368398640724,-0.14000177836587924,0.00016493850180684944
Exclude source conflicts,water_pct,pearson,LUX,Luxembourg,1,-0.1398368398640724,-0.13741859365355963,0.002418246210512759
Exclude source conflicts,water_pct,pearson,LVA,Latvia,1,-0.1398368398640724,-0.13909622944250957,0.0007406104215628151
Exclude source conflicts,water_pct,pearson,MAR,Morocco,1,-0.1398368398640724,-0.1288169907829476,0.0110198490811248
Exclude source conflicts,water_pct,pearson,MDA,Moldova,1,-0.1398368398640724,-0.14094483119201087,0.0011079913279384845
Exclude source conflicts,water_pct,pearson,MEX,Mexico,4,-0.1398368398640724,-0.16515128924604502,0.025314449381972637
Exclude source conflicts,water_pct,pearson,MKD,North Macedonia,3,-0.1398368398640724,-0.14501738251265223,0.005180542648579839
Exclude source conflicts,water_pct,pearson,MLT,Malta,1,-0.1398368398640724,-0.1411718617982886,0.001335021934216224
Exclude source conflicts,water_pct,pearson,MNG,Mongolia,5,-0.1398368398640724,-0.1369336441344898,0.002903195729582586
Exclude source conflicts,water_pct,pearson,MUS,Mauritius,1,-0.1398368398640724,-0.143391197828229,0.0035543579641566236
Exclude source conflicts,water_pct,pearson,MWI,Malawi,1,-0.1398368398640724,-0.1567382468189611,0.016901406954888704
Exclude source conflicts,water_pct,pearson,MYS,Malaysia,1,-0.1398368398640724,-0.141293122465827,0.0014562826017546215
Exclude source conflicts,water_pct,pearson,NLD,Netherlands,4,-0.1398368398640724,-0.12749711268905428,0.012339727175018106
Exclude source conflicts,water_pct,pearson,NOR,Norway,2,-0.1398368398640724,-0.13050954525931374,0.009327294604758646
Exclude source conflicts,water_pct,pearson,NZL,New Zealand,1,-0.1398368398640724,-0.13752355469750233,0.0023132851665700616
Exclude source conflicts,water_pct,pearson,OMN,Oman,2,-0.1398368398640724,-0.13736570909927243,0.0024711307647999614
Exclude source conflicts,water_pct,pearson,PAK,Pakistan,1,-0.1398368398640724,-0.1373845548512496,0.002452285012822797
Exclude source conflicts,water_pct,pearson,PAN,Panama,1,-0.1398368398640724,-0.13984222293870477,5.383074632381302e-06
Exclude source conflicts,water_pct,pearson,PER,Peru,1,-0.1398368398640724,-0.13773236494646673,0.002104474917605653
Exclude source conflicts,water_pct,pearson,POL,Poland,1,-0.1398368398640724,-0.13907463895611466,0.0007622009079577274
Exclude source conflicts,water_pct,pearson,PRT,Portugal,1,-0.1398368398640724,-0.13783327143656712,0.0020035684275052645
Exclude source conflicts,water_pct,pearson,PRY,Paraguay,1,-0.1398368398640724,-0.13978965484836192,4.718501571046585e-05
Exclude source conflicts,water_pct,pearson,PSE,West Bank and Gaza,2,-0.1398368398640724,-0.14823135964581088,0.008394519781738496
Exclude source conflicts,water_pct,pearson,QAT,Qatar,1,-0.1398368398640724,-0.1364525903109496,0.0033842495531227756
Exclude source conflicts,water_pct,pearson,ROU,Romania,2,-0.1398368398640724,-0.14014161043568185,0.00030477057160946397
Exclude source conflicts,water_pct,pearson,RUS,Russian Federation,1,-0.1398368398640724,-0.13978637022710325,5.046963696914153e-05
Exclude source conflicts,water_pct,pearson,SLV,El Salvador,2,-0.1398368398640724,-0.13375034854826437,0.006086491315808018
Exclude source conflicts,water_pct,pearson,SRB,Serbia,2,-0.1398368398640724,-0.13981632742132843,2.051244274395292e-05
Exclude source conflicts,water_pct,pearson,SVN,Slovenia,1,-0.1398368398640724,-0.13911594485210063,0.0007208950119717561
Exclude source conflicts,water_pct,pearson,SWE,Sweden,2,-0.1398368398640724,-0.13112986088493336,0.008706978979139024
Exclude source conflicts,water_pct,pearson,THA,Thailand,2,-0.1398368398640724,-0.13785482210992342,0.001982017754148968
Exclude source conflicts,water_pct,pearson,TUN,Tunisia,1,-0.1398368398640724,-0.13819406987561017,0.0016427699884622171
Exclude source conflicts,water_pct,pearson,TUR,Turkey,2,-0.1398368398640724,-0.14477714547965523,0.004940305615582841
Exclude source conflicts,water_pct,pearson,TZA,Tanzania,2,-0.1398368398640724,-0.13154878084839838,0.008288059015674004
Exclude source conflicts,water_pct,pearson,UGA,Uganda,1,-0.1398368398640724,-0.16183162820092648,0.021994788336854088
Exclude source conflicts,water_pct,pearson,URY,Uruguay,2,-0.1398368398640724,-0.1447594394819118,0.004922599617839418
Exclude source conflicts,water_pct,pearson,USA,United States,15,-0.1398368398640724,-0.08692599572889266,0.05291084413517973
Exclude source conflicts,water_pct,pearson,ZAF,South Africa,2,-0.1398368398640724,-0.14124290442414772,0.0014060645600753319
Exclude source conflicts,water_pct,spearman,ALB,Albania,1,-0.48120488077878804,-0.479725169540521,0.001479711238267012
Exclude source conflicts,water_pct,spearman,ARG,Argentina,3,-0.48120488077878804,-0.48269997342079096,0.0014950926420029265
Exclude source conflicts,water_pct,spearman,ARM,Armenia,2,-0.48120488077878804,-0.48541891778545343,0.004214037006665394
Exclude source conflicts,water_pct,spearman,AUS,Australia,1,-0.48120488077878804,-0.48098705998909297,0.0002178207896950668
Exclude source conflicts,water_pct,spearman,AUT,Austria,1,-0.48120488077878804,-0.4795491965465113,0.001655684232276744
Exclude source conflicts,water_pct,spearman,AZE,Azerbaijan,1,-0.48120488077878804,-0.47792492783201773,0.0032799529467703037
Exclude source conflicts,water_pct,spearman,BEL,Belgium,3,-0.48120488077878804,-0.46139212696177995,0.01981275381700809
Exclude source conflicts,water_pct,spearman,BGR,Bulgaria,2,-0.48120488077878804,-0.4797285016577312,0.0014763791210568589
Exclude source conflicts,water_pct,spearman,BLR,Belarus,1,-0.48120488077878804,-0.4793681595814508,0.0018367211973372433
Exclude source conflicts,water_pct,spearman,BOL,Bolivia,1,-0.48120488077878804,-0.48360670335083866,0.002401822572050627
Exclude source conflicts,water_pct,spearman,BRA,Brazil,2,-0.48120488077878804,-0.48160511454152816,0.0004002337627401209
Exclude source conflicts,water_pct,spearman,BTN,Bhutan,2,-0.48120488077878804,-0.4873509526156813,0.006146071836893252
Exclude source conflicts,water_pct,spearman,CAN,Canada,1,-0.48120488077878804,-0.47844368213818383,0.002761198640604201
Exclude source conflicts,water_pct,spearman,CHE,Switzerland,6,-0.48120488077878804,-0.4498497852214052,0.03135509555738286
Exclude source conflicts,water_pct,spearman,CHL,Chile,2,-0.48120488077878804,-0.4817211139642903,0.0005162331855022573
Exclude source conflicts,water_pct,spearman,CHN,China,1,-0.48120488077878804,-0.4833620609091058,0.0021571801303177374
Exclude source conflicts,water_pct,spearman,CMR,Cameroon,1,-0.48120488077878804,-0.48210396994156046,0.0008990891627724262
Exclude source conflicts,water_pct,spearman,COL,Colombia,1,-0.48120488077878804,-0.48179633370023395,0.0005914529214459119
Exclude source conflicts,water_pct,spearman,CRI,Costa Rica,1,-0.48120488077878804,-0.48861750270544946,0.007412621926661422
Exclude source conflicts,water_pct,spearman,CUB,Cuba,2,-0.48120488077878804,-0.48450638899305765,0.0033015082142696106
Exclude source conflicts,water_pct,spearman,DEU,Germany,2,-0.48120488077878804,-0.4694533010275459,0.011751579751242136
Exclude source conflicts,water_pct,spearman,DNK,Denmark,2,-0.48120488077878804,-0.4672365946610467,0.013968286117741313
Exclude source conflicts,water_pct,spearman,DOM,Dominican Republic,1,-0.48120488077878804,-0.48192293297649996,0.000718052197711927
Exclude source conflicts,water_pct,spearman,DZA,Algeria,1,-0.48120488077878804,-0.4791782606670517,0.0020266201117363214
Exclude source conflicts,water_pct,spearman,ECU,Ecuador,1,-0.48120488077878804,-0.47897696781778865,0.0022279129609993897
Exclude source conflicts,water_pct,spearman,EGY,"Egypt, Arab Rep.",1,-0.48120488077878804,-0.4849132078819044,0.00370832710311636
Exclude source conflicts,water_pct,spearman,ESP,Spain,2,-0.48120488077878804,-0.4956526446380277,0.014447763859239682
Exclude source conflicts,water_pct,spearman,EST,Estonia,2,-0.48120488077878804,-0.47758091581229595,0.003623964966492088
Exclude source conflicts,water_pct,spearman,ETH,Ethiopia,1,-0.48120488077878804,-0.47893772204214624,0.0022671587366417945
Exclude source conflicts,water_pct,spearman,FIN,Finland,2,-0.48120488077878804,-0.4659704027928081,0.015234477985979933
Exclude source conflicts,water_pct,spearman,FJI,Fiji,1,-0.48120488077878804,-0.48214068373167757,0.0009358029528895306
Exclude source conflicts,water_pct,spearman,FRA,France,1,-0.48120488077878804,-0.47562208699673797,0.005582793782050066
Exclude source conflicts,water_pct,spearman,GBR,United Kingdom,2,-0.48120488077878804,-0.4685872390052857,0.01261764177350233
Exclude source conflicts,water_pct,spearman,GHA,Ghana,1,-0.48120488077878804,-0.4840482285523078,0.0028433477735197443
Exclude source conflicts,water_pct,spearman,GRC,Greece,1,-0.48120488077878804,-0.48466507330042297,0.0034601925216349305
Exclude source conflicts,water_pct,spearman,GTM,Guatemala,2,-0.48120488077878804,-0.47809033203183415,0.0031145487469538824
Exclude source conflicts,water_pct,spearman,HKG,"Hong Kong SAR, China",2,-0.48120488077878804,-0.47536176783197276,0.0058431129468152765
Exclude source conflicts,water_pct,spearman,HND,Honduras,1,-0.48120488077878804,-0.4807822734973427,0.0004226072814453308
Exclude source conflicts,water_pct,spearman,HUN,Hungary,2,-0.48120488077878804,-0.48353199384185536,0.002327113063067321
Exclude source conflicts,water_pct,spearman,IRL,Ireland,1,-0.48120488077878804,-0.48191786900544936,0.0007129882266613263
Exclude source conflicts,water_pct,spearman,IRN,"Iran, Islamic Rep.",1,-0.48120488077878804,-0.4815279432345499,0.00032306245576185777
Exclude source conflicts,water_pct,spearman,IRQ,Iraq,1,-0.48120488077878804,-0.4773944768644629,0.0038104039143251334
Exclude source conflicts,water_pct,spearman,ITA,Italy,3,-0.48120488077878804,-0.5060413463951097,0.024836465616321635
Exclude source conflicts,water_pct,spearman,JPN,Japan,4,-0.48120488077878804,-0.4887359992013592,0.007531118422571148
Exclude source conflicts,water_pct,spearman,KAZ,Kazakhstan,5,-0.48120488077878804,-0.4842474506431279,0.0030425698643398724
Exclude source conflicts,water_pct,spearman,KGZ,Kyrgyz Republic,4,-0.48120488077878804,-0.48408519636000674,0.0028803155812187065
Exclude source conflicts,water_pct,spearman,KHM,Cambodia,1,-0.48120488077878804,-0.4821169807103159,0.0009120999315278544
Exclude source conflicts,water_pct,spearman,KOR,"Korea, Rep.",4,-0.48120488077878804,-0.4838546989160369,0.0026498181372488494
Exclude source conflicts,water_pct,spearman,LAO,Lao PDR,4,-0.48120488077878804,-0.533794513051425,0.052589632272636966
Exclude source conflicts,water_pct,spearman,LBR,Liberia,1,-0.48120488077878804,-0.5047943582267271,0.0235894774479391
Exclude source conflicts,water_pct,spearman,LSO,Lesotho,1,-0.48120488077878804,-0.487738318078636,0.006533437299847955
Exclude source conflicts,water_pct,spearman,LTU,Lithuania,1,-0.48120488077878804,-0.4835079559153511,0.002303075136563082
Exclude source conflicts,water_pct,spearman,LUX,Luxembourg,1,-0.48120488077878804,-0.4766822144011381,0.00452266637764992
Exclude source conflicts,water_pct,spearman,LVA,Latvia,1,-0.48120488077878804,-0.4801037013765566,0.0011011794022314225
Exclude source conflicts,water_pct,spearman,MAR,Morocco,1,-0.48120488077878804,-0.47653360178585363,0.004671278992934402
Exclude source conflicts,water_pct,spearman,MDA,Moldova,1,-0.48120488077878804,-0.4871236312455099,0.005918750466721856
Exclude source conflicts,water_pct,spearman,MEX,Mexico,4,-0.48120488077878804,-0.48658982962436065,0.0053849488455726124
Exclude source conflicts,water_pct,spearman,MKD,North Macedonia,3,-0.48120488077878804,-0.4832567168610467,0.0020518360822586734
Exclude source conflicts,water_pct,spearman,MLT,Malta,1,-0.48120488077878804,-0.48772877578606166,0.006523895007273628
Exclude source conflicts,water_pct,spearman,MNG,Mongolia,5,-0.48120488077878804,-0.4891196043664813,0.00791472358769324
Exclude source conflicts,water_pct,spearman,MUS,Mauritius,1,-0.48120488077878804,-0.48825289678980316,0.0070480160110151235
Exclude source conflicts,water_pct,spearman,MWI,Malawi,1,-0.48120488077878804,-0.492412949007906,0.011208068229117962
Exclude source conflicts,water_pct,spearman,MYS,Malaysia,1,-0.48120488077878804,-0.4822293032250638,0.0010244224462757634
Exclude source conflicts,water_pct,spearman,NLD,Netherlands,4,-0.48120488077878804,-0.45734621792588304,0.023858662852905
Exclude source conflicts,water_pct,spearman,NOR,Norway,2,-0.48120488077878804,-0.4674750959666199,0.013729784812168133
Exclude source conflicts,water_pct,spearman,NZL,New Zealand,1,-0.48120488077878804,-0.4775531512407347,0.0036517295380533166
Exclude source conflicts,water_pct,spearman,OMN,Oman,2,-0.48120488077878804,-0.48144787087956165,0.00024299010077361016
Exclude source conflicts,water_pct,spearman,PAK,Pakistan,1,-0.48120488077878804,-0.47822750010229353,0.002977380676494501
Exclude source conflicts,water_pct,spearman,PAN,Panama,1,-0.48120488077878804,-0.48230779477634883,0.0011029139975607949
Exclude source conflicts,water_pct,spearman,PER,Peru,1,-0.48120488077878804,-0.47878706890338957,0.002417811875398468
Exclude source conflicts,water_pct,spearman,POL,Poland,1,-0.48120488077878804,-0.48253947145191567,0.0013345906731276336
Exclude source conflicts,water_pct,spearman,PRT,Portugal,1,-0.48120488077878804,-0.4779565776510842,0.0032483031277038554
Exclude source conflicts,water_pct,spearman,PRY,Paraguay,1,-0.48120488077878804,-0.4820394043106647,0.0008345235318766853
Exclude source conflicts,water_pct,spearman,PSE,West Bank and Gaza,2,-0.48120488077878804,-0.4836724820316451,0.0024676012528570546
Exclude source conflicts,water_pct,spearman,QAT,Qatar,1,-0.48120488077878804,-0.4760373326228906,0.005167548155897428
Exclude source conflicts,water_pct,spearman,ROU,Romania,2,-0.48120488077878804,-0.4884654244685906,0.007260543689802557
Exclude source conflicts,water_pct,spearman,RUS,Russian Federation,1,-0.48120488077878804,-0.4810899097386692,0.00011497104011881643
Exclude source conflicts,water_pct,spearman,SLV,El Salvador,2,-0.48120488077878804,-0.47784673324403354,0.0033581475347544965
Exclude source conflicts,water_pct,spearman,SRB,Serbia,2,-0.48120488077878804,-0.4831259958621878,0.0019211150833997603
Exclude source conflicts,water_pct,spearman,SVN,Slovenia,1,-0.48120488077878804,-0.4810823137820933,0.00012256699669471738
Exclude source conflicts,water_pct,spearman,SWE,Sweden,2,-0.48120488077878804,-0.4742636399631575,0.006941240815630523
Exclude source conflicts,water_pct,spearman,THA,Thailand,2,-0.48120488077878804,-0.4792278519262666,0.001977028852521434
Exclude source conflicts,water_pct,spearman,TUN,Tunisia,1,-0.48120488077878804,-0.4781414125944327,0.0030634681843553224
Exclude source conflicts,water_pct,spearman,TUR,Turkey,2,-0.48120488077878804,-0.4808317850564469,0.0003730957223411213
Exclude source conflicts,water_pct,spearman,TZA,Tanzania,2,-0.48120488077878804,-0.4776907784645422,0.003514102314245815
Exclude source conflicts,water_pct,spearman,UGA,Uganda,1,-0.48120488077878804,-0.4940346857368743,0.012829804958086277
Exclude source conflicts,water_pct,spearman,URY,Uruguay,2,-0.48120488077878804,-0.4841751461969479,0.0029702654181598676
Exclude source conflicts,water_pct,spearman,USA,United States,15,-0.48120488077878804,-0.42092534044380275,0.06027954033498528
Exclude source conflicts,water_pct,spearman,ZAF,South Africa,2,-0.48120488077878804,-0.49110614690755444,0.009901266128766406
Exclude source conflicts,clean_cooking_pct,pearson,ALB,Albania,1,-0.09646364689185469,-0.09181751241579196,0.004646134476062727
Exclude source conflicts,clean_cooking_pct,pearson,ARG,Argentina,3,-0.09646364689185469,-0.10106046850644773,0.004596821614593044
Exclude source conflicts,clean_cooking_pct,pearson,ARM,Armenia,2,-0.09646364689185469,-0.10630709866942505,0.009843451777570358
Exclude source conflicts,clean_cooking_pct,pearson,AUS,Australia,1,-0.09646364689185469,-0.0957535237181577,0.0007101231736969943
Exclude source conflicts,clean_cooking_pct,pearson,AUT,Austria,1,-0.09646364689185469,-0.095386234766277,0.001077412125577687
Exclude source conflicts,clean_cooking_pct,pearson,AZE,Azerbaijan,1,-0.09646364689185469,-0.0998320143025091,0.0033683674106544104
Exclude source conflicts,clean_cooking_pct,pearson,BEL,Belgium,3,-0.09646364689185469,-0.08610640177526237,0.01035724511659232
Exclude source conflicts,clean_cooking_pct,pearson,BLR,Belarus,1,-0.09646364689185469,-0.09594692051080923,0.0005167263810454542
Exclude source conflicts,clean_cooking_pct,pearson,BOL,Bolivia,1,-0.09646364689185469,-0.09599798821165065,0.00046565868020403967
Exclude source conflicts,clean_cooking_pct,pearson,BRA,Brazil,2,-0.09646364689185469,-0.097177418561514,0.000713771669659316
Exclude source conflicts,clean_cooking_pct,pearson,BTN,Bhutan,2,-0.09646364689185469,-0.1001959541484581,0.0037323072566034093
Exclude source conflicts,clean_cooking_pct,pearson,CAN,Canada,1,-0.09646364689185469,-0.092854673238929,0.003608973652925687
Exclude source conflicts,clean_cooking_pct,pearson,CHE,Switzerland,6,-0.09646364689185469,-0.07958540363189094,0.016878243259963746
Exclude source conflicts,clean_cooking_pct,pearson,CHL,Chile,2,-0.09646364689185469,-0.0988833507406613,0.0024197038488066175
Exclude source conflicts,clean_cooking_pct,pearson,CHN,China,1,-0.09646364689185469,-0.09663699427772877,0.00017334738587408693
Exclude source conflicts,clean_cooking_pct,pearson,CMR,Cameroon,1,-0.09646364689185469,-0.09498269812631796,0.001480948765536727
Exclude source conflicts,clean_cooking_pct,pearson,COL,Colombia,1,-0.09646364689185469,-0.09719164877469094,0.0007280018828362544
Exclude source conflicts,clean_cooking_pct,pearson,CRI,Costa Rica,1,-0.09646364689185469,-0.09890884838545008,0.0024452014935953947
Exclude source conflicts,clean_cooking_pct,pearson,CUB,Cuba,2,-0.09646364689185469,-0.09518212459049752,0.0012815223013571686
Exclude source conflicts,clean_cooking_pct,pearson,DEU,Germany,2,-0.09646364689185469,-0.09035319146153355,0.006110455430321141
Exclude source conflicts,clean_cooking_pct,pearson,DNK,Denmark,2,-0.09646364689185469,-0.08706766459250569,0.009395982299349001
Exclude source conflicts,clean_cooking_pct,pearson,DOM,Dominican Republic,1,-0.09646364689185469,-0.097576897823493,0.0011132509316383182
Exclude source conflicts,clean_cooking_pct,pearson,DZA,Algeria,1,-0.09646364689185469,-0.10419220162544023,0.007728554733585538
Exclude source conflicts,clean_cooking_pct,pearson,ECU,Ecuador,1,-0.09646364689185469,-0.09962847429737155,0.003164827405516865
Exclude source conflicts,clean_cooking_pct,pearson,EGY,"Egypt, Arab Rep.",1,-0.09646364689185469,-0.10685558067614576,0.010391933784291069
Exclude source conflicts,clean_cooking_pct,pearson,ESP,Spain,2,-0.09646364689185469,-0.09991643926119755,0.003452792369342858
Exclude source conflicts,clean_cooking_pct,pearson,EST,Estonia,2,-0.09646364689185469,-0.09198578150938264,0.004477865382472052
Exclude source conflicts,clean_cooking_pct,pearson,ETH,Ethiopia,1,-0.09646364689185469,-0.08900269805834593,0.007460948833508757
Exclude source conflicts,clean_cooking_pct,pearson,FIN,Finland,2,-0.09646364689185469,-0.08831138763520895,0.008152259256645741
Exclude source conflicts,clean_cooking_pct,pearson,FJI,Fiji,1,-0.09646364689185469,-0.09791262582911353,0.0014489789372588435
Exclude source conflicts,clean_cooking_pct,pearson,FRA,France,1,-0.09646364689185469,-0.09318870864759349,0.0032749382442611996
Exclude source conflicts,clean_cooking_pct,pearson,GBR,United Kingdom,2,-0.09646364689185469,-0.08971623283949466,0.006747414052360026
Exclude source conflicts,clean_cooking_pct,pearson,GHA,Ghana,1,-0.09646364689185469,-0.09624007340349,0.0002235734883646867
Exclude source conflicts,clean_cooking_pct,pearson,GRC,Greece,1,-0.09646364689185469,-0.09724233664108445,0.0007786897492297606
Exclude source conflicts,clean_cooking_pct,pearson,GTM,Guatemala,2,-0.09646364689185469,-0.0727857317855398,0.02367791510631488
Exclude source conflicts,clean_cooking_pct,pearson,HND,Honduras,1,-0.09646364689185469,-0.09157947737649591,0.004884169515358777
Exclude source conflicts,clean_cooking_pct,pearson,HUN,Hungary,2,-0.09646364689185469,-0.0940749484865124,0.002388698405342282
Exclude source conflicts,clean_cooking_pct,pearson,IRL,Ireland,1,-0.09646364689185469,-0.09769542963020142,0.0012317827383467317
Exclude source conflicts,clean_cooking_pct,pearson,IRN,"Iran, Islamic Rep.",1,-0.09646364689185469,-0.1010512485167244,0.004587601624869708
Exclude source conflicts,clean_cooking_pct,pearson,IRQ,Iraq,1,-0.09646364689185469,-0.10228197558416946,0.0058183286923147726
Exclude source conflicts,clean_cooking_pct,pearson,ITA,Italy,3,-0.09646364689185469,-0.10545348466727635,0.008989837775421658
Exclude source conflicts,clean_cooking_pct,pearson,JPN,Japan,4,-0.09646364689185469,-0.10591419351151052,0.00945054661965583
Exclude source conflicts,clean_cooking_pct,pearson,KAZ,Kazakhstan,5,-0.09646364689185469,-0.09852791119972697,0.0020642643078722794
Exclude source conflicts,clean_cooking_pct,pearson,KGZ,Kyrgyz Republic,4,-0.09646364689185469,-0.08804402312759978,0.00841962376425491
Exclude source conflicts,clean_cooking_pct,pearson,KHM,Cambodia,1,-0.09646364689185469,-0.0950375271122649,0.001426119779589785
Exclude source conflicts,clean_cooking_pct,pearson,KOR,"Korea, Rep.",4,-0.09646364689185469,-0.09903735472258941,0.0025737078307347255
Exclude source conflicts,clean_cooking_pct,pearson,LAO,Lao PDR,4,-0.09646364689185469,-0.17134785834550484,0.07488421145365015
Exclude source conflicts,clean_cooking_pct,pearson,LBR,Liberia,1,-0.09646364689185469,-0.12910303884767818,0.032639391955823494
Exclude source conflicts,clean_cooking_pct,pearson,LSO,Lesotho,1,-0.09646364689185469,-0.10112471879559992,0.004661071903745234
Exclude source conflicts,clean_cooking_pct,pearson,LTU,Lithuania,1,-0.09646364689185469,-0.0959960561386966,0.0004675907531580814
Exclude source conflicts,clean_cooking_pct,pearson,LUX,Luxembourg,1,-0.09646364689185469,-0.09402805848970414,0.0024355884021505514
Exclude source conflicts,clean_cooking_pct,pearson,LVA,Latvia,1,-0.09646364689185469,-0.09551490721593404,0.0009487396759206429
Exclude source conflicts,clean_cooking_pct,pearson,MAR,Morocco,1,-0.09646364689185469,-0.10326335295007907,0.006799706058224386
Exclude source conflicts,clean_cooking_pct,pearson,MDA,Moldova,1,-0.09646364689185469,-0.09564728512982414,0.0008163617620305513
Exclude source conflicts,clean_cooking_pct,pearson,MEX,Mexico,4,-0.09646364689185469,-0.10835242956250331,0.01188878267064862
Exclude source conflicts,clean_cooking_pct,pearson,MKD,North Macedonia,3,-0.09646364689185469,-0.08878703196211185,0.0076766149297428365
Exclude source conflicts,clean_cooking_pct,pearson,MLT,Malta,1,-0.09646364689185469,-0.09782647281399975,0.0013628259221450667
Exclude source conflicts,clean_cooking_pct,pearson,MNG,Mongolia,5,-0.09646364689185469,-0.08954029842599924,0.006923348465855447
Exclude source conflicts,clean_cooking_pct,pearson,MUS,Mauritius,1,-0.09646364689185469,-0.09919813430035283,0.0027344874084981458
Exclude source conflicts,clean_cooking_pct,pearson,MWI,Malawi,1,-0.09646364689185469,-0.11156486115765321,0.015101214265798524
Exclude source conflicts,clean_cooking_pct,pearson,MYS,Malaysia,1,-0.09646364689185469,-0.0988981135282789,0.002434466636424215
Exclude source conflicts,clean_cooking_pct,pearson,NLD,Netherlands,4,-0.09646364689185469,-0.08388614720384795,0.01257749968800674
Exclude source conflicts,clean_cooking_pct,pearson,NOR,Norway,2,-0.09646364689185469,-0.08665514064955869,0.009808506242295997
Exclude source conflicts,clean_cooking_pct,pearson,NZL,New Zealand,1,-0.09646364689185469,-0.09413853838050901,0.0023251085113456804
Exclude source conflicts,clean_cooking_pct,pearson,OMN,Oman,2,-0.09646364689185469,-0.10031215969532306,0.0038485128034683735
Exclude source conflicts,clean_cooking_pct,pearson,PAK,Pakistan,1,-0.09646364689185469,-0.07773108361101355,0.018732563280841136
Exclude source conflicts,clean_cooking_pct,pearson,PAN,Panama,1,-0.09646364689185469,-0.09657688966964363,0.00011324277778894387
Exclude source conflicts,clean_cooking_pct,pearson,PER,Peru,1,-0.09646364689185469,-0.09312947268702342,0.0033341742048312722
Exclude source conflicts,clean_cooking_pct,pearson,POL,Poland,2,-0.09646364689185469,-0.09451442896639119,0.0019492179254635006
Exclude source conflicts,clean_cooking_pct,pearson,PRT,Portugal,1,-0.09646364689185469,-0.09419442297267704,0.0022692239191776514
Exclude source conflicts,clean_cooking_pct,pearson,PRY,Paraguay,1,-0.09646364689185469,-0.0966625626476336,0.00019891575577890563
Exclude source conflicts,clean_cooking_pct,pearson,QAT,Qatar,1,-0.09646364689185469,-0.09295820080058718,0.003505446091267503
Exclude source conflicts,clean_cooking_pct,pearson,ROU,Romania,2,-0.09646364689185469,-0.09684406775414564,0.0003804208622909533
Exclude source conflicts,clean_cooking_pct,pearson,RUS,Russian Federation,1,-0.09646364689185469,-0.0964855829550794,2.1936063224717306e-05
Exclude source conflicts,clean_cooking_pct,pearson,SLV,El Salvador,2,-0.09646364689185469,-0.09644613644264786,1.7510449206822876e-05
Exclude source conflicts,clean_cooking_pct,pearson,SRB,Serbia,2,-0.09646364689185469,-0.09623846029697355,0.00022518659488113268
Exclude source conflicts,clean_cooking_pct,pearson,SVN,Slovenia,1,-0.09646364689185469,-0.09575353235679646,0.0007101145350582316
Exclude source conflicts,clean_cooking_pct,pearson,SWE,Sweden,2,-0.09646364689185469,-0.08662792635196277,0.009835720539891915
Exclude source conflicts,clean_cooking_pct,pearson,THA,Thailand,2,-0.09646364689185469,-0.09764873375418077,0.0011850868623260874
Exclude source conflicts,clean_cooking_pct,pearson,TUN,Tunisia,1,-0.09646364689185469,-0.10515631369474455,0.008692666802889867
Exclude source conflicts,clean_cooking_pct,pearson,TUR,Turkey,2,-0.09646364689185469,-0.10595126808420992,0.00948762119235523
Exclude source conflicts,clean_cooking_pct,pearson,TZA,Tanzania,2,-0.09646364689185469,-0.08389960473192624,0.012564042159928443
Exclude source conflicts,clean_cooking_pct,pearson,UGA,Uganda,1,-0.09646364689185469,-0.11334156727228852,0.016877920380433828
Exclude source conflicts,clean_cooking_pct,pearson,URY,Uruguay,2,-0.09646364689185469,-0.1028352760453275,0.0063716291534728076
Exclude source conflicts,clean_cooking_pct,pearson,USA,United States,17,-0.09646364689185469,-0.026464481024919977,0.0699991658669347
Exclude source conflicts,clean_cooking_pct,pearson,ZAF,South Africa,2,-0.09646364689185469,-0.09846275238466992,0.001999105492815234
Exclude source conflicts,clean_cooking_pct,spearman,ALB,Albania,1,-0.42178153048199946,-0.4177941337640998,0.0039873967178996605
Exclude source conflicts,clean_cooking_pct,spearman,ARG,Argentina,3,-0.42178153048199946,-0.4196824794038306,0.0020990510781688787
Exclude source conflicts,clean_cooking_pct,spearman,ARM,Armenia,2,-0.42178153048199946,-0.42000565550992314,0.001775874972076319
Exclude source conflicts,clean_cooking_pct,spearman,AUS,Australia,1,-0.42178153048199946,-0.42127076154879806,0.0005107689332013998
Exclude source conflicts,clean_cooking_pct,spearman,AUT,Austria,1,-0.42178153048199946,-0.4196847004861607,0.002096829995838767
Exclude source conflicts,clean_cooking_pct,spearman,AZE,Azerbaijan,1,-0.42178153048199946,-0.4204885416733949,0.001292988808604567
Exclude source conflicts,clean_cooking_pct,spearman,BEL,Belgium,3,-0.42178153048199946,-0.4067837041991538,0.014997826282845683
Exclude source conflicts,clean_cooking_pct,spearman,BLR,Belarus,1,-0.42178153048199946,-0.42074012375555414,0.0010414067264453153
Exclude source conflicts,clean_cooking_pct,spearman,BOL,Bolivia,1,-0.42178153048199946,-0.42365560068480546,0.0018740702028059997
Exclude source conflicts,clean_cooking_pct,spearman,BRA,Brazil,2,-0.42178153048199946,-0.42208214009501105,0.00030060961301159317
Exclude source conflicts,clean_cooking_pct,spearman,BTN,Bhutan,2,-0.42178153048199946,-0.43459183992545936,0.0128103094434599
Exclude source conflicts,clean_cooking_pct,spearman,CAN,Canada,1,-0.42178153048199946,-0.41691029408482255,0.0048712363971769035
Exclude source conflicts,clean_cooking_pct,spearman,CHE,Switzerland,6,-0.42178153048199946,-0.394153090836742,0.027628439645257463
Exclude source conflicts,clean_cooking_pct,spearman,CHL,Chile,2,-0.42178153048199946,-0.428801741565129,0.007020211083129557
Exclude source conflicts,clean_cooking_pct,spearman,CHN,China,1,-0.42178153048199946,-0.42596843373364773,0.004186903251648277
Exclude source conflicts,clean_cooking_pct,spearman,CMR,Cameroon,1,-0.42178153048199946,-0.42322575472728763,0.0014442242452881726
Exclude source conflicts,clean_cooking_pct,spearman,COL,Colombia,1,-0.42178153048199946,-0.42131915541111137,0.00046237507088808805
Exclude source conflicts,clean_cooking_pct,spearman,CRI,Costa Rica,1,-0.42178153048199946,-0.4211584688178876,0.0006230616641118569
Exclude source conflicts,clean_cooking_pct,spearman,CUB,Cuba,2,-0.42178153048199946,-0.4252696796439321,0.00348814916193263
Exclude source conflicts,clean_cooking_pct,spearman,DEU,Germany,2,-0.42178153048199946,-0.4122624832814759,0.009519047200523545
Exclude source conflicts,clean_cooking_pct,spearman,DNK,Denmark,2,-0.42178153048199946,-0.41191253864706906,0.009868991834930396
Exclude source conflicts,clean_cooking_pct,spearman,DOM,Dominican Republic,1,-0.42178153048199946,-0.42123609986038246,0.0005454306216169935
Exclude source conflicts,clean_cooking_pct,spearman,DZA,Algeria,1,-0.42178153048199946,-0.42234162340998516,0.0005600929279857003
Exclude source conflicts,clean_cooking_pct,spearman,ECU,Ecuador,1,-0.42178153048199946,-0.4210718863559377,0.0007096441260617814
Exclude source conflicts,clean_cooking_pct,spearman,EGY,"Egypt, Arab Rep.",1,-0.42178153048199946,-0.42321425383210315,0.001432723350103693
Exclude source conflicts,clean_cooking_pct,spearman,ESP,Spain,2,-0.42178153048199946,-0.4302583861058474,0.008476855623847923
Exclude source conflicts,clean_cooking_pct,spearman,EST,Estonia,2,-0.42178153048199946,-0.41438519887741204,0.007396331604587414
Exclude source conflicts,clean_cooking_pct,spearman,ETH,Ethiopia,1,-0.42178153048199946,-0.41922200559121026,0.0025595248907892
Exclude source conflicts,clean_cooking_pct,spearman,FIN,Finland,2,-0.42178153048199946,-0.41191253864706906,0.009868991834930396
Exclude source conflicts,clean_cooking_pct,spearman,FJI,Fiji,1,-0.42178153048199946,-0.4259399659908115,0.004158435508812064
Exclude source conflicts,clean_cooking_pct,spearman,FRA,France,1,-0.42178153048199946,-0.4169105725302114,0.004870957951788046
Exclude source conflicts,clean_cooking_pct,spearman,GBR,United Kingdom,2,-0.42178153048199946,-0.41191253864706906,0.009868991834930396
Exclude source conflicts,clean_cooking_pct,spearman,GHA,Ghana,1,-0.42178153048199946,-0.42487009897708944,0.0030885684950899828
Exclude source conflicts,clean_cooking_pct,spearman,GRC,Greece,1,-0.42178153048199946,-0.4245734737832082,0.0027919433012087436
Exclude source conflicts,clean_cooking_pct,spearman,GTM,Guatemala,2,-0.42178153048199946,-0.4113392227652297,0.010442307716769739
Exclude source conflicts,clean_cooking_pct,spearman,HND,Honduras,1,-0.42178153048199946,-0.41967054050340274,0.0021109899785967112
Exclude source conflicts,clean_cooking_pct,spearman,HUN,Hungary,2,-0.42178153048199946,-0.41730314411957775,0.004478386362421705
Exclude source conflicts,clean_cooking_pct,spearman,IRL,Ireland,1,-0.42178153048199946,-0.42632397002828004,0.0045424395462805855
Exclude source conflicts,clean_cooking_pct,spearman,IRN,"Iran, Islamic Rep.",1,-0.42178153048199946,-0.4216544449227158,0.00012708555928364618
Exclude source conflicts,clean_cooking_pct,spearman,IRQ,Iraq,1,-0.42178153048199946,-0.42066680554875346,0.0011147249332459919
Exclude source conflicts,clean_cooking_pct,spearman,ITA,Italy,3,-0.42178153048199946,-0.4435891659230792,0.02180763544107972
Exclude source conflicts,clean_cooking_pct,spearman,JPN,Japan,4,-0.42178153048199946,-0.4473672410262736,0.025585710544274165
Exclude source conflicts,clean_cooking_pct,spearman,KAZ,Kazakhstan,5,-0.42178153048199946,-0.423481356198205,0.0016998257162055275
Exclude source conflicts,clean_cooking_pct,spearman,KGZ,Kyrgyz Republic,4,-0.42178153048199946,-0.4209589707714183,0.00082255971058115
Exclude source conflicts,clean_cooking_pct,spearman,KHM,Cambodia,1,-0.42178153048199946,-0.4229762003794603,0.001194669897460865
Exclude source conflicts,clean_cooking_pct,spearman,KOR,"Korea, Rep.",4,-0.42178153048199946,-0.4324491052074583,0.010667574725458817
Exclude source conflicts,clean_cooking_pct,spearman,LAO,Lao PDR,4,-0.42178153048199946,-0.4809802221151976,0.05919869163319813
Exclude source conflicts,clean_cooking_pct,spearman,LBR,Liberia,1,-0.42178153048199946,-0.4490596405352985,0.027278110053299054
Exclude source conflicts,clean_cooking_pct,spearman,LSO,Lesotho,1,-0.42178153048199946,-0.4292030626813793,0.007421532199379854
Exclude source conflicts,clean_cooking_pct,spearman,LTU,Lithuania,1,-0.42178153048199946,-0.4215111805977262,0.0002703498842732688
Exclude source conflicts,clean_cooking_pct,spearman,LUX,Luxembourg,1,-0.42178153048199946,-0.4174926376207103,0.00428889286128914
Exclude source conflicts,clean_cooking_pct,spearman,LVA,Latvia,1,-0.42178153048199946,-0.42013773636940616,0.0016437941125932998
Exclude source conflicts,clean_cooking_pct,spearman,MAR,Morocco,1,-0.42178153048199946,-0.42191752790005943,0.00013599741805997434
Exclude source conflicts,clean_cooking_pct,spearman,MDA,Moldova,1,-0.42178153048199946,-0.4228157082392269,0.001034177757227417
Exclude source conflicts,clean_cooking_pct,spearman,MEX,Mexico,4,-0.42178153048199946,-0.41395116345303895,0.007830367028960505
Exclude source conflicts,clean_cooking_pct,spearman,MKD,North Macedonia,3,-0.42178153048199946,-0.4179299229425937,0.003851607539405777
Exclude source conflicts,clean_cooking_pct,spearman,MLT,Malta,1,-0.42178153048199946,-0.426782740542959,0.005001210060959549
Exclude source conflicts,clean_cooking_pct,spearman,MNG,Mongolia,5,-0.42178153048199946,-0.4293839208264634,0.007602390344463972
Exclude source conflicts,clean_cooking_pct,spearman,MUS,Mauritius,1,-0.42178153048199946,-0.42147873020834564,0.0003028002736538138
Exclude source conflicts,clean_cooking_pct,spearman,MWI,Malawi,1,-0.42178153048199946,-0.43366856755474403,0.011887037072744577
Exclude source conflicts,clean_cooking_pct,spearman,MYS,Malaysia,1,-0.42178153048199946,-0.4214948700020319,0.00028666047996755983
Exclude source conflicts,clean_cooking_pct,spearman,NLD,Netherlands,4,-0.42178153048199946,-0.402238387303016,0.01954314317898348
Exclude source conflicts,clean_cooking_pct,spearman,NOR,Norway,2,-0.42178153048199946,-0.4112301466099757,0.010551383872023756
Exclude source conflicts,clean_cooking_pct,spearman,NZL,New Zealand,1,-0.42178153048199946,-0.4181750587612953,0.003606471720704163
Exclude source conflicts,clean_cooking_pct,spearman,OMN,Oman,2,-0.42178153048199946,-0.4335886925432858,0.011807162061286347
Exclude source conflicts,clean_cooking_pct,spearman,PAK,Pakistan,1,-0.42178153048199946,-0.41557190898205393,0.006209621499945528
Exclude source conflicts,clean_cooking_pct,spearman,PAN,Panama,1,-0.42178153048199946,-0.42246312941568503,0.0006815989336855788
Exclude source conflicts,clean_cooking_pct,spearman,PER,Peru,1,-0.42178153048199946,-0.4182300533815538,0.003551477100445677
Exclude source conflicts,clean_cooking_pct,spearman,POL,Poland,2,-0.42178153048199946,-0.4186912578360581,0.003090272645941361
Exclude source conflicts,clean_cooking_pct,spearman,PRT,Portugal,1,-0.42178153048199946,-0.4181750587612953,0.003606471720704163
Exclude source conflicts,clean_cooking_pct,spearman,PRY,Paraguay,1,-0.42178153048199946,-0.42504289616642654,0.0032613656844270866
Exclude source conflicts,clean_cooking_pct,spearman,QAT,Qatar,1,-0.42178153048199946,-0.4169105725302114,0.004870957951788046
Exclude source conflicts,clean_cooking_pct,spearman,ROU,Romania,2,-0.42178153048199946,-0.42483424427254146,0.0030527137905420054
Exclude source conflicts,clean_cooking_pct,spearman,RUS,Russian Federation,1,-0.42178153048199946,-0.42246312941568503,0.0006815989336855788
Exclude source conflicts,clean_cooking_pct,spearman,SLV,El Salvador,2,-0.42178153048199946,-0.41900456626189914,0.0027769642201003197
Exclude source conflicts,clean_cooking_pct,spearman,SRB,Serbia,2,-0.42178153048199946,-0.42600244780697144,0.0042209173249719845
Exclude source conflicts,clean_cooking_pct,spearman,SVN,Slovenia,1,-0.42178153048199946,-0.4213835850483311,0.0003979454336683341
Exclude source conflicts,clean_cooking_pct,spearman,SWE,Sweden,2,-0.42178153048199946,-0.4112301466099757,0.010551383872023756
Exclude source conflicts,clean_cooking_pct,spearman,THA,Thailand,2,-0.42178153048199946,-0.43206086521320053,0.010279334731201073
Exclude source conflicts,clean_cooking_pct,spearman,TUN,Tunisia,1,-0.42178153048199946,-0.42240775355729554,0.000626223075296084
Exclude source conflicts,clean_cooking_pct,spearman,TUR,Turkey,2,-0.42178153048199946,-0.42078127974589835,0.0010002507361011048
Exclude source conflicts,clean_cooking_pct,spearman,TZA,Tanzania,2,-0.42178153048199946,-0.417006122653261,0.004775407828738476
Exclude source conflicts,clean_cooking_pct,spearman,UGA,Uganda,1,-0.42178153048199946,-0.4351579334811268,0.013376402999127346
Exclude source conflicts,clean_cooking_pct,spearman,URY,Uruguay,2,-0.42178153048199946,-0.4361972381722601,0.014415707690260626
Exclude source conflicts,clean_cooking_pct,spearman,USA,United States,17,-0.42178153048199946,-0.31880607950592266,0.1029754509760768
Exclude source conflicts,clean_cooking_pct,spearman,ZAF,South Africa,2,-0.42178153048199946,-0.4323614369431065,0.01057990646110707
Latest observation per entity,female_lfpr_pct,pearson,ALB,Albania,1,-0.5741397853257724,-0.5886949328098926,0.014555147484120234
Latest observation per entity,female_lfpr_pct,pearson,ARG,Argentina,1,-0.5741397853257724,-0.5746938403825748,0.0005540550568023939
Latest observation per entity,female_lfpr_pct,pearson,ARM,Armenia,1,-0.5741397853257724,-0.5860735415269608,0.011933756201188417
Latest observation per entity,female_lfpr_pct,pearson,AUS,Australia,1,-0.5741397853257724,-0.5737042999658233,0.00043548535994908377
Latest observation per entity,female_lfpr_pct,pearson,AUT,Austria,1,-0.5741397853257724,-0.5738585647437134,0.0002812205820589275
Latest observation per entity,female_lfpr_pct,pearson,AZE,Azerbaijan,1,-0.5741397853257724,-0.5883465607603222,0.014206775434549845
Latest observation per entity,female_lfpr_pct,pearson,BEL,Belgium,1,-0.5741397853257724,-0.5809794885582621,0.0068397032324897244
Latest observation per entity,female_lfpr_pct,pearson,BGR,Bulgaria,1,-0.5741397853257724,-0.57526859226179,0.001128806936017579
Latest observation per entity,female_lfpr_pct,pearson,BLR,Belarus,1,-0.5741397853257724,-0.573991478618712,0.00014830670706034166
Latest observation per entity,female_lfpr_pct,pearson,BOL,Bolivia,1,-0.5741397853257724,-0.5760113223719393,0.0018715370461669378
Latest observation per entity,female_lfpr_pct,pearson,BRA,Brazil,1,-0.5741397853257724,-0.5745383617641009,0.00039857643832852396
Latest observation per entity,female_lfpr_pct,pearson,BTN,Bhutan,1,-0.5741397853257724,-0.5736360522086176,0.0005037331171547921
Latest observation per entity,female_lfpr_pct,pearson,CAN,Canada,1,-0.5741397853257724,-0.570645914367708,0.0034938709580644156
Latest observation per entity,female_lfpr_pct,pearson,CHE,Switzerland,1,-0.5741397853257724,-0.5697109118831825,0.004428873442589909
Latest observation per entity,female_lfpr_pct,pearson,CHL,Chile,1,-0.5741397853257724,-0.5746108802130482,0.0004710948872758136
Latest observation per entity,female_lfpr_pct,pearson,CHN,China,1,-0.5741397853257724,-0.5740449851690045,9.480015676788245e-05
Latest observation per entity,female_lfpr_pct,pearson,CMR,Cameroon,1,-0.5741397853257724,-0.5809719616851088,0.006832176359336417
Latest observation per entity,female_lfpr_pct,pearson,COL,Colombia,1,-0.5741397853257724,-0.5819672162229531,0.007827430897180743
Latest observation per entity,female_lfpr_pct,pearson,CRI,Costa Rica,1,-0.5741397853257724,-0.5735318085147082,0.0006079768110641703
Latest observation per entity,female_lfpr_pct,pearson,CUB,Cuba,1,-0.5741397853257724,-0.5778516916329771,0.0037119063072047487
Latest observation per entity,female_lfpr_pct,pearson,DEU,Germany,1,-0.5741397853257724,-0.5750874531615716,0.0009476678357992485
Latest observation per entity,female_lfpr_pct,pearson,DNK,Denmark,1,-0.5741397853257724,-0.5717646735612558,0.0023751117645165465
Latest observation per entity,female_lfpr_pct,pearson,DOM,Dominican Republic,1,-0.5741397853257724,-0.5744425547759743,0.0003027694502019118
Latest observation per entity,female_lfpr_pct,pearson,DZA,Algeria,1,-0.5741397853257724,-0.5533262745101526,0.020813510815619773
Latest observation per entity,female_lfpr_pct,pearson,ECU,Ecuador,1,-0.5741397853257724,-0.5758626196040271,0.0017228342782547035
Latest observation per entity,female_lfpr_pct,pearson,EGY,"Egypt, Arab Rep.",1,-0.5741397853257724,-0.5519065955081264,0.022233189817645993
Latest observation per entity,female_lfpr_pct,pearson,ESP,Spain,1,-0.5741397853257724,-0.5741283630420692,1.1422283703210745e-05
Latest observation per entity,female_lfpr_pct,pearson,EST,Estonia,1,-0.5741397853257724,-0.5740856694692396,5.411585653281037e-05
Latest observation per entity,female_lfpr_pct,pearson,ETH,Ethiopia,1,-0.5741397853257724,-0.594440187257086,0.02030040193131366
Latest observation per entity,female_lfpr_pct,pearson,FIN,Finland,1,-0.5741397853257724,-0.5750852076999683,0.0009454223741959256
Latest observation per entity,female_lfpr_pct,pearson,FJI,Fiji,1,-0.5741397853257724,-0.5778983319638452,0.003758546638072846
Latest observation per entity,female_lfpr_pct,pearson,FRA,France,1,-0.5741397853257724,-0.5771618124585475,0.003022027132775107
Latest observation per entity,female_lfpr_pct,pearson,GBR,United Kingdom,1,-0.5741397853257724,-0.5734594010328695,0.000680384292902847
Latest observation per entity,female_lfpr_pct,pearson,GHA,Ghana,1,-0.5741397853257724,-0.5802102553150122,0.0060704699892398795
Latest observation per entity,female_lfpr_pct,pearson,GRC,Greece,1,-0.5741397853257724,-0.5742204986219785,8.071329620618073e-05
Latest observation per entity,female_lfpr_pct,pearson,GTM,Guatemala,1,-0.5741397853257724,-0.569360302259586,0.004779483066186363
Latest observation per entity,female_lfpr_pct,pearson,HKG,"Hong Kong SAR, China",1,-0.5741397853257724,-0.5741367203441964,3.064981575984227e-06
Latest observation per entity,female_lfpr_pct,pearson,HND,Honduras,1,-0.5741397853257724,-0.57220821918956,0.0019315661362123704
Latest observation per entity,female_lfpr_pct,pearson,HUN,Hungary,1,-0.5741397853257724,-0.5756153118496622,0.0014755265238898252
Latest observation per entity,female_lfpr_pct,pearson,IRL,Ireland,1,-0.5741397853257724,-0.5755673690724902,0.0014275837467178087
Latest observation per entity,female_lfpr_pct,pearson,IRN,"Iran, Islamic Rep.",1,-0.5741397853257724,-0.5633249340246561,0.010814851301116257
Latest observation per entity,female_lfpr_pct,pearson,IRQ,Iraq,1,-0.5741397853257724,-0.543181852174567,0.03095793315120532
Latest observation per entity,female_lfpr_pct,pearson,ITA,Italy,1,-0.5741397853257724,-0.5733807269701722,0.0007590583556001951
Latest observation per entity,female_lfpr_pct,pearson,JPN,Japan,1,-0.5741397853257724,-0.5744410602615062,0.0003012749357338418
Latest observation per entity,female_lfpr_pct,pearson,KAZ,Kazakhstan,1,-0.5741397853257724,-0.5843487651733468,0.010208979847574406
Latest observation per entity,female_lfpr_pct,pearson,KGZ,Kyrgyz Republic,1,-0.5741397853257724,-0.5782318187189496,0.004092033393177208
Latest observation per entity,female_lfpr_pct,pearson,KHM,Cambodia,1,-0.5741397853257724,-0.5879365883023449,0.013796802976572486
Latest observation per entity,female_lfpr_pct,pearson,KOR,"Korea, Rep.",1,-0.5741397853257724,-0.5739371094764352,0.00020267584933719718
Latest observation per entity,female_lfpr_pct,pearson,LAO,Lao PDR,1,-0.5741397853257724,-0.5765986189018151,0.002458833576042707
Latest observation per entity,female_lfpr_pct,pearson,LBR,Liberia,1,-0.5741397853257724,-0.562100622583897,0.012039162741875331
Latest observation per entity,female_lfpr_pct,pearson,LSO,Lesotho,1,-0.5741397853257724,-0.5744982958723326,0.0003585105465602201
Latest observation per entity,female_lfpr_pct,pearson,LTU,Lithuania,1,-0.5741397853257724,-0.5739026619002406,0.00023712342553172672
Latest observation per entity,female_lfpr_pct,pearson,LUX,Luxembourg,1,-0.5741397853257724,-0.5750887121932526,0.0009489268674802709
Latest observation per entity,female_lfpr_pct,pearson,LVA,Latvia,1,-0.5741397853257724,-0.5745109429437073,0.0003711576179349363
Latest observation per entity,female_lfpr_pct,pearson,MAR,Morocco,1,-0.5741397853257724,-0.5578369950686316,0.016302790257140765
Latest observation per entity,female_lfpr_pct,pearson,MDA,Moldova,1,-0.5741397853257724,-0.5734868195537647,0.0006529657720076854
Latest observation per entity,female_lfpr_pct,pearson,MEX,Mexico,1,-0.5741397853257724,-0.5757057670104287,0.0015659816846563812
Latest observation per entity,female_lfpr_pct,pearson,MKD,North Macedonia,1,-0.5741397853257724,-0.5761504763387586,0.002010691012986232
Latest observation per entity,female_lfpr_pct,pearson,MLT,Malta,1,-0.5741397853257724,-0.5763289514922298,0.002189166166457479
Latest observation per entity,female_lfpr_pct,pearson,MNG,Mongolia,1,-0.5741397853257724,-0.5769049202512347,0.002765134925462376
Latest observation per entity,female_lfpr_pct,pearson,MUS,Mauritius,1,-0.5741397853257724,-0.5714279545341455,0.002711830791626846
Latest observation per entity,female_lfpr_pct,pearson,MWI,Malawi,1,-0.5741397853257724,-0.5719483115686136,0.0021914737571587795
Latest observation per entity,female_lfpr_pct,pearson,MYS,Malaysia,1,-0.5741397853257724,-0.5722678074083822,0.001871977917390133
Latest observation per entity,female_lfpr_pct,pearson,NLD,Netherlands,1,-0.5741397853257724,-0.5705144892956131,0.003625296030159264
Latest observation per entity,female_lfpr_pct,pearson,NOR,Norway,1,-0.5741397853257724,-0.5684763662465885,0.0056634190791838845
Latest observation per entity,female_lfpr_pct,pearson,NZL,New Zealand,1,-0.5741397853257724,-0.5714684130734624,0.002671372252309956
Latest observation per entity,female_lfpr_pct,pearson,OMN,Oman,1,-0.5741397853257724,-0.5804203286347146,0.0062805433089422324
Latest observation per entity,female_lfpr_pct,pearson,PAK,Pakistan,1,-0.5741397853257724,-0.5545019381707075,0.01963784715506489
Latest observation per entity,female_lfpr_pct,pearson,PAN,Panama,1,-0.5741397853257724,-0.5745883981187495,0.0004486127929771433
Latest observation per entity,female_lfpr_pct,pearson,PER,Peru,1,-0.5741397853257724,-0.60204883713063,0.027909051804857588
Latest observation per entity,female_lfpr_pct,pearson,POL,Poland,1,-0.5741397853257724,-0.5756555912785679,0.0015158059527955459
Latest observation per entity,female_lfpr_pct,pearson,PRT,Portugal,1,-0.5741397853257724,-0.5741805655355483,4.078020977593688e-05
Latest observation per entity,female_lfpr_pct,pearson,PRY,Paraguay,1,-0.5741397853257724,-0.5744094014805617,0.00026961615478937606
Latest observation per entity,female_lfpr_pct,pearson,PSE,West Bank and Gaza,1,-0.5741397853257724,-0.5570108173353062,0.01712896799046615
Latest observation per entity,female_lfpr_pct,pearson,QAT,Qatar,1,-0.5741397853257724,-0.5758098252050792,0.001670039879306806
Latest observation per entity,female_lfpr_pct,pearson,ROU,Romania,1,-0.5741397853257724,-0.5770406213288992,0.00290083600312685
Latest observation per entity,female_lfpr_pct,pearson,RUS,Russian Federation,1,-0.5741397853257724,-0.5743519727039432,0.0002121873781708583
Latest observation per entity,female_lfpr_pct,pearson,SLV,El Salvador,1,-0.5741397853257724,-0.5731534870073705,0.0009862983184019125
Latest observation per entity,female_lfpr_pct,pearson,SRB,Serbia,1,-0.5741397853257724,-0.5750758904016513,0.0009361050758789347
Latest observation per entity,female_lfpr_pct,pearson,SVN,Slovenia,1,-0.5741397853257724,-0.5742552774084426,0.00011549208267025435
Latest observation per entity,female_lfpr_pct,pearson,SWE,Sweden,1,-0.5741397853257724,-0.5729658723595318,0.0011739129662405867
Latest observation per entity,female_lfpr_pct,pearson,THA,Thailand,1,-0.5741397853257724,-0.5721248484577521,0.002014936868020234
Latest observation per entity,female_lfpr_pct,pearson,TUN,Tunisia,1,-0.5741397853257724,-0.5548693398095614,0.019270445516210932
Latest observation per entity,female_lfpr_pct,pearson,TUR,Turkey,1,-0.5741397853257724,-0.5663671295492426,0.007772655776529747
Latest observation per entity,female_lfpr_pct,pearson,TZA,Tanzania,1,-0.5741397853257724,-0.5992207031307928,0.02508091780502042
Latest observation per entity,female_lfpr_pct,pearson,UGA,Uganda,1,-0.5741397853257724,-0.5696016338975335,0.004538151428238879
Latest observation per entity,female_lfpr_pct,pearson,URY,Uruguay,1,-0.5741397853257724,-0.5755630071556168,0.0014232218298444455
Latest observation per entity,female_lfpr_pct,pearson,USA,United States,1,-0.5741397853257724,-0.5733651048427961,0.0007746804829762421
Latest observation per entity,female_lfpr_pct,pearson,ZAF,South Africa,1,-0.5741397853257724,-0.576683737954023,0.0025439526282505787
Latest observation per entity,female_lfpr_pct,spearman,ALB,Albania,1,-0.5033218561581855,-0.5077335587627967,0.004411702604611212
Latest observation per entity,female_lfpr_pct,spearman,ARG,Argentina,1,-0.5033218561581855,-0.4972900623928232,0.006031793765362281
Latest observation per entity,female_lfpr_pct,spearman,ARM,Armenia,1,-0.5033218561581855,-0.505708260141301,0.002386403983115515
Latest observation per entity,female_lfpr_pct,spearman,AUS,Australia,1,-0.5033218561581855,-0.5061815364023812,0.0028596802441956948
Latest observation per entity,female_lfpr_pct,spearman,AUT,Austria,1,-0.5033218561581855,-0.5036653502274445,0.0003434940692590427
Latest observation per entity,female_lfpr_pct,spearman,AZE,Azerbaijan,1,-0.5033218561581855,-0.518529280979987,0.015207424821801485
Latest observation per entity,female_lfpr_pct,spearman,BEL,Belgium,1,-0.5033218561581855,-0.5150774676772638,0.011755611519078335
Latest observation per entity,female_lfpr_pct,spearman,BGR,Bulgaria,1,-0.5033218561581855,-0.5074870006697451,0.004165144511559582
Latest observation per entity,female_lfpr_pct,spearman,BLR,Belarus,1,-0.5033218561581855,-0.5062101819735848,0.0028883258153993285
Latest observation per entity,female_lfpr_pct,spearman,BOL,Bolivia,1,-0.5033218561581855,-0.5114759583894736,0.008154102231288096
Latest observation per entity,female_lfpr_pct,spearman,BRA,Brazil,1,-0.5033218561581855,-0.5053560342940845,0.002034178135899012
Latest observation per entity,female_lfpr_pct,spearman,BTN,Bhutan,1,-0.5033218561581855,-0.5044754696760427,0.0011536135178572549
Latest observation per entity,female_lfpr_pct,spearman,CAN,Canada,1,-0.5033218561581855,-0.49788004068691105,0.005441815471274425
Latest observation per entity,female_lfpr_pct,spearman,CHE,Switzerland,1,-0.5033218561581855,-0.4989983577518239,0.004323498406361592
Latest observation per entity,female_lfpr_pct,spearman,CHL,Chile,1,-0.5033218561581855,-0.5001783143399997,0.003143541818185769
Latest observation per entity,female_lfpr_pct,spearman,CHN,China,1,-0.5033218561581855,-0.5081011588179353,0.004779302659749796
Latest observation per entity,female_lfpr_pct,spearman,CMR,Cameroon,1,-0.5033218561581855,-0.5188286729501211,0.015506816791935663
Latest observation per entity,female_lfpr_pct,spearman,COL,Colombia,1,-0.5033218561581855,-0.5081562297794567,0.00483437362127126
Latest observation per entity,female_lfpr_pct,spearman,CRI,Costa Rica,1,-0.5033218561581855,-0.4951414847248016,0.008180371433383904
Latest observation per entity,female_lfpr_pct,spearman,CUB,Cuba,1,-0.5033218561581855,-0.5121363818530048,0.00881452569481933
Latest observation per entity,female_lfpr_pct,spearman,DEU,Germany,1,-0.5033218561581855,-0.5054088681711668,0.0020870120129813374
Latest observation per entity,female_lfpr_pct,spearman,DNK,Denmark,1,-0.5033218561581855,-0.4976863164709419,0.005635539687243563
Latest observation per entity,female_lfpr_pct,spearman,DOM,Dominican Republic,1,-0.5033218561581855,-0.4978184011636482,0.005503454994537249
Latest observation per entity,female_lfpr_pct,spearman,DZA,Algeria,1,-0.5033218561581855,-0.4871635692853446,0.016158286872840877
Latest observation per entity,female_lfpr_pct,spearman,ECU,Ecuador,1,-0.5033218561581855,-0.4981354044261431,0.005186451732042352
Latest observation per entity,female_lfpr_pct,spearman,EGY,"Egypt, Arab Rep.",1,-0.5033218561581855,-0.48672328697632383,0.016598569181861644
Latest observation per entity,female_lfpr_pct,spearman,ESP,Spain,1,-0.5033218561581855,-0.5039647421975787,0.0006428860393932201
Latest observation per entity,female_lfpr_pct,spearman,EST,Estonia,1,-0.5033218561581855,-0.5039823534899395,0.0006604973317539953
Latest observation per entity,female_lfpr_pct,spearman,ETH,Ethiopia,1,-0.5033218561581855,-0.5271235916520732,0.023801735493887755
Latest observation per entity,female_lfpr_pct,spearman,FIN,Finland,1,-0.5033218561581855,-0.5024853936392688,0.0008364625189166697
Latest observation per entity,female_lfpr_pct,spearman,FJI,Fiji,1,-0.5033218561581855,-0.5073637216232192,0.004041865465033712
Latest observation per entity,female_lfpr_pct,spearman,FRA,France,1,-0.5033218561581855,-0.5093537976599933,0.006031941501807858
Latest observation per entity,female_lfpr_pct,spearman,GBR,United Kingdom,1,-0.5033218561581855,-0.5003015933865255,0.0030202627716600094
Latest observation per entity,female_lfpr_pct,spearman,GHA,Ghana,1,-0.5033218561581855,-0.5176311050695845,0.014309248911399064
Latest observation per entity,female_lfpr_pct,spearman,GRC,Greece,1,-0.5033218561581855,-0.501411104805258,0.0019107513529275089
Latest observation per entity,female_lfpr_pct,spearman,GTM,Guatemala,1,-0.5033218561581855,-0.4891536453221186,0.014168210836066897
Latest observation per entity,female_lfpr_pct,spearman,HKG,"Hong Kong SAR, China",1,-0.5033218561581855,-0.5042113002906303,0.0008894441324448499
Latest observation per entity,female_lfpr_pct,spearman,HND,Honduras,1,-0.5033218561581855,-0.49244695699359425,0.010874899164591223
Latest observation per entity,female_lfpr_pct,spearman,HUN,Hungary,1,-0.5033218561581855,-0.5075222232544667,0.004200367096281243
Latest observation per entity,female_lfpr_pct,spearman,IRL,Ireland,1,-0.5033218561581855,-0.5081210071947351,0.004799151036549598
Latest observation per entity,female_lfpr_pct,spearman,IRN,"Iran, Islamic Rep.",1,-0.5033218561581855,-0.4895587050464178,0.01376315111176768
Latest observation per entity,female_lfpr_pct,spearman,IRQ,Iraq,1,-0.5033218561581855,-0.4862830046673029,0.01703885149088258
Latest observation per entity,female_lfpr_pct,spearman,ITA,Italy,1,-0.5033218561581855,-0.4972196172233798,0.006102238934805659
Latest observation per entity,female_lfpr_pct,spearman,JPN,Japan,1,-0.5033218561581855,-0.5010941015427629,0.0022277546154225725
Latest observation per entity,female_lfpr_pct,spearman,KAZ,Kazakhstan,1,-0.5033218561581855,-0.5243410074590616,0.02101915130087617
Latest observation per entity,female_lfpr_pct,spearman,KGZ,Kyrgyz Republic,1,-0.5033218561581855,-0.5127703883779948,0.009448532219809347
Latest observation per entity,female_lfpr_pct,spearman,KHM,Cambodia,1,-0.5033218561581855,-0.5198325166146887,0.01651066045650318
Latest observation per entity,female_lfpr_pct,spearman,KOR,"Korea, Rep.",1,-0.5033218561581855,-0.5038414631510528,0.0005196069928673497
Latest observation per entity,female_lfpr_pct,spearman,LAO,Lao PDR,1,-0.5033218561581855,-0.503084177579537,0.0002376785786484259
Latest observation per entity,female_lfpr_pct,spearman,LBR,Liberia,1,-0.5033218561581855,-0.4924117344088726,0.010910121749312884
Latest observation per entity,female_lfpr_pct,spearman,LSO,Lesotho,1,-0.5033218561581855,-0.5089839605204158,0.005662104362230358
Latest observation per entity,female_lfpr_pct,spearman,LTU,Lithuania,1,-0.5033218561581855,-0.5058139278954661,0.00249207173728061
Latest observation per entity,female_lfpr_pct,spearman,LUX,Luxembourg,1,-0.5033218561581855,-0.5074870006697451,0.004165144511559582
Latest observation per entity,female_lfpr_pct,spearman,LVA,Latvia,1,-0.5033218561581855,-0.5052679778322803,0.0019461216740948029
Latest observation per entity,female_lfpr_pct,spearman,MAR,Morocco,1,-0.5033218561581855,-0.4871987918700662,0.01612306428811927
Latest observation per entity,female_lfpr_pct,spearman,MDA,Moldova,1,-0.5033218561581855,-0.5040175760746611,0.0006957199164756567
Latest observation per entity,female_lfpr_pct,spearman,MEX,Mexico,1,-0.5033218561581855,-0.49408480718315173,0.009237048975033746
Latest observation per entity,female_lfpr_pct,spearman,MKD,North Macedonia,1,-0.5033218561581855,-0.5052151439551977,0.0018932877970122552
Latest observation per entity,female_lfpr_pct,spearman,MLT,Malta,1,-0.5033218561581855,-0.4975366204858748,0.005785235672310651
Latest observation per entity,female_lfpr_pct,spearman,MNG,Mongolia,1,-0.5033218561581855,-0.5128144166088969,0.009492560450711451
Latest observation per entity,female_lfpr_pct,spearman,MUS,Mauritius,1,-0.5033218561581855,-0.49209473114637764,0.011227125011807837
Latest observation per entity,female_lfpr_pct,spearman,MWI,Malawi,1,-0.5033218561581855,-0.4979240689178131,0.005397787240372376
Latest observation per entity,female_lfpr_pct,spearman,MYS,Malaysia,1,-0.5033218561581855,-0.49286962801025425,0.01045222814793123
Latest observation per entity,female_lfpr_pct,spearman,NLD,Netherlands,1,-0.5033218561581855,-0.4975806487167769,0.005741207441408602
Latest observation per entity,female_lfpr_pct,spearman,NOR,Norway,1,-0.5033218561581855,-0.4959339928810391,0.007387863277146356
Latest observation per entity,female_lfpr_pct,spearman,NZL,New Zealand,1,-0.5033218561581855,-0.5021243621458716,0.0011974940123138378
Latest observation per entity,female_lfpr_pct,spearman,OMN,Oman,1,-0.5033218561581855,-0.500143091755278,0.0031787644029074302
Latest observation per entity,female_lfpr_pct,spearman,PAK,Pakistan,1,-0.5033218561581855,-0.4873396822089529,0.01598217394923257
Latest observation per entity,female_lfpr_pct,spearman,PAN,Panama,1,-0.5033218561581855,-0.5026967291475987,0.0006251270105868123
Latest observation per entity,female_lfpr_pct,spearman,PER,Peru,1,-0.5033218561581855,-0.5347316699519528,0.03140981379376728
Latest observation per entity,female_lfpr_pct,spearman,POL,Poland,1,-0.5033218561581855,-0.5071523861148893,0.003830529956703854
Latest observation per entity,female_lfpr_pct,spearman,PRT,Portugal,1,-0.5033218561581855,-0.5040704099517437,0.0007485537935582043
Latest observation per entity,female_lfpr_pct,spearman,PRY,Paraguay,1,-0.5033218561581855,-0.5082795088259826,0.00495765266779713
Latest observation per entity,female_lfpr_pct,spearman,PSE,West Bank and Gaza,1,-0.5033218561581855,-0.48802652261102536,0.015295333547160117
Latest observation per entity,female_lfpr_pct,spearman,QAT,Qatar,1,-0.5033218561581855,-0.5065359908822602,0.0032141347240747242
Latest observation per entity,female_lfpr_pct,spearman,ROU,Romania,1,-0.5033218561581855,-0.5066944925135076,0.003372636355322145
Latest observation per entity,female_lfpr_pct,spearman,RUS,Russian Federation,1,-0.5033218561581855,-0.507398944207941,0.004077088049755484
Latest observation per entity,female_lfpr_pct,spearman,SLV,El Salvador,1,-0.5033218561581855,-0.4952823750636883,0.008039481094497203
Latest observation per entity,female_lfpr_pct,spearman,SRB,Serbia,1,-0.5033218561581855,-0.5033131243802278,8.731777957682318e-06
Latest observation per entity,female_lfpr_pct,spearman,SVN,Slovenia,1,-0.5033218561581855,-0.5041584664135478,0.0008366102553623023
Latest observation per entity,female_lfpr_pct,spearman,SWE,Sweden,1,-0.5033218561581855,-0.497774372932746,0.005547483225439465
Latest observation per entity,female_lfpr_pct,spearman,THA,Thailand,1,-0.5033218561581855,-0.50230047506948,0.0010213810887055308
Latest observation per entity,female_lfpr_pct,spearman,TUN,Tunisia,1,-0.5033218561581855,-0.4867056756839629,0.016616180474222586
Latest observation per entity,female_lfpr_pct,spearman,TUR,Turkey,1,-0.5033218561581855,-0.4894882598769744,0.013833596281211058
Latest observation per entity,female_lfpr_pct,spearman,TZA,Tanzania,1,-0.5033218561581855,-0.5270179238979082,0.02369606773972277
Latest observation per entity,female_lfpr_pct,spearman,UGA,Uganda,1,-0.5033218561581855,-0.4982234608879473,0.0050983952702381985
Latest observation per entity,female_lfpr_pct,spearman,URY,Uruguay,1,-0.5033218561581855,-0.5088254588891684,0.005503602730982937
Latest observation per entity,female_lfpr_pct,spearman,USA,United States,1,-0.5033218561581855,-0.5003015933865255,0.0030202627716600094
Latest observation per entity,female_lfpr_pct,spearman,ZAF,South Africa,1,-0.5033218561581855,-0.5101815284009524,0.0068596722427669565
Latest observation per entity,lfpr_gap_pp,pearson,ALB,Albania,1,0.6614380298418054,0.6853454548730917,0.02390742503128629
Latest observation per entity,lfpr_gap_pp,pearson,ARG,Argentina,1,0.6614380298418054,0.6619612266174097,0.0005231967756043066
Latest observation per entity,lfpr_gap_pp,pearson,ARM,Armenia,1,0.6614380298418054,0.6783092389793559,0.01687120913755047
Latest observation per entity,lfpr_gap_pp,pearson,AUS,Australia,1,0.6614380298418054,0.6611461992763616,0.0002918305654437958
Latest observation per entity,lfpr_gap_pp,pearson,AUT,Austria,1,0.6614380298418054,0.6608152421290483,0.0006227877127571446
Latest observation per entity,lfpr_gap_pp,pearson,AZE,Azerbaijan,1,0.6614380298418054,0.6863570954143295,0.0249190655725241
Latest observation per entity,lfpr_gap_pp,pearson,BEL,Belgium,1,0.6614380298418054,0.6592377206308131,0.002200309210992346
Latest observation per entity,lfpr_gap_pp,pearson,BGR,Bulgaria,1,0.6614380298418054,0.6611678198158568,0.0002702100259486251
Latest observation per entity,lfpr_gap_pp,pearson,BLR,Belarus,1,0.6614380298418054,0.6616610874819335,0.00022305764012808815
Latest observation per entity,lfpr_gap_pp,pearson,BOL,Bolivia,1,0.6614380298418054,0.6614369584827163,1.0713590891109348e-06
Latest observation per entity,lfpr_gap_pp,pearson,BRA,Brazil,1,0.6614380298418054,0.6644624885207909,0.0030244586789854866
Latest observation per entity,lfpr_gap_pp,pearson,BTN,Bhutan,1,0.6614380298418054,0.6608862662963426,0.0005517635454628245
Latest observation per entity,lfpr_gap_pp,pearson,CAN,Canada,1,0.6614380298418054,0.6580046267634756,0.003433403078329844
Latest observation per entity,lfpr_gap_pp,pearson,CHE,Switzerland,1,0.6614380298418054,0.6590650316092653,0.0023729982325401133
Latest observation per entity,lfpr_gap_pp,pearson,CHL,Chile,1,0.6614380298418054,0.6613415447414408,9.648510036464053e-05
Latest observation per entity,lfpr_gap_pp,pearson,CHN,China,1,0.6614380298418054,0.6613735141907271,6.451565107834512e-05
Latest observation per entity,lfpr_gap_pp,pearson,CMR,Cameroon,1,0.6614380298418054,0.6655302135535407,0.004092183711735253
Latest observation per entity,lfpr_gap_pp,pearson,COL,Colombia,1,0.6614380298418054,0.6813272843650793,0.019889254523273836
Latest observation per entity,lfpr_gap_pp,pearson,CRI,Costa Rica,1,0.6614380298418054,0.6602753303404074,0.0011626995013980235
Latest observation per entity,lfpr_gap_pp,pearson,CUB,Cuba,1,0.6614380298418054,0.6627170391777903,0.0012790093359849042
Latest observation per entity,lfpr_gap_pp,pearson,DEU,Germany,1,0.6614380298418054,0.6595218822805372,0.0019161475612682333
Latest observation per entity,lfpr_gap_pp,pearson,DNK,Denmark,1,0.6614380298418054,0.658141924294946,0.0032961055468594402
Latest observation per entity,lfpr_gap_pp,pearson,DOM,Dominican Republic,1,0.6614380298418054,0.6605537875310711,0.0008842423107343622
Latest observation per entity,lfpr_gap_pp,pearson,DZA,Algeria,1,0.6614380298418054,0.6458948404858774,0.015543189355928022
Latest observation per entity,lfpr_gap_pp,pearson,ECU,Ecuador,1,0.6614380298418054,0.6603231885544804,0.0011148412873250857
Latest observation per entity,lfpr_gap_pp,pearson,EGY,"Egypt, Arab Rep.",1,0.6614380298418054,0.6447576558213609,0.016680374020444533
Latest observation per entity,lfpr_gap_pp,pearson,ESP,Spain,1,0.6614380298418054,0.661911851989681,0.0004738221478756133
Latest observation per entity,lfpr_gap_pp,pearson,EST,Estonia,1,0.6614380298418054,0.6591985147098999,0.0022395151319055673
Latest observation per entity,lfpr_gap_pp,pearson,ETH,Ethiopia,1,0.6614380298418054,0.6666505019495687,0.005212472107763211
Latest observation per entity,lfpr_gap_pp,pearson,FIN,Finland,1,0.6614380298418054,0.6569025308833323,0.004535498958473161
Latest observation per entity,lfpr_gap_pp,pearson,FJI,Fiji,1,0.6614380298418054,0.6688049094721557,0.007366879630350209
Latest observation per entity,lfpr_gap_pp,pearson,FRA,France,1,0.6614380298418054,0.6586814541980334,0.0027565756437720745
Latest observation per entity,lfpr_gap_pp,pearson,GBR,United Kingdom,1,0.6614380298418054,0.6589564471916003,0.0024815826502051497
Latest observation per entity,lfpr_gap_pp,pearson,GHA,Ghana,1,0.6614380298418054,0.6656129743746646,0.0041749445328591595
Latest observation per entity,lfpr_gap_pp,pearson,GRC,Greece,1,0.6614380298418054,0.6626807521978716,0.0012427223560661504
Latest observation per entity,lfpr_gap_pp,pearson,GTM,Guatemala,1,0.6614380298418054,0.651330501305113,0.01010752853669239
Latest observation per entity,lfpr_gap_pp,pearson,HKG,"Hong Kong SAR, China",1,0.6614380298418054,0.660288589670197,0.0011494401716084512
Latest observation per entity,lfpr_gap_pp,pearson,HND,Honduras,1,0.6614380298418054,0.6603867513328197,0.0010512785089857868
Latest observation per entity,lfpr_gap_pp,pearson,HUN,Hungary,1,0.6614380298418054,0.6613008510210874,0.00013717882071806464
Latest observation per entity,lfpr_gap_pp,pearson,IRL,Ireland,1,0.6614380298418054,0.6616742656885808,0.0002362358467753456
Latest observation per entity,lfpr_gap_pp,pearson,IRN,"Iran, Islamic Rep.",1,0.6614380298418054,0.653937983205188,0.007500046636617408
Latest observation per entity,lfpr_gap_pp,pearson,IRQ,Iraq,1,0.6614380298418054,0.6367678050917143,0.024670224750091174
Latest observation per entity,lfpr_gap_pp,pearson,ITA,Italy,1,0.6614380298418054,0.6628522720358346,0.0014142421940291916
Latest observation per entity,lfpr_gap_pp,pearson,JPN,Japan,1,0.6614380298418054,0.6623383799188142,0.0009003500770087269
Latest observation per entity,lfpr_gap_pp,pearson,KAZ,Kazakhstan,1,0.6614380298418054,0.6687323760240537,0.007294346182248224
Latest observation per entity,lfpr_gap_pp,pearson,KGZ,Kyrgyz Republic,1,0.6614380298418054,0.6657973975343242,0.0043593676925187674
Latest observation per entity,lfpr_gap_pp,pearson,KHM,Cambodia,1,0.6614380298418054,0.6649470979635678,0.0035090681217623265
Latest observation per entity,lfpr_gap_pp,pearson,KOR,"Korea, Rep.",1,0.6614380298418054,0.6612842971275306,0.000153732714274879
Latest observation per entity,lfpr_gap_pp,pearson,LAO,Lao PDR,1,0.6614380298418054,0.6567472280353785,0.004690801806426892
Latest observation per entity,lfpr_gap_pp,pearson,LBR,Liberia,1,0.6614380298418054,0.6596163092832843,0.001821720558521145
Latest observation per entity,lfpr_gap_pp,pearson,LSO,Lesotho,1,0.6614380298418054,0.6612034156730567,0.00023461416874870356
Latest observation per entity,lfpr_gap_pp,pearson,LTU,Lithuania,1,0.6614380298418054,0.6619592478891699,0.0005212180473644912
Latest observation per entity,lfpr_gap_pp,pearson,LUX,Luxembourg,1,0.6614380298418054,0.6599413695976987,0.0014966602441067733
Latest observation per entity,lfpr_gap_pp,pearson,LVA,Latvia,1,0.6614380298418054,0.6609315748306918,0.0005064550111136823
Latest observation per entity,lfpr_gap_pp,pearson,MAR,Morocco,1,0.6614380298418054,0.6482795313091507,0.013158498532654717
Latest observation per entity,lfpr_gap_pp,pearson,MDA,Moldova,1,0.6614380298418054,0.6645501244009759,0.0031120945591704974
Latest observation per entity,lfpr_gap_pp,pearson,MEX,Mexico,1,0.6614380298418054,0.6588104045004919,0.0026276253413135553
Latest observation per entity,lfpr_gap_pp,pearson,MKD,North Macedonia,1,0.6614380298418054,0.6618887654585809,0.00045073561677544394
Latest observation per entity,lfpr_gap_pp,pearson,MLT,Malta,1,0.6614380298418054,0.6637451984672308,0.0023071686254253487
Latest observation per entity,lfpr_gap_pp,pearson,MNG,Mongolia,1,0.6614380298418054,0.6637156040815382,0.002277574239732738
Latest observation per entity,lfpr_gap_pp,pearson,MUS,Mauritius,1,0.6614380298418054,0.6577637394788961,0.003674290362909338
Latest observation per entity,lfpr_gap_pp,pearson,MWI,Malawi,1,0.6614380298418054,0.6587706756809985,0.0026673541608069895
Latest observation per entity,lfpr_gap_pp,pearson,MYS,Malaysia,1,0.6614380298418054,0.6595521199160987,0.001885909925706697
Latest observation per entity,lfpr_gap_pp,pearson,NLD,Netherlands,1,0.6614380298418054,0.6591346709670728,0.0023033588747326528
Latest observation per entity,lfpr_gap_pp,pearson,NOR,Norway,1,0.6614380298418054,0.656307868120122,0.005130161721683457
Latest observation per entity,lfpr_gap_pp,pearson,NZL,New Zealand,1,0.6614380298418054,0.6597440723995667,0.0016939574422387693
Latest observation per entity,lfpr_gap_pp,pearson,OMN,Oman,1,0.6614380298418054,0.6755116174910266,0.014073587649221175
Latest observation per entity,lfpr_gap_pp,pearson,PAK,Pakistan,1,0.6614380298418054,0.6449006738207319,0.016537356021073535
Latest observation per entity,lfpr_gap_pp,pearson,PAN,Panama,1,0.6614380298418054,0.6647020530220333,0.003264023180227893
Latest observation per entity,lfpr_gap_pp,pearson,PER,Peru,1,0.6614380298418054,0.6715591808690603,0.01012115102725486
Latest observation per entity,lfpr_gap_pp,pearson,POL,Poland,1,0.6614380298418054,0.6606433262944289,0.0007947035473765407
Latest observation per entity,lfpr_gap_pp,pearson,PRT,Portugal,1,0.6614380298418054,0.6593054779703466,0.0021325518714588876
Latest observation per entity,lfpr_gap_pp,pearson,PRY,Paraguay,1,0.6614380298418054,0.6623143563046585,0.000876326462853072
Latest observation per entity,lfpr_gap_pp,pearson,PSE,West Bank and Gaza,1,0.6614380298418054,0.6489234786515632,0.012514551190242251
Latest observation per entity,lfpr_gap_pp,pearson,QAT,Qatar,1,0.6614380298418054,0.6929234068059925,0.03148537696418707
Latest observation per entity,lfpr_gap_pp,pearson,ROU,Romania,1,0.6614380298418054,0.6612304415917729,0.000207588250032531
Latest observation per entity,lfpr_gap_pp,pearson,RUS,Russian Federation,1,0.6614380298418054,0.6618707628691136,0.0004327330273081742
Latest observation per entity,lfpr_gap_pp,pearson,SLV,El Salvador,1,0.6614380298418054,0.659947037732677,0.0014909921091283973
Latest observation per entity,lfpr_gap_pp,pearson,SRB,Serbia,1,0.6614380298418054,0.6618136075349322,0.000375577693126794
Latest observation per entity,lfpr_gap_pp,pearson,SVN,Slovenia,1,0.6614380298418054,0.6612129093867175,0.00022512045508793488
Latest observation per entity,lfpr_gap_pp,pearson,SWE,Sweden,1,0.6614380298418054,0.6574013920334432,0.004036637808362276
Latest observation per entity,lfpr_gap_pp,pearson,THA,Thailand,1,0.6614380298418054,0.6609425743911242,0.0004954554506811926
Latest observation per entity,lfpr_gap_pp,pearson,TUN,Tunisia,1,0.6614380298418054,0.6488458078821886,0.012592221959616845
Latest observation per entity,lfpr_gap_pp,pearson,TUR,Turkey,1,0.6614380298418054,0.6554574945597504,0.0059805352820549995
Latest observation per entity,lfpr_gap_pp,pearson,TZA,Tanzania,1,0.6614380298418054,0.6699981943736686,0.008560164531863146
Latest observation per entity,lfpr_gap_pp,pearson,UGA,Uganda,1,0.6614380298418054,0.6582440102920002,0.0031940195498052493
Latest observation per entity,lfpr_gap_pp,pearson,URY,Uruguay,1,0.6614380298418054,0.661981073431015,0.0005430435892095353
Latest observation per entity,lfpr_gap_pp,pearson,USA,United States,1,0.6614380298418054,0.6592878285378725,0.0021502013039329526
Latest observation per entity,lfpr_gap_pp,pearson,ZAF,South Africa,1,0.6614380298418054,0.6609334595694581,0.0005045702723472933
Latest observation per entity,lfpr_gap_pp,spearman,ALB,Albania,1,0.6365280751167419,0.6476816935081511,0.011153618391409159
Latest observation per entity,lfpr_gap_pp,spearman,ARG,Argentina,1,0.6365280751167419,0.631074244811886,0.005453830304855911
Latest observation per entity,lfpr_gap_pp,spearman,ARM,Armenia,1,0.6365280751167419,0.6414472960124163,0.0049192208956744254
Latest observation per entity,lfpr_gap_pp,spearman,AUS,Australia,1,0.6365280751167419,0.6364164700081012,0.00011160510864072215
Latest observation per entity,lfpr_gap_pp,spearman,AUT,Austria,1,0.6365280751167419,0.6358380993954914,0.0006899757212505131
Latest observation per entity,lfpr_gap_pp,spearman,AZE,Azerbaijan,1,0.6365280751167419,0.6695901412050266,0.03306206608828466
Latest observation per entity,lfpr_gap_pp,spearman,BEL,Belgium,1,0.6365280751167419,0.6339624967590628,0.0025655783576791213
Latest observation per entity,lfpr_gap_pp,spearman,BGR,Bulgaria,1,0.6365280751167419,0.6376432568624766,0.0011151817457346613
Latest observation per entity,lfpr_gap_pp,spearman,BLR,Belarus,1,0.6365280751167419,0.6368507487062391,0.00032267358949722436
Latest observation per entity,lfpr_gap_pp,spearman,BOL,Bolivia,1,0.6365280751167419,0.6369035825833216,0.00037550746657966094
Latest observation per entity,lfpr_gap_pp,spearman,BRA,Brazil,1,0.6365280751167419,0.647893029016481,0.011364953899739128
Latest observation per entity,lfpr_gap_pp,spearman,BTN,Bhutan,1,0.6365280751167419,0.6372205858458168,0.0006925107290748356
Latest observation per entity,lfpr_gap_pp,spearman,CAN,Canada,1,0.6365280751167419,0.6293659494528854,0.0071621256638565445
Latest observation per entity,lfpr_gap_pp,spearman,CHE,Switzerland,1,0.6365280751167419,0.6345965032840526,0.0019315718326893272
Latest observation per entity,lfpr_gap_pp,spearman,CHL,Chile,1,0.6365280751167419,0.6327825401708869,0.0037455349458550558
Latest observation per entity,lfpr_gap_pp,spearman,CHN,China,1,0.6365280751167419,0.636645415800782,0.00011734068404012366
Latest observation per entity,lfpr_gap_pp,spearman,CMR,Cameroon,1,0.6365280751167419,0.6489320952657702,0.012404020149028305
Latest observation per entity,lfpr_gap_pp,spearman,COL,Colombia,1,0.6365280751167419,0.660502714346837,0.02397463923009513
Latest observation per entity,lfpr_gap_pp,spearman,CRI,Costa Rica,1,0.6365280751167419,0.6304050157021744,0.006123059414567478
Latest observation per entity,lfpr_gap_pp,spearman,CUB,Cuba,1,0.6365280751167419,0.6447934415609745,0.008265366444232591
Latest observation per entity,lfpr_gap_pp,spearman,DEU,Germany,1,0.6365280751167419,0.6356972090566047,0.0008308660601372697
Latest observation per entity,lfpr_gap_pp,spearman,DNK,Denmark,1,0.6365280751167419,0.6294540059146896,0.0070740692020523355
Latest observation per entity,lfpr_gap_pp,spearman,DOM,Dominican Republic,1,0.6365280751167419,0.6301232350244013,0.006404840092340658
Latest observation per entity,lfpr_gap_pp,spearman,DZA,Algeria,1,0.6365280751167419,0.6250511828244815,0.011476892292260454
Latest observation per entity,lfpr_gap_pp,spearman,ECU,Ecuador,1,0.6365280751167419,0.6299295108084321,0.006598564308309851
Latest observation per entity,lfpr_gap_pp,spearman,EGY,"Egypt, Arab Rep.",1,0.6365280751167419,0.625104016701564,0.011424058415177907
Latest observation per entity,lfpr_gap_pp,spearman,ESP,Spain,1,0.6365280751167419,0.6378898149555283,0.0013617398387864021
Latest observation per entity,lfpr_gap_pp,spearman,EST,Estonia,1,0.6365280751167419,0.6347550049153,0.0017730702014419064
Latest observation per entity,lfpr_gap_pp,spearman,ETH,Ethiopia,1,0.6365280751167419,0.6408220951336069,0.004294020016864963
Latest observation per entity,lfpr_gap_pp,spearman,FIN,Finland,1,0.6365280751167419,0.6264953087980698,0.010032766318672115
Latest observation per entity,lfpr_gap_pp,spearman,FJI,Fiji,1,0.6365280751167419,0.6404082297631273,0.0038801546463853587
Latest observation per entity,lfpr_gap_pp,spearman,FRA,France,1,0.6365280751167419,0.6326064272472786,0.003921647869463363
Latest observation per entity,lfpr_gap_pp,spearman,GBR,United Kingdom,1,0.6365280751167419,0.6330643208486603,0.0034637542680816535
Latest observation per entity,lfpr_gap_pp,spearman,GHA,Ghana,1,0.6365280751167419,0.6485270355414711,0.011998960424729144
Latest observation per entity,lfpr_gap_pp,spearman,GRC,Greece,1,0.6365280751167419,0.637396698769425,0.0008686236526830315
Latest observation per entity,lfpr_gap_pp,spearman,GTM,Guatemala,1,0.6365280751167419,0.6261078603661314,0.010420214750610501
Latest observation per entity,lfpr_gap_pp,spearman,HKG,"Hong Kong SAR, China",1,0.6365280751167419,0.6378105641399046,0.0012824890231626362
Latest observation per entity,lfpr_gap_pp,spearman,HND,Honduras,1,0.6365280751167419,0.6297710091771845,0.006757065939557383
Latest observation per entity,lfpr_gap_pp,spearman,HUN,Hungary,1,0.6365280751167419,0.6384181537263532,0.0018900786096113231
Latest observation per entity,lfpr_gap_pp,spearman,IRL,Ireland,1,0.6365280751167419,0.6356179582409809,0.0009101168757610356
Latest observation per entity,lfpr_gap_pp,spearman,IRN,"Iran, Islamic Rep.",1,0.6365280751167419,0.6274991524626371,0.00902892265410482
Latest observation per entity,lfpr_gap_pp,spearman,IRQ,Iraq,1,0.6365280751167419,0.6241001730369966,0.012427902079745312
Latest observation per entity,lfpr_gap_pp,spearman,ITA,Italy,1,0.6365280751167419,0.6364985228590224,2.9552257719500652e-05
Latest observation per entity,lfpr_gap_pp,spearman,JPN,Japan,1,0.6365280751167419,0.6364280776895792,9.999742716271243e-05
Latest observation per entity,lfpr_gap_pp,spearman,KAZ,Kazakhstan,1,0.6365280751167419,0.6527537457080708,0.016225670591328845
Latest observation per entity,lfpr_gap_pp,spearman,KGZ,Kyrgyz Republic,1,0.6365280751167419,0.6492138759435434,0.012685800826801485
Latest observation per entity,lfpr_gap_pp,spearman,KHM,Cambodia,1,0.6365280751167419,0.6468891853519136,0.010361110235171722
Latest observation per entity,lfpr_gap_pp,spearman,KOR,"Korea, Rep.",1,0.6365280751167419,0.6376784794471982,0.0011504043304563227
Latest observation per entity,lfpr_gap_pp,spearman,LAO,Lao PDR,1,0.6365280751167419,0.6262311394126572,0.010296935704084742
Latest observation per entity,lfpr_gap_pp,spearman,LBR,Liberia,1,0.6365280751167419,0.6308629093035562,0.0056651658131857685
Latest observation per entity,lfpr_gap_pp,spearman,LSO,Lesotho,1,0.6365280751167419,0.6359613784420172,0.0005666966747247537
Latest observation per entity,lfpr_gap_pp,spearman,LTU,Lithuania,1,0.6365280751167419,0.6411126814575606,0.004584606340818698
Latest observation per entity,lfpr_gap_pp,spearman,LUX,Luxembourg,1,0.6365280751167419,0.6362607704121513,0.0002673047045905763
Latest observation per entity,lfpr_gap_pp,spearman,LVA,Latvia,1,0.6365280751167419,0.6366834414288112,0.00015536631206924945
Latest observation per entity,lfpr_gap_pp,spearman,MAR,Morocco,1,0.6365280751167419,0.6255795215953064,0.010948553521435533
Latest observation per entity,lfpr_gap_pp,spearman,MDA,Moldova,1,0.6365280751167419,0.6374319213541466,0.0009038462374046929
Latest observation per entity,lfpr_gap_pp,spearman,MEX,Mexico,1,0.6365280751167419,0.6291722252369162,0.007355849879825738
Latest observation per entity,lfpr_gap_pp,spearman,MKD,North Macedonia,1,0.6365280751167419,0.6374143100617858,0.0008862349450439178
Latest observation per entity,lfpr_gap_pp,spearman,MLT,Malta,1,0.6365280751167419,0.6338568290048977,0.0026712461118442166
Latest observation per entity,lfpr_gap_pp,spearman,MNG,Mongolia,1,0.6365280751167419,0.638224429510384,0.00169635439364213
Latest observation per entity,lfpr_gap_pp,spearman,MUS,Mauritius,1,0.6365280751167419,0.6296653414230196,0.006862733693722367
Latest observation per entity,lfpr_gap_pp,spearman,MWI,Malawi,1,0.6365280751167419,0.633398935403516,0.0031291397132259258
Latest observation per entity,lfpr_gap_pp,spearman,MYS,Malaysia,1,0.6365280751167419,0.6302817366556486,0.006246338461093348
Latest observation per entity,lfpr_gap_pp,spearman,NLD,Netherlands,1,0.6365280751167419,0.633398935403516,0.0031291397132259258
Latest observation per entity,lfpr_gap_pp,spearman,NOR,Norway,1,0.6365280751167419,0.6261783055355747,0.010349769581167179
Latest observation per entity,lfpr_gap_pp,spearman,NZL,New Zealand,1,0.6365280751167419,0.6354858735482747,0.001042201568467238
Latest observation per entity,lfpr_gap_pp,spearman,OMN,Oman,1,0.6365280751167419,0.6372381971381775,0.0007101220214356108
Latest observation per entity,lfpr_gap_pp,spearman,PAK,Pakistan,1,0.6365280751167419,0.6250511828244815,0.011476892292260454
Latest observation per entity,lfpr_gap_pp,spearman,PAN,Panama,1,0.6365280751167419,0.6387175456964873,0.0021894705797453895
Latest observation per entity,lfpr_gap_pp,spearman,PER,Peru,1,0.6365280751167419,0.6442739084363299,0.0077458333195880025
Latest observation per entity,lfpr_gap_pp,spearman,POL,Poland,1,0.6365280751167419,0.6400031700388282,0.003475094922086308
Latest observation per entity,lfpr_gap_pp,spearman,PRT,Portugal,1,0.6365280751167419,0.6350191743007126,0.0015089008160292794
Latest observation per entity,lfpr_gap_pp,spearman,PRY,Paraguay,1,0.6365280751167419,0.6374495326465074,0.0009214575297654681
Latest observation per entity,lfpr_gap_pp,spearman,PSE,West Bank and Gaza,1,0.6365280751167419,0.6262839732897397,0.010244101827002194
Latest observation per entity,lfpr_gap_pp,spearman,QAT,Qatar,1,0.6365280751167419,0.6660150488557776,0.029486973739035638
Latest observation per entity,lfpr_gap_pp,spearman,ROU,Romania,1,0.6365280751167419,0.6376784794471982,0.0011504043304563227
Latest observation per entity,lfpr_gap_pp,spearman,RUS,Russian Federation,1,0.6365280751167419,0.6378898149555283,0.0013617398387864021
Latest observation per entity,lfpr_gap_pp,spearman,SLV,El Salvador,1,0.6365280751167419,0.6304754608716179,0.006052614245124044
Latest observation per entity,lfpr_gap_pp,spearman,SRB,Serbia,1,0.6365280751167419,0.6384533763110749,0.0019253011943329845
Latest observation per entity,lfpr_gap_pp,spearman,SVN,Slovenia,1,0.6365280751167419,0.6355915413024398,0.0009365338143021429
Latest observation per entity,lfpr_gap_pp,spearman,SWE,Sweden,1,0.6365280751167419,0.6273230395390288,0.009205035577713128
Latest observation per entity,lfpr_gap_pp,spearman,THA,Thailand,1,0.6365280751167419,0.6419228009061588,0.00539472578941691
Latest observation per entity,lfpr_gap_pp,spearman,TUN,Tunisia,1,0.6365280751167419,0.6251920731633681,0.011336001953373809
Latest observation per entity,lfpr_gap_pp,spearman,TUR,Turkey,1,0.6365280751167419,0.6283444944959571,0.008183580620784836
Latest observation per entity,lfpr_gap_pp,spearman,TZA,Tanzania,1,0.6365280751167419,0.6577905753232688,0.02126250020652687
Latest observation per entity,lfpr_gap_pp,spearman,UGA,Uganda,1,0.6365280751167419,0.6317786965063195,0.004749378610422461
Latest observation per entity,lfpr_gap_pp,spearman,URY,Uruguay,1,0.6365280751167419,0.63623435347361,0.00029372164313190563
Latest observation per entity,lfpr_gap_pp,spearman,USA,United States,1,0.6365280751167419,0.6340681645132276,0.002459910603514359
Latest observation per entity,lfpr_gap_pp,spearman,ZAF,South Africa,1,0.6365280751167419,0.6391226054207866,0.002594530304044662
Latest observation per entity,electricity_pct,pearson,ALB,Albania,1,0.06405015789604374,0.05685433936768693,0.007195818528356802
Latest observation per entity,electricity_pct,pearson,ARG,Argentina,1,0.06405015789604374,0.06059394280420688,0.003456215091836856
Latest observation per entity,electricity_pct,pearson,ARM,Armenia,1,0.06405015789604374,0.0580602105061334,0.005989947389910336
Latest observation per entity,electricity_pct,pearson,AUS,Australia,1,0.06405015789604374,0.06533923206218771,0.0012890741661439747
Latest observation per entity,electricity_pct,pearson,AUT,Austria,1,0.06405015789604374,0.0658424389583921,0.0017922810623483693
Latest observation per entity,electricity_pct,pearson,AZE,Azerbaijan,1,0.06405015789604374,0.05830001788018414,0.005750140015859592
Latest observation per entity,electricity_pct,pearson,BEL,Belgium,1,0.06405015789604374,0.06985179569821356,0.005801637802169829
Latest observation per entity,electricity_pct,pearson,BGR,Bulgaria,1,0.06405015789604374,0.06452815712170404,0.00047799922566030273
Latest observation per entity,electricity_pct,pearson,BLR,Belarus,1,0.06405015789604374,0.0647982224990799,0.0007480646030361693
Latest observation per entity,electricity_pct,pearson,BOL,Bolivia,1,0.06405015789604374,0.0655663409625615,0.0015161830665177678
Latest observation per entity,electricity_pct,pearson,BRA,Brazil,1,0.06405015789604374,0.06890138510948259,0.0048512272134388496
Latest observation per entity,electricity_pct,pearson,BTN,Bhutan,1,0.06405015789604374,0.06491682270650545,0.0008666648104617147
Latest observation per entity,electricity_pct,pearson,CAN,Canada,1,0.06405015789604374,0.0709896663487811,0.0069395084527373585
Latest observation per entity,electricity_pct,pearson,CHE,Switzerland,1,0.06405015789604374,0.06959005433302079,0.005539896436977054
Latest observation per entity,electricity_pct,pearson,CHL,Chile,1,0.06405015789604374,0.0622986510490329,0.0017515068470108364
Latest observation per entity,electricity_pct,pearson,CHN,China,1,0.06405015789604374,0.06533923206218771,0.0012890741661439747
Latest observation per entity,electricity_pct,pearson,CMR,Cameroon,1,0.06405015789604374,0.0678752555602531,0.0038250976642093676
Latest observation per entity,electricity_pct,pearson,COL,Colombia,1,0.06405015789604374,0.0737252348637507,0.009675076967706961
Latest observation per entity,electricity_pct,pearson,CRI,Costa Rica,1,0.06405015789604374,0.06084341384544401,0.0032067440505997233
Latest observation per entity,electricity_pct,pearson,CUB,Cuba,1,0.06405015789604374,0.06622159441933738,0.0021714365232936433
Latest observation per entity,electricity_pct,pearson,DEU,Germany,1,0.06405015789604374,0.06962889787147183,0.005578739975428099
Latest observation per entity,electricity_pct,pearson,DNK,Denmark,1,0.06405015789604374,0.0718695326935754,0.00781937479753167
Latest observation per entity,electricity_pct,pearson,DOM,Dominican Republic,1,0.06405015789604374,0.061845966139282706,0.00220419175676103
Latest observation per entity,electricity_pct,pearson,DZA,Algeria,1,0.06405015789604374,0.05793570985838055,0.0061144480376631866
Latest observation per entity,electricity_pct,pearson,ECU,Ecuador,1,0.06405015789604374,0.060960851220682316,0.0030893066753614196
Latest observation per entity,electricity_pct,pearson,EGY,"Egypt, Arab Rep.",1,0.06405015789604374,0.05601534140078983,0.008034816495253908
Latest observation per entity,electricity_pct,pearson,ESP,Spain,1,0.06405015789604374,0.06430632943393244,0.0002561715378887053
Latest observation per entity,electricity_pct,pearson,EST,Estonia,1,0.06405015789604374,0.06902367318490879,0.004973515288865055
Latest observation per entity,electricity_pct,pearson,ETH,Ethiopia,1,0.06405015789604374,0.08312302638541373,0.019072868489369996
Latest observation per entity,electricity_pct,pearson,FIN,Finland,1,0.06405015789604374,0.0713915142682626,0.00734135637221886
Latest observation per entity,electricity_pct,pearson,FJI,Fiji,1,0.06405015789604374,0.06424522463688394,0.00019506674084020237
Latest observation per entity,electricity_pct,pearson,FRA,France,1,0.06405015789604374,0.06925979426079579,0.005209636364752052
Latest observation per entity,electricity_pct,pearson,GBR,United Kingdom,1,0.06405015789604374,0.07004810433090501,0.005997946434861276
Latest observation per entity,electricity_pct,pearson,GHA,Ghana,1,0.06405015789604374,0.06603333495811717,0.0019831770620734324
Latest observation per entity,electricity_pct,pearson,GRC,Greece,1,0.06405015789604374,0.06345924382240564,0.0005909140736380936
Latest observation per entity,electricity_pct,pearson,GTM,Guatemala,1,0.06405015789604374,0.06287514843218689,0.0011750094638568465
Latest observation per entity,electricity_pct,pearson,HKG,"Hong Kong SAR, China",1,0.06405015789604374,0.06768901942329801,0.003638861527254275
Latest observation per entity,electricity_pct,pearson,HND,Honduras,1,0.06405015789604374,0.06792429424101963,0.0038741363449758953
Latest observation per entity,electricity_pct,pearson,HUN,Hungary,1,0.06405015789604374,0.06551114001299091,0.0014609821169471737
Latest observation per entity,electricity_pct,pearson,IRL,Ireland,1,0.06405015789604374,0.06293255205485629,0.0011176058411874468
Latest observation per entity,electricity_pct,pearson,IRN,"Iran, Islamic Rep.",1,0.06405015789604374,0.058905847860759655,0.00514431003528408
Latest observation per entity,electricity_pct,pearson,IRQ,Iraq,1,0.06405015789604374,0.05739282832938162,0.0066573295666621166
Latest observation per entity,electricity_pct,pearson,ITA,Italy,1,0.06405015789604374,0.06250325783673874,0.0015469000593049953
Latest observation per entity,electricity_pct,pearson,JPN,Japan,1,0.06405015789604374,0.06248856608009356,0.0015615918159501765
Latest observation per entity,electricity_pct,pearson,KAZ,Kazakhstan,1,0.06405015789604374,0.06176347644823354,0.0022866814478101974
Latest observation per entity,electricity_pct,pearson,KGZ,Kyrgyz Republic,1,0.06405015789604374,0.06743149357117803,0.003381335675134295
Latest observation per entity,electricity_pct,pearson,KHM,Cambodia,1,0.06405015789604374,0.07571954131112435,0.011669383415080614
Latest observation per entity,electricity_pct,pearson,KOR,"Korea, Rep.",1,0.06405015789604374,0.06501765335007403,0.0009674954540302982
Latest observation per entity,electricity_pct,pearson,LAO,Lao PDR,1,0.06405015789604374,0.06759823299629608,0.003548075100252346
Latest observation per entity,electricity_pct,pearson,LBR,Liberia,1,0.06405015789604374,-0.00584757810360766,0.06989773599965139
Latest observation per entity,electricity_pct,pearson,LSO,Lesotho,1,0.06405015789604374,0.05714918673940437,0.006900971156639367
Latest observation per entity,electricity_pct,pearson,LTU,Lithuania,1,0.06405015789604374,0.06495113594445362,0.0009009780484098839
Latest observation per entity,electricity_pct,pearson,LUX,Luxembourg,1,0.06405015789604374,0.06786378739652636,0.0038136295004826265
Latest observation per entity,electricity_pct,pearson,LVA,Latvia,1,0.06405015789604374,0.0656291705640729,0.0015790126680291644
Latest observation per entity,electricity_pct,pearson,MAR,Morocco,1,0.06405015789604374,0.060100709798241926,0.0039494480978018096
Latest observation per entity,electricity_pct,pearson,MDA,Moldova,1,0.06405015789604374,0.0659144696763764,0.001864311780332667
Latest observation per entity,electricity_pct,pearson,MEX,Mexico,1,0.06405015789604374,0.05826248035677691,0.005787677539266824
Latest observation per entity,electricity_pct,pearson,MKD,North Macedonia,1,0.06405015789604374,0.06469189432901058,0.0006417364329668468
Latest observation per entity,electricity_pct,pearson,MLT,Malta,1,0.06405015789604374,0.06278380765339392,0.0012663502426498163
Latest observation per entity,electricity_pct,pearson,MNG,Mongolia,1,0.06405015789604374,0.06296880898551747,0.0010813489105262614
Latest observation per entity,electricity_pct,pearson,MUS,Mauritius,1,0.06405015789604374,0.060682174468019684,0.0033679834280240517
Latest observation per entity,electricity_pct,pearson,MWI,Malawi,1,0.06405015789604374,0.0360498499918498,0.028000307904193937
Latest observation per entity,electricity_pct,pearson,MYS,Malaysia,1,0.06405015789604374,0.061727218484141574,0.0023229394119021612
Latest observation per entity,electricity_pct,pearson,NLD,Netherlands,1,0.06405015789604374,0.07032113600004494,0.006270978104001207
Latest observation per entity,electricity_pct,pearson,NOR,Norway,1,0.06405015789604374,0.07392845525216594,0.00987829735612221
Latest observation per entity,electricity_pct,pearson,NZL,New Zealand,1,0.06405015789604374,0.06768901942329801,0.003638861527254275
Latest observation per entity,electricity_pct,pearson,OMN,Oman,1,0.06405015789604374,0.06315712244566966,0.0008930354503740717
Latest observation per entity,electricity_pct,pearson,PAK,Pakistan,1,0.06405015789604374,0.07493290730827279,0.010882749412229054
Latest observation per entity,electricity_pct,pearson,PAN,Panama,1,0.06405015789604374,0.06401900647495803,3.1151421085701125e-05
Latest observation per entity,electricity_pct,pearson,PER,Peru,1,0.06405015789604374,0.06565872183589036,0.0016085639398466245
Latest observation per entity,electricity_pct,pearson,POL,Poland,1,0.06405015789604374,0.06666023708390922,0.0026100791878654883
Latest observation per entity,electricity_pct,pearson,PRT,Portugal,1,0.06405015789604374,0.06760136277044687,0.0035512048744031355
Latest observation per entity,electricity_pct,pearson,PRY,Paraguay,1,0.06405015789604374,0.06434046259738772,0.000290304701343988
Latest observation per entity,electricity_pct,pearson,PSE,West Bank and Gaza,1,0.06405015789604374,0.057609879517484294,0.006440278378559441
Latest observation per entity,electricity_pct,pearson,QAT,Qatar,1,0.06405015789604374,0.06966594628067126,0.005615788384627521
Latest observation per entity,electricity_pct,pearson,ROU,Romania,1,0.06405015789604374,0.06484365631160267,0.0007934984155589381
Latest observation per entity,electricity_pct,pearson,RUS,Russian Federation,1,0.06405015789604374,0.06438453717202694,0.00033437927598320427
Latest observation per entity,electricity_pct,pearson,SLV,El Salvador,1,0.06405015789604374,0.06226434767825527,0.0017858102177884666
Latest observation per entity,electricity_pct,pearson,SRB,Serbia,1,0.06405015789604374,0.06415867456458038,0.00010851666853664566
Latest observation per entity,electricity_pct,pearson,SVN,Slovenia,1,0.06405015789604374,0.06533922042428086,0.0012890625282371282
Latest observation per entity,electricity_pct,pearson,SWE,Sweden,1,0.06405015789604374,0.07356791820781793,0.00951776031177419
Latest observation per entity,electricity_pct,pearson,THA,Thailand,1,0.06405015789604374,0.06684326594333824,0.002793108047294504
Latest observation per entity,electricity_pct,pearson,TUN,Tunisia,1,0.06405015789604374,0.05640378651448319,0.007646371381560546
Latest observation per entity,electricity_pct,pearson,TUR,Turkey,1,0.06405015789604374,0.059076958186137674,0.004973199709906062
Latest observation per entity,electricity_pct,pearson,TZA,Tanzania,1,0.06405015789604374,0.08190246001282431,0.017852302116780572
Latest observation per entity,electricity_pct,pearson,UGA,Uganda,1,0.06405015789604374,0.045413138790982084,0.01863701910506165
Latest observation per entity,electricity_pct,pearson,URY,Uruguay,1,0.06405015789604374,0.06308159495076214,0.0009685629452815953
Latest observation per entity,electricity_pct,pearson,USA,United States,1,0.06405015789604374,0.07007625257308057,0.006026094677036839
Latest observation per entity,electricity_pct,pearson,ZAF,South Africa,1,0.06405015789604374,0.06280026698522642,0.001249890910817314
Latest observation per entity,electricity_pct,spearman,ALB,Albania,1,-0.3183117631233935,-0.32294374471806175,0.004631981594668266
Latest observation per entity,electricity_pct,spearman,ARG,Argentina,1,-0.3183117631233935,-0.3182297424313678,8.202069202567497e-05
Latest observation per entity,electricity_pct,spearman,ARM,Armenia,1,-0.3183117631233935,-0.31745645689372726,0.0008553062296662306
Latest observation per entity,electricity_pct,spearman,AUS,Australia,1,-0.3183117631233935,-0.3155020683271759,0.0028096947962175656
Latest observation per entity,electricity_pct,spearman,AUT,Austria,1,-0.3183117631233935,-0.3108947862860378,0.007416976837355704
Latest observation per entity,electricity_pct,spearman,AZE,Azerbaijan,1,-0.3183117631233935,-0.32079679061362326,0.002485027490229774
Latest observation per entity,electricity_pct,spearman,BEL,Belgium,1,-0.3183117631233935,-0.3056238454697844,0.012687917653609104
Latest observation per entity,electricity_pct,spearman,BGR,Bulgaria,1,-0.3183117631233935,-0.32835677734211105,0.010045014218717563
Latest observation per entity,electricity_pct,spearman,BLR,Belarus,1,-0.3183117631233935,-0.3236078720759214,0.0052961089525279115
Latest observation per entity,electricity_pct,spearman,BOL,Bolivia,1,-0.3183117631233935,-0.3211606392854904,0.0028488761620968917
Latest observation per entity,electricity_pct,spearman,BRA,Brazil,1,-0.3183117631233935,-0.31296230329849867,0.00534945982489482
Latest observation per entity,electricity_pct,spearman,BTN,Bhutan,1,-0.3183117631233935,-0.32933021194648326,0.011018448823089777
Latest observation per entity,electricity_pct,spearman,CAN,Canada,1,-0.3183117631233935,-0.3056238454697844,0.012687917653609104
Latest observation per entity,electricity_pct,spearman,CHE,Switzerland,1,-0.3183117631233935,-0.3056238454697844,0.012687917653609104
Latest observation per entity,electricity_pct,spearman,CHL,Chile,1,-0.3183117631233935,-0.3177219156674359,0.0005898474559575817
Latest observation per entity,electricity_pct,spearman,CHN,China,1,-0.3183117631233935,-0.3155020683271759,0.0028096947962175656
Latest observation per entity,electricity_pct,spearman,CMR,Cameroon,1,-0.3183117631233935,-0.3200689369254468,0.0017571738020533134
Latest observation per entity,electricity_pct,spearman,COL,Colombia,1,-0.3183117631233935,-0.34090225696294535,0.022590493839551862
Latest observation per entity,electricity_pct,spearman,CRI,Costa Rica,1,-0.3183117631233935,-0.3194776874562352,0.001165924332841739
Latest observation per entity,electricity_pct,spearman,CUB,Cuba,1,-0.3183117631233935,-0.32266021368820247,0.004348450564808981
Latest observation per entity,electricity_pct,spearman,DEU,Germany,1,-0.3183117631233935,-0.3056238454697844,0.012687917653609104
Latest observation per entity,electricity_pct,spearman,DNK,Denmark,1,-0.3183117631233935,-0.3056238454697844,0.012687917653609104
Latest observation per entity,electricity_pct,spearman,DOM,Dominican Republic,1,-0.3183117631233935,-0.3171744351094113,0.0011373280139821973
Latest observation per entity,electricity_pct,spearman,DZA,Algeria,1,-0.3183117631233935,-0.31627527122429533,0.0020364918990981584
Latest observation per entity,electricity_pct,spearman,ECU,Ecuador,1,-0.3183117631233935,-0.31389172107153346,0.004420042051860029
Latest observation per entity,electricity_pct,spearman,EGY,"Egypt, Arab Rep.",1,-0.3183117631233935,-0.31883017590765345,0.0005184127842599584
Latest observation per entity,electricity_pct,spearman,ESP,Spain,1,-0.3183117631233935,-0.3199216126408952,0.0016098495175017047
Latest observation per entity,electricity_pct,spearman,EST,Estonia,1,-0.3183117631233935,-0.3056238454697844,0.012687917653609104
Latest observation per entity,electricity_pct,spearman,ETH,Ethiopia,1,-0.3183117631233935,-0.3104710536767303,0.007840709446663208
Latest observation per entity,electricity_pct,spearman,FIN,Finland,1,-0.3183117631233935,-0.3056238454697844,0.012687917653609104
Latest observation per entity,electricity_pct,spearman,FJI,Fiji,1,-0.3183117631233935,-0.3230893134549007,0.00477755033150723
Latest observation per entity,electricity_pct,spearman,FRA,France,1,-0.3183117631233935,-0.3056238454697844,0.012687917653609104
Latest observation per entity,electricity_pct,spearman,GBR,United Kingdom,1,-0.3183117631233935,-0.3056238454697844,0.012687917653609104
Latest observation per entity,electricity_pct,spearman,GHA,Ghana,1,-0.3183117631233935,-0.3211606392854904,0.0028488761620968917
Latest observation per entity,electricity_pct,spearman,GRC,Greece,1,-0.3183117631233935,-0.32353234318283813,0.005220580059444646
Latest observation per entity,electricity_pct,spearman,GTM,Guatemala,1,-0.3183117631233935,-0.30793284568962886,0.010378917433764623
Latest observation per entity,electricity_pct,spearman,HKG,"Hong Kong SAR, China",1,-0.3183117631233935,-0.30918014288797946,0.009131620235414029
Latest observation per entity,electricity_pct,spearman,HND,Honduras,1,-0.3183117631233935,-0.31166282875311113,0.0066489343702823556
Latest observation per entity,electricity_pct,spearman,HUN,Hungary,1,-0.3183117631233935,-0.31424242339653263,0.0040693397268608544
Latest observation per entity,electricity_pct,spearman,IRL,Ireland,1,-0.3183117631233935,-0.326417298741476,0.008105535618082527
Latest observation per entity,electricity_pct,spearman,IRN,"Iran, Islamic Rep.",1,-0.3183117631233935,-0.32079679061362326,0.002485027490229774
Latest observation per entity,electricity_pct,spearman,IRQ,Iraq,1,-0.3183117631233935,-0.3122905576101362,0.0060212055132572995
Latest observation per entity,electricity_pct,spearman,ITA,Italy,1,-0.3183117631233935,-0.32712492935019843,0.008813166226804947
Latest observation per entity,electricity_pct,spearman,JPN,Japan,1,-0.3183117631233935,-0.32712492935019843,0.008813166226804947
Latest observation per entity,electricity_pct,spearman,KAZ,Kazakhstan,1,-0.3183117631233935,-0.32876699524992625,0.010455232126532765
Latest observation per entity,electricity_pct,spearman,KGZ,Kyrgyz Republic,1,-0.3183117631233935,-0.33014743718794565,0.01183567406455216
Latest observation per entity,electricity_pct,spearman,KHM,Cambodia,1,-0.3183117631233935,-0.3197778162961018,0.0014660531727083148
Latest observation per entity,electricity_pct,spearman,KOR,"Korea, Rep.",1,-0.3183117631233935,-0.3172090286407923,0.0011027344826011753
Latest observation per entity,electricity_pct,spearman,LAO,Lao PDR,1,-0.3183117631233935,-0.3473433008872025,0.029031537763809012
Latest observation per entity,electricity_pct,spearman,LBR,Liberia,1,-0.3183117631233935,-0.36188113731511634,0.043569374191722854
Latest observation per entity,electricity_pct,spearman,LSO,Lesotho,1,-0.3183117631233935,-0.33241427111360644,0.014102507990212954
Latest observation per entity,electricity_pct,spearman,LTU,Lithuania,1,-0.3183117631233935,-0.31832981467741545,1.805155402195835e-05
Latest observation per entity,electricity_pct,spearman,LUX,Luxembourg,1,-0.3183117631233935,-0.30793725322906945,0.010374509894324035
Latest observation per entity,electricity_pct,spearman,LVA,Latvia,1,-0.3183117631233935,-0.31444519203538585,0.003866571088007642
Latest observation per entity,electricity_pct,spearman,MAR,Morocco,1,-0.3183117631233935,-0.3108531495027455,0.00745861362064798
Latest observation per entity,electricity_pct,spearman,MDA,Moldova,1,-0.3183117631233935,-0.3189772345654032,0.0006654714420097352
Latest observation per entity,electricity_pct,spearman,MEX,Mexico,1,-0.3183117631233935,-0.31999623145603606,0.0016844683326425747
Latest observation per entity,electricity_pct,spearman,MKD,North Macedonia,1,-0.3183117631233935,-0.31567038446629353,0.0026413786570999576
Latest observation per entity,electricity_pct,spearman,MLT,Malta,1,-0.3183117631233935,-0.32712492935019843,0.008813166226804947
Latest observation per entity,electricity_pct,spearman,MNG,Mongolia,1,-0.3183117631233935,-0.31931234218406457,0.0010005790606710807
Latest observation per entity,electricity_pct,spearman,MUS,Mauritius,1,-0.3183117631233935,-0.31773997189068715,0.0005717912327063424
Latest observation per entity,electricity_pct,spearman,MWI,Malawi,1,-0.3183117631233935,-0.3435951227843862,0.02528335966099271
Latest observation per entity,electricity_pct,spearman,MYS,Malaysia,1,-0.3183117631233935,-0.31730179978619916,0.0010099633371943306
Latest observation per entity,electricity_pct,spearman,NLD,Netherlands,1,-0.3183117631233935,-0.3056238454697844,0.012687917653609104
Latest observation per entity,electricity_pct,spearman,NOR,Norway,1,-0.3183117631233935,-0.30339208739612117,0.014919675727272319
Latest observation per entity,electricity_pct,spearman,NZL,New Zealand,1,-0.3183117631233935,-0.30918014288797946,0.009131620235414029
Latest observation per entity,electricity_pct,spearman,OMN,Oman,1,-0.3183117631233935,-0.32590925625316236,0.007597493129768873
Latest observation per entity,electricity_pct,spearman,PAK,Pakistan,1,-0.3183117631233935,-0.3047760063651695,0.013535756758223993
Latest observation per entity,electricity_pct,spearman,PAN,Panama,1,-0.3183117631233935,-0.3208149335381432,0.0025031704147497336
Latest observation per entity,electricity_pct,spearman,PER,Peru,1,-0.3183117631233935,-0.31027090824405557,0.008040854879337922
Latest observation per entity,electricity_pct,spearman,POL,Poland,1,-0.3183117631233935,-0.30968818537629306,0.00862357774710043
Latest observation per entity,electricity_pct,spearman,PRT,Portugal,1,-0.3183117631233935,-0.30918014288797946,0.009131620235414029
Latest observation per entity,electricity_pct,spearman,PRY,Paraguay,1,-0.3183117631233935,-0.3214153698361672,0.00310360671277371
Latest observation per entity,electricity_pct,spearman,PSE,West Bank and Gaza,1,-0.3183117631233935,-0.32414915325855226,0.005837390135158771
Latest observation per entity,electricity_pct,spearman,QAT,Qatar,1,-0.3183117631233935,-0.3056238454697844,0.012687917653609104
Latest observation per entity,electricity_pct,spearman,ROU,Romania,1,-0.3183117631233935,-0.3236078720759214,0.0052961089525279115
Latest observation per entity,electricity_pct,spearman,RUS,Russian Federation,1,-0.3183117631233935,-0.3199216126408952,0.0016098495175017047
Latest observation per entity,electricity_pct,spearman,SLV,El Salvador,1,-0.3183117631233935,-0.3145831325662277,0.0037286305571657685
Latest observation per entity,electricity_pct,spearman,SRB,Serbia,1,-0.3183117631233935,-0.31614344881950973,0.002168314303883756
Latest observation per entity,electricity_pct,spearman,SVN,Slovenia,1,-0.3183117631233935,-0.3155034574300253,0.002808305693368207
Latest observation per entity,electricity_pct,spearman,SWE,Sweden,1,-0.3183117631233935,-0.30339208739612117,0.014919675727272319
Latest observation per entity,electricity_pct,spearman,THA,Thailand,1,-0.3183117631233935,-0.31826775145669994,4.401166669354417e-05
Latest observation per entity,electricity_pct,spearman,TUN,Tunisia,1,-0.3183117631233935,-0.31914858759962306,0.0008368244762295696
Latest observation per entity,electricity_pct,spearman,TUR,Turkey,1,-0.3183117631233935,-0.3371496963071004,0.018837933183706912
Latest observation per entity,electricity_pct,spearman,TZA,Tanzania,1,-0.3183117631233935,-0.31242702040514164,0.005884742718251845
Latest observation per entity,electricity_pct,spearman,UGA,Uganda,1,-0.3183117631233935,-0.3430583691240315,0.024746606000637994
Latest observation per entity,electricity_pct,spearman,URY,Uruguay,1,-0.3183117631233935,-0.319131991456368,0.0008202283329745153
Latest observation per entity,electricity_pct,spearman,USA,United States,1,-0.3183117631233935,-0.3056238454697844,0.012687917653609104
Latest observation per entity,electricity_pct,spearman,ZAF,South Africa,1,-0.3183117631233935,-0.3310405456438849,0.012728782520491422
Latest observation per entity,water_pct,pearson,ALB,Albania,1,-0.10956396812952533,-0.11176880230386184,0.0022048341743365063
Latest observation per entity,water_pct,pearson,ARG,Argentina,1,-0.10956396812952533,-0.1158688841063611,0.006304915976835773
Latest observation per entity,water_pct,pearson,ARM,Armenia,1,-0.10956396812952533,-0.11992765737191874,0.010363689242393406
Latest observation per entity,water_pct,pearson,AUS,Australia,1,-0.10956396812952533,-0.10798578838653324,0.0015781797429920974
Latest observation per entity,water_pct,pearson,AUT,Austria,1,-0.10956396812952533,-0.10722493982043473,0.002339028309090607
Latest observation per entity,water_pct,pearson,AZE,Azerbaijan,1,-0.10956396812952533,-0.09938673844722028,0.010177229682305056
Latest observation per entity,water_pct,pearson,BEL,Belgium,1,-0.10956396812952533,-0.1022032085762632,0.007360759553262139
Latest observation per entity,water_pct,pearson,BGR,Bulgaria,1,-0.10956396812952533,-0.10771307242786596,0.0018508957016593747
Latest observation per entity,water_pct,pearson,BLR,Belarus,1,-0.10956396812952533,-0.10846021692411842,0.0011037512054069137
Latest observation per entity,water_pct,pearson,BOL,Bolivia,1,-0.10956396812952533,-0.10895808074660318,0.0006058873829221517
Latest observation per entity,water_pct,pearson,BRA,Brazil,1,-0.10956396812952533,-0.1046624297432997,0.004901538386225632
Latest observation per entity,water_pct,pearson,BTN,Bhutan,1,-0.10956396812952533,-0.10829676214416932,0.0012672059853560125
Latest observation per entity,water_pct,pearson,CAN,Canada,1,-0.10956396812952533,-0.10241907863168077,0.007144889497844559
Latest observation per entity,water_pct,pearson,CHE,Switzerland,1,-0.10956396812952533,-0.1024941898406082,0.007069778288917139
Latest observation per entity,water_pct,pearson,CHL,Chile,1,-0.10956396812952533,-0.11220994345850618,0.0026459753289808513
Latest observation per entity,water_pct,pearson,CHN,China,1,-0.10956396812952533,-0.10931723457952673,0.0002467335499986012
Latest observation per entity,water_pct,pearson,CMR,Cameroon,1,-0.10956396812952533,-0.10811905677357891,0.0014449113559464183
Latest observation per entity,water_pct,pearson,COL,Colombia,1,-0.10956396812952533,-0.1051062431829025,0.004457724946622832
Latest observation per entity,water_pct,pearson,CRI,Costa Rica,1,-0.10956396812952533,-0.11564098324605555,0.006077015116530221
Latest observation per entity,water_pct,pearson,CUB,Cuba,1,-0.10956396812952533,-0.10886378928298196,0.0007001788465433728
Latest observation per entity,water_pct,pearson,DEU,Germany,1,-0.10956396812952533,-0.10245071324887209,0.007113254880653244
Latest observation per entity,water_pct,pearson,DNK,Denmark,1,-0.10956396812952533,-0.10010693616218463,0.009457031967340698
Latest observation per entity,water_pct,pearson,DOM,Dominican Republic,1,-0.10956396812952533,-0.1121118097014818,0.0025478415719564634
Latest observation per entity,water_pct,pearson,DZA,Algeria,1,-0.10956396812952533,-0.1101719351916123,0.0006079670620869615
Latest observation per entity,water_pct,pearson,ECU,Ecuador,1,-0.10956396812952533,-0.1078315244467862,0.0017324436827391293
Latest observation per entity,water_pct,pearson,EGY,"Egypt, Arab Rep.",1,-0.10956396812952533,-0.12591842131816905,0.016354453188643717
Latest observation per entity,water_pct,pearson,ESP,Spain,1,-0.10956396812952533,-0.10952232702418858,4.164110533674825e-05
Latest observation per entity,water_pct,pearson,EST,Estonia,1,-0.10956396812952533,-0.10403490517131221,0.005529062958213121
Latest observation per entity,water_pct,pearson,ETH,Ethiopia,1,-0.10956396812952533,-0.09469956689610824,0.01486440123341709
Latest observation per entity,water_pct,pearson,FIN,Finland,1,-0.10956396812952533,-0.1005811060726136,0.008982862056911733
Latest observation per entity,water_pct,pearson,FJI,Fiji,1,-0.10956396812952533,-0.10920241234244557,0.000361555787079762
Latest observation per entity,water_pct,pearson,FRA,France,1,-0.10956396812952533,-0.10286801392870655,0.006695954200818782
Latest observation per entity,water_pct,pearson,GBR,United Kingdom,1,-0.10956396812952533,-0.1019879764315511,0.007575991697974238
Latest observation per entity,water_pct,pearson,GHA,Ghana,1,-0.10956396812952533,-0.10932993879918998,0.000234029330335353
Latest observation per entity,water_pct,pearson,GRC,Greece,1,-0.10956396812952533,-0.11089174106330833,0.0013277729337830002
Latest observation per entity,water_pct,pearson,GTM,Guatemala,1,-0.10956396812952533,-0.11079638838917863,0.0012324202596532968
Latest observation per entity,water_pct,pearson,HKG,"Hong Kong SAR, China",1,-0.10956396812952533,-0.10495281170104681,0.004611156428478522
Latest observation per entity,water_pct,pearson,HND,Honduras,1,-0.10956396812952533,-0.108783238370809,0.0007807297587163337
Latest observation per entity,water_pct,pearson,HUN,Hungary,1,-0.10956396812952533,-0.10834607116336338,0.001217896966161952
Latest observation per entity,water_pct,pearson,IRL,Ireland,1,-0.10956396812952533,-0.11085712646712192,0.0012931583375965922
Latest observation per entity,water_pct,pearson,IRN,"Iran, Islamic Rep.",1,-0.10956396812952533,-0.1153761369576634,0.005812168828138065
Latest observation per entity,water_pct,pearson,IRQ,Iraq,1,-0.10956396812952533,-0.10296531976532643,0.006598648364198906
Latest observation per entity,water_pct,pearson,ITA,Italy,1,-0.10956396812952533,-0.11251756460205875,0.002953596472533418
Latest observation per entity,water_pct,pearson,JPN,Japan,1,-0.10956396812952533,-0.11216439579650295,0.0026004276669776144
Latest observation per entity,water_pct,pearson,KAZ,Kazakhstan,1,-0.10956396812952533,-0.11195720180801093,0.0023932336784855957
Latest observation per entity,water_pct,pearson,KGZ,Kyrgyz Republic,1,-0.10956396812952533,-0.111532925480202,0.0019689573506766617
Latest observation per entity,water_pct,pearson,KHM,Cambodia,1,-0.10956396812952533,-0.1087940465590478,0.0007699215704775331
Latest observation per entity,water_pct,pearson,KOR,"Korea, Rep.",1,-0.10956396812952533,-0.10846266062318323,0.001101307506342103
Latest observation per entity,water_pct,pearson,LAO,Lao PDR,1,-0.10956396812952533,-0.1292982531272705,0.01973428499774517
Latest observation per entity,water_pct,pearson,LBR,Liberia,1,-0.10956396812952533,-0.14803700330283184,0.03847303517330651
Latest observation per entity,water_pct,pearson,LSO,Lesotho,1,-0.10956396812952533,-0.11890737432628463,0.009343406196759302
Latest observation per entity,water_pct,pearson,LTU,Lithuania,1,-0.10956396812952533,-0.1097304349958776,0.0001664668663522717
Latest observation per entity,water_pct,pearson,LUX,Luxembourg,1,-0.10956396812952533,-0.10453492590026542,0.005029042229259914
Latest observation per entity,water_pct,pearson,LVA,Latvia,1,-0.10956396812952533,-0.10795150697571587,0.0016124611538094608
Latest observation per entity,water_pct,pearson,MAR,Morocco,1,-0.10956396812952533,-0.09012327864643106,0.01944068948309427
Latest observation per entity,water_pct,pearson,MDA,Moldova,1,-0.10956396812952533,-0.11124843348544883,0.0016844653559234951
Latest observation per entity,water_pct,pearson,MEX,Mexico,1,-0.10956396812952533,-0.12011477821296708,0.010550810083441747
Latest observation per entity,water_pct,pearson,MKD,North Macedonia,1,-0.10956396812952533,-0.1090471618282303,0.0005168063012950391
Latest observation per entity,water_pct,pearson,MLT,Malta,1,-0.10956396812952533,-0.11205278104661698,0.0024888129170916456
Latest observation per entity,water_pct,pearson,MNG,Mongolia,1,-0.10956396812952533,-0.10752683982320403,0.002037128306321301
Latest observation per entity,water_pct,pearson,MUS,Mauritius,1,-0.10956396812952533,-0.11634623232202802,0.0067822641925026905
Latest observation per entity,water_pct,pearson,MWI,Malawi,1,-0.10956396812952533,-0.138415249067269,0.028851280937743654
Latest observation per entity,water_pct,pearson,MYS,Malaysia,1,-0.10956396812952533,-0.11250803575461109,0.0029440676250857556
Latest observation per entity,water_pct,pearson,NLD,Netherlands,1,-0.10956396812952533,-0.10169282848744252,0.007871139642082817
Latest observation per entity,water_pct,pearson,NOR,Norway,1,-0.10956396812952533,-0.09820892234324961,0.01135504578627572
Latest observation per entity,water_pct,pearson,NZL,New Zealand,1,-0.10956396812952533,-0.10475401837597274,0.004809949753552589
Latest observation per entity,water_pct,pearson,OMN,Oman,1,-0.10956396812952533,-0.10879570920884436,0.0007682589206809698
Latest observation per entity,water_pct,pearson,PAK,Pakistan,1,-0.10956396812952533,-0.1058594691611879,0.0037044989683374385
Latest observation per entity,water_pct,pearson,PAN,Panama,1,-0.10956396812952533,-0.1095540294859705,9.938643554835425e-06
Latest observation per entity,water_pct,pearson,PER,Peru,1,-0.10956396812952533,-0.10628113609550385,0.0032828320340214795
Latest observation per entity,water_pct,pearson,POL,Poland,1,-0.10956396812952533,-0.10778135576352639,0.0017826123659989423
Latest observation per entity,water_pct,pearson,PRT,Portugal,1,-0.10956396812952533,-0.10534356472599649,0.004220403403528847
Latest observation per entity,water_pct,pearson,PRY,Paraguay,1,-0.10956396812952533,-0.10942422519977915,0.00013974292974618108
Latest observation per entity,water_pct,pearson,PSE,West Bank and Gaza,1,-0.10956396812952533,-0.12126691681281018,0.01170294868328485
Latest observation per entity,water_pct,pearson,QAT,Qatar,1,-0.10956396812952533,-0.10247148989785516,0.0070924782316701684
Latest observation per entity,water_pct,pearson,ROU,Romania,1,-0.10956396812952533,-0.10830904476192627,0.0012549233675990673
Latest observation per entity,water_pct,pearson,RUS,Russian Federation,1,-0.10956396812952533,-0.10940354051218754,0.00016042761733779665
Latest observation per entity,water_pct,pearson,SLV,El Salvador,1,-0.10956396812952533,-0.10762054717883669,0.0019434209506886402
Latest observation per entity,water_pct,pearson,SRB,Serbia,1,-0.10956396812952533,-0.10955852854148448,5.439588040848098e-06
Latest observation per entity,water_pct,pearson,SVN,Slovenia,1,-0.10956396812952533,-0.10800569783060891,0.0015582702989164199
Latest observation per entity,water_pct,pearson,SWE,Sweden,1,-0.10956396812952533,-0.09911884973533161,0.010445118394193723
Latest observation per entity,water_pct,pearson,THA,Thailand,1,-0.10956396812952533,-0.1064017069835365,0.0031622611459888317
Latest observation per entity,water_pct,pearson,TUN,Tunisia,1,-0.10956396812952533,-0.10735354281506887,0.002210425314456463
Latest observation per entity,water_pct,pearson,TUR,Turkey,1,-0.10956396812952533,-0.11414215866435856,0.004578190534833229
Latest observation per entity,water_pct,pearson,TZA,Tanzania,1,-0.10956396812952533,-0.10076129937337423,0.0088026687561511
Latest observation per entity,water_pct,pearson,UGA,Uganda,1,-0.10956396812952533,-0.14741310373110122,0.03784913560157589
Latest observation per entity,water_pct,pearson,URY,Uruguay,1,-0.10956396812952533,-0.11129137726065245,0.0017274091311271222
Latest observation per entity,water_pct,pearson,USA,United States,1,-0.10956396812952533,-0.10221412874001917,0.00734983938950616
Latest observation per entity,water_pct,pearson,ZAF,South Africa,1,-0.10956396812952533,-0.10995498336486893,0.0003910152353436003
Latest observation per entity,water_pct,spearman,ALB,Albania,1,-0.3929324353909594,-0.3887986236022102,0.00413381178874922
Latest observation per entity,water_pct,spearman,ARG,Argentina,1,-0.3929324353909594,-0.4012279880334746,0.008295552642515192
Latest observation per entity,water_pct,spearman,ARM,Armenia,1,-0.3929324353909594,-0.3985853166448287,0.005652881253869313
Latest observation per entity,water_pct,spearman,AUS,Australia,1,-0.3929324353909594,-0.3904970229024784,0.0024354124884810036
Latest observation per entity,water_pct,spearman,AUT,Austria,1,-0.3929324353909594,-0.38676376663295287,0.006168668758006535
Latest observation per entity,water_pct,spearman,AZE,Azerbaijan,1,-0.3929324353909594,-0.38587406726544204,0.007058368125517356
Latest observation per entity,water_pct,spearman,BEL,Belgium,1,-0.3929324353909594,-0.3779787049763423,0.014953730414617117
Latest observation per entity,water_pct,spearman,BGR,Bulgaria,1,-0.3929324353909594,-0.3882877071337386,0.004644728257220787
Latest observation per entity,water_pct,spearman,BLR,Belarus,1,-0.3929324353909594,-0.39114179223347617,0.0017906431574832293
Latest observation per entity,water_pct,spearman,BOL,Bolivia,1,-0.3929324353909594,-0.3965504596755714,0.003618024284611998
Latest observation per entity,water_pct,spearman,BRA,Brazil,1,-0.3929324353909594,-0.38927430445216643,0.0036581309387929695
Latest observation per entity,water_pct,spearman,BTN,Bhutan,1,-0.3929324353909594,-0.394665354085004,0.0017329186940446273
Latest observation per entity,water_pct,spearman,CAN,Canada,1,-0.3929324353909594,-0.3904723154816859,0.0024601199092734727
Latest observation per entity,water_pct,spearman,CHE,Switzerland,1,-0.3929324353909594,-0.3787300456114694,0.01420238977949001
Latest observation per entity,water_pct,spearman,CHL,Chile,1,-0.3929324353909594,-0.3957488493543488,0.002816413963389386
Latest observation per entity,water_pct,spearman,CHN,China,1,-0.3929324353909594,-0.3966103757988087,0.0036779404078493005
Latest observation per entity,water_pct,spearman,CMR,Cameroon,1,-0.3929324353909594,-0.39394302390544084,0.0010105885144814364
Latest observation per entity,water_pct,spearman,COL,Colombia,1,-0.3929324353909594,-0.4071828075625566,0.014250372171597192
Latest observation per entity,water_pct,spearman,CRI,Costa Rica,1,-0.3929324353909594,-0.40385304161286284,0.01092060622190344
Latest observation per entity,water_pct,spearman,CUB,Cuba,1,-0.3929324353909594,-0.39799512003469784,0.005062684643738435
Latest observation per entity,water_pct,spearman,DEU,Germany,1,-0.3929324353909594,-0.3781900926102014,0.014742342780757978
Latest observation per entity,water_pct,spearman,DNK,Denmark,1,-0.3929324353909594,-0.3786155298512947,0.014316905539664693
Latest observation per entity,water_pct,spearman,DOM,Dominican Republic,1,-0.3929324353909594,-0.3948503410822092,0.0019179056912497772
Latest observation per entity,water_pct,spearman,DZA,Algeria,1,-0.3929324353909594,-0.38786487971155525,0.005067555679404145
Latest observation per entity,water_pct,spearman,ECU,Ecuador,1,-0.3929324353909594,-0.3873187276245685,0.0056137077663909185
Latest observation per entity,water_pct,spearman,EGY,"Egypt, Arab Rep.",1,-0.3929324353909594,-0.40217934973338715,0.009246914342427748
Latest observation per entity,water_pct,spearman,ESP,Spain,1,-0.3929324353909594,-0.39394302390544084,0.0010105885144814364
Latest observation per entity,water_pct,spearman,EST,Estonia,1,-0.3929324353909594,-0.3850636480395907,0.0078687873513687
Latest observation per entity,water_pct,spearman,ETH,Ethiopia,1,-0.3929324353909594,-0.38553932888954695,0.00739310650141245
Latest observation per entity,water_pct,spearman,FIN,Finland,1,-0.3929324353909594,-0.37720361698552535,0.015728818405434053
Latest observation per entity,water_pct,spearman,FJI,Fiji,1,-0.3929324353909594,-0.3932295026305065,0.0002970672395470886
Latest observation per entity,water_pct,spearman,FRA,France,1,-0.3929324353909594,-0.3787300456114694,0.01420238977949001
Latest observation per entity,water_pct,spearman,GBR,United Kingdom,1,-0.3929324353909594,-0.3779787049763423,0.014953730414617117
Latest observation per entity,water_pct,spearman,GHA,Ghana,1,-0.3929324353909594,-0.39626857472744925,0.0033361393364898517
Latest observation per entity,water_pct,spearman,GRC,Greece,1,-0.3929324353909594,-0.39788941317915194,0.00495697778819254
Latest observation per entity,water_pct,spearman,GTM,Guatemala,1,-0.3929324353909594,-0.3890805085503324,0.003851926840627018
Latest observation per entity,water_pct,spearman,HKG,"Hong Kong SAR, China",1,-0.3929324353909594,-0.3851253103719924,0.0078071250189670205
Latest observation per entity,water_pct,spearman,HND,Honduras,1,-0.3929324353909594,-0.39045469767242824,0.002477737718531159
Latest observation per entity,water_pct,spearman,HUN,Hungary,1,-0.3929324353909594,-0.39325592934439285,0.00032349395343345133
Latest observation per entity,water_pct,spearman,IRL,Ireland,1,-0.3929324353909594,-0.39507937260255854,0.0021469372115991425
Latest observation per entity,water_pct,spearman,IRN,"Iran, Islamic Rep.",1,-0.3929324353909594,-0.394128010902646,0.0011955755116865863
Latest observation per entity,water_pct,spearman,IRQ,Iraq,1,-0.3929324353909594,-0.383143306830508,0.009789128560451388
Latest observation per entity,water_pct,spearman,ITA,Italy,1,-0.3929324353909594,-0.4022410120657888,0.009308576674829427
Latest observation per entity,water_pct,spearman,JPN,Japan,1,-0.3929324353909594,-0.397739661800462,0.004807226409502596
Latest observation per entity,water_pct,spearman,KAZ,Kazakhstan,1,-0.3929324353909594,-0.3941632465211613,0.0012308111302019031
Latest observation per entity,water_pct,spearman,KGZ,Kyrgyz Republic,1,-0.3929324353909594,-0.40693615823294965,0.014003722841990252
Latest observation per entity,water_pct,spearman,KHM,Cambodia,1,-0.3929324353909594,-0.39394302390544084,0.0010105885144814364
Latest observation per entity,water_pct,spearman,KOR,"Korea, Rep.",1,-0.3929324353909594,-0.3903049462937383,0.002627489097221103
Latest observation per entity,water_pct,spearman,LAO,Lao PDR,1,-0.3929324353909594,-0.430552831542815,0.037620396151855584
Latest observation per entity,water_pct,spearman,LBR,Liberia,1,-0.3929324353909594,-0.4327374398907623,0.0398050044998029
Latest observation per entity,water_pct,spearman,LSO,Lesotho,1,-0.3929324353909594,-0.4059847965330372,0.013052361142077806
Latest observation per entity,water_pct,spearman,LTU,Lithuania,1,-0.3929324353909594,-0.39503532807941444,0.002102892688455038
Latest observation per entity,water_pct,spearman,LUX,Luxembourg,1,-0.3929324353909594,-0.38194222311120163,0.010990212279757772
Latest observation per entity,water_pct,spearman,LVA,Latvia,1,-0.3929324353909594,-0.3915470018464019,0.0013854335445575017
Latest observation per entity,water_pct,spearman,MAR,Morocco,1,-0.3929324353909594,-0.38132867247697116,0.011603762913988236
Latest observation per entity,water_pct,spearman,MDA,Moldova,1,-0.3929324353909594,-0.4061257390070983,0.013193303616138907
Latest observation per entity,water_pct,spearman,MEX,Mexico,1,-0.3929324353909594,-0.40096372089461,0.00803128550365062
Latest observation per entity,water_pct,spearman,MKD,North Macedonia,1,-0.3929324353909594,-0.39203149160098694,0.0009009437899724637
Latest observation per entity,water_pct,spearman,MLT,Malta,1,-0.3929324353909594,-0.4031923737657014,0.010259938374741984
Latest observation per entity,water_pct,spearman,MNG,Mongolia,1,-0.3929324353909594,-0.3942953800905936,0.0013629446996342165
Latest observation per entity,water_pct,spearman,MUS,Mauritius,1,-0.3929324353909594,-0.4032011826703301,0.010268747279370716
Latest observation per entity,water_pct,spearman,MWI,Malawi,1,-0.3929324353909594,-0.4172337677440398,0.024301332353080407
Latest observation per entity,water_pct,spearman,MYS,Malaysia,1,-0.3929324353909594,-0.395836938400637,0.0029045030096775948
Latest observation per entity,water_pct,spearman,NLD,Netherlands,1,-0.3929324353909594,-0.37771447043401835,0.015217964956941055
Latest observation per entity,water_pct,spearman,NOR,Norway,1,-0.3929324353909594,-0.3760433296996794,0.016889105691279993
Latest observation per entity,water_pct,spearman,NZL,New Zealand,1,-0.3929324353909594,-0.38368617109053976,0.009246264300419638
Latest observation per entity,water_pct,spearman,OMN,Oman,1,-0.3929324353909594,-0.39470058970351923,0.0017681543125598331
Latest observation per entity,water_pct,spearman,PAK,Pakistan,1,-0.3929324353909594,-0.3854160042247435,0.00751643116621592
Latest observation per entity,water_pct,spearman,PAN,Panama,1,-0.3929324353909594,-0.39211077174264636,0.0008216636483130424
Latest observation per entity,water_pct,spearman,PER,Peru,1,-0.3929324353909594,-0.38684304677461223,0.006089388616347169
Latest observation per entity,water_pct,spearman,POL,Poland,1,-0.3929324353909594,-0.39614525006264567,0.0032128146716862704
Latest observation per entity,water_pct,spearman,PRT,Portugal,1,-0.3929324353909594,-0.3862264234505948,0.006706011940364576
Latest observation per entity,water_pct,spearman,PRY,Paraguay,1,-0.3929324353909594,-0.3935466231971439,0.0006141878061844963
Latest observation per entity,water_pct,spearman,PSE,West Bank and Gaza,1,-0.3929324353909594,-0.40235552782596357,0.009423092435004166
Latest observation per entity,water_pct,spearman,QAT,Qatar,1,-0.3929324353909594,-0.3806239601066656,0.012308475284293796
Latest observation per entity,water_pct,spearman,ROU,Romania,1,-0.3929324353909594,-0.3944669404173572,0.0015345050263977922
Latest observation per entity,water_pct,spearman,RUS,Russian Federation,1,-0.3929324353909594,-0.3928771464453536,5.528894560580255e-05
Latest observation per entity,water_pct,spearman,SLV,El Salvador,1,-0.3929324353909594,-0.3899085455854414,0.0030238898055179875
Latest observation per entity,water_pct,spearman,SRB,Serbia,1,-0.3929324353909594,-0.3923133765491092,0.0006190588418502063
Latest observation per entity,water_pct,spearman,SVN,Slovenia,1,-0.3929324353909594,-0.39040184424465535,0.002530591146304051
Latest observation per entity,water_pct,spearman,SWE,Sweden,1,-0.3929324353909594,-0.38237693212780066,0.010555503263158739
Latest observation per entity,water_pct,spearman,THA,Thailand,1,-0.3929324353909594,-0.38901003731330186,0.003922398077657541
Latest observation per entity,water_pct,spearman,TUN,Tunisia,1,-0.3929324353909594,-0.3852750617506823,0.0076573736402770765
Latest observation per entity,water_pct,spearman,TUR,Turkey,1,-0.3929324353909594,-0.3922429053120786,0.0006895300788807845
Latest observation per entity,water_pct,spearman,TZA,Tanzania,1,-0.3929324353909594,-0.38708969610421917,0.005842739286740228
Latest observation per entity,water_pct,spearman,UGA,Uganda,1,-0.3929324353909594,-0.41900435757443255,0.02607192218347315
Latest observation per entity,water_pct,spearman,URY,Uruguay,1,-0.3929324353909594,-0.39664735762648834,0.003714922235528939
Latest observation per entity,water_pct,spearman,USA,United States,1,-0.3929324353909594,-0.382412167746316,0.010520267644643422
Latest observation per entity,water_pct,spearman,ZAF,South Africa,1,-0.3929324353909594,-0.4008580140390641,0.007925578648104725
Latest observation per entity,clean_cooking_pct,pearson,ALB,Albania,1,-0.009569485014003575,-0.0007437884955724026,0.008825696518431172
Latest observation per entity,clean_cooking_pct,pearson,ARG,Argentina,1,-0.009569485014003575,-0.015965501692212666,0.0063960166782090905
Latest observation per entity,clean_cooking_pct,pearson,ARM,Armenia,1,-0.009569485014003575,-0.01818795172975835,0.008618466715754773
Latest observation per entity,clean_cooking_pct,pearson,AUS,Australia,1,-0.009569485014003575,-0.00775601697821413,0.0018134680357894456
Latest observation per entity,clean_cooking_pct,pearson,AUT,Austria,1,-0.009569485014003575,-0.007007215847439043,0.002562269166564532
Latest observation per entity,clean_cooking_pct,pearson,AZE,Azerbaijan,1,-0.009569485014003575,-0.015322102790208191,0.005752617776204616
Latest observation per entity,clean_cooking_pct,pearson,BEL,Belgium,1,-0.009569485014003575,-0.0014393798886361269,0.008130105125367448
Latest observation per entity,clean_cooking_pct,pearson,BLR,Belarus,1,-0.009569485014003575,-0.008157733700433564,0.0014117513135700113
Latest observation per entity,clean_cooking_pct,pearson,BOL,Bolivia,1,-0.009569485014003575,-0.008823087087686029,0.0007463979263175463
Latest observation per entity,clean_cooking_pct,pearson,BRA,Brazil,1,-0.009569485014003575,-0.0040152506065327205,0.005554234407470855
Latest observation per entity,clean_cooking_pct,pearson,BTN,Bhutan,1,-0.009569485014003575,-0.009702194334420057,0.0001327093204164815
Latest observation per entity,clean_cooking_pct,pearson,CAN,Canada,1,-0.009569485014003575,3.102057534253386e-05,0.009600505589346109
Latest observation per entity,clean_cooking_pct,pearson,CHE,Switzerland,1,-0.009569485014003575,-0.0017837840567293383,0.007785700957274237
Latest observation per entity,clean_cooking_pct,pearson,CHL,Chile,1,-0.009569485014003575,-0.012679178877006045,0.00310969386300247
Latest observation per entity,clean_cooking_pct,pearson,CHN,China,1,-0.009569485014003575,-0.009716321791353075,0.0001468367773494999
Latest observation per entity,clean_cooking_pct,pearson,CMR,Cameroon,1,-0.009569485014003575,-0.005585657260676499,0.003983827753327076
Latest observation per entity,clean_cooking_pct,pearson,COL,Colombia,1,-0.009569485014003575,-0.0029124005722835264,0.006657084441720048
Latest observation per entity,clean_cooking_pct,pearson,CRI,Costa Rica,1,-0.009569485014003575,-0.013882852534800597,0.004313367520797022
Latest observation per entity,clean_cooking_pct,pearson,CUB,Cuba,1,-0.009569485014003575,-0.007399074636374158,0.0021704103776294175
Latest observation per entity,clean_cooking_pct,pearson,DEU,Germany,1,-0.009569485014003575,-0.0017325218454329943,0.00783696316857058
Latest observation per entity,clean_cooking_pct,pearson,DNK,Denmark,1,-0.009569485014003575,0.001139814101779245,0.01070929911578282
Latest observation per entity,clean_cooking_pct,pearson,DOM,Dominican Republic,1,-0.009569485014003575,-0.01163375944659392,0.002064274432590345
Latest observation per entity,clean_cooking_pct,pearson,DZA,Algeria,1,-0.009569485014003575,-0.02260246636084448,0.013032981346840906
Latest observation per entity,clean_cooking_pct,pearson,ECU,Ecuador,1,-0.009569485014003575,-0.015107634551145093,0.005538149537141518
Latest observation per entity,clean_cooking_pct,pearson,EGY,"Egypt, Arab Rep.",1,-0.009569485014003575,-0.02676057226838009,0.017191087254376514
Latest observation per entity,clean_cooking_pct,pearson,ESP,Spain,1,-0.009569485014003575,-0.009334295064905022,0.00023518994909855345
Latest observation per entity,clean_cooking_pct,pearson,EST,Estonia,1,-0.009569485014003575,-0.00253736255982607,0.007032122454177505
Latest observation per entity,clean_cooking_pct,pearson,ETH,Ethiopia,1,-0.009569485014003575,0.006476000733390148,0.01604548574739372
Latest observation per entity,clean_cooking_pct,pearson,FIN,Finland,1,-0.009569485014003575,0.0005403560371505343,0.01010984105115411
Latest observation per entity,clean_cooking_pct,pearson,FJI,Fiji,1,-0.009569485014003575,-0.011576231262642607,0.0020067462486390315
Latest observation per entity,clean_cooking_pct,pearson,FRA,France,1,-0.009569485014003575,-0.002221793898267487,0.007347691115736088
Latest observation per entity,clean_cooking_pct,pearson,GBR,United Kingdom,1,-0.009569485014003575,-0.0011826258062057398,0.008386859207797834
Latest observation per entity,clean_cooking_pct,pearson,GHA,Ghana,1,-0.009569485014003575,-0.007259894190986711,0.002309590823016864
Latest observation per entity,clean_cooking_pct,pearson,GRC,Greece,1,-0.009569485014003575,-0.010673450278909999,0.0011039652649064233
Latest observation per entity,clean_cooking_pct,pearson,GTM,Guatemala,1,-0.009569485014003575,0.014039374662765515,0.023608859676769088
Latest observation per entity,clean_cooking_pct,pearson,HND,Honduras,1,-0.009569485014003575,-0.0005728430175810004,0.008996641996422574
Latest observation per entity,clean_cooking_pct,pearson,HUN,Hungary,1,-0.009569485014003575,-0.007498783828788231,0.0020707011852153442
Latest observation per entity,clean_cooking_pct,pearson,IRL,Ireland,1,-0.009569485014003575,-0.011528191367873567,0.0019587063538699916
Latest observation per entity,clean_cooking_pct,pearson,IRN,"Iran, Islamic Rep.",1,-0.009569485014003575,-0.01747632936237067,0.007906844348367095
Latest observation per entity,clean_cooking_pct,pearson,IRQ,Iraq,1,-0.009569485014003575,-0.01875219829000076,0.009182713275997186
Latest observation per entity,clean_cooking_pct,pearson,ITA,Italy,1,-0.009569485014003575,-0.012238227844107758,0.0026687428301041833
Latest observation per entity,clean_cooking_pct,pearson,JPN,Japan,1,-0.009569485014003575,-0.01226274733686397,0.0026932623228603948
Latest observation per entity,clean_cooking_pct,pearson,KAZ,Kazakhstan,1,-0.009569485014003575,-0.01225130535354005,0.002681820339536475
Latest observation per entity,clean_cooking_pct,pearson,KGZ,Kyrgyz Republic,1,-0.009569485014003575,-0.010987324908535096,0.0014178398945315206
Latest observation per entity,clean_cooking_pct,pearson,KHM,Cambodia,1,-0.009569485014003575,-0.0045159207468883885,0.005053564267115187
Latest observation per entity,clean_cooking_pct,pearson,KOR,"Korea, Rep.",1,-0.009569485014003575,-0.00824128270948895,0.0013282023045146259
Latest observation per entity,clean_cooking_pct,pearson,LAO,Lao PDR,1,-0.009569485014003575,-0.059946866276104585,0.050377381262101006
Latest observation per entity,clean_cooking_pct,pearson,LBR,Liberia,1,-0.009569485014003575,-0.06333459642029515,0.053765111406291574
Latest observation per entity,clean_cooking_pct,pearson,LSO,Lesotho,1,-0.009569485014003575,-0.016168988852336377,0.006599503838332802
Latest observation per entity,clean_cooking_pct,pearson,LTU,Lithuania,1,-0.009569485014003575,-0.00824372909842838,0.0013257559155751952
Latest observation per entity,clean_cooking_pct,pearson,LUX,Luxembourg,1,-0.009569485014003575,-0.004118137231446169,0.0054513477825574065
Latest observation per entity,clean_cooking_pct,pearson,LVA,Latvia,1,-0.009569485014003575,-0.007270982391766627,0.0022985026222369486
Latest observation per entity,clean_cooking_pct,pearson,MAR,Morocco,1,-0.009569485014003575,-0.02101604849267104,0.011446563478667463
Latest observation per entity,clean_cooking_pct,pearson,MDA,Moldova,1,-0.009569485014003575,-0.007592592720672684,0.001976892293330891
Latest observation per entity,clean_cooking_pct,pearson,MEX,Mexico,1,-0.009569485014003575,-0.011999986851791057,0.0024305018377874816
Latest observation per entity,clean_cooking_pct,pearson,MKD,North Macedonia,1,-0.009569485014003575,-0.009908808737543864,0.0003393237235402892
Latest observation per entity,clean_cooking_pct,pearson,MLT,Malta,1,-0.009569485014003575,-0.011772817501077691,0.002203332487074116
Latest observation per entity,clean_cooking_pct,pearson,MNG,Mongolia,1,-0.009569485014003575,-0.006222910996371109,0.0033465740176324664
Latest observation per entity,clean_cooking_pct,pearson,MUS,Mauritius,1,-0.009569485014003575,-0.01438305586410379,0.004813570850100216
Latest observation per entity,clean_cooking_pct,pearson,MWI,Malawi,1,-0.009569485014003575,-0.03315977838100637,0.023590293367002798
Latest observation per entity,clean_cooking_pct,pearson,MYS,Malaysia,1,-0.009569485014003575,-0.013789616533157271,0.004220131519153696
Latest observation per entity,clean_cooking_pct,pearson,NLD,Netherlands,1,-0.009569485014003575,-0.0008276949657864223,0.008741790048217154
Latest observation per entity,clean_cooking_pct,pearson,NOR,Norway,1,-0.009569485014003575,0.003647554041521753,0.013217039055525327
Latest observation per entity,clean_cooking_pct,pearson,NZL,New Zealand,1,-0.009569485014003575,-0.004360932949732963,0.005208552064270612
Latest observation per entity,clean_cooking_pct,pearson,OMN,Oman,1,-0.009569485014003575,-0.011161591118578977,0.0015921061045754015
Latest observation per entity,clean_cooking_pct,pearson,PAK,Pakistan,1,-0.009569485014003575,0.025556317588756768,0.03512580260276034
Latest observation per entity,clean_cooking_pct,pearson,PAN,Panama,1,-0.009569485014003575,-0.009391327964257798,0.0001781570497457769
Latest observation per entity,clean_cooking_pct,pearson,PER,Peru,1,-0.009569485014003575,-0.003810278229643934,0.005759206784359641
Latest observation per entity,clean_cooking_pct,pearson,POL,Poland,1,-0.009569485014003575,-0.0058163517541942435,0.0037531332598093317
Latest observation per entity,clean_cooking_pct,pearson,PRT,Portugal,1,-0.009569485014003575,-0.004483182825571166,0.0050863021884324094
Latest observation per entity,clean_cooking_pct,pearson,PRY,Paraguay,1,-0.009569485014003575,-0.009913112171626246,0.000343627157622671
Latest observation per entity,clean_cooking_pct,pearson,QAT,Qatar,1,-0.009569485014003575,-0.0016836780161449648,0.00788580699785861
Latest observation per entity,clean_cooking_pct,pearson,ROU,Romania,1,-0.009569485014003575,-0.00811995084348012,0.0014495341705234553
Latest observation per entity,clean_cooking_pct,pearson,RUS,Russian Federation,1,-0.009569485014003575,-0.009212757870227219,0.00035672714377635653
Latest observation per entity,clean_cooking_pct,pearson,SLV,El Salvador,1,-0.009569485014003575,-0.0114840267802359,0.0019145417662323246
Latest observation per entity,clean_cooking_pct,pearson,SRB,Serbia,1,-0.009569485014003575,-0.009585101164970767,1.561615096719142e-05
Latest observation per entity,clean_cooking_pct,pearson,SVN,Slovenia,1,-0.009569485014003575,-0.00775603444334081,0.0018134505706627656
Latest observation per entity,clean_cooking_pct,pearson,SWE,Sweden,1,-0.009569485014003575,0.003216681958548215,0.01278616697255179
Latest observation per entity,clean_cooking_pct,pearson,THA,Thailand,1,-0.009569485014003575,-0.010051072627558296,0.00048158761355472125
Latest observation per entity,clean_cooking_pct,pearson,TUN,Tunisia,1,-0.009569485014003575,-0.023989640310676786,0.01442015529667321
Latest observation per entity,clean_cooking_pct,pearson,TUR,Turkey,1,-0.009569485014003575,-0.016100277148550595,0.00653079213454702
Latest observation per entity,clean_cooking_pct,pearson,TZA,Tanzania,1,-0.009569485014003575,0.002965390232632952,0.012534875246636528
Latest observation per entity,clean_cooking_pct,pearson,UGA,Uganda,1,-0.009569485014003575,-0.036179288997213475,0.0266098039832099
Latest observation per entity,clean_cooking_pct,pearson,URY,Uruguay,1,-0.009569485014003575,-0.011352420750521074,0.0017829357365174991
Latest observation per entity,clean_cooking_pct,pearson,USA,United States,1,-0.009569485014003575,-0.0011459181145978916,0.008423566899405684
Latest observation per entity,clean_cooking_pct,pearson,ZAF,South Africa,1,-0.009569485014003575,-0.010023964486488828,0.000454479472485253
Latest observation per entity,clean_cooking_pct,spearman,ALB,Albania,1,-0.290310959621768,-0.27938599110565215,0.010924968516115852
Latest observation per entity,clean_cooking_pct,spearman,ARG,Argentina,1,-0.290310959621768,-0.2914232143240204,0.001112254702252402
Latest observation per entity,clean_cooking_pct,spearman,ARM,Armenia,1,-0.290310959621768,-0.2908912114986132,0.0005802518768451836
Latest observation per entity,clean_cooking_pct,spearman,AUS,Australia,1,-0.290310959621768,-0.2869580192194356,0.003352940402332416
Latest observation per entity,clean_cooking_pct,spearman,AUT,Austria,1,-0.290310959621768,-0.2835897064371842,0.006721253184583831
Latest observation per entity,clean_cooking_pct,spearman,AZE,Azerbaijan,1,-0.290310959621768,-0.2884241095560541,0.0018868500657139298
Latest observation per entity,clean_cooking_pct,spearman,BEL,Belgium,1,-0.290310959621768,-0.27726704402150126,0.013043915600266742
Latest observation per entity,clean_cooking_pct,spearman,BLR,Belarus,1,-0.290310959621768,-0.28734279967372606,0.0029681599480419485
Latest observation per entity,clean_cooking_pct,spearman,BOL,Bolivia,1,-0.290310959621768,-0.2919638692651844,0.0016529096434164114
Latest observation per entity,clean_cooking_pct,spearman,BRA,Brazil,1,-0.290310959621768,-0.29192306511868144,0.0016121054969134296
Latest observation per entity,clean_cooking_pct,spearman,BTN,Bhutan,1,-0.290310959621768,-0.30054294106742824,0.010231981445660232
Latest observation per entity,clean_cooking_pct,spearman,CAN,Canada,1,-0.290310959621768,-0.27726704402150126,0.013043915600266742
Latest observation per entity,clean_cooking_pct,spearman,CHE,Switzerland,1,-0.290310959621768,-0.27726704402150126,0.013043915600266742
Latest observation per entity,clean_cooking_pct,spearman,CHL,Chile,1,-0.290310959621768,-0.29884744966216803,0.008536490040400024
Latest observation per entity,clean_cooking_pct,spearman,CHN,China,1,-0.290310959621768,-0.2987665010077682,0.008455541386000187
Latest observation per entity,clean_cooking_pct,spearman,CMR,Cameroon,1,-0.290310959621768,-0.29233110658371086,0.002020146961942859
Latest observation per entity,clean_cooking_pct,spearman,COL,Colombia,1,-0.290310959621768,-0.31218232385739275,0.021871364235624746
Latest observation per entity,clean_cooking_pct,spearman,CRI,Costa Rica,1,-0.290310959621768,-0.29035210547831813,4.114585655012881e-05
Latest observation per entity,clean_cooking_pct,spearman,CUB,Cuba,1,-0.290310959621768,-0.29739082075007583,0.007079861128307829
Latest observation per entity,clean_cooking_pct,spearman,DEU,Germany,1,-0.290310959621768,-0.27726704402150126,0.013043915600266742
Latest observation per entity,clean_cooking_pct,spearman,DNK,Denmark,1,-0.290310959621768,-0.27726704402150126,0.013043915600266742
Latest observation per entity,clean_cooking_pct,spearman,DOM,Dominican Republic,1,-0.290310959621768,-0.2893728059622475,0.0009381536595204909
Latest observation per entity,clean_cooking_pct,spearman,DZA,Algeria,1,-0.290310959621768,-0.2934328185392903,0.0031218589175223133
Latest observation per entity,clean_cooking_pct,spearman,ECU,Ecuador,1,-0.290310959621768,-0.2897589024624108,0.0005520571593571888
Latest observation per entity,clean_cooking_pct,spearman,EGY,"Egypt, Arab Rep.",1,-0.290310959621768,-0.2962891087944964,0.005978149172728375
Latest observation per entity,clean_cooking_pct,spearman,ESP,Spain,1,-0.290310959621768,-0.29084755364746967,0.0005365940257016644
Latest observation per entity,clean_cooking_pct,spearman,EST,Estonia,1,-0.290310959621768,-0.27726704402150126,0.013043915600266742
Latest observation per entity,clean_cooking_pct,spearman,ETH,Ethiopia,1,-0.290310959621768,-0.2812425797715361,0.0090683798502319
Latest observation per entity,clean_cooking_pct,spearman,FIN,Finland,1,-0.290310959621768,-0.27726704402150126,0.013043915600266742
Latest observation per entity,clean_cooking_pct,spearman,FJI,Fiji,1,-0.290310959621768,-0.29551383001094045,0.005202870389172443
Latest observation per entity,clean_cooking_pct,spearman,FRA,France,1,-0.290310959621768,-0.27726704402150126,0.013043915600266742
Latest observation per entity,clean_cooking_pct,spearman,GBR,United Kingdom,1,-0.290310959621768,-0.27726704402150126,0.013043915600266742
Latest observation per entity,clean_cooking_pct,spearman,GHA,Ghana,1,-0.290310959621768,-0.29326960195327856,0.0029586423315105526
Latest observation per entity,clean_cooking_pct,spearman,GRC,Greece,1,-0.290310959621768,-0.29406987516800254,0.0037589155462345314
Latest observation per entity,clean_cooking_pct,spearman,GTM,Guatemala,1,-0.290310959621768,-0.2778456345751661,0.012465325046601916
Latest observation per entity,clean_cooking_pct,spearman,HND,Honduras,1,-0.290310959621768,-0.28289514770490526,0.007415811916862747
Latest observation per entity,clean_cooking_pct,spearman,HUN,Hungary,1,-0.290310959621768,-0.28533809540100646,0.0049728642207615414
Latest observation per entity,clean_cooking_pct,spearman,IRL,Ireland,1,-0.290310959621768,-0.296489157571431,0.006178197949663011
Latest observation per entity,clean_cooking_pct,spearman,IRN,"Iran, Islamic Rep.",1,-0.290310959621768,-0.2919944723750616,0.0016835127532935923
Latest observation per entity,clean_cooking_pct,spearman,IRQ,Iraq,1,-0.290310959621768,-0.2886995375449489,0.0016114220768190801
Latest observation per entity,clean_cooking_pct,spearman,ITA,Italy,1,-0.290310959621768,-0.29755648804353185,0.007245528421763847
Latest observation per entity,clean_cooking_pct,spearman,JPN,Japan,1,-0.290310959621768,-0.29755648804353185,0.007245528421763847
Latest observation per entity,clean_cooking_pct,spearman,KAZ,Kazakhstan,1,-0.290310959621768,-0.28883061307237107,0.001480346549396938
Latest observation per entity,clean_cooking_pct,spearman,KGZ,Kyrgyz Republic,1,-0.290310959621768,-0.3052966241350211,0.014985664513253116
Latest observation per entity,clean_cooking_pct,spearman,KHM,Cambodia,1,-0.290310959621768,-0.2909233635293593,0.000612403907591319
Latest observation per entity,clean_cooking_pct,spearman,KOR,"Korea, Rep.",1,-0.290310959621768,-0.2878082030650111,0.0025027565567569132
Latest observation per entity,clean_cooking_pct,spearman,LAO,Lao PDR,1,-0.290310959621768,-0.33106444265162976,0.04075348302986176
Latest observation per entity,clean_cooking_pct,spearman,LBR,Liberia,1,-0.290310959621768,-0.33500204278916373,0.04469108316739573
Latest observation per entity,clean_cooking_pct,spearman,LSO,Lesotho,1,-0.290310959621768,-0.30475596919385706,0.014445009572089051
Latest observation per entity,clean_cooking_pct,spearman,LTU,Lithuania,1,-0.290310959621768,-0.2878082030650111,0.0025027565567569132
Latest observation per entity,clean_cooking_pct,spearman,LUX,Luxembourg,1,-0.290310959621768,-0.28006243335319386,0.010248526268574143
Latest observation per entity,clean_cooking_pct,spearman,LVA,Latvia,1,-0.290310959621768,-0.28533809540100646,0.0049728642207615414
Latest observation per entity,clean_cooking_pct,spearman,MAR,Morocco,1,-0.290310959621768,-0.29322879780677563,0.0029178381850076263
Latest observation per entity,clean_cooking_pct,spearman,MDA,Moldova,1,-0.290310959621768,-0.2952368299618762,0.004925870340108218
Latest observation per entity,clean_cooking_pct,spearman,MEX,Mexico,1,-0.290310959621768,-0.2866695312564275,0.003641428365340482
Latest observation per entity,clean_cooking_pct,spearman,MKD,North Macedonia,1,-0.290310959621768,-0.2935552309787992,0.003244271357031203
Latest observation per entity,clean_cooking_pct,spearman,MLT,Malta,1,-0.290310959621768,-0.29755648804353185,0.007245528421763847
Latest observation per entity,clean_cooking_pct,spearman,MNG,Mongolia,1,-0.290310959621768,-0.2880058670543989,0.0023050925673691047
Latest observation per entity,clean_cooking_pct,spearman,MUS,Mauritius,1,-0.290310959621768,-0.2903913633655148,8.040374374679304e-05
Latest observation per entity,clean_cooking_pct,spearman,MWI,Malawi,1,-0.290310959621768,-0.3163341457640672,0.026023186142299204
Latest observation per entity,clean_cooking_pct,spearman,MYS,Malaysia,1,-0.290310959621768,-0.29039290962482106,8.195000305305511e-05
Latest observation per entity,clean_cooking_pct,spearman,NLD,Netherlands,1,-0.290310959621768,-0.27726704402150126,0.013043915600266742
Latest observation per entity,clean_cooking_pct,spearman,NOR,Norway,1,-0.290310959621768,-0.27468512078422885,0.015625838837539152
Latest observation per entity,clean_cooking_pct,spearman,NZL,New Zealand,1,-0.290310959621768,-0.28137372507606057,0.00893723454570744
Latest observation per entity,clean_cooking_pct,spearman,OMN,Oman,1,-0.290310959621768,-0.296489157571431,0.006178197949663011
Latest observation per entity,clean_cooking_pct,spearman,PAK,Pakistan,1,-0.290310959621768,-0.2760196490191593,0.014291310602608687
Latest observation per entity,clean_cooking_pct,spearman,PAN,Panama,1,-0.290310959621768,-0.29084755364746967,0.0005365940257016644
Latest observation per entity,clean_cooking_pct,spearman,PER,Peru,1,-0.290310959621768,-0.2815588119069339,0.008752147714834124
Latest observation per entity,clean_cooking_pct,spearman,POL,Poland,1,-0.290310959621768,-0.28225808461008695,0.00805287501168106
Latest observation per entity,clean_cooking_pct,spearman,PRT,Portugal,1,-0.290310959621768,-0.28137372507606057,0.00893723454570744
Latest observation per entity,clean_cooking_pct,spearman,PRY,Paraguay,1,-0.290310959621768,-0.2944325201286125,0.004121560506844479
Latest observation per entity,clean_cooking_pct,spearman,QAT,Qatar,1,-0.290310959621768,-0.27726704402150126,0.013043915600266742
Latest observation per entity,clean_cooking_pct,spearman,ROU,Romania,1,-0.290310959621768,-0.2878082030650111,0.0025027565567569132
Latest observation per entity,clean_cooking_pct,spearman,RUS,Russian Federation,1,-0.290310959621768,-0.29084755364746967,0.0005365940257016644
Latest observation per entity,clean_cooking_pct,spearman,SLV,El Salvador,1,-0.290310959621768,-0.2880466712009018,0.0022642884208661784
Latest observation per entity,clean_cooking_pct,spearman,SRB,Serbia,1,-0.290310959621768,-0.29071934279684464,0.000408383175076632
Latest observation per entity,clean_cooking_pct,spearman,SVN,Slovenia,1,-0.290310959621768,-0.28739143592828603,0.0029195236934819735
Latest observation per entity,clean_cooking_pct,spearman,SWE,Sweden,1,-0.290310959621768,-0.27468512078422885,0.015625838837539152
Latest observation per entity,clean_cooking_pct,spearman,THA,Thailand,1,-0.290310959621768,-0.30280757119834156,0.012496611576573557
Latest observation per entity,clean_cooking_pct,spearman,TUN,Tunisia,1,-0.290310959621768,-0.2943305097623551,0.00401955014058708
Latest observation per entity,clean_cooking_pct,spearman,TUR,Turkey,1,-0.290310959621768,-0.29070759381706684,0.0003966341952988395
Latest observation per entity,clean_cooking_pct,spearman,TZA,Tanzania,1,-0.290310959621768,-0.2831297715472972,0.007181188074470823
Latest observation per entity,clean_cooking_pct,spearman,UGA,Uganda,1,-0.290310959621768,-0.31804791991719084,0.02773696029542283
Latest observation per entity,clean_cooking_pct,spearman,URY,Uruguay,1,-0.290310959621768,-0.296489157571431,0.006178197949663011
Latest observation per entity,clean_cooking_pct,spearman,USA,United States,1,-0.290310959621768,-0.27726704402150126,0.013043915600266742
Latest observation per entity,clean_cooking_pct,spearman,ZAF,South Africa,1,-0.290310959621768,-0.3005327400308025,0.010221780409034487
