iso3,country_name,region_name,income_level_name,year,window,target_v_employment,p_catch,p_stall,p_fall,regime
AFG,Afghanistan,"Middle East, North Africa, Afghanistan & Pakistan",Low income,2003,2003–2006,0.0042709842379758,0.3542308989231676,0.08319325486250398,0.5625758462143258,Falling behind
AFG,Afghanistan,"Middle East, North Africa, Afghanistan & Pakistan",Low income,2006,2006–2009,0.0089675744332541,0.35971669427990727,0.10706756715901482,0.5332157385610815,Falling behind
AFG,Afghanistan,"Middle East, North Africa, Afghanistan & Pakistan",Low income,2009,2009–2012,0.0099970693868599,0.3748648186071108,0.22843201454643733,0.3967031668464496,Falling behind
AFG,Afghanistan,"Middle East, North Africa, Afghanistan & Pakistan",Low income,2012,2012–2015,0.0466613724958044,0.35540314908285475,0.6445968060081443,4.490900374909927e-08,Stalled
AFG,Afghanistan,"Middle East, North Africa, Afghanistan & Pakistan",Low income,2015,2015–2018,0.0285412627866421,0.2871825248663213,0.7126052128079826,0.00021226232569599113,Stalled
AFG,Afghanistan,"Middle East, North Africa, Afghanistan & Pakistan",Low income,2018,2018–2021,-0.0243900538760023,0.1507029293303761,0.8475895784845208,0.0017074921851033575,Stalled
AFG,Afghanistan,"Middle East, North Africa, Afghanistan & Pakistan",Low income,2021,2021–2024,-0.1989654229028463,1.1610138742099503e-15,1.0,2.090936800208319e-144,Stalled
AGO,Angola,Sub-Saharan Africa ,Lower middle income,2003,2003–2006,-0.000861960188128,0.5694203509154141,0.012878343527881348,0.417701305556706,Catching up
AGO,Angola,Sub-Saharan Africa ,Lower middle income,2006,2006–2009,-0.0053258612739275,0.6565396085990942,0.0073772759592429064,0.33608311544166436,Catching up
AGO,Angola,Sub-Saharan Africa ,Lower middle income,2009,2009–2012,-0.0173669991633277,0.9021249646388911,0.012665969389874522,0.08520906597123482,Catching up
AGO,Angola,Sub-Saharan Africa ,Lower middle income,2012,2012–2015,0.0249966564536739,0.9856888232633454,0.01239164926643998,0.001919527470214571,Catching up
AGO,Angola,Sub-Saharan Africa ,Lower middle income,2015,2015–2018,0.0262417539463211,0.9875910549293975,0.012175155466426356,0.00023378960417566458,Catching up
AGO,Angola,Sub-Saharan Africa ,Lower middle income,2018,2018–2021,0.0186054886538331,0.9821968022384489,0.014749492531138197,0.0030537052304146803,Catching up
AGO,Angola,Sub-Saharan Africa ,Lower middle income,2021,2021–2024,-0.02438596136324,0.9723300043521454,0.024499452036389497,0.0031705436114641545,Catching up
ALB,Albania,Europe & Central Asia,Upper middle income,2003,2003–2006,0.0221108927705555,0.07731768488592207,0.9159314836729086,0.006750831441171508,Stalled
ALB,Albania,Europe & Central Asia,Upper middle income,2006,2006–2009,-0.0808280296471286,0.00020078779949809334,0.9997992122004989,2.4512252352804063e-25,Stalled
ALB,Albania,Europe & Central Asia,Upper middle income,2009,2009–2012,0.1361336332822111,4.624813867228001e-07,0.999999537518612,5.4179467000832646e-68,Stalled
ALB,Albania,Europe & Central Asia,Upper middle income,2012,2012–2015,-0.0214963486810227,0.26620945377986366,0.7188975047993322,0.014893041420805128,Stalled
ALB,Albania,Europe & Central Asia,Upper middle income,2015,2015–2018,0.016532578024583,0.47587513842416623,0.473600104256642,0.050524757319188394,Catching up
ALB,Albania,Europe & Central Asia,Upper middle income,2018,2018–2021,-0.0124511748623626,0.5676019258015851,0.3724953328590207,0.059902741339390934,Catching up
ALB,Albania,Europe & Central Asia,Upper middle income,2021,2021–2024,0.0264424204143831,0.6537286216755493,0.3417820549253848,0.004489323399067918,Catching up
ARE,United Arab Emirates,"Middle East, North Africa, Afghanistan & Pakistan",High income,2003,2003–2006,-0.012215227962269,0.8969100066841248,0.03805372776493222,0.06503626555094615,Catching up
ARE,United Arab Emirates,"Middle East, North Africa, Afghanistan & Pakistan",High income,2006,2006–2009,0.0457731451297758,0.9652179465681512,0.03478203304676124,2.038508404512973e-08,Catching up
ARE,United Arab Emirates,"Middle East, North Africa, Afghanistan & Pakistan",High income,2009,2009–2012,0.0295250403154508,0.9766480106827838,0.023302752918598048,4.923639862055582e-05,Catching up
ARE,United Arab Emirates,"Middle East, North Africa, Afghanistan & Pakistan",High income,2012,2012–2015,0.0332149081385264,0.9822930924153879,0.017679602216402166,2.7305368209249122e-05,Catching up
ARE,United Arab Emirates,"Middle East, North Africa, Afghanistan & Pakistan",High income,2015,2015–2018,0.0007450682009632,0.9519163003267322,0.009476095230342887,0.03860760444292154,Catching up
ARE,United Arab Emirates,"Middle East, North Africa, Afghanistan & Pakistan",High income,2018,2018–2021,0.0224657390474953,0.9853421481900035,0.01175363353901837,0.0029042182709769007,Catching up
ARE,United Arab Emirates,"Middle East, North Africa, Afghanistan & Pakistan",High income,2021,2021–2024,0.0238902923780793,0.9817750193617432,0.015697337570309514,0.002527643067949673,Catching up
ARG,Argentina,Latin America & Caribbean ,Upper middle income,2003,2003–2006,-0.0095831535922545,0.8875038909878014,0.018121050154986964,0.09437505885721184,Catching up
ARG,Argentina,Latin America & Caribbean ,Upper middle income,2006,2006–2009,0.02900250102189,0.9864120103751132,0.013018690685893931,0.0005692989389925923,Catching up
ARG,Argentina,Latin America & Caribbean ,Upper middle income,2009,2009–2012,-0.0161672106274527,0.9853111340432171,0.008115212361444444,0.0065736535953395975,Catching up
ARG,Argentina,Latin America & Caribbean ,Upper middle income,2012,2012–2015,0.0242318165095018,0.9931895499764436,0.005666218770145865,0.0011442312534101198,Catching up
ARG,Argentina,Latin America & Caribbean ,Upper middle income,2015,2015–2018,0.0145114465276318,0.9786618808116779,0.004094503425489636,0.01724361576283116,Catching up
ARG,Argentina,Latin America & Caribbean ,Upper middle income,2018,2018–2021,0.010420055558369,0.962707214294307,0.004782464579328258,0.0325103211263659,Catching up
ARG,Argentina,Latin America & Caribbean ,Upper middle income,2021,2021–2024,0.0201572895665131,0.9707281340613065,0.010582165036726114,0.018689700901966828,Catching up
ARM,Armenia,Europe & Central Asia,Upper middle income,2003,2003–2006,0.0407039950991086,0.7555478402983775,0.2444468508430695,5.308858554960973e-06,Catching up
ARM,Armenia,Europe & Central Asia,Upper middle income,2006,2006–2009,-0.0170697913946027,0.6444120220018579,0.1861299722142241,0.1694580057839182,Catching up
ARM,Armenia,Europe & Central Asia,Upper middle income,2009,2009–2012,0.0036507224219991,0.3075177671537563,0.08719035883231525,0.6052918740139318,Falling behind
ARM,Armenia,Europe & Central Asia,Upper middle income,2012,2012–2015,-0.0035710196841287,0.15903039072834618,0.09362292732393249,0.7473466819477211,Falling behind
ARM,Armenia,Europe & Central Asia,Upper middle income,2015,2015–2018,-0.0005567931204375,0.08802641508298498,0.2123348966360158,0.6996386882810002,Falling behind
ARM,Armenia,Europe & Central Asia,Upper middle income,2018,2018–2021,0.0881359669201352,0.0020177863238686304,0.9979822136761347,4.32185547846139e-28,Stalled
ARM,Armenia,Europe & Central Asia,Upper middle income,2021,2021–2024,-0.0721627477208858,0.0014360537852713992,0.9985639462147257,6.387731586506818e-20,Stalled
AUS,Australia,East Asia & Pacific,High income,2003,2003–2006,0.0093600311674269,0.6635169866538448,0.01932839241549205,0.3171546209306628,Catching up
AUS,Australia,East Asia & Pacific,High income,2006,2006–2009,0.0148870611309334,0.6876449129123927,0.011185149270213298,0.3011699378173957,Catching up
AUS,Australia,East Asia & Pacific,High income,2009,2009–2012,-0.0025283754377021,0.6306757380247417,0.0038906792283312664,0.3654335827469272,Catching up
AUS,Australia,East Asia & Pacific,High income,2012,2012–2015,0.0147232004216638,0.6849929280249243,0.0047609054873624925,0.31024616648771314,Catching up
AUS,Australia,East Asia & Pacific,High income,2015,2015–2018,0.0079856184442092,0.6624270158506758,0.003525419214434524,0.33404756493489146,Catching up
AUS,Australia,East Asia & Pacific,High income,2018,2018–2021,0.0140790222541133,0.691486987843093,0.006492876014311788,0.30202013614259626,Catching up
AUS,Australia,East Asia & Pacific,High income,2021,2021–2024,0.0086949974962349,0.6608997706334984,0.00972410518936508,0.32937612417713746,Catching up
AUT,Austria,Europe & Central Asia,High income,2003,2003–2006,0.0074952262266298,0.8771424746663585,0.01745907007386894,0.10539845525977404,Catching up
AUT,Austria,Europe & Central Asia,High income,2006,2006–2009,0.0314120182066205,0.983578362663422,0.015831943126432345,0.000589694210146767,Catching up
AUT,Austria,Europe & Central Asia,High income,2009,2009–2012,0.0070335214274383,0.9467684553249406,0.007193156429003246,0.046038388246054454,Catching up
AUT,Austria,Europe & Central Asia,High income,2012,2012–2015,0.0205315883662514,0.9571807582466328,0.007422981426676218,0.03539626032669005,Catching up
AUT,Austria,Europe & Central Asia,High income,2015,2015–2018,-0.0083601710597656,0.8368669367909314,0.004109818993938716,0.1590232442151305,Catching up
AUT,Austria,Europe & Central Asia,High income,2018,2018–2021,-0.0004972461230359,0.7926231495226908,0.004462840449814925,0.2029140100274944,Catching up
AUT,Austria,Europe & Central Asia,High income,2021,2021–2024,0.0169501566001702,0.853056879565379,0.014735412226628114,0.13220770820799208,Catching up
AZE,Azerbaijan,Europe & Central Asia,Upper middle income,2003,2003–2006,0.0161015358565344,0.8767930782594474,0.09094754445708589,0.032259377283465805,Catching up
AZE,Azerbaijan,Europe & Central Asia,Upper middle income,2006,2006–2009,-0.0271654608305266,0.8910228315918357,0.09617223581249604,0.01280493259566811,Catching up
AZE,Azerbaijan,Europe & Central Asia,Upper middle income,2009,2009–2012,0.0016578737095194,0.5760872733319106,0.01973238695823938,0.40418033970984907,Catching up
AZE,Azerbaijan,Europe & Central Asia,Upper middle income,2012,2012–2015,-0.0116196023343983,0.47213978377581534,0.009901148806133726,0.5179590674180525,Falling behind
AZE,Azerbaijan,Europe & Central Asia,Upper middle income,2015,2015–2018,0.0037321160347809,0.37490362628424595,0.0035552909669996227,0.6215410827487549,Falling behind
AZE,Azerbaijan,Europe & Central Asia,Upper middle income,2018,2018–2021,0.0103614913723429,0.3711009408105836,0.004643576277472467,0.6242554829119424,Falling behind
AZE,Azerbaijan,Europe & Central Asia,Upper middle income,2021,2021–2024,0.0045992329540993,0.3670003125151563,0.008148978027787971,0.6248507094570548,Falling behind
BDI,Burundi,Sub-Saharan Africa ,Low income,2003,2003–2006,-0.0145850362250342,0.47331565835627093,0.056096801989319926,0.47058753965440947,Catching up
BDI,Burundi,Sub-Saharan Africa ,Low income,2006,2006–2009,0.0086322754396623,0.36146987608630715,0.017148845324795242,0.6213812785888967,Falling behind
BDI,Burundi,Sub-Saharan Africa ,Low income,2009,2009–2012,0.0117735506123822,0.28680938805844186,0.008219301133449932,0.7049713108081085,Falling behind
BDI,Burundi,Sub-Saharan Africa ,Low income,2012,2012–2015,-0.0014148229997929,0.17553251371776224,0.0025955920392094884,0.8218718942430285,Falling behind
BDI,Burundi,Sub-Saharan Africa ,Low income,2015,2015–2018,-0.007221813579219,0.15194563905163166,0.002537656089104521,0.8455167048592652,Falling behind
BDI,Burundi,Sub-Saharan Africa ,Low income,2018,2018–2021,0.0083034439171041,0.16306523155111202,0.0034755956650279586,0.8334591727838595,Falling behind
BDI,Burundi,Sub-Saharan Africa ,Low income,2021,2021–2024,-0.0012081150371291,0.18834098008463673,0.007479072025316994,0.8041799478900462,Falling behind
BEL,Belgium,Europe & Central Asia,High income,2003,2003–2006,0.0016704308379327,0.8113419097475342,0.030849724210953035,0.15780836604151202,Catching up
BEL,Belgium,Europe & Central Asia,High income,2006,2006–2009,0.0398793853554935,0.9623526260500075,0.03764489577250591,2.4781774880087985e-06,Catching up
BEL,Belgium,Europe & Central Asia,High income,2009,2009–2012,0.017943182104845,0.9641780932806235,0.032544786329519716,0.0032771203898552875,Catching up
BEL,Belgium,Europe & Central Asia,High income,2012,2012–2015,0.0346259884323771,0.96373068194977,0.03614200901633456,0.00012730903389395796,Catching up
BEL,Belgium,Europe & Central Asia,High income,2015,2015–2018,-0.0032130515610213,0.5656857459666429,0.008063350014597907,0.42625090401876026,Catching up
BEL,Belgium,Europe & Central Asia,High income,2018,2018–2021,0.0036305606887703,0.42324731281048783,0.003819228169140484,0.5729334590203725,Falling behind
BEL,Belgium,Europe & Central Asia,High income,2021,2021–2024,0.0013198821402138,0.392594100574385,0.006945792660910981,0.6004601067647051,Falling behind
BEN,Benin,Sub-Saharan Africa ,Lower middle income,2003,2003–2006,0.0234233674622031,0.9702564438758513,0.027109237393697166,0.002634318730452997,Catching up
BEN,Benin,Sub-Saharan Africa ,Lower middle income,2006,2006–2009,0.0230499738074417,0.9784640530996327,0.02072094449545384,0.0008150024049148597,Catching up
BEN,Benin,Sub-Saharan Africa ,Lower middle income,2009,2009–2012,0.0266499021872424,0.9782787107045524,0.019802223168290643,0.0019190661271580765,Catching up
BEN,Benin,Sub-Saharan Africa ,Lower middle income,2012,2012–2015,0.0142099108258633,0.8223286585846173,0.011357009640749764,0.16631433177463298,Catching up
BEN,Benin,Sub-Saharan Africa ,Lower middle income,2015,2015–2018,0.004490800819972,0.5233577596155035,0.0036272846902060717,0.4730149556942922,Catching up
BEN,Benin,Sub-Saharan Africa ,Lower middle income,2018,2018–2021,0.0043616531998543,0.4023644511515519,0.002798589326142749,0.5948369595223055,Falling behind
BEN,Benin,Sub-Saharan Africa ,Lower middle income,2021,2021–2024,0.0021352540395957,0.37883002604710614,0.0065413578930222085,0.6146286160598705,Falling behind
BFA,Burkina Faso,Sub-Saharan Africa ,Low income,2003,2003–2006,-0.0088775476855252,0.25733167933484014,0.023765377735962528,0.7189029429291979,Falling behind
BFA,Burkina Faso,Sub-Saharan Africa ,Low income,2006,2006–2009,0.0032166214018348,0.20239020271080624,0.005273638004445278,0.7923361592847474,Falling behind
BFA,Burkina Faso,Sub-Saharan Africa ,Low income,2009,2009–2012,0.0047150320895941,0.21323484436833035,0.00305093663814043,0.7837142189935284,Falling behind
BFA,Burkina Faso,Sub-Saharan Africa ,Low income,2012,2012–2015,0.0051053280129124,0.2862630979735465,0.00618759144997966,0.7075493105764735,Falling behind
BFA,Burkina Faso,Sub-Saharan Africa ,Low income,2015,2015–2018,0.0046094894567801,0.4609746031346864,0.026384294370459294,0.5126411024948553,Falling behind
BFA,Burkina Faso,Sub-Saharan Africa ,Low income,2018,2018–2021,-0.0348818628861169,0.852136218651322,0.1468206041230543,0.0010431772256237542,Catching up
BFA,Burkina Faso,Sub-Saharan Africa ,Low income,2021,2021–2024,-0.0116542387310714,0.8002748306683937,0.11319689119464596,0.08652827813696091,Catching up
BGD,Bangladesh,South Asia,Lower middle income,2003,2003–2006,-0.0471764595188863,0.007044357484112206,0.992955640072563,2.44332746707025e-09,Stalled
BGD,Bangladesh,South Asia,Lower middle income,2006,2006–2009,0.095261081008876,0.00036365309813338377,0.9996363469018663,1.7115439187474368e-34,Stalled
BGD,Bangladesh,South Asia,Lower middle income,2009,2009–2012,0.0224654568847505,0.009541008691319946,0.9866036868494478,0.003855304459235289,Stalled
BGD,Bangladesh,South Asia,Lower middle income,2012,2012–2015,0.0048712330334475,0.007905519758047765,0.9579165619421327,0.03417791829982207,Stalled
BGD,Bangladesh,South Asia,Lower middle income,2015,2015–2018,0.0745266945341793,0.002441604702025111,0.9975583952979745,2.9522749276951427e-21,Stalled
BGD,Bangladesh,South Asia,Lower middle income,2018,2018–2021,0.0791049130031927,0.004853186874880736,0.9951468131251159,3.95577742852058e-23,Stalled
BGD,Bangladesh,South Asia,Lower middle income,2021,2021–2024,-0.0111404031743228,0.08776240805792981,0.7213239488822676,0.19091364305980432,Stalled
BGR,Bulgaria,Europe & Central Asia,High income,2003,2003–2006,-0.0276779741944243,0.8302115652355146,0.16703362168318345,0.002754813081304722,Catching up
BGR,Bulgaria,Europe & Central Asia,High income,2006,2006–2009,-0.0013493827271707,0.8096895051451058,0.13651661596135906,0.05379387889353327,Catching up
BGR,Bulgaria,Europe & Central Asia,High income,2009,2009–2012,0.054901855844242,0.8465487895319674,0.1534512104531414,1.4894401832977847e-11,Catching up
BGR,Bulgaria,Europe & Central Asia,High income,2012,2012–2015,-0.027020869514451,0.8608006842268539,0.1386156201366918,0.000583695636457333,Catching up
BGR,Bulgaria,Europe & Central Asia,High income,2015,2015–2018,-0.0199674182210268,0.8626987892507414,0.11197142192988853,0.025329788819370428,Catching up
BGR,Bulgaria,Europe & Central Asia,High income,2018,2018–2021,-0.0110664926986605,0.7875893747961792,0.06008995269643884,0.15232067250738054,Catching up
BGR,Bulgaria,Europe & Central Asia,High income,2021,2021–2024,0.0089241858364172,0.7393429074317864,0.04247555688796433,0.2181815356802487,Catching up
BHR,Bahrain,"Middle East, North Africa, Afghanistan & Pakistan",High income,2003,2003–2006,0.0219442219163851,0.7772729184388918,0.10022303696042685,0.12250404460068141,Catching up
BHR,Bahrain,"Middle East, North Africa, Afghanistan & Pakistan",High income,2006,2006–2009,-0.0040255717231717,0.42280121224332523,0.020692018069461977,0.5565067696872135,Falling behind
BHR,Bahrain,"Middle East, North Africa, Afghanistan & Pakistan",High income,2009,2009–2012,-0.0089385137213024,0.2873645760717258,0.007891245708166043,0.7047441782201076,Falling behind
BHR,Bahrain,"Middle East, North Africa, Afghanistan & Pakistan",High income,2012,2012–2015,0.0080625870570373,0.20623972942211174,0.003588795940063166,0.790171474637824,Falling behind
BHR,Bahrain,"Middle East, North Africa, Afghanistan & Pakistan",High income,2015,2015–2018,-0.0073841778304111,0.1550504595276609,0.002614149716564166,0.8423353907557767,Falling behind
BHR,Bahrain,"Middle East, North Africa, Afghanistan & Pakistan",High income,2018,2018–2021,0.0041295229313546,0.1412021826362445,0.002503198441501402,0.8562946189222551,Falling behind
BHR,Bahrain,"Middle East, North Africa, Afghanistan & Pakistan",High income,2021,2021–2024,0.001459545295104,0.17337680581944762,0.006954413219263699,0.8196687809612891,Falling behind
BHS,"Bahamas, The",Latin America & Caribbean ,High income,2003,2003–2006,0.02146534364768,0.9373224497950089,0.05759642471538035,0.005081125489610373,Catching up
BHS,"Bahamas, The",Latin America & Caribbean ,High income,2006,2006–2009,0.0499779805141677,0.944865747421994,0.055134251821413335,7.56594583280445e-10,Catching up
BHS,"Bahamas, The",Latin America & Caribbean ,High income,2009,2009–2012,0.0045371090395343,0.9296426500673649,0.03289879179907436,0.037458558133558126,Catching up
BHS,"Bahamas, The",Latin America & Caribbean ,High income,2012,2012–2015,-0.0270260368456725,0.9649830296051453,0.03431674625273858,0.0007002241421168598,Catching up
BHS,"Bahamas, The",Latin America & Caribbean ,High income,2015,2015–2018,0.0376832099444417,0.9691503212423831,0.030847154368353523,2.524389261035703e-06,Catching up
BHS,"Bahamas, The",Latin America & Caribbean ,High income,2018,2018–2021,0.017164467127351,0.9378528274455725,0.022711824413379166,0.03943534814105019,Catching up
BHS,"Bahamas, The",Latin America & Caribbean ,High income,2021,2021–2024,0.0041271303956502,0.8102041084872624,0.015869925988034224,0.1739259655247065,Catching up
BIH,Bosnia and Herzegovina,Europe & Central Asia,Upper middle income,2003,2003–2006,0.0093469637957551,0.8920244452324084,0.023131105300095697,0.08484444946749496,Catching up
BIH,Bosnia and Herzegovina,Europe & Central Asia,Upper middle income,2006,2006–2009,0.0284907599739473,0.976675869101877,0.022390591277995444,0.0009335396201280114,Catching up
BIH,Bosnia and Herzegovina,Europe & Central Asia,Upper middle income,2009,2009–2012,-0.018012021756852,0.9644953097513034,0.019763363039039555,0.015741327209656278,Catching up
BIH,Bosnia and Herzegovina,Europe & Central Asia,Upper middle income,2012,2012–2015,0.0070147806066176,0.9290184776141467,0.016890874730589436,0.05409064765526529,Catching up
BIH,Bosnia and Herzegovina,Europe & Central Asia,Upper middle income,2015,2015–2018,0.0135782903626934,0.9395688506677858,0.02783954040484144,0.03259160892737606,Catching up
BIH,Bosnia and Herzegovina,Europe & Central Asia,Upper middle income,2018,2018–2021,-0.0414678237077665,0.941236648041424,0.05876298473849359,3.6722008312499e-07,Catching up
BIH,Bosnia and Herzegovina,Europe & Central Asia,Upper middle income,2021,2021–2024,0.0311059832738324,0.9402185895193589,0.059671880222404584,0.00010953025823564161,Catching up
BLR,Belarus,Europe & Central Asia,Upper middle income,2003,2003–2006,-0.0127602795642904,0.7309114809105978,0.04317222772737047,0.22591629136203206,Catching up
BLR,Belarus,Europe & Central Asia,Upper middle income,2006,2006–2009,-0.0164300351205426,0.7434561349546978,0.031224384912714977,0.2253194801325857,Catching up
BLR,Belarus,Europe & Central Asia,Upper middle income,2009,2009–2012,-0.0010718883925279,0.677737984322905,0.013623540825441881,0.3086384748516536,Catching up
BLR,Belarus,Europe & Central Asia,Upper middle income,2012,2012–2015,0.0011178388201426,0.7227942926205393,0.018009831405982904,0.2591958759734781,Catching up
BLR,Belarus,Europe & Central Asia,Upper middle income,2015,2015–2018,-0.0303343985683322,0.9201535096163268,0.06499175799366651,0.01485473239000738,Catching up
BLR,Belarus,Europe & Central Asia,Upper middle income,2018,2018–2021,-0.0020128425059192,0.7003434631444745,0.021491296783802676,0.27816524007172205,Catching up
BLR,Belarus,Europe & Central Asia,Upper middle income,2021,2021–2024,-0.0078747512579494,0.6447030909586912,0.01962232168794687,0.3356745873533611,Catching up
BLZ,Belize,Latin America & Caribbean ,Upper middle income,2003,2003–2006,0.0011749440987136,0.8219612657756429,0.02003283593484677,0.15800589828951106,Catching up
BLZ,Belize,Latin America & Caribbean ,Upper middle income,2006,2006–2009,0.0425630924874146,0.9785624531048903,0.02143707377473851,4.7312036971974693e-07,Catching up
BLZ,Belize,Latin America & Caribbean ,Upper middle income,2009,2009–2012,0.0171635058532223,0.9830670119263867,0.01294440487679644,0.003988583196816397,Catching up
BLZ,Belize,Latin America & Caribbean ,Upper middle income,2012,2012–2015,0.0240577550548435,0.9881574905996924,0.011217942015066778,0.000624567385241577,Catching up
BLZ,Belize,Latin America & Caribbean ,Upper middle income,2015,2015–2018,-0.0239161407289204,0.9841182029452846,0.012345128117943988,0.003536668936772962,Catching up
BLZ,Belize,Latin America & Caribbean ,Upper middle income,2018,2018–2021,7.167478392407685e-05,0.9237353203960593,0.008280897157883077,0.06798378244605588,Catching up
BLZ,Belize,Latin America & Caribbean ,Upper middle income,2021,2021–2024,0.0185273258024368,0.9422245260389933,0.01439943940678509,0.043376034554220656,Catching up
BOL,Bolivia,Latin America & Caribbean ,Lower middle income,2003,2003–2006,0.0117268731365902,0.6703617988476201,0.02011823245053045,0.3095199687018503,Catching up
BOL,Bolivia,Latin America & Caribbean ,Lower middle income,2006,2006–2009,-0.0069138713400748,0.6555188562449512,0.00697576938470785,0.337505374370342,Catching up
BOL,Bolivia,Latin America & Caribbean ,Lower middle income,2009,2009–2012,0.0083088927529598,0.7211500057674595,0.0049464830324068695,0.27390351120013273,Catching up
BOL,Bolivia,Latin America & Caribbean ,Lower middle income,2012,2012–2015,0.0112127108779489,0.8480049887418722,0.008940021488140238,0.14305498976998599,Catching up
BOL,Bolivia,Latin America & Caribbean ,Lower middle income,2015,2015–2018,0.0448828449158388,0.9784620170510475,0.021537900017822013,8.293113227160917e-08,Catching up
BOL,Bolivia,Latin America & Caribbean ,Lower middle income,2018,2018–2021,0.0194778226988913,0.9787781314162823,0.01911357110303233,0.002108297480685015,Catching up
BOL,Bolivia,Latin America & Caribbean ,Lower middle income,2021,2021–2024,0.0254641151765468,0.9761579844532684,0.022481236642007994,0.0013607789047234066,Catching up
BRA,Brazil,Latin America & Caribbean ,Upper middle income,2003,2003–2006,0.013023851600458,0.8442260183680593,0.019686290751636453,0.13608769088030123,Catching up
BRA,Brazil,Latin America & Caribbean ,Upper middle income,2006,2006–2009,0.0030355343664305,0.8619976723559161,0.011260707293084161,0.12674162035100098,Catching up
BRA,Brazil,Latin America & Caribbean ,Upper middle income,2009,2009–2012,0.0290491308690752,0.9820425643805676,0.017377844565667554,0.0005795910537663824,Catching up
BRA,Brazil,Latin America & Caribbean ,Upper middle income,2012,2012–2015,0.0219718928334108,0.9793058583076689,0.018673771912764054,0.0020203697795693806,Catching up
BRA,Brazil,Latin America & Caribbean ,Upper middle income,2015,2015–2018,0.0107260591211412,0.9554338128464177,0.025046435057057618,0.01951975209652627,Catching up
BRA,Brazil,Latin America & Caribbean ,Upper middle income,2018,2018–2021,-0.0323098813211442,0.9465969818075953,0.05335765864308717,4.5359549318721434e-05,Catching up
BRA,Brazil,Latin America & Caribbean ,Upper middle income,2021,2021–2024,0.0464904353677873,0.9344074534512561,0.06559253513541162,1.1413330643354282e-08,Catching up
BRB,Barbados,Latin America & Caribbean ,High income,2003,2003–2006,0.0149409077195607,0.3701362613176057,0.5819244504625466,0.047939288219848,Stalled
BRB,Barbados,Latin America & Caribbean ,High income,2006,2006–2009,0.0485967413500272,0.3262628468880348,0.673737151342102,1.7698612751605577e-09,Stalled
BRB,Barbados,Latin America & Caribbean ,High income,2009,2009–2012,-0.0243561234172244,0.2916343720069657,0.7076339610864126,0.0007316669066203636,Stalled
BRB,Barbados,Latin America & Caribbean ,High income,2012,2012–2015,0.0706065590955485,0.25259601829431255,0.7474039817056872,4.507244494385606e-19,Stalled
BRB,Barbados,Latin America & Caribbean ,High income,2015,2015–2018,-0.0351600866328812,0.28258033001996447,0.717300688638434,0.00011898134160415758,Stalled
BRB,Barbados,Latin America & Caribbean ,High income,2018,2018–2021,0.0009242156979511,0.24477786116904796,0.17181289746506515,0.5834092413658903,Falling behind
BRB,Barbados,Latin America & Caribbean ,High income,2021,2021–2024,0.0028307756846077,0.2608971089501412,0.09460843133577705,0.6444944597140831,Falling behind
BRN,Brunei Darussalam,East Asia & Pacific,High income,2003,2003–2006,0.0168338481234001,0.9654479293567579,0.014081270946469186,0.020470799696773588,Catching up
BRN,Brunei Darussalam,East Asia & Pacific,High income,2006,2006–2009,0.0218777834768954,0.9894764408664889,0.008029197519620999,0.0024943616138907456,Catching up
BRN,Brunei Darussalam,East Asia & Pacific,High income,2009,2009–2012,0.0174663932857337,0.9906334254152195,0.005426215203057413,0.003940359381721352,Catching up
BRN,Brunei Darussalam,East Asia & Pacific,High income,2012,2012–2015,0.0208418392444176,0.9927348492698332,0.005662794188048253,0.001602356542117269,Catching up
BRN,Brunei Darussalam,East Asia & Pacific,High income,2015,2015–2018,-0.0231678485186935,0.9902575979264311,0.008217447133650593,0.0015249549399177264,Catching up
BRN,Brunei Darussalam,East Asia & Pacific,High income,2018,2018–2021,-0.0138675218574667,0.9787938527604582,0.009773961449288868,0.011432185790251917,Catching up
BRN,Brunei Darussalam,East Asia & Pacific,High income,2021,2021–2024,0.0251044046836363,0.9826522636004553,0.015007783667354413,0.002339952732188721,Catching up
BTN,Bhutan,South Asia,Lower middle income,2003,2003–2006,0.0425260478415081,0.12021535451664649,0.8797843054997329,3.3998361867422616e-07,Stalled
BTN,Bhutan,South Asia,Lower middle income,2006,2006–2009,-0.0120944772496509,0.07521579697077031,0.9002486156984855,0.024535587330746306,Stalled
BTN,Bhutan,South Asia,Lower middle income,2009,2009–2012,0.0607254513415341,0.014884692485411691,0.9851153075145708,1.6235062302975234e-14,Stalled
BTN,Bhutan,South Asia,Lower middle income,2012,2012–2015,-0.1262376138857406,9.125751608613213e-08,0.9999999087424853,3.051450255492717e-59,Stalled
BTN,Bhutan,South Asia,Lower middle income,2015,2015–2018,0.0015179398145096,0.00999619097627566,0.9499858824302833,0.04001792659344379,Stalled
BTN,Bhutan,South Asia,Lower middle income,2018,2018–2021,0.0477294900398318,0.018626422617723373,0.9813735752049632,2.177314463378917e-09,Stalled
BTN,Bhutan,South Asia,Lower middle income,2021,2021–2024,-0.0564235401044392,0.019934379248452153,0.9800656207498424,1.7084033119904605e-12,Stalled
BWA,Botswana,Sub-Saharan Africa ,Upper middle income,2003,2003–2006,0.0258397744672904,0.9476421781030049,0.05133308528123254,0.0010247366157657889,Catching up
BWA,Botswana,Sub-Saharan Africa ,Upper middle income,2006,2006–2009,-0.0338994952558089,0.9535975277234016,0.04639210903115426,1.0363245443797272e-05,Catching up
BWA,Botswana,Sub-Saharan Africa ,Upper middle income,2009,2009–2012,0.0288512534280757,0.967260137123452,0.03266935930906941,7.050356747887333e-05,Catching up
BWA,Botswana,Sub-Saharan Africa ,Upper middle income,2012,2012–2015,0.0271730615518683,0.9734841939004123,0.02638158161508495,0.0001342244845027798,Catching up
BWA,Botswana,Sub-Saharan Africa ,Upper middle income,2015,2015–2018,0.023910424647279,0.9741440532291591,0.02524955051861225,0.0006063962522292672,Catching up
BWA,Botswana,Sub-Saharan Africa ,Upper middle income,2018,2018–2021,-0.0181246083270524,0.9653808195964546,0.02943969231227691,0.005179488091267848,Catching up
BWA,Botswana,Sub-Saharan Africa ,Upper middle income,2021,2021–2024,-0.0234304879851477,0.9574846812202588,0.03765871629620473,0.004856602483538388,Catching up
CAF,Central African Republic,Sub-Saharan Africa ,Low income,2003,2003–2006,-0.0007460844040973,0.15709073727953543,0.014763385843198642,0.8281458768772659,Falling behind
CAF,Central African Republic,Sub-Saharan Africa ,Low income,2006,2006–2009,-0.0049107676628216,0.1241009009622656,0.005374273641989956,0.8705248253957458,Falling behind
CAF,Central African Republic,Sub-Saharan Africa ,Low income,2009,2009–2012,-0.0123353884351923,0.13507772415050776,0.006445014861832852,0.85847726098766,Falling behind
CAF,Central African Republic,Sub-Saharan Africa ,Low income,2012,2012–2015,-0.0110132276992628,0.12223377673459379,0.004844693477652932,0.8729215297877547,Falling behind
CAF,Central African Republic,Sub-Saharan Africa ,Low income,2015,2015–2018,0.0042677856107508,0.10164176845573734,0.002223529401131207,0.8961347021431302,Falling behind
CAF,Central African Republic,Sub-Saharan Africa ,Low income,2018,2018–2021,0.0035449542008122,0.11565277076756149,0.0030099353139235686,0.8813372939185141,Falling behind
CAF,Central African Republic,Sub-Saharan Africa ,Low income,2021,2021–2024,-0.0076993799181944,0.17879325581046124,0.01112513184453516,0.8100816123450032,Falling behind
CAN,Canada,North America,High income,2003,2003–2006,0.0029542208113192,0.7658648459030115,0.0763188780460873,0.1578162760509016,Catching up
CAN,Canada,North America,High income,2006,2006–2009,0.0415567998939653,0.89521371348026,0.10478352979057276,2.7567291674127687e-06,Catching up
CAN,Canada,North America,High income,2009,2009–2012,-0.0217640358630523,0.8569235852678445,0.09653900802569423,0.046537406706462586,Catching up
CAN,Canada,North America,High income,2012,2012–2015,0.0018820927921941,0.44422847592169334,0.01642807035250411,0.5393434537258035,Falling behind
CAN,Canada,North America,High income,2015,2015–2018,-0.0042602197889863,0.29127654120470314,0.004620199793290982,0.7041032590020042,Falling behind
CAN,Canada,North America,High income,2018,2018–2021,-0.0019097924152223,0.24828279762009203,0.003253386214247406,0.7484638161656623,Falling behind
CAN,Canada,North America,High income,2021,2021–2024,0.0068956547697622,0.28815832173862643,0.009018243267565925,0.7028234349938062,Falling behind
CHE,Switzerland,Europe & Central Asia,High income,2003,2003–2006,0.0055758638572196,0.8480428320184279,0.018990380454481617,0.13296678752709037,Catching up
CHE,Switzerland,Europe & Central Asia,High income,2006,2006–2009,0.0271792663421272,0.9724639959058995,0.01872864145881485,0.008807362635285334,Catching up
CHE,Switzerland,Europe & Central Asia,High income,2009,2009–2012,0.0029866779348681,0.8873799075111112,0.006124819336256701,0.10649527315263332,Catching up
CHE,Switzerland,Europe & Central Asia,High income,2012,2012–2015,0.0173499287548556,0.8913805960957812,0.005755732919118647,0.10286367098510067,Catching up
CHE,Switzerland,Europe & Central Asia,High income,2015,2015–2018,-0.0022197602760394,0.7917306149737469,0.003023651076154024,0.20524573395009915,Catching up
CHE,Switzerland,Europe & Central Asia,High income,2018,2018–2021,0.0144265056469859,0.8033799864357654,0.005614077206653707,0.19100593635758195,Catching up
CHE,Switzerland,Europe & Central Asia,High income,2021,2021–2024,0.009780369558507,0.7629089440072521,0.008965800940421292,0.2281252550523259,Catching up
CHL,Chile,Latin America & Caribbean ,High income,2003,2003–2006,0.0178705208740744,0.9442750516535231,0.04083826205756508,0.014886686288915044,Catching up
CHL,Chile,Latin America & Caribbean ,High income,2006,2006–2009,0.0532002841386538,0.9617828926027698,0.03821710736793583,2.9295071200095885e-11,Catching up
CHL,Chile,Latin America & Caribbean ,High income,2009,2009–2012,0.0229662440937646,0.977024845570472,0.022233645861914106,0.0007415085676135578,Catching up
CHL,Chile,Latin America & Caribbean ,High income,2012,2012–2015,0.0339689554228976,0.9839221430913732,0.01607126445391593,6.592454712152576e-06,Catching up
CHL,Chile,Latin America & Caribbean ,High income,2015,2015–2018,0.0215023557444896,0.9849285743294535,0.011685357536250907,0.0033860681342969424,Catching up
CHL,Chile,Latin America & Caribbean ,High income,2018,2018–2021,0.0129590087309568,0.9545520927878529,0.009016445147776163,0.03643146206437231,Catching up
CHL,Chile,Latin America & Caribbean ,High income,2021,2021–2024,0.013880160829943,0.9242978123827973,0.011536183569799283,0.06416600404740194,Catching up
CHN,China,East Asia & Pacific,Upper middle income,2003,2003–2006,-0.0034030765262911,0.15022872908199464,0.014796512055592381,0.8349747588624137,Falling behind
CHN,China,East Asia & Pacific,Upper middle income,2006,2006–2009,-0.0020545265760844,0.11034773112583215,0.0034278754638948474,0.8862243934102716,Falling behind
CHN,China,East Asia & Pacific,Upper middle income,2009,2009–2012,0.0040399461353731,0.12100486711209059,0.0019741968060386287,0.8770209360818697,Falling behind
CHN,China,East Asia & Pacific,Upper middle income,2012,2012–2015,0.0103124225517509,0.17809165693703613,0.0031324077255425243,0.8187759353374213,Falling behind
CHN,China,East Asia & Pacific,Upper middle income,2015,2015–2018,0.0097514430007002,0.22580475962518365,0.0036624272915133688,0.7705328130833042,Falling behind
CHN,China,East Asia & Pacific,Upper middle income,2018,2018–2021,0.0093139112855041,0.27630821691358737,0.005423118913069569,0.7182686641733435,Falling behind
CHN,China,East Asia & Pacific,Upper middle income,2021,2021–2024,0.0094566830794707,0.3410802777496132,0.012570006024493976,0.6463497162258935,Falling behind
CIV,Cote d'Ivoire,Sub-Saharan Africa ,Lower middle income,2003,2003–2006,0.0474704048486135,0.08977111503540806,0.910228881702104,3.26248852784297e-09,Stalled
CIV,Cote d'Ivoire,Sub-Saharan Africa ,Lower middle income,2006,2006–2009,0.047499385973869,0.06862154382141714,0.9313784555060165,6.725631438331743e-10,Stalled
CIV,Cote d'Ivoire,Sub-Saharan Africa ,Lower middle income,2009,2009–2012,0.047270986860122,0.054064267808481704,0.9459357315011466,6.903732861922958e-10,Stalled
CIV,Cote d'Ivoire,Sub-Saharan Africa ,Lower middle income,2012,2012–2015,-0.06660798284194,0.04400094533482466,0.9559990546651774,3.819919462268993e-16,Stalled
CIV,Cote d'Ivoire,Sub-Saharan Africa ,Lower middle income,2015,2015–2018,-0.0062678963955092,0.11974636850967925,0.24614612527468768,0.634107506215632,Falling behind
CIV,Cote d'Ivoire,Sub-Saharan Africa ,Lower middle income,2018,2018–2021,0.0036300918296053,0.1914759270401822,0.09845185098848924,0.7100722219713264,Falling behind
CIV,Cote d'Ivoire,Sub-Saharan Africa ,Lower middle income,2021,2021–2024,0.0129438194495105,0.3374802064673609,0.0864006488179767,0.5761191447146605,Falling behind
CMR,Cameroon,Sub-Saharan Africa ,Lower middle income,2003,2003–2006,-0.0177267831241302,0.8678824151036109,0.11124973875852039,0.02086784613786746,Catching up
CMR,Cameroon,Sub-Saharan Africa ,Lower middle income,2006,2006–2009,-0.03482021249947,0.8906289312724566,0.10926994456550791,0.00010112416203414365,Catching up
CMR,Cameroon,Sub-Saharan Africa ,Lower middle income,2009,2009–2012,-0.0054830865644148,0.8322158543345558,0.045181261787911264,0.12260288387753165,Catching up
CMR,Cameroon,Sub-Saharan Africa ,Lower middle income,2012,2012–2015,0.00482214817058,0.8479236276729735,0.035329242996511565,0.11674712933051494,Catching up
CMR,Cameroon,Sub-Saharan Africa ,Lower middle income,2015,2015–2018,-0.0275268267007156,0.9439314142496512,0.05308622684579886,0.0029823589045502546,Catching up
CMR,Cameroon,Sub-Saharan Africa ,Lower middle income,2018,2018–2021,-0.0212254159775941,0.9305207758358917,0.05046013084710997,0.019019093316997856,Catching up
CMR,Cameroon,Sub-Saharan Africa ,Lower middle income,2021,2021–2024,-0.0051784953695065,0.80285325150176,0.03279637325829214,0.1643503752399483,Catching up
COD,"Congo, Dem. Rep.",Sub-Saharan Africa ,Low income,2003,2003–2006,-0.0073348987619713,0.7843241754859387,0.021782959826828426,0.19389286468723135,Catching up
COD,"Congo, Dem. Rep.",Sub-Saharan Africa ,Low income,2006,2006–2009,-0.01669259911813,0.8865081090013214,0.01813214272659095,0.09535974827208853,Catching up
COD,"Congo, Dem. Rep.",Sub-Saharan Africa ,Low income,2009,2009–2012,-0.0179921633273474,0.9204192925413576,0.013707629341703269,0.06587307811693868,Catching up
COD,"Congo, Dem. Rep.",Sub-Saharan Africa ,Low income,2012,2012–2015,0.0092060541993149,0.8988230084301493,0.006137698787835947,0.09503929278201308,Catching up
COD,"Congo, Dem. Rep.",Sub-Saharan Africa ,Low income,2015,2015–2018,0.0146917016223708,0.9122122739871663,0.005780930262757526,0.08200679575007576,Catching up
COD,"Congo, Dem. Rep.",Sub-Saharan Africa ,Low income,2018,2018–2021,0.0170506381492373,0.8955490335357805,0.007190643344550205,0.09726032311967016,Catching up
COD,"Congo, Dem. Rep.",Sub-Saharan Africa ,Low income,2021,2021–2024,0.0031091814651849,0.7693004615948008,0.007635325849437846,0.22306421255576006,Catching up
COG,"Congo, Rep.",Sub-Saharan Africa ,Lower middle income,2003,2003–2006,0.0088693422013476,0.24011620552048232,0.02179456852242061,0.7380892259570958,Falling behind
COG,"Congo, Rep.",Sub-Saharan Africa ,Lower middle income,2006,2006–2009,0.0032763287697821,0.16180623631362984,0.0049128935951934715,0.8332808700911754,Falling behind
COG,"Congo, Rep.",Sub-Saharan Africa ,Lower middle income,2009,2009–2012,-0.0067152986942874,0.14746249245996457,0.0029209805460605094,0.8496165269939752,Falling behind
COG,"Congo, Rep.",Sub-Saharan Africa ,Lower middle income,2012,2012–2015,-0.0097300911198508,0.17089437401779742,0.0034172925833592573,0.8256883333988423,Falling behind
COG,"Congo, Rep.",Sub-Saharan Africa ,Lower middle income,2015,2015–2018,0.0004385118789206,0.2082609148100254,0.0033798515200603764,0.7883592336699127,Falling behind
COG,"Congo, Rep.",Sub-Saharan Africa ,Lower middle income,2018,2018–2021,0.009428181243903,0.3514501086692675,0.012307218697911166,0.6362426726328213,Falling behind
COG,"Congo, Rep.",Sub-Saharan Africa ,Lower middle income,2021,2021–2024,-0.0164869722241335,0.5252716583091436,0.041657946707146315,0.43307039498371025,Catching up
COL,Colombia,Latin America & Caribbean ,Upper middle income,2003,2003–2006,0.0067617057635551,0.6898096930807011,0.049211976059800856,0.2609783308595009,Catching up
COL,Colombia,Latin America & Caribbean ,Upper middle income,2006,2006–2009,0.0083564364404062,0.7585562577661663,0.05767830089505969,0.1837654413387742,Catching up
COL,Colombia,Latin America & Caribbean ,Upper middle income,2009,2009–2012,0.032019793680468,0.8809132814496629,0.11885288009446603,0.00023383845586844642,Catching up
COL,Colombia,Latin America & Caribbean ,Upper middle income,2012,2012–2015,0.0250974039309544,0.8561985105908223,0.14103562256038685,0.0027658668487912925,Catching up
COL,Colombia,Latin America & Caribbean ,Upper middle income,2015,2015–2018,-0.001305863703289,0.6919783234954271,0.18635247652985001,0.12166919997471996,Catching up
COL,Colombia,Latin America & Caribbean ,Upper middle income,2018,2018–2021,-0.0474348001623494,0.577455491892974,0.4225444984988499,9.6081775451854e-09,Catching up
COL,Colombia,Latin America & Caribbean ,Upper middle income,2021,2021–2024,0.0600028756320677,0.5582247152094676,0.4417752847903831,1.5128063286492628e-13,Catching up
COM,Comoros,Sub-Saharan Africa ,Lower middle income,2003,2003–2006,-0.0035967615732971,0.6040503738643944,0.017078452237599517,0.3788711738980076,Catching up
COM,Comoros,Sub-Saharan Africa ,Lower middle income,2006,2006–2009,-0.0137693145278067,0.6922926870014319,0.012626588389140466,0.29508072460942725,Catching up
COM,Comoros,Sub-Saharan Africa ,Lower middle income,2009,2009–2012,-0.0133861354056629,0.7487478468646507,0.009180703064712132,0.24207145007063804,Catching up
COM,Comoros,Sub-Saharan Africa ,Lower middle income,2012,2012–2015,-0.0003359260220161,0.7898776385679286,0.006762231179217038,0.20336013025285576,Catching up
COM,Comoros,Sub-Saharan Africa ,Lower middle income,2015,2015–2018,0.0310488674209362,0.9824220516737738,0.017224002998073962,0.00035394532815094743,Catching up
COM,Comoros,Sub-Saharan Africa ,Lower middle income,2018,2018–2021,0.0262571369311448,0.9802647286807823,0.017781469176696152,0.0019538021425221943,Catching up
COM,Comoros,Sub-Saharan Africa ,Lower middle income,2021,2021–2024,-0.0046030043097229,0.8373812203255522,0.013964749368139165,0.14865403030630742,Catching up
CPV,Cabo Verde,Sub-Saharan Africa ,Upper middle income,2003,2003–2006,0.0451368280423282,0.8384125396855686,0.16158743296866399,2.7345764572277776e-08,Catching up
CPV,Cabo Verde,Sub-Saharan Africa ,Upper middle income,2006,2006–2009,0.0487454096379167,0.8529230588832565,0.14707693685948195,4.257259777996909e-09,Catching up
CPV,Cabo Verde,Sub-Saharan Africa ,Upper middle income,2009,2009–2012,-0.0043842797931553,0.8025840663020578,0.045862221278230225,0.15155371241971066,Catching up
CPV,Cabo Verde,Sub-Saharan Africa ,Upper middle income,2012,2012–2015,0.0036531995970185,0.8319940456657382,0.028254452371477234,0.13975150196278185,Catching up
CPV,Cabo Verde,Sub-Saharan Africa ,Upper middle income,2015,2015–2018,0.0402107627030864,0.9627761297071245,0.03721702302187615,6.847270997334686e-06,Catching up
CPV,Cabo Verde,Sub-Saharan Africa ,Upper middle income,2018,2018–2021,0.0139406855471741,0.9192185623864381,0.02564750749859609,0.055133930114967436,Catching up
CPV,Cabo Verde,Sub-Saharan Africa ,Upper middle income,2021,2021–2024,-0.0104730006261679,0.8467370018552335,0.02361507897979899,0.12964791916496718,Catching up
CRI,Costa Rica,Latin America & Caribbean ,High income,2003,2003–2006,0.004425668402561,0.14837901628151656,0.6238381408085085,0.2277828429099753,Stalled
CRI,Costa Rica,Latin America & Caribbean ,High income,2006,2006–2009,0.0462669116318382,0.10062354879894034,0.8993764168034297,3.4397626444021554e-08,Stalled
CRI,Costa Rica,Latin America & Caribbean ,High income,2009,2009–2012,0.0740174541485907,0.04593546417273815,0.9540645358272626,1.9715855320398117e-20,Stalled
CRI,Costa Rica,Latin America & Caribbean ,High income,2012,2012–2015,-0.0035153030704703,0.04332588658574222,0.9154043679195478,0.041269745494713066,Stalled
CRI,Costa Rica,Latin America & Caribbean ,High income,2015,2015–2018,-0.024115823877803,0.04155358565597253,0.9556398230106912,0.0028065913333369698,Stalled
CRI,Costa Rica,Latin America & Caribbean ,High income,2018,2018–2021,-0.0182574560762581,0.02885605840313362,0.9671359135510025,0.004008028045866185,Stalled
CRI,Costa Rica,Latin America & Caribbean ,High income,2021,2021–2024,0.0930065136707467,0.00850778982951077,0.9914922101704895,1.1925815548049656e-31,Stalled
CUB,Cuba,Latin America & Caribbean ,Upper middle income,2003,2003–2006,0.0594652385477447,0.8517964309740731,0.14820356902557547,3.503097122264776e-13,Catching up
CUB,Cuba,Latin America & Caribbean ,Upper middle income,2006,2006–2009,0.0183967498120825,0.9078455501674225,0.08651723477068723,0.0056372150618930646,Catching up
CUB,Cuba,Latin America & Caribbean ,Upper middle income,2009,2009–2012,0.0304367577646047,0.9347959788129095,0.06512191182086156,8.210936623244122e-05,Catching up
CUB,Cuba,Latin America & Caribbean ,Upper middle income,2012,2012–2015,0.017215069647775,0.9376417509591537,0.0510463749168441,0.01131187412400134,Catching up
CUB,Cuba,Latin America & Caribbean ,Upper middle income,2015,2015–2018,0.0142007560409748,0.9204280081652251,0.048068904319122925,0.03150308751565207,Catching up
CUB,Cuba,Latin America & Caribbean ,Upper middle income,2018,2018–2021,0.0086320755025015,0.8902439180125161,0.05947043982737291,0.050285642160111665,Catching up
CUB,Cuba,Latin America & Caribbean ,Upper middle income,2021,2021–2024,-0.042916262727043,0.8821712399768353,0.1178279199251412,8.400980250674587e-07,Catching up
CYP,Cyprus,Europe & Central Asia,High income,2003,2003–2006,-0.0117997391519511,0.7415694320740528,0.18378203485883807,0.0746485330671078,Catching up
CYP,Cyprus,Europe & Central Asia,High income,2006,2006–2009,0.060652741960506,0.7899482157067564,0.2100517842931338,1.1259579297376025e-13,Catching up
CYP,Cyprus,Europe & Central Asia,High income,2009,2009–2012,0.0374583271034186,0.8207736958381284,0.17922370723622405,2.596925649227666e-06,Catching up
CYP,Cyprus,Europe & Central Asia,High income,2012,2012–2015,0.0099104986210128,0.8297520372244811,0.1442496082326389,0.02599835454288271,Catching up
CYP,Cyprus,Europe & Central Asia,High income,2015,2015–2018,-0.0325631535204447,0.8524997025638044,0.14745097972241666,4.931771377654659e-05,Catching up
CYP,Cyprus,Europe & Central Asia,High income,2018,2018–2021,-0.0262160699697601,0.8628641752066658,0.13670616885164533,0.00042965594168592155,Catching up
CYP,Cyprus,Europe & Central Asia,High income,2021,2021–2024,0.0221697735967178,0.8715106977775664,0.12335195668800672,0.005137345534426611,Catching up
CZE,Czechia,Europe & Central Asia,High income,2003,2003–2006,0.0088850871761482,0.6026317999622929,0.016536149338638423,0.38083205069906967,Catching up
CZE,Czechia,Europe & Central Asia,High income,2006,2006–2009,0.0113003304166694,0.6180426954276864,0.0067351337004348906,0.3752221708718801,Catching up
CZE,Czechia,Europe & Central Asia,High income,2009,2009–2012,0.0049251381060405,0.6275718699328706,0.0028115281618215425,0.36961660190530654,Catching up
CZE,Czechia,Europe & Central Asia,High income,2012,2012–2015,0.0092463501894461,0.7342000466468561,0.003783463608323355,0.2620164897448217,Catching up
CZE,Czechia,Europe & Central Asia,High income,2015,2015–2018,0.0189052782682016,0.8910036079503241,0.00870231030572941,0.10029408174394716,Catching up
CZE,Czechia,Europe & Central Asia,High income,2018,2018–2021,-0.0024471394097758,0.883329117783048,0.009119587959497159,0.10755129425745419,Catching up
CZE,Czechia,Europe & Central Asia,High income,2021,2021–2024,0.0268439459623983,0.9699384508699582,0.024570635633319446,0.005490913496722368,Catching up
DEU,Germany,Europe & Central Asia,High income,2003,2003–2006,-0.0005796912004576,0.7265003360905266,0.02707240333753744,0.24642726057193723,Catching up
DEU,Germany,Europe & Central Asia,High income,2006,2006–2009,0.0229682806676135,0.8593718179832845,0.03079897582119259,0.10982920619552196,Catching up
DEU,Germany,Europe & Central Asia,High income,2009,2009–2012,-0.0020380020627563,0.6763700880217525,0.009984657525699644,0.31364525445254793,Catching up
DEU,Germany,Europe & Central Asia,High income,2012,2012–2015,0.0167782489058326,0.6413514391473211,0.010321948402428222,0.3483266124502505,Catching up
DEU,Germany,Europe & Central Asia,High income,2015,2015–2018,0.0032559601247612,0.39571285411416146,0.003230302833312394,0.6010568430525265,Falling behind
DEU,Germany,Europe & Central Asia,High income,2018,2018–2021,0.0030399003564879,0.3090081320617281,0.0027681362041551737,0.6882237317341167,Falling behind
DEU,Germany,Europe & Central Asia,High income,2021,2021–2024,-0.0045843104691729,0.3109446819739566,0.007775321385106357,0.681279996640936,Falling behind
DJI,Djibouti,"Middle East, North Africa, Afghanistan & Pakistan",Lower middle income,2003,2003–2006,0.0066109381809597,0.8065805654331673,0.010967321151683402,0.1824521134151488,Catching up
DJI,Djibouti,"Middle East, North Africa, Afghanistan & Pakistan",Lower middle income,2006,2006–2009,0.0147807696519539,0.9066100987441323,0.005933245098400873,0.08745665615746552,Catching up
DJI,Djibouti,"Middle East, North Africa, Afghanistan & Pakistan",Lower middle income,2009,2009–2012,0.0144029998774309,0.9508765305610174,0.003844725407608158,0.04527874403137561,Catching up
DJI,Djibouti,"Middle East, North Africa, Afghanistan & Pakistan",Lower middle income,2012,2012–2015,0.016903448017702,0.9755873839724136,0.0036540281287689943,0.02075858789881794,Catching up
DJI,Djibouti,"Middle East, North Africa, Afghanistan & Pakistan",Lower middle income,2015,2015–2018,0.0200928827911039,0.9755606433974479,0.004428241776784944,0.020011114825765668,Catching up
DJI,Djibouti,"Middle East, North Africa, Afghanistan & Pakistan",Lower middle income,2018,2018–2021,0.0095600926125194,0.8889409816719276,0.003929143369806464,0.10712987495826574,Catching up
DJI,Djibouti,"Middle East, North Africa, Afghanistan & Pakistan",Lower middle income,2021,2021–2024,0.0105108789542758,0.8391776214110045,0.007463787061722725,0.15335859152727196,Catching up
DNK,Denmark,Europe & Central Asia,High income,2003,2003–2006,0.0054064567456201,0.7635532633022329,0.09755457219673988,0.13889216450102768,Catching up
DNK,Denmark,Europe & Central Asia,High income,2006,2006–2009,0.0511279728709777,0.8687284542360839,0.13127153742037284,8.343541721465767e-09,Catching up
DNK,Denmark,Europe & Central Asia,High income,2009,2009–2012,-0.0097321021810243,0.7392527074283232,0.06487397391163977,0.19587331866003574,Catching up
DNK,Denmark,Europe & Central Asia,High income,2012,2012–2015,-0.0169889248471187,0.6649094587389237,0.04737401647477274,0.28771652478630394,Catching up
DNK,Denmark,Europe & Central Asia,High income,2015,2015–2018,0.0046365406458363,0.4068832782560646,0.01004544429341358,0.5830712774505236,Falling behind
DNK,Denmark,Europe & Central Asia,High income,2018,2018–2021,-0.0008924170387149,0.3001059978331154,0.0041073925755901455,0.6957866095912955,Falling behind
DNK,Denmark,Europe & Central Asia,High income,2021,2021–2024,0.001350837327235,0.29684388964003505,0.007386035347981796,0.6957700750119821,Falling behind
DOM,Dominican Republic,Latin America & Caribbean ,Upper middle income,2003,2003–2006,0.0055230809862025,0.8460058544522502,0.023093828583304585,0.1309003169644443,Catching up
DOM,Dominican Republic,Latin America & Caribbean ,Upper middle income,2006,2006–2009,0.0235726623345772,0.9706053681512471,0.024658248415804336,0.004736383432950307,Catching up
DOM,Dominican Republic,Latin America & Caribbean ,Upper middle income,2009,2009–2012,0.0410246485635686,0.9745490773846482,0.025450162170269505,7.604450808581444e-07,Catching up
DOM,Dominican Republic,Latin America & Caribbean ,Upper middle income,2012,2012–2015,-0.0094420346457917,0.8999913671737391,0.015523672663169986,0.08448496016309051,Catching up
DOM,Dominican Republic,Latin America & Caribbean ,Upper middle income,2015,2015–2018,0.0059523416441249,0.8747734411272031,0.016093812919554917,0.10913274595324411,Catching up
DOM,Dominican Republic,Latin America & Caribbean ,Upper middle income,2018,2018–2021,-0.0145853992994469,0.9106924278911962,0.03611833478864302,0.0531892373201625,Catching up
DOM,Dominican Republic,Latin America & Caribbean ,Upper middle income,2021,2021–2024,0.049011317654761,0.9332466649223018,0.066753327786406,7.2912912378824715e-09,Catching up
DZA,Algeria,"Middle East, North Africa, Afghanistan & Pakistan",Upper middle income,2003,2003–2006,-0.0224191026920412,0.054053819298817196,0.9409694153648952,0.004976765336290754,Stalled
DZA,Algeria,"Middle East, North Africa, Afghanistan & Pakistan",Upper middle income,2006,2006–2009,-0.0588883491573704,0.012668154738482228,0.9873318452614903,3.0906183642510746e-14,Stalled
DZA,Algeria,"Middle East, North Africa, Afghanistan & Pakistan",Upper middle income,2009,2009–2012,0.0440297882290826,0.013433906668297895,0.9865660882063855,5.125313318217987e-09,Stalled
DZA,Algeria,"Middle East, North Africa, Afghanistan & Pakistan",Upper middle income,2012,2012–2015,0.0276685870563826,0.013605968688814673,0.9863162282252073,7.780308597524132e-05,Stalled
DZA,Algeria,"Middle East, North Africa, Afghanistan & Pakistan",Upper middle income,2015,2015–2018,-0.0628490200089618,0.00792109941363227,0.9920789005863705,3.545549189928908e-16,Stalled
DZA,Algeria,"Middle East, North Africa, Afghanistan & Pakistan",Upper middle income,2018,2018–2021,0.0457964027772557,0.029515215419108443,0.9704847816710068,2.909886666013642e-09,Stalled
DZA,Algeria,"Middle East, North Africa, Afghanistan & Pakistan",Upper middle income,2021,2021–2024,-0.0360551840380432,0.05582662361489796,0.9441614416055917,1.1934779513670877e-05,Stalled
ECU,Ecuador,Latin America & Caribbean ,Upper middle income,2003,2003–2006,0.0043909147897495,0.7703084404000071,0.011809098381048036,0.21788246121894653,Catching up
ECU,Ecuador,Latin America & Caribbean ,Upper middle income,2006,2006–2009,0.0143260688249967,0.8874791695900532,0.007664823240321448,0.10485600716962429,Catching up
ECU,Ecuador,Latin America & Caribbean ,Upper middle income,2009,2009–2012,0.0181983644914121,0.9465030405256653,0.006891197066922684,0.04660576240741157,Catching up
ECU,Ecuador,Latin America & Caribbean ,Upper middle income,2012,2012–2015,-0.0054011027389132,0.932732909259731,0.00599283479047806,0.061274255949791794,Catching up
ECU,Ecuador,Latin America & Caribbean ,Upper middle income,2015,2015–2018,0.0311723252783756,0.9864576878418758,0.012157967186819508,0.0013843449713041268,Catching up
ECU,Ecuador,Latin America & Caribbean ,Upper middle income,2018,2018–2021,-0.0043138897822834,0.8105380442191641,0.006079500795167644,0.1833824549856695,Catching up
ECU,Ecuador,Latin America & Caribbean ,Upper middle income,2021,2021–2024,0.0096097199403551,0.7664957417092927,0.009124356048919752,0.22437990224178667,Catching up
EGY,"Egypt, Arab Rep.","Middle East, North Africa, Afghanistan & Pakistan",Lower middle income,2003,2003–2006,-0.0423176541473298,0.8362061693598885,0.16379301460091453,8.160391968572037e-07,Catching up
EGY,"Egypt, Arab Rep.","Middle East, North Africa, Afghanistan & Pakistan",Lower middle income,2006,2006–2009,0.0089331732384076,0.8721439075296678,0.08888584634005815,0.038970246130277324,Catching up
EGY,"Egypt, Arab Rep.","Middle East, North Africa, Afghanistan & Pakistan",Lower middle income,2009,2009–2012,0.0431493542156823,0.9252025042018743,0.07479712001318242,3.7578494675388636e-07,Catching up
EGY,"Egypt, Arab Rep.","Middle East, North Africa, Afghanistan & Pakistan",Lower middle income,2012,2012–2015,0.0091060569072198,0.903178667878348,0.03029411671934026,0.06652721540231481,Catching up
EGY,"Egypt, Arab Rep.","Middle East, North Africa, Afghanistan & Pakistan",Lower middle income,2015,2015–2018,-0.007691382065636,0.9101482978867119,0.02085606460219701,0.06899563751109412,Catching up
EGY,"Egypt, Arab Rep.","Middle East, North Africa, Afghanistan & Pakistan",Lower middle income,2018,2018–2021,0.0297466571565821,0.9748918717923688,0.02486152129139875,0.0002466069162311782,Catching up
EGY,"Egypt, Arab Rep.","Middle East, North Africa, Afghanistan & Pakistan",Lower middle income,2021,2021–2024,0.0249132277505759,0.9712407548524994,0.027232156914132437,0.0015270882333684314,Catching up
ERI,Eritrea,Sub-Saharan Africa ,Low income,2003,2003–2006,0.0010666899999272,0.11339597750498007,0.013517344703995453,0.873086677791024,Falling behind
ERI,Eritrea,Sub-Saharan Africa ,Low income,2006,2006–2009,0.0019320118841901,0.0659910964448718,0.003072971718933822,0.9309359318361948,Falling behind
ERI,Eritrea,Sub-Saharan Africa ,Low income,2009,2009–2012,0.0055329520493114,0.05492868303320406,0.0017428299214489965,0.9433284870453486,Falling behind
ERI,Eritrea,Sub-Saharan Africa ,Low income,2012,2012–2015,0.0038298224352401,0.0570367455903533,0.0015113546655555559,0.9414518997440909,Falling behind
ERI,Eritrea,Sub-Saharan Africa ,Low income,2015,2015–2018,0.0090439720650757,0.0817118078537428,0.00246775881379497,0.9158204333324614,Falling behind
ERI,Eritrea,Sub-Saharan Africa ,Low income,2018,2018–2021,0.0054497736472169,0.10258775288352596,0.003142293039048063,0.894269954077427,Falling behind
ERI,Eritrea,Sub-Saharan Africa ,Low income,2021,2021–2024,-0.0061461605876436,0.15709806889296016,0.009716435257623167,0.8331854958494171,Falling behind
ESP,Spain,Europe & Central Asia,High income,2003,2003–2006,0.0580509050913933,0.011052392748367819,0.9889476072513446,2.8603658421588517e-13,Stalled
ESP,Spain,Europe & Central Asia,High income,2006,2006–2009,0.115261630187465,0.00030692740319836394,0.9996930725968002,5.473514487802591e-49,Stalled
ESP,Spain,Europe & Central Asia,High income,2009,2009–2012,0.036696482364942,0.17155366724536217,0.8284411209832767,5.2117713578412706e-06,Stalled
ESP,Spain,Europe & Central Asia,High income,2012,2012–2015,-0.0280723383705272,0.296882311348609,0.7005054698150129,0.002612218836375595,Stalled
ESP,Spain,Europe & Central Asia,High income,2015,2015–2018,-0.009895987010361,0.4100202758882812,0.3075572367484971,0.2824224873632188,Catching up
ESP,Spain,Europe & Central Asia,High income,2018,2018–2021,0.005304484323851,0.5187902803248464,0.18235964360148296,0.29885007607366826,Catching up
ESP,Spain,Europe & Central Asia,High income,2021,2021–2024,0.0204643433324555,0.7158146971116981,0.1779101482484415,0.10627515463985794,Catching up
EST,Estonia,Europe & Central Asia,High income,2003,2003–2006,-0.00777233997486,0.06366878414035991,0.7615230603674806,0.1748081554921588,Stalled
EST,Estonia,Europe & Central Asia,High income,2006,2006–2009,0.0885185304727328,0.0025871589808880223,0.9974128410191109,7.300494293317882e-29,Stalled
EST,Estonia,Europe & Central Asia,High income,2009,2009–2012,-0.0690241418449918,0.004051652392299773,0.9959483476076991,1.228620730630097e-18,Stalled
EST,Estonia,Europe & Central Asia,High income,2012,2012–2015,-0.0316002070396278,0.1465232040271894,0.8531172092418046,0.00035958673100644636,Stalled
EST,Estonia,Europe & Central Asia,High income,2015,2015–2018,-0.0007413710830331,0.3377478219468258,0.463327822020697,0.1989243560324804,Stalled
EST,Estonia,Europe & Central Asia,High income,2018,2018–2021,0.0305250259626823,0.5931184372767226,0.40333136290394067,0.0035501998193371758,Catching up
EST,Estonia,Europe & Central Asia,High income,2021,2021–2024,0.0076284206417082,0.569470161130937,0.24440626235463192,0.18612357651443318,Catching up
ETH,Ethiopia,Sub-Saharan Africa ,Low income,2003,2003–2006,0.0080570901838806,0.44839540906037434,0.019363044714726198,0.5322415462249005,Falling behind
ETH,Ethiopia,Sub-Saharan Africa ,Low income,2006,2006–2009,0.002538116058147,0.436437369556977,0.00864434597440694,0.5549182844686172,Falling behind
ETH,Ethiopia,Sub-Saharan Africa ,Low income,2009,2009–2012,0.0031370468309631,0.5270079420988905,0.014942200232552234,0.4580498576685586,Catching up
ETH,Ethiopia,Sub-Saharan Africa ,Low income,2012,2012–2015,-0.0163831099720812,0.7907324528916145,0.06627778445217589,0.1429897626562105,Catching up
ETH,Ethiopia,Sub-Saharan Africa ,Low income,2015,2015–2018,-0.0284545951860558,0.8940141634093403,0.10483104636605246,0.0011547902246081012,Catching up
ETH,Ethiopia,Sub-Saharan Africa ,Low income,2018,2018–2021,-0.0356788990330825,0.8915510521741188,0.10843047279939734,1.8475026484861425e-05,Catching up
ETH,Ethiopia,Sub-Saharan Africa ,Low income,2021,2021–2024,0.0123886484681961,0.8551618937727151,0.08155550258697547,0.06328260364030794,Catching up
FIN,Finland,Europe & Central Asia,High income,2003,2003–2006,-0.0116406288381931,0.8956415964052314,0.03315661227180269,0.07120179132296725,Catching up
FIN,Finland,Europe & Central Asia,High income,2006,2006–2009,0.0354804030239937,0.9703204914337805,0.02959546197803485,8.40465881839836e-05,Catching up
FIN,Finland,Europe & Central Asia,High income,2009,2009–2012,-0.0065571596467997,0.9052062156594336,0.010167253514668182,0.08462653082589987,Catching up
FIN,Finland,Europe & Central Asia,High income,2012,2012–2015,0.0067349290896778,0.908997331470817,0.006689224846357606,0.08431344368282404,Catching up
FIN,Finland,Europe & Central Asia,High income,2015,2015–2018,-0.0228179201544177,0.9718631167648074,0.011143767290485673,0.01699311594470657,Catching up
FIN,Finland,Europe & Central Asia,High income,2018,2018–2021,0.0104599268907991,0.9485472523002847,0.008804233845735957,0.04264851385397878,Catching up
FIN,Finland,Europe & Central Asia,High income,2021,2021–2024,0.0175265832979617,0.9482825462247055,0.013207159347976689,0.03851029442731785,Catching up
FJI,Fiji,East Asia & Pacific,Upper middle income,2003,2003–2006,0.0109772498900597,0.9104924949611178,0.023579053316827768,0.06592845172205394,Catching up
FJI,Fiji,East Asia & Pacific,Upper middle income,2006,2006–2009,0.0400484301564435,0.9780462596721518,0.02195286932459539,8.71003251776133e-07,Catching up
FJI,Fiji,East Asia & Pacific,Upper middle income,2009,2009–2012,0.0300669837921889,0.9831706261890288,0.016707965812135996,0.00012140799883170037,Catching up
FJI,Fiji,East Asia & Pacific,Upper middle income,2012,2012–2015,-0.0096714198888647,0.9525724121695917,0.010524094326656068,0.03690349350375349,Catching up
FJI,Fiji,East Asia & Pacific,Upper middle income,2015,2015–2018,-0.015242855622247,0.9595521079434709,0.011040632311515693,0.029407259745011148,Catching up
FJI,Fiji,East Asia & Pacific,Upper middle income,2018,2018–2021,0.0150389219589306,0.9647678822642919,0.013426883096426331,0.02180523463927883,Catching up
FJI,Fiji,East Asia & Pacific,Upper middle income,2021,2021–2024,-0.0209375757160967,0.9609675210908615,0.022776600425577925,0.016255878483560082,Catching up
FRA,France,Europe & Central Asia,High income,2003,2003–2006,0.0108006705303194,0.9165694494695806,0.014775664041433436,0.06865488648898603,Catching up
FRA,France,Europe & Central Asia,High income,2006,2006–2009,0.0267576871514447,0.987200472168222,0.010857777963834464,0.0019417498679424863,Catching up
FRA,France,Europe & Central Asia,High income,2009,2009–2012,0.0097445669557353,0.9713678166913255,0.00611547330804229,0.022516710000630633,Catching up
FRA,France,Europe & Central Asia,High income,2012,2012–2015,0.0228890602086499,0.9834359617439097,0.0069596955951566645,0.009604342660932241,Catching up
FRA,France,Europe & Central Asia,High income,2015,2015–2018,-0.0125663264879767,0.8975285959237576,0.005723696406045373,0.09674770767019811,Catching up
FRA,France,Europe & Central Asia,High income,2018,2018–2021,0.0132050553047627,0.8206665401088774,0.00554015971560481,0.173793300175519,Catching up
FRA,France,Europe & Central Asia,High income,2021,2021–2024,0.0004097263468474,0.6994964506928218,0.006893110834902462,0.2936104384722764,Catching up
GAB,Gabon,Sub-Saharan Africa ,Upper middle income,2003,2003–2006,-0.0271560738616448,0.8486522652475981,0.14569187833837718,0.005655856414024591,Catching up
GAB,Gabon,Sub-Saharan Africa ,Upper middle income,2006,2006–2009,-0.0176498712175882,0.798877421731288,0.09911096480906821,0.10201161345964385,Catching up
GAB,Gabon,Sub-Saharan Africa ,Upper middle income,2009,2009–2012,0.0026792406837827,0.5996792852889865,0.01847441025963016,0.38184630445138384,Catching up
GAB,Gabon,Sub-Saharan Africa ,Upper middle income,2012,2012–2015,-0.0024005152277966,0.547480730783715,0.006447949506340936,0.44607131970994557,Catching up
GAB,Gabon,Sub-Saharan Africa ,Upper middle income,2015,2015–2018,-0.0109011674229527,0.6054608720968843,0.00803451835041172,0.3865046095527052,Catching up
GAB,Gabon,Sub-Saharan Africa ,Upper middle income,2018,2018–2021,0.0135822970802426,0.6905053201399168,0.013516308064809576,0.29597837179527314,Catching up
GAB,Gabon,Sub-Saharan Africa ,Upper middle income,2021,2021–2024,-0.0143752968572209,0.7191063319563763,0.02399399393411026,0.2568996741095131,Catching up
GBR,United Kingdom,Europe & Central Asia,High income,2003,2003–2006,0.0019279568107136,0.8105581286121798,0.02797368758524424,0.1614681838025752,Catching up
GBR,United Kingdom,Europe & Central Asia,High income,2006,2006–2009,0.0294706022563381,0.9598485455822842,0.03322684222071681,0.006924612196997551,Catching up
GBR,United Kingdom,Europe & Central Asia,High income,2009,2009–2012,-0.0075578846444035,0.7963958786356848,0.009757326516287532,0.19384679484802803,Catching up
GBR,United Kingdom,Europe & Central Asia,High income,2012,2012–2015,-0.0054514429749069,0.7330990353333539,0.004109378886298731,0.26279158578034795,Catching up
GBR,United Kingdom,Europe & Central Asia,High income,2015,2015–2018,0.0044863254238527,0.7623268618935098,0.004841882183153845,0.23283125592333748,Catching up
GBR,United Kingdom,Europe & Central Asia,High income,2018,2018–2021,0.0230218095016117,0.9011036065811173,0.016362716436006508,0.08253367698287502,Catching up
GBR,United Kingdom,Europe & Central Asia,High income,2021,2021–2024,-0.0023822266564224,0.7639861944756893,0.012635662623247567,0.22337814290106142,Catching up
GEO,Georgia,Europe & Central Asia,Upper middle income,2003,2003–2006,0.0466683966544663,0.7802676985477902,0.21973227164601938,2.980619388894939e-08,Catching up
GEO,Georgia,Europe & Central Asia,Upper middle income,2006,2006–2009,-0.0079583858352421,0.7680091969118178,0.18796876235754928,0.044022040730631214,Catching up
GEO,Georgia,Europe & Central Asia,Upper middle income,2009,2009–2012,-0.0187473149844765,0.7898272107227851,0.19772544618197022,0.012447343095242636,Catching up
GEO,Georgia,Europe & Central Asia,Upper middle income,2012,2012–2015,0.0442715115546918,0.7883519260682129,0.21164805365864878,2.0273139401096776e-08,Catching up
GEO,Georgia,Europe & Central Asia,Upper middle income,2015,2015–2018,-0.0448465144278187,0.7820942105381103,0.2179057039458832,8.551600441491476e-08,Catching up
GEO,Georgia,Europe & Central Asia,Upper middle income,2018,2018–2021,0.0147670012976663,0.7604460158409403,0.12497303976496497,0.11458094439409251,Catching up
GEO,Georgia,Europe & Central Asia,Upper middle income,2021,2021–2024,0.0027021933677599,0.6629104894898635,0.06885027595517905,0.2682392345549599,Catching up
GHA,Ghana,Sub-Saharan Africa ,Lower middle income,2003,2003–2006,-0.0080366190589389,0.5044608361672595,0.023876104511178216,0.47166305932156144,Catching up
GHA,Ghana,Sub-Saharan Africa ,Lower middle income,2006,2006–2009,-0.0122129278769311,0.5246288422020482,0.013809661174953414,0.46156149662299906,Catching up
GHA,Ghana,Sub-Saharan Africa ,Lower middle income,2009,2009–2012,-0.003130165912438,0.5403816717315307,0.008511676653268357,0.4511066516152019,Catching up
GHA,Ghana,Sub-Saharan Africa ,Lower middle income,2012,2012–2015,0.0211538560063403,0.682153223931115,0.018401941218696833,0.2994448348501891,Catching up
GHA,Ghana,Sub-Saharan Africa ,Lower middle income,2015,2015–2018,-0.0004472388261152,0.4864375166653585,0.004999146666341473,0.5085633366683004,Falling behind
GHA,Ghana,Sub-Saharan Africa ,Lower middle income,2018,2018–2021,0.0102134713163877,0.44412376546400417,0.004784741538083677,0.5510914929979123,Falling behind
GHA,Ghana,Sub-Saharan Africa ,Lower middle income,2021,2021–2024,0.0012214820184811,0.40860357526267904,0.007383685345222489,0.584012739392099,Falling behind
GIN,Guinea,Sub-Saharan Africa ,Lower middle income,2003,2003–2006,-0.0344714461302417,0.09914468345534512,0.9008384168289661,1.6899715685319238e-05,Stalled
GIN,Guinea,Sub-Saharan Africa ,Lower middle income,2006,2006–2009,-0.0357326115928272,0.08354587323421564,0.9164524667800421,1.6599857410532924e-06,Stalled
GIN,Guinea,Sub-Saharan Africa ,Lower middle income,2009,2009–2012,-0.0359439433734171,0.0785063739549417,0.9214922765350035,1.349510053128134e-06,Stalled
GIN,Guinea,Sub-Saharan Africa ,Lower middle income,2012,2012–2015,-0.0375556629175791,0.08195730850641678,0.918042089759679,6.017339014257919e-07,Stalled
GIN,Guinea,Sub-Saharan Africa ,Lower middle income,2015,2015–2018,-0.0491300223509426,0.09824310805831335,0.9017568878509952,4.090691961774542e-09,Stalled
GIN,Guinea,Sub-Saharan Africa ,Lower middle income,2018,2018–2021,-0.0089570479735015,0.195039360819805,0.42756425389501534,0.37739638528518,Stalled
GIN,Guinea,Sub-Saharan Africa ,Lower middle income,2021,2021–2024,0.0107884307735743,0.2826226495006586,0.2958617787962917,0.4215155717030482,Falling behind
GMB,"Gambia, The",Sub-Saharan Africa ,Low income,2003,2003–2006,-0.0070230451201506,0.6924187699652767,0.02432187289834299,0.28325935713638056,Catching up
GMB,"Gambia, The",Sub-Saharan Africa ,Low income,2006,2006–2009,0.0113858100881888,0.7741404760208077,0.02024086796918907,0.20561865601000456,Catching up
GMB,"Gambia, The",Sub-Saharan Africa ,Low income,2009,2009–2012,-0.0119307258463072,0.8535347541927413,0.028552415908791443,0.11791282989846856,Catching up
GMB,"Gambia, The",Sub-Saharan Africa ,Low income,2012,2012–2015,0.0386320538420433,0.9494665374129259,0.05053007374058586,3.3888464869010198e-06,Catching up
GMB,"Gambia, The",Sub-Saharan Africa ,Low income,2015,2015–2018,0.0465090369712043,0.9443490464806016,0.05565091565419936,3.786519787601516e-08,Catching up
GMB,"Gambia, The",Sub-Saharan Africa ,Low income,2018,2018–2021,-0.0027380810166247,0.7347805870114537,0.020018928697470118,0.2452004842910757,Catching up
GMB,"Gambia, The",Sub-Saharan Africa ,Low income,2021,2021–2024,-0.0087803072655011,0.6814922550046975,0.019449396219032394,0.29905834877627124,Catching up
GNB,Guinea-Bissau,Sub-Saharan Africa ,Low income,2003,2003–2006,0.0047842179511817,0.2912760792491408,0.014212829110500518,0.6945110916403574,Falling behind
GNB,Guinea-Bissau,Sub-Saharan Africa ,Low income,2006,2006–2009,0.0048572353627686,0.2751587557593994,0.0038591637128130843,0.7209820805277866,Falling behind
GNB,Guinea-Bissau,Sub-Saharan Africa ,Low income,2009,2009–2012,0.0051891914451163,0.3239705185202877,0.0025242054484143584,0.6735052760312987,Falling behind
GNB,Guinea-Bissau,Sub-Saharan Africa ,Low income,2012,2012–2015,0.0075637205209913,0.463514720709721,0.004689144646654627,0.5317961346436245,Falling behind
GNB,Guinea-Bissau,Sub-Saharan Africa ,Low income,2015,2015–2018,0.010500779205041,0.701051819753058,0.014370007235291355,0.284578173011651,Catching up
GNB,Guinea-Bissau,Sub-Saharan Africa ,Low income,2018,2018–2021,0.0393752909311389,0.957197834467206,0.042779750094413684,2.241543838170754e-05,Catching up
GNB,Guinea-Bissau,Sub-Saharan Africa ,Low income,2021,2021–2024,0.0123328552500343,0.9093078465061835,0.03453196813085254,0.05616018536296505,Catching up
GNQ,Equatorial Guinea,Sub-Saharan Africa ,Upper middle income,2003,2003–2006,0.0234839441471222,0.837152081057419,0.0955838399703449,0.0672640789722347,Catching up
GNQ,Equatorial Guinea,Sub-Saharan Africa ,Upper middle income,2006,2006–2009,0.0025696804358363,0.5059078289555726,0.016736870914352473,0.47735530013007527,Catching up
GNQ,Equatorial Guinea,Sub-Saharan Africa ,Upper middle income,2009,2009–2012,-0.0056409156891172,0.3869318420500432,0.004916960226067276,0.6081511977238895,Falling behind
GNQ,Equatorial Guinea,Sub-Saharan Africa ,Upper middle income,2012,2012–2015,-0.0027003306951128,0.3633998265086537,0.0029026669881937707,0.633697506503154,Falling behind
GNQ,Equatorial Guinea,Sub-Saharan Africa ,Upper middle income,2015,2015–2018,0.0028373957799893,0.439640113580702,0.00644132825618391,0.5539185581631123,Falling behind
GNQ,Equatorial Guinea,Sub-Saharan Africa ,Upper middle income,2018,2018–2021,0.01141347513007,0.6747138044606281,0.03170767551577379,0.2935785200235988,Catching up
GNQ,Equatorial Guinea,Sub-Saharan Africa ,Upper middle income,2021,2021–2024,-0.0268593432954593,0.8842683770014914,0.09625702791227737,0.019474595086231693,Catching up
GRC,Greece,Europe & Central Asia,High income,2003,2003–2006,0.0259273032655646,0.9381853196726058,0.06082016053262121,0.0009945197947702096,Catching up
GRC,Greece,Europe & Central Asia,High income,2006,2006–2009,0.0385377180871508,0.9433267662641868,0.05667277789028716,4.558455290303038e-07,Catching up
GRC,Greece,Europe & Central Asia,High income,2009,2009–2012,0.0460979532153076,0.9461916027831542,0.05380839344603073,3.770814797317563e-09,Catching up
GRC,Greece,Europe & Central Asia,High income,2012,2012–2015,0.0180738769262342,0.950940324027494,0.04573805970765745,0.003321616264851764,Catching up
GRC,Greece,Europe & Central Asia,High income,2015,2015–2018,-0.0348195221663139,0.9515954774798339,0.048397174957057906,7.347563109458269e-06,Catching up
GRC,Greece,Europe & Central Asia,High income,2018,2018–2021,0.0218706551513483,0.9565179412996597,0.04247289557911808,0.0010091631212256961,Catching up
GRC,Greece,Europe & Central Asia,High income,2021,2021–2024,0.0308516433758852,0.9548868409273412,0.04498445263584384,0.00012870643681688022,Catching up
GTM,Guatemala,Latin America & Caribbean ,Upper middle income,2003,2003–2006,-0.0048420498341315,0.6773588347618168,0.1584754668808367,0.16416569835734612,Catching up
GTM,Guatemala,Latin America & Caribbean ,Upper middle income,2006,2006–2009,0.024302814833795,0.7789590487803414,0.21526176075889517,0.005779190460762668,Catching up
GTM,Guatemala,Latin America & Caribbean ,Upper middle income,2009,2009–2012,-0.03324663626877,0.7507167018694579,0.24926468277689823,1.8615353640598905e-05,Catching up
GTM,Guatemala,Latin America & Caribbean ,Upper middle income,2012,2012–2015,-0.0486032039747363,0.7354303187366454,0.26456967976141776,1.5019356597431542e-09,Catching up
GTM,Guatemala,Latin America & Caribbean ,Upper middle income,2015,2015–2018,0.0156062921729106,0.7642305174719114,0.22321756075464652,0.012551921773439917,Catching up
GTM,Guatemala,Latin America & Caribbean ,Upper middle income,2018,2018–2021,0.017155964140116,0.7748415738692204,0.2168473238857625,0.00831110224501507,Catching up
GTM,Guatemala,Latin America & Caribbean ,Upper middle income,2021,2021–2024,-0.0375015425337905,0.7658551932103501,0.23413551263264643,9.294157004081051e-06,Catching up
GUM,Guam,East Asia & Pacific,High income,2003,2003–2006,-0.0107169569004533,0.39172159325487693,0.5024748024965411,0.10580360424857913,Stalled
GUM,Guam,East Asia & Pacific,High income,2006,2006–2009,-0.0250035261280454,0.3889862225693267,0.6073391535442842,0.003674623886388032,Stalled
GUM,Guam,East Asia & Pacific,High income,2009,2009–2012,0.0727375347912792,0.35025477383311854,0.6497452261668788,1.4661054716556214e-18,Stalled
GUM,Guam,East Asia & Pacific,High income,2012,2012–2015,-0.0057399432347817,0.2632419247621461,0.13289310237749702,0.6038649728603566,Falling behind
GUM,Guam,East Asia & Pacific,High income,2015,2015–2018,-0.0013734604585869,0.2358827409998337,0.03177104881209327,0.7323462101880743,Falling behind
GUM,Guam,East Asia & Pacific,High income,2018,2018–2021,0.0106556514861771,0.2837170271551557,0.019645056941799136,0.6966379159030471,Falling behind
GUM,Guam,East Asia & Pacific,High income,2021,2021–2024,-0.0085453456915763,0.3201714078612105,0.021805096407529572,0.6580234957312628,Falling behind
GUY,Guyana,Latin America & Caribbean ,High income,2003,2003–2006,0.0433394642303858,0.5918306186089193,0.40816929569827365,8.569280525945291e-08,Catching up
GUY,Guyana,Latin America & Caribbean ,High income,2006,2006–2009,0.0387201901482712,0.5902508999292407,0.40974867337827237,4.2669248345298197e-07,Catching up
GUY,Guyana,Latin America & Caribbean ,High income,2009,2009–2012,0.0379152784065582,0.5838950690001525,0.4161042293742345,7.016256136857762e-07,Catching up
GUY,Guyana,Latin America & Caribbean ,High income,2012,2012–2015,0.0391920280889417,0.5712845331168508,0.42871513460262545,3.322805206989588e-07,Catching up
GUY,Guyana,Latin America & Caribbean ,High income,2015,2015–2018,0.0422472313343013,0.5538508370247981,0.4461491155663143,4.740888903000832e-08,Catching up
GUY,Guyana,Latin America & Caribbean ,High income,2018,2018–2021,0.0522529463475509,0.5368112228354283,0.4631887771373999,2.7169912311505927e-11,Catching up
GUY,Guyana,Latin America & Caribbean ,High income,2021,2021–2024,0.0512264881621864,0.5390371486944463,0.46096285099575246,3.098036288875256e-10,Catching up
HKG,"Hong Kong SAR, China",East Asia & Pacific,High income,2003,2003–2006,0.0031536954126168,0.6274342240411303,0.017049829010446587,0.35551594694842265,Catching up
HKG,"Hong Kong SAR, China",East Asia & Pacific,High income,2006,2006–2009,0.0178356430938566,0.7165251039114775,0.014033235180230974,0.26944166090829025,Catching up
HKG,"Hong Kong SAR, China",East Asia & Pacific,High income,2009,2009–2012,-0.0022099235384563,0.6412701785265366,0.004403523191787137,0.3543262982816754,Catching up
HKG,"Hong Kong SAR, China",East Asia & Pacific,High income,2012,2012–2015,-0.0038917067964138,0.6793235595070654,0.004692372150149477,0.315984068342785,Catching up
HKG,"Hong Kong SAR, China",East Asia & Pacific,High income,2015,2015–2018,0.0134343855301294,0.8564115054601231,0.014805164229740703,0.12878333031013772,Catching up
HKG,"Hong Kong SAR, China",East Asia & Pacific,High income,2018,2018–2021,0.0386295189323735,0.9666756257237757,0.03328195313717136,4.242113905218584e-05,Catching up
HKG,"Hong Kong SAR, China",East Asia & Pacific,High income,2021,2021–2024,-0.0026229992173175,0.8160723059401773,0.021418392590595556,0.16250930146922687,Catching up
HND,Honduras,Latin America & Caribbean ,Lower middle income,2003,2003–2006,-0.002048136279125,0.1894374572978625,0.032283413837708115,0.7782791288644307,Falling behind
HND,Honduras,Latin America & Caribbean ,Lower middle income,2006,2006–2009,0.003107717765433,0.1645125072703784,0.03133635894338319,0.8041511337862399,Falling behind
HND,Honduras,Latin America & Caribbean ,Lower middle income,2009,2009–2012,0.0133656692771421,0.19156763834940932,0.08690751530170991,0.7215248463488793,Falling behind
HND,Honduras,Latin America & Caribbean ,Lower middle income,2012,2012–2015,-0.0011605093950791,0.14932961790848173,0.1911551741612184,0.6595152079303022,Falling behind
HND,Honduras,Latin America & Caribbean ,Lower middle income,2015,2015–2018,0.0408233391642352,0.11660134688691341,0.8833939100018614,4.743111225224652e-06,Stalled
HND,Honduras,Latin America & Caribbean ,Lower middle income,2018,2018–2021,0.0752570859874625,0.013072458575958536,0.9869275414240407,8.656960383308846e-22,Stalled
HND,Honduras,Latin America & Caribbean ,Lower middle income,2021,2021–2024,-0.0678135911881902,0.008752408549002392,0.9912475914509943,1.292386692058301e-17,Stalled
HRV,Croatia,Europe & Central Asia,High income,2003,2003–2006,0.0266074151385495,0.9589177031945184,0.038564458116329,0.002517838689152187,Catching up
HRV,Croatia,Europe & Central Asia,High income,2006,2006–2009,0.0026260146516312,0.9357746158546043,0.024341300850868546,0.03988408329452822,Catching up
HRV,Croatia,Europe & Central Asia,High income,2009,2009–2012,0.0416656865861833,0.971457622966266,0.028540027651502337,2.3493822305778175e-06,Catching up
HRV,Croatia,Europe & Central Asia,High income,2012,2012–2015,-0.0046333558119514,0.8396148801794607,0.009662412580537958,0.15072270723999995,Catching up
HRV,Croatia,Europe & Central Asia,High income,2015,2015–2018,-0.0085761738414152,0.8170179975482924,0.008141210026787367,0.1748407924249218,Catching up
HRV,Croatia,Europe & Central Asia,High income,2018,2018–2021,0.0071308579909863,0.8518405965141239,0.013797830860764691,0.1343615726251099,Catching up
HRV,Croatia,Europe & Central Asia,High income,2021,2021–2024,0.0391767911143676,0.9548578877875454,0.04512910860774202,1.3003604711199557e-05,Catching up
HTI,Haiti,Latin America & Caribbean ,Lower middle income,2003,2003–2006,-0.005472070710387,0.25436211674156617,0.01827572346798331,0.7273621597904505,Falling behind
HTI,Haiti,Latin America & Caribbean ,Lower middle income,2006,2006–2009,-0.0080081250312829,0.23266982878995324,0.006905184586519984,0.7604249866235258,Falling behind
HTI,Haiti,Latin America & Caribbean ,Lower middle income,2009,2009–2012,-0.0075225103559392,0.25009190477334503,0.004538979704988315,0.7453691155216656,Falling behind
HTI,Haiti,Latin America & Caribbean ,Lower middle income,2012,2012–2015,0.0111213002962305,0.31954132157526255,0.006732136656761672,0.6737265417679745,Falling behind
HTI,Haiti,Latin America & Caribbean ,Lower middle income,2015,2015–2018,0.0065654235521615,0.37104747127840837,0.012288539659910216,0.616663989061681,Falling behind
HTI,Haiti,Latin America & Caribbean ,Lower middle income,2018,2018–2021,0.0054027963812405,0.4943497635821197,0.046297325801924395,0.45935291061595557,Catching up
HTI,Haiti,Latin America & Caribbean ,Lower middle income,2021,2021–2024,-0.0388174841583368,0.7619581729998469,0.23796524953949533,7.65774606585453e-05,Catching up
HUN,Hungary,Europe & Central Asia,High income,2003,2003–2006,-0.0209476204984936,0.9443230478604349,0.04261046819567852,0.013066483943884197,Catching up
HUN,Hungary,Europe & Central Asia,High income,2006,2006–2009,0.0171905712641076,0.9569404523294239,0.028424850435462286,0.014634697235117022,Catching up
HUN,Hungary,Europe & Central Asia,High income,2009,2009–2012,0.0090733782563724,0.9480532443228876,0.023440353645733644,0.028506402031380794,Catching up
HUN,Hungary,Europe & Central Asia,High income,2012,2012–2015,-0.0368771482376012,0.9684613236114351,0.03151523255776487,2.3443830799730846e-05,Catching up
HUN,Hungary,Europe & Central Asia,High income,2015,2015–2018,-0.012925242282344,0.9288907207640535,0.0188069891109069,0.05230229012504193,Catching up
HUN,Hungary,Europe & Central Asia,High income,2018,2018–2021,-0.0007265606649698,0.8998147781993706,0.013385972894299653,0.08679924890632833,Catching up
HUN,Hungary,Europe & Central Asia,High income,2021,2021–2024,0.0218958847504463,0.9530560054798043,0.022522417349436788,0.024421577170756836,Catching up
IDN,Indonesia,East Asia & Pacific,Upper middle income,2003,2003–2006,-0.0022773880934979,0.663722089256913,0.1579540294461739,0.17832388129691354,Catching up
IDN,Indonesia,East Asia & Pacific,Upper middle income,2006,2006–2009,0.0677727561150333,0.7753345169319451,0.22466548306805634,1.1929413227659183e-15,Catching up
IDN,Indonesia,East Asia & Pacific,Upper middle income,2009,2009–2012,-0.0051690386101922,0.7830789105370459,0.07268598008623364,0.1442351093767171,Catching up
IDN,Indonesia,East Asia & Pacific,Upper middle income,2012,2012–2015,0.0093995775707006,0.8540278323575164,0.042283822730229355,0.10368834491225729,Catching up
IDN,Indonesia,East Asia & Pacific,Upper middle income,2015,2015–2018,0.028199832854876,0.9577948070073276,0.04156139705498535,0.000643795937683956,Catching up
IDN,Indonesia,East Asia & Pacific,Upper middle income,2018,2018–2021,0.0266179741923824,0.9592374282094316,0.0404846096297206,0.00027796216085116673,Catching up
IDN,Indonesia,East Asia & Pacific,Upper middle income,2021,2021–2024,-0.0205824173763072,0.9452126269402871,0.04497345035733196,0.009813922702377492,Catching up
IND,India,South Asia,Lower middle income,2003,2003–2006,0.0024485197080837,0.7126289111655588,0.020011290123254807,0.2673597987111855,Catching up
IND,India,South Asia,Lower middle income,2006,2006–2009,-0.0188144251893114,0.8307474619176096,0.019846601909653108,0.14940593617273573,Catching up
IND,India,South Asia,Lower middle income,2009,2009–2012,-0.0114590854200669,0.819069753956271,0.010326959902153147,0.17060328614157508,Catching up
IND,India,South Asia,Lower middle income,2012,2012–2015,0.0070341157769244,0.8298992797308526,0.0069699847680600585,0.16313073550108712,Catching up
IND,India,South Asia,Lower middle income,2015,2015–2018,0.0123146899630669,0.9055313863463506,0.012532387142238208,0.08193622651141096,Catching up
IND,India,South Asia,Lower middle income,2018,2018–2021,0.0411227243559597,0.9717499431900394,0.028245773003975957,4.283805983387441e-06,Catching up
IND,India,South Asia,Lower middle income,2021,2021–2024,-0.0087804956081591,0.8699167486711789,0.023194147550968637,0.10688910377785267,Catching up
IRL,Ireland,Europe & Central Asia,High income,2003,2003–2006,0.006675903147032,0.07258998785236494,0.7234152581341083,0.20399475401352882,Stalled
IRL,Ireland,Europe & Central Asia,High income,2006,2006–2009,0.134871420290374,4.848519938971499e-06,0.9999951514800589,1.3175347121195247e-65,Stalled
IRL,Ireland,Europe & Central Asia,High income,2009,2009–2012,0.0099405382435452,0.020649151403813168,0.9566320400360049,0.022718808560185162,Stalled
IRL,Ireland,Europe & Central Asia,High income,2012,2012–2015,-0.0576491254356988,0.03306523080977426,0.9669347691868837,3.339869950873087e-12,Stalled
IRL,Ireland,Europe & Central Asia,High income,2015,2015–2018,-0.0188346338320099,0.13683185446407709,0.7076564605350957,0.15551168500083068,Stalled
IRL,Ireland,Europe & Central Asia,High income,2018,2018–2021,0.0039188371762683,0.1652447978771498,0.19341021311932527,0.6413449890035262,Falling behind
IRL,Ireland,Europe & Central Asia,High income,2021,2021–2024,0.0055741102655793,0.2127393344966521,0.11354861421392655,0.6737120512894229,Falling behind
IRN,"Iran, Islamic Rep.","Middle East, North Africa, Afghanistan & Pakistan",Upper middle income,2003,2003–2006,0.0579503268557035,0.8474647385121774,0.15253526148438368,3.4420553163585242e-12,Catching up
IRN,"Iran, Islamic Rep.","Middle East, North Africa, Afghanistan & Pakistan",Upper middle income,2006,2006–2009,0.0085965505149272,0.8744523638373097,0.06630124313423702,0.05924639302845673,Catching up
IRN,"Iran, Islamic Rep.","Middle East, North Africa, Afghanistan & Pakistan",Upper middle income,2009,2009–2012,-0.0169607120915658,0.9229828866857925,0.048128667553182014,0.028888445761024156,Catching up
IRN,"Iran, Islamic Rep.","Middle East, North Africa, Afghanistan & Pakistan",Upper middle income,2012,2012–2015,-0.0159967214794634,0.9465670410308954,0.03728562575865521,0.01614733321044746,Catching up
IRN,"Iran, Islamic Rep.","Middle East, North Africa, Afghanistan & Pakistan",Upper middle income,2015,2015–2018,0.0360097193875562,0.9666591525015855,0.033328701930357925,1.214556805950024e-05,Catching up
IRN,"Iran, Islamic Rep.","Middle East, North Africa, Afghanistan & Pakistan",Upper middle income,2018,2018–2021,-0.0108065182067519,0.9384420858040564,0.024765046581880376,0.03679286761406568,Catching up
IRN,"Iran, Islamic Rep.","Middle East, North Africa, Afghanistan & Pakistan",Upper middle income,2021,2021–2024,0.0177870779052432,0.9394443721247081,0.026254780666360417,0.03430084720892942,Catching up
IRQ,Iraq,"Middle East, North Africa, Afghanistan & Pakistan",Upper middle income,2003,2003–2006,0.0232205694482923,0.13670061850561802,0.8589137998529615,0.0043855816414198725,Stalled
IRQ,Iraq,"Middle East, North Africa, Afghanistan & Pakistan",Upper middle income,2006,2006–2009,-0.0281305741111912,0.06705347182301702,0.9327270454846963,0.00021948269228379624,Stalled
IRQ,Iraq,"Middle East, North Africa, Afghanistan & Pakistan",Upper middle income,2009,2009–2012,-0.0565654517561441,0.00441593947363284,0.9955840605261121,2.5767295566784765e-13,Stalled
IRQ,Iraq,"Middle East, North Africa, Afghanistan & Pakistan",Upper middle income,2012,2012–2015,-0.0979923729636152,6.944983916644765e-07,0.9999993055016101,2.8968523695253315e-37,Stalled
IRQ,Iraq,"Middle East, North Africa, Afghanistan & Pakistan",Upper middle income,2015,2015–2018,-0.0631696569322054,2.1403875232517664e-05,0.9999785961247639,7.533589968780746e-17,Stalled
IRQ,Iraq,"Middle East, North Africa, Afghanistan & Pakistan",Upper middle income,2018,2018–2021,0.0878721952682034,1.577935102026177e-05,0.9999842206489771,4.566800120456542e-30,Stalled
IRQ,Iraq,"Middle East, North Africa, Afghanistan & Pakistan",Upper middle income,2021,2021–2024,-0.0684199508738534,0.0009093966967402983,0.9990906033032563,5.062330365199423e-18,Stalled
ISL,Iceland,Europe & Central Asia,High income,2003,2003–2006,-0.0071637848288207,0.6514866569515717,0.21026423849876474,0.1382491045496602,Catching up
ISL,Iceland,Europe & Central Asia,High income,2006,2006–2009,0.0624547843094457,0.7271670334122811,0.27283296658765954,6.153303838849128e-14,Catching up
ISL,Iceland,Europe & Central Asia,High income,2009,2009–2012,-0.0198716697245737,0.7476251406528331,0.2306454655850464,0.021729393762116897,Catching up
ISL,Iceland,Europe & Central Asia,High income,2012,2012–2015,-0.018097160719577,0.7174356062320976,0.1662211562785471,0.11634323748935589,Catching up
ISL,Iceland,Europe & Central Asia,High income,2015,2015–2018,-0.0051626084372201,0.5325487867215366,0.04460139300888168,0.42284982026958423,Catching up
ISL,Iceland,Europe & Central Asia,High income,2018,2018–2021,-0.0108322721854259,0.47565354124216624,0.024092170776353387,0.5002542879814814,Falling behind
ISL,Iceland,Europe & Central Asia,High income,2021,2021–2024,-0.0038291278381636,0.4380992518237568,0.01849780064841622,0.5434029475278291,Falling behind
ISR,Israel,"Middle East, North Africa, Afghanistan & Pakistan",High income,2003,2003–2006,-0.0003894798391317,0.8217577727708492,0.017572527808002735,0.16066969942114676,Catching up
ISR,Israel,"Middle East, North Africa, Afghanistan & Pakistan",High income,2006,2006–2009,0.034572635557054,0.9823509662648643,0.017576445397241253,7.258833789599561e-05,Catching up
ISR,Israel,"Middle East, North Africa, Afghanistan & Pakistan",High income,2009,2009–2012,-0.0184272881900016,0.9777321970259788,0.011628708399175215,0.010639094574846814,Catching up
ISR,Israel,"Middle East, North Africa, Afghanistan & Pakistan",High income,2012,2012–2015,0.0061258836557919,0.9583887130425647,0.005245842858380337,0.0363654440990553,Catching up
ISR,Israel,"Middle East, North Africa, Afghanistan & Pakistan",High income,2015,2015–2018,0.0213176007316667,0.9877550877394363,0.005703943051381307,0.006540969209181552,Catching up
ISR,Israel,"Middle East, North Africa, Afghanistan & Pakistan",High income,2018,2018–2021,0.0193587119485735,0.9762079838885813,0.006645262763046824,0.01714675334837359,Catching up
ISR,Israel,"Middle East, North Africa, Afghanistan & Pakistan",High income,2021,2021–2024,0.0085004289391282,0.8851948199421001,0.007961021398103198,0.10684415865979519,Catching up
ITA,Italy,Europe & Central Asia,High income,2003,2003–2006,0.0398207415057744,0.9416207605600811,0.05837833446752266,9.049723966528567e-07,Catching up
ITA,Italy,Europe & Central Asia,High income,2006,2006–2009,0.0263638768452872,0.9549489576983036,0.04482820124964912,0.00022284105204729702,Catching up
ITA,Italy,Europe & Central Asia,High income,2009,2009–2012,0.0274890386017008,0.9584637736723031,0.04006675452606252,0.0014694718016347857,Catching up
ITA,Italy,Europe & Central Asia,High income,2012,2012–2015,0.014241257697103,0.8001492961974135,0.02052606528031298,0.17932463852227418,Catching up
ITA,Italy,Europe & Central Asia,High income,2015,2015–2018,-0.0044261291565424,0.4903935125517491,0.005543158148853333,0.5040633292993971,Falling behind
ITA,Italy,Europe & Central Asia,High income,2018,2018–2021,0.0030474631988334,0.37653007006420786,0.003195106994122714,0.6202748229416692,Falling behind
ITA,Italy,Europe & Central Asia,High income,2021,2021–2024,0.0036187366158606,0.3653219087983635,0.007073845200514571,0.6276042460011235,Falling behind
JAM,Jamaica,Latin America & Caribbean ,Upper middle income,2003,2003–2006,-0.0071936936273678,0.8504463862457766,0.026876588180484353,0.12267702557373891,Catching up
JAM,Jamaica,Latin America & Caribbean ,Upper middle income,2006,2006–2009,0.0315423189534966,0.9720445874985719,0.026548692909795894,0.0014067195916306944,Catching up
JAM,Jamaica,Latin America & Caribbean ,Upper middle income,2009,2009–2012,-0.0023839855483216,0.8705173606829966,0.006441907921388985,0.12304073139561292,Catching up
JAM,Jamaica,Latin America & Caribbean ,Upper middle income,2012,2012–2015,0.0061781621578381,0.8717440923698884,0.003567704320165254,0.12468820330994794,Catching up
JAM,Jamaica,Latin America & Caribbean ,Upper middle income,2015,2015–2018,0.0199502002842995,0.9424722129724987,0.005925657507163252,0.051602129520338436,Catching up
JAM,Jamaica,Latin America & Caribbean ,Upper middle income,2018,2018–2021,0.0014440211538587,0.9000607036454114,0.0053864215226614495,0.09455287483192759,Catching up
JAM,Jamaica,Latin America & Caribbean ,Upper middle income,2021,2021–2024,0.0195133239189639,0.9400369643505233,0.014020563876175066,0.04594247177330132,Catching up
JOR,Jordan,"Middle East, North Africa, Afghanistan & Pakistan",Upper middle income,2003,2003–2006,-0.0760675848047933,0.0013704837369683618,0.998629516263034,1.2158276940479498e-21,Stalled
JOR,Jordan,"Middle East, North Africa, Afghanistan & Pakistan",Upper middle income,2006,2006–2009,-0.0079109433860578,0.004349921187240444,0.9749101436743787,0.020739935138383184,Stalled
JOR,Jordan,"Middle East, North Africa, Afghanistan & Pakistan",Upper middle income,2009,2009–2012,0.0798270249903144,0.0045226103202319935,0.9954773896797661,5.771191909813647e-24,Stalled
JOR,Jordan,"Middle East, North Africa, Afghanistan & Pakistan",Upper middle income,2012,2012–2015,-0.0203098767570314,0.03407155002990036,0.9635611777309127,0.0023672722391840906,Stalled
JOR,Jordan,"Middle East, North Africa, Afghanistan & Pakistan",Upper middle income,2015,2015–2018,0.0607031636352564,0.055361167740867676,0.9446388322588728,2.614624921680561e-13,Stalled
JOR,Jordan,"Middle East, North Africa, Afghanistan & Pakistan",Upper middle income,2018,2018–2021,-0.007951361498582,0.11028298018880052,0.3296129432704448,0.560104076540756,Falling behind
JOR,Jordan,"Middle East, North Africa, Afghanistan & Pakistan",Upper middle income,2021,2021–2024,-0.0021602747073829,0.15300467547447782,0.1775152085998699,0.6694801159256505,Falling behind
JPN,Japan,East Asia & Pacific,High income,2003,2003–2006,0.0105213946586138,0.8624043379252084,0.012354438566629242,0.12524122350816333,Catching up
JPN,Japan,East Asia & Pacific,High income,2006,2006–2009,0.0153295877261674,0.921621666475567,0.0061319637077410305,0.07224636981669065,Catching up
JPN,Japan,East Asia & Pacific,High income,2009,2009–2012,0.0100946170586601,0.9366496893454476,0.0030423512095383845,0.06030795944501351,Catching up
JPN,Japan,East Asia & Pacific,High income,2012,2012–2015,0.0183461028476206,0.9794845743884404,0.003200635523743066,0.017314790087817444,Catching up
JPN,Japan,East Asia & Pacific,High income,2015,2015–2018,0.0188290399056449,0.9811652280708573,0.0035113291886950497,0.015323442740446832,Catching up
JPN,Japan,East Asia & Pacific,High income,2018,2018–2021,0.0114719043318627,0.9416484183354666,0.003974154216497284,0.05437742744803447,Catching up
JPN,Japan,East Asia & Pacific,High income,2021,2021–2024,0.0138802562244028,0.915576246141609,0.008073829130383434,0.07634992472800825,Catching up
KAZ,Kazakhstan,Europe & Central Asia,Upper middle income,2003,2003–2006,0.0219195320234423,0.9560808267656751,0.029955104275602946,0.01396406895872216,Catching up
KAZ,Kazakhstan,Europe & Central Asia,Upper middle income,2006,2006–2009,0.0159269495779878,0.9367419689157004,0.017858937046877344,0.045399094037423815,Catching up
KAZ,Kazakhstan,Europe & Central Asia,Upper middle income,2009,2009–2012,-0.0033896410310506,0.8669331719711706,0.01035125561320251,0.12271557241562835,Catching up
KAZ,Kazakhstan,Europe & Central Asia,Upper middle income,2012,2012–2015,0.0219804037073463,0.886272551493866,0.015396519543303505,0.0983309289628316,Catching up
KAZ,Kazakhstan,Europe & Central Asia,Upper middle income,2015,2015–2018,-0.0049732193729555,0.5295144447300584,0.004824976136201471,0.4656605791337404,Catching up
KAZ,Kazakhstan,Europe & Central Asia,Upper middle income,2018,2018–2021,0.0006635425363811,0.38866302698456656,0.003037754021595014,0.6082992189938373,Falling behind
KAZ,Kazakhstan,Europe & Central Asia,Upper middle income,2021,2021–2024,-0.0039711690171831,0.37049389860014975,0.0074231017620047645,0.6220829996378464,Falling behind
KEN,Kenya,Sub-Saharan Africa ,Lower middle income,2003,2003–2006,0.0012272200846122,0.1504422415572556,0.01613414889691522,0.8334236095458275,Falling behind
KEN,Kenya,Sub-Saharan Africa ,Lower middle income,2006,2006–2009,0.0006276945512688,0.11335785989655563,0.007450206291324397,0.8791919338121212,Falling behind
KEN,Kenya,Sub-Saharan Africa ,Lower middle income,2009,2009–2012,8.583718083432501e-05,0.12692012143613451,0.01597998890902839,0.8570998896548362,Falling behind
KEN,Kenya,Sub-Saharan Africa ,Lower middle income,2012,2012–2015,0.0001506495122191,0.20364259365791168,0.08433099200511462,0.7120264143369771,Falling behind
KEN,Kenya,Sub-Saharan Africa ,Lower middle income,2015,2015–2018,-0.0237048898123029,0.40510639905586726,0.5600741340311425,0.034819466912988636,Stalled
KEN,Kenya,Sub-Saharan Africa ,Lower middle income,2018,2018–2021,-0.0600411752725505,0.37328821822565567,0.6267117817741735,1.7016483239802116e-13,Stalled
KEN,Kenya,Sub-Saharan Africa ,Lower middle income,2021,2021–2024,0.0224772942866305,0.4426986717602239,0.5489592844430409,0.00834204379673301,Stalled
KGZ,Kyrgyz Republic,Europe & Central Asia,Lower middle income,2003,2003–2006,-0.005045457311562,0.5968337377114861,0.03759091514262642,0.365575347145884,Catching up
KGZ,Kyrgyz Republic,Europe & Central Asia,Lower middle income,2006,2006–2009,-0.0136922874336677,0.6728788661545111,0.0404229663769012,0.2866981674685879,Catching up
KGZ,Kyrgyz Republic,Europe & Central Asia,Lower middle income,2009,2009–2012,-0.0138614251646985,0.7195868878348933,0.049702881690725176,0.23071023047438222,Catching up
KGZ,Kyrgyz Republic,Europe & Central Asia,Lower middle income,2012,2012–2015,-0.0069731089904872,0.7409567428313315,0.0676479942467618,0.1913952629219063,Catching up
KGZ,Kyrgyz Republic,Europe & Central Asia,Lower middle income,2015,2015–2018,-0.0363716808790578,0.8396135326244187,0.16035728523449608,2.9182141082973303e-05,Catching up
KGZ,Kyrgyz Republic,Europe & Central Asia,Lower middle income,2018,2018–2021,-0.0294936940242884,0.8358983840256369,0.16402265491190235,7.896106246047389e-05,Catching up
KGZ,Kyrgyz Republic,Europe & Central Asia,Lower middle income,2021,2021–2024,0.0400904563043307,0.8372641502733597,0.1627349948745794,8.548520628530966e-07,Catching up
KHM,Cambodia,East Asia & Pacific,Lower middle income,2003,2003–2006,-0.024445223902843,0.9420407392287095,0.05532193057059204,0.0026373302006970517,Catching up
KHM,Cambodia,East Asia & Pacific,Lower middle income,2006,2006–2009,0.0298025394480476,0.9586728259399246,0.04113810602772377,0.00018906803235238455,Catching up
KHM,Cambodia,East Asia & Pacific,Lower middle income,2009,2009–2012,-0.000317922750356,0.9327901713851501,0.025756668665462668,0.04145315994939034,Catching up
KHM,Cambodia,East Asia & Pacific,Lower middle income,2012,2012–2015,-0.0345541739948007,0.9701949073316785,0.029777091860982485,2.8000807341245746e-05,Catching up
KHM,Cambodia,East Asia & Pacific,Lower middle income,2015,2015–2018,0.0226723041789579,0.9747882682897382,0.022762750175815673,0.002448981534445597,Catching up
KHM,Cambodia,East Asia & Pacific,Lower middle income,2018,2018–2021,-0.0129728074561065,0.9446286175605898,0.018323623184965457,0.03704775925444359,Catching up
KHM,Cambodia,East Asia & Pacific,Lower middle income,2021,2021–2024,0.0152953215934205,0.9277449171721418,0.019428204559847496,0.05282687826800922,Catching up
KOR,"Korea, Rep.",East Asia & Pacific,High income,2003,2003–2006,0.0224271258726066,0.9207976079072185,0.04218972285983792,0.037012669232945265,Catching up
KOR,"Korea, Rep.",East Asia & Pacific,High income,2006,2006–2009,0.006180414807656,0.8099075077915516,0.010363030906378764,0.17972946130207096,Catching up
KOR,"Korea, Rep.",East Asia & Pacific,High income,2009,2009–2012,-0.0096987714924319,0.7817571487209922,0.004606332545604164,0.21363651873340428,Catching up
KOR,"Korea, Rep.",East Asia & Pacific,High income,2012,2012–2015,0.0042827085582811,0.7996737420910632,0.0027496740957089804,0.1975765838132289,Catching up
KOR,"Korea, Rep.",East Asia & Pacific,High income,2015,2015–2018,0.0165107265802444,0.9211146390415115,0.005731768390271925,0.07315359256821621,Catching up
KOR,"Korea, Rep.",East Asia & Pacific,High income,2018,2018–2021,0.0128649437938443,0.9504515394940156,0.008048407548718049,0.04150005295726634,Catching up
KOR,"Korea, Rep.",East Asia & Pacific,High income,2021,2021–2024,0.0252943690235635,0.9790931216960967,0.016314308239937295,0.004592570063965021,Catching up
KWT,Kuwait,"Middle East, North Africa, Afghanistan & Pakistan",High income,2003,2003–2006,-0.0177953871977369,0.8542530824358706,0.0496666993946149,0.09608021816951337,Catching up
KWT,Kuwait,"Middle East, North Africa, Afghanistan & Pakistan",High income,2006,2006–2009,-0.0077241190382228,0.8316787540946842,0.026347152406403857,0.1419740934989111,Catching up
KWT,Kuwait,"Middle East, North Africa, Afghanistan & Pakistan",High income,2009,2009–2012,-0.0117219053016162,0.8696084169630108,0.02490291866125748,0.10548866437572939,Catching up
KWT,Kuwait,"Middle East, North Africa, Afghanistan & Pakistan",High income,2012,2012–2015,-0.0166789780740032,0.928377637682251,0.03293886293693974,0.03868349938081168,Catching up
KWT,Kuwait,"Middle East, North Africa, Afghanistan & Pakistan",High income,2015,2015–2018,-0.0242532643050634,0.9508580177190489,0.04174577723918421,0.007396205041766266,Catching up
KWT,Kuwait,"Middle East, North Africa, Afghanistan & Pakistan",High income,2018,2018–2021,-0.0008109359840771,0.9078739935001621,0.04149849636441756,0.05062751013542164,Catching up
KWT,Kuwait,"Middle East, North Africa, Afghanistan & Pakistan",High income,2021,2021–2024,-0.0333399245142902,0.9280404401406848,0.07172720915122019,0.00023235070809799315,Catching up
LAO,Lao PDR,East Asia & Pacific,Lower middle income,2003,2003–2006,-0.0054086776396217,0.1261734990033944,0.01739811396205692,0.8564283870345475,Falling behind
LAO,Lao PDR,East Asia & Pacific,Lower middle income,2006,2006–2009,-0.0026052305599982,0.06978778976841254,0.003756721640001467,0.9264554885915874,Falling behind
LAO,Lao PDR,East Asia & Pacific,Lower middle income,2009,2009–2012,-0.002358407026536,0.05489947299761057,0.001632826668327634,0.9434677003340624,Falling behind
LAO,Lao PDR,East Asia & Pacific,Lower middle income,2012,2012–2015,-0.0002040894377036,0.06749996543265811,0.0015554733946959258,0.9309445611726456,Falling behind
LAO,Lao PDR,East Asia & Pacific,Lower middle income,2015,2015–2018,0.0099378484384924,0.1221270753490014,0.0036064188138505843,0.8742665058371477,Falling behind
LAO,Lao PDR,East Asia & Pacific,Lower middle income,2018,2018–2021,-0.0068134063295609,0.16902830656368972,0.006447625677999111,0.8245240677583124,Falling behind
LAO,Lao PDR,East Asia & Pacific,Lower middle income,2021,2021–2024,-0.0118387333984976,0.27478360074960123,0.02094819458574612,0.7042682046646525,Falling behind
LBN,Lebanon,"Middle East, North Africa, Afghanistan & Pakistan",Lower middle income,2003,2003–2006,0.0180086844056243,0.8763639159252619,0.10841252736583289,0.015223556708905205,Catching up
LBN,Lebanon,"Middle East, North Africa, Afghanistan & Pakistan",Lower middle income,2006,2006–2009,-0.0475061689050405,0.8855266793513521,0.11447331402792503,6.620722480594758e-09,Catching up
LBN,Lebanon,"Middle East, North Africa, Afghanistan & Pakistan",Lower middle income,2009,2009–2012,0.0161100645365978,0.9177184351829787,0.0717145311379287,0.01056703367909165,Catching up
LBN,Lebanon,"Middle East, North Africa, Afghanistan & Pakistan",Lower middle income,2012,2012–2015,0.0186832585568261,0.9341171863636617,0.05841880127422762,0.007464012362109977,Catching up
LBN,Lebanon,"Middle East, North Africa, Afghanistan & Pakistan",Lower middle income,2015,2015–2018,0.0132565687021483,0.9290953662305063,0.056561227188986436,0.014343406580506415,Catching up
LBN,Lebanon,"Middle East, North Africa, Afghanistan & Pakistan",Lower middle income,2018,2018–2021,-0.0302958667893731,0.9278611585348957,0.07167236381211253,0.00046647765299284434,Catching up
LBR,Liberia,Sub-Saharan Africa ,Low income,2003,2003–2006,-0.0019547245321036,0.25415227748544245,0.013200249143260689,0.7326474733712982,Falling behind
LBR,Liberia,Sub-Saharan Africa ,Low income,2006,2006–2009,-0.0012528023542791,0.248180241126545,0.00361504062608541,0.7482047182473683,Falling behind
LBR,Liberia,Sub-Saharan Africa ,Low income,2009,2009–2012,0.0096355943438175,0.3317250909544579,0.003391203679365041,0.6648837053661781,Falling behind
LBR,Liberia,Sub-Saharan Africa ,Low income,2012,2012–2015,0.0109857061446581,0.43131051219861655,0.004257233387119699,0.5644322544142627,Falling behind
LBR,Liberia,Sub-Saharan Africa ,Low income,2015,2015–2018,0.0110588916341501,0.5207941646612011,0.006039133483730896,0.47316670185506654,Catching up
LBR,Liberia,Sub-Saharan Africa ,Low income,2018,2018–2021,0.014690439163203,0.6027431704475985,0.011397896290695108,0.38585893326170595,Catching up
LBR,Liberia,Sub-Saharan Africa ,Low income,2021,2021–2024,-0.0104324425989659,0.5957862521668826,0.016735971012727113,0.3874777768203913,Catching up
LBY,Libya,"Middle East, North Africa, Afghanistan & Pakistan",Upper middle income,2003,2003–2006,0.0050354640526208,0.23373334826102002,0.015599111811845645,0.7506675399271352,Falling behind
LBY,Libya,"Middle East, North Africa, Afghanistan & Pakistan",Upper middle income,2006,2006–2009,-0.0044495908698319,0.20008880700146417,0.00469689130442816,0.7952143016941082,Falling behind
LBY,Libya,"Middle East, North Africa, Afghanistan & Pakistan",Upper middle income,2009,2009–2012,-0.0101820584154278,0.2299052634291322,0.004071939536752582,0.7660227970341168,Falling behind
LBY,Libya,"Middle East, North Africa, Afghanistan & Pakistan",Upper middle income,2012,2012–2015,-0.0002805085391692,0.274081855920733,0.003263247854168252,0.7226548962250988,Falling behind
LBY,Libya,"Middle East, North Africa, Afghanistan & Pakistan",Upper middle income,2015,2015–2018,0.0007680700790707,0.44550181910816933,0.010312769022871494,0.5441854118689576,Falling behind
LBY,Libya,"Middle East, North Africa, Afghanistan & Pakistan",Upper middle income,2018,2018–2021,0.0235328341098286,0.9167868853543035,0.05928368370360674,0.023929430942089013,Catching up
LBY,Libya,"Middle East, North Africa, Afghanistan & Pakistan",Upper middle income,2021,2021–2024,-0.0233749406361172,0.9236250786220611,0.06760622130530512,0.008768700072635345,Catching up
LCA,St. Lucia,Latin America & Caribbean ,Upper middle income,2003,2003–2006,0.0707606708265814,0.0030718537349650353,0.9969281462650348,3.377276537718674e-19,Stalled
LCA,St. Lucia,Latin America & Caribbean ,Upper middle income,2006,2006–2009,0.1204552478234526,3.7244234035381764e-05,0.9999627557659653,1.4253955229642018e-52,Stalled
LCA,St. Lucia,Latin America & Caribbean ,Upper middle income,2009,2009–2012,0.0037548996536502,0.1562954156370885,0.2743825802218009,0.5693220041411079,Falling behind
LCA,St. Lucia,Latin America & Caribbean ,Upper middle income,2012,2012–2015,-0.0137957699983436,0.31972860606315023,0.15400525849543184,0.5262661354414196,Falling behind
LCA,St. Lucia,Latin America & Caribbean ,Upper middle income,2015,2015–2018,-0.0103990788795281,0.42170992894160864,0.08345913926301832,0.49483093179537485,Falling behind
LCA,St. Lucia,Latin America & Caribbean ,Upper middle income,2018,2018–2021,-0.0038830246732346,0.5495515728479676,0.06490162840260447,0.38554679874942643,Catching up
LCA,St. Lucia,Latin America & Caribbean ,Upper middle income,2021,2021–2024,0.0284691584333352,0.8850563033535337,0.10575442121687324,0.009189275429594367,Catching up
LKA,Sri Lanka,South Asia,Upper middle income,2003,2003–2006,0.0068850130464808,0.27549693463665315,0.01661853337563409,0.7078845319877114,Falling behind
LKA,Sri Lanka,South Asia,Upper middle income,2006,2006–2009,0.0003825062035689,0.23425698901434955,0.003760017692673995,0.7619829932929775,Falling behind
LKA,Sri Lanka,South Asia,Upper middle income,2009,2009–2012,0.0056573117659414,0.2737242888957187,0.0023974680932101738,0.7238782430110727,Falling behind
LKA,Sri Lanka,South Asia,Upper middle income,2012,2012–2015,0.011780411724857,0.38555779847861044,0.0038634627175975823,0.6105787388037902,Falling behind
LKA,Sri Lanka,South Asia,Upper middle income,2015,2015–2018,0.007318722218022,0.46449094060927326,0.004261972996854857,0.5312470863938729,Falling behind
LKA,Sri Lanka,South Asia,Upper middle income,2018,2018–2021,0.0082909723661432,0.6206091905594231,0.01096075434193523,0.3684300550986418,Catching up
LKA,Sri Lanka,South Asia,Upper middle income,2021,2021–2024,0.0216248481593423,0.864719136781006,0.039301634563755995,0.0959792286552387,Catching up
LSO,Lesotho,Sub-Saharan Africa ,Lower middle income,2003,2003–2006,-0.0064295894774863,0.14933712534345792,0.020169724784755517,0.8304931498717855,Falling behind
LSO,Lesotho,Sub-Saharan Africa ,Lower middle income,2006,2006–2009,-0.0062455394139706,0.09197818422649814,0.005746612821460042,0.9022752029520436,Falling behind
LSO,Lesotho,Sub-Saharan Africa ,Lower middle income,2009,2009–2012,-0.0072432636605464,0.06917429590702891,0.002945891870950033,0.9278798122220207,Falling behind
LSO,Lesotho,Sub-Saharan Africa ,Lower middle income,2012,2012–2015,-0.007334638982951,0.062323325835503866,0.0022573927993931216,0.9354192813651033,Falling behind
LSO,Lesotho,Sub-Saharan Africa ,Lower middle income,2015,2015–2018,-0.0037604805956413,0.06779494346712335,0.0018829483143435084,0.9303221082185323,Falling behind
LSO,Lesotho,Sub-Saharan Africa ,Lower middle income,2018,2018–2021,0.0056134932056261,0.1064614781168056,0.0037031961039548844,0.889835325779238,Falling behind
LSO,Lesotho,Sub-Saharan Africa ,Lower middle income,2021,2021–2024,-0.0091534327603192,0.18591426185957602,0.013667305937784287,0.800418432202638,Falling behind
LTU,Lithuania,Europe & Central Asia,High income,2003,2003–2006,0.0089199207684198,0.07676465972347601,0.7612492861328715,0.16198605414365405,Stalled
LTU,Lithuania,Europe & Central Asia,High income,2006,2006–2009,0.1121872531253266,0.00035869909330287305,0.9996413009066951,7.013905085264086e-46,Stalled
LTU,Lithuania,Europe & Central Asia,High income,2009,2009–2012,-0.0458926232819961,0.014966405067911566,0.9850335915271321,3.4049543891456447e-09,Stalled
LTU,Lithuania,Europe & Central Asia,High income,2012,2012–2015,-0.0308255699510578,0.08253130976871753,0.9166357212892897,0.0008329689419895952,Stalled
LTU,Lithuania,Europe & Central Asia,High income,2015,2015–2018,-0.0139936585357312,0.14809796837062852,0.4647436940263921,0.3871583376029783,Stalled
LTU,Lithuania,Europe & Central Asia,High income,2018,2018–2021,-0.0045253740004228,0.15804417760329825,0.1449583628599188,0.6969974595367857,Falling behind
LTU,Lithuania,Europe & Central Asia,High income,2021,2021–2024,-0.0064401326002847,0.20300405839026966,0.09324771197650719,0.7037482296332248,Falling behind
LUX,Luxembourg,Europe & Central Asia,High income,2003,2003–2006,0.0208471317609938,0.9736006114504425,0.02019645331666394,0.006202935232891235,Catching up
LUX,Luxembourg,Europe & Central Asia,High income,2006,2006–2009,0.0239113138190233,0.9854479746440438,0.013932861604804702,0.0006191637511501415,Catching up
LUX,Luxembourg,Europe & Central Asia,High income,2009,2009–2012,0.0372494507950454,0.9878236807642884,0.012175486696557871,8.325391564857912e-07,Catching up
LUX,Luxembourg,Europe & Central Asia,High income,2012,2012–2015,0.0381890348508558,0.9892960189217039,0.010703463112475213,5.179658190177855e-07,Catching up
LUX,Luxembourg,Europe & Central Asia,High income,2015,2015–2018,0.023160223389264,0.989205253996086,0.008999070915581836,0.0017956750883343269,Catching up
LUX,Luxembourg,Europe & Central Asia,High income,2018,2018–2021,-0.0067010668757339,0.9578442555314228,0.00837472422815551,0.033781020240421275,Catching up
LUX,Luxembourg,Europe & Central Asia,High income,2021,2021–2024,0.0232272223301562,0.9768488497540417,0.015054753971547107,0.008096396274409931,Catching up
LVA,Latvia,Europe & Central Asia,High income,2003,2003–2006,-0.007042078668071,0.06164949760716203,0.7495588776264532,0.18879162476638647,Stalled
LVA,Latvia,Europe & Central Asia,High income,2006,2006–2009,0.1298551045335795,1.1354061543997062e-06,0.9999988645938467,1.2814742520354264e-61,Stalled
LVA,Latvia,Europe & Central Asia,High income,2009,2009–2012,-0.0696799421101914,0.0013300182927962238,0.9986699817072058,7.199955098210832e-18,Stalled
LVA,Latvia,Europe & Central Asia,High income,2012,2012–2015,-0.0073820703072874,0.07608921714472369,0.24576106651914137,0.6781497163361326,Falling behind
LVA,Latvia,Europe & Central Asia,High income,2015,2015–2018,-0.0033696838237413,0.1310925955506287,0.06874160162751905,0.8001658028218533,Falling behind
LVA,Latvia,Europe & Central Asia,High income,2018,2018–2021,-0.0074623332611684,0.24801198464143298,0.04337395211206064,0.7086140632465061,Falling behind
LVA,Latvia,Europe & Central Asia,High income,2021,2021–2024,0.0154368667589525,0.46028027328669213,0.05584219825802255,0.48387752845528526,Falling behind
MAC,"Macao SAR, China",East Asia & Pacific,High income,2003,2003–2006,-0.0172430504017484,0.6005709302029382,0.37458797041348585,0.024841099383575996,Catching up
MAC,"Macao SAR, China",East Asia & Pacific,High income,2006,2006–2009,0.0611716287900561,0.6001036279804713,0.3998963720192979,2.291382678773884e-13,Catching up
MAC,"Macao SAR, China",East Asia & Pacific,High income,2009,2009–2012,-0.0175785204032939,0.5584281777927861,0.27645050539466404,0.16512131681254857,Catching up
MAC,"Macao SAR, China",East Asia & Pacific,High income,2012,2012–2015,0.0078290818656903,0.34224230172231257,0.060318267606036216,0.597439430671652,Falling behind
MAC,"Macao SAR, China",East Asia & Pacific,High income,2015,2015–2018,-0.0003266340793962,0.20000676345785937,0.010881562498868975,0.7891116740432734,Falling behind
MAC,"Macao SAR, China",East Asia & Pacific,High income,2018,2018–2021,0.0004399468165963,0.16213006630656435,0.00430991758521988,0.8335600161082164,Falling behind
MAC,"Macao SAR, China",East Asia & Pacific,High income,2021,2021–2024,-0.0023717098056341,0.18905635852338576,0.008167567974489632,0.8027760735021238,Falling behind
MAR,Morocco,"Middle East, North Africa, Afghanistan & Pakistan",Lower middle income,2003,2003–2006,0.0392645371530259,0.9610689703449585,0.038929094129607364,1.9355254328793535e-06,Catching up
MAR,Morocco,"Middle East, North Africa, Afghanistan & Pakistan",Lower middle income,2006,2006–2009,0.0185279371252979,0.9683823972416995,0.02185736839872377,0.009760234359577062,Catching up
MAR,Morocco,"Middle East, North Africa, Afghanistan & Pakistan",Lower middle income,2009,2009–2012,0.0037763732028591,0.9469756888540124,0.012009525539262364,0.04101478560672534,Catching up
MAR,Morocco,"Middle East, North Africa, Afghanistan & Pakistan",Lower middle income,2012,2012–2015,0.0279498162920863,0.9837443966235428,0.01431119812491148,0.0019444052515461803,Catching up
MAR,Morocco,"Middle East, North Africa, Afghanistan & Pakistan",Lower middle income,2015,2015–2018,-0.0153671937644472,0.9121836009586249,0.012381184931254497,0.07543521411011948,Catching up
MAR,Morocco,"Middle East, North Africa, Afghanistan & Pakistan",Lower middle income,2018,2018–2021,-0.0114628715219374,0.7881571853839437,0.009407293516677667,0.20243552109937799,Catching up
MAR,Morocco,"Middle East, North Africa, Afghanistan & Pakistan",Lower middle income,2021,2021–2024,-0.0050618307443882,0.6898342268067037,0.010124540037785134,0.3000412331555107,Catching up
MDA,Moldova,Europe & Central Asia,Upper middle income,2003,2003–2006,-0.0014743905585679,0.5994370504322557,0.014817197122446384,0.38574575244530096,Catching up
MDA,Moldova,Europe & Central Asia,Upper middle income,2006,2006–2009,-0.006012470475435,0.6946146750171118,0.01046430404895614,0.29492102093393563,Catching up
MDA,Moldova,Europe & Central Asia,Upper middle income,2009,2009–2012,0.0196929157931642,0.9417769805331181,0.019890619672504602,0.03833239979437914,Catching up
MDA,Moldova,Europe & Central Asia,Upper middle income,2012,2012–2015,-0.0213380114448084,0.968889676360749,0.023914007317541484,0.007196316321706978,Catching up
MDA,Moldova,Europe & Central Asia,Upper middle income,2015,2015–2018,-0.0161690679222677,0.9652261035848797,0.025727509022941457,0.009046387392176182,Catching up
MDA,Moldova,Europe & Central Asia,Upper middle income,2018,2018–2021,-0.0229723684516955,0.9665445002279123,0.03201339230558694,0.0014421074664987044,Catching up
MDA,Moldova,Europe & Central Asia,Upper middle income,2021,2021–2024,0.0362906499268683,0.961982966382559,0.03800914841073834,7.885206703110125e-06,Catching up
MDG,Madagascar,Sub-Saharan Africa ,Low income,2003,2003–2006,0.0078007661767989,0.7089842277064992,0.02546326429139964,0.26555250800210245,Catching up
MDG,Madagascar,Sub-Saharan Africa ,Low income,2006,2006–2009,-0.0065225933016571,0.768117835113877,0.023122722468689627,0.20875944241743322,Catching up
MDG,Madagascar,Sub-Saharan Africa ,Low income,2009,2009–2012,0.0297611524730776,0.939494913234839,0.04426626927820345,0.016238817486955846,Catching up
MDG,Madagascar,Sub-Saharan Africa ,Low income,2012,2012–2015,-0.0019990913638372,0.5496254466909647,0.008641771717457041,0.44173278159157725,Catching up
MDG,Madagascar,Sub-Saharan Africa ,Low income,2015,2015–2018,0.0027853771032041,0.4168165424808492,0.0032270076745239402,0.579956449844627,Falling behind
MDG,Madagascar,Sub-Saharan Africa ,Low income,2018,2018–2021,0.0077966674546331,0.39772359063666896,0.004541016926221042,0.597735392437109,Falling behind
MDG,Madagascar,Sub-Saharan Africa ,Low income,2021,2021–2024,-0.0094308819827778,0.4208516684799238,0.012483770511868216,0.5666645610082082,Falling behind
MDV,Maldives,South Asia,Upper middle income,2003,2003–2006,0.0118557874331791,0.9027986270763497,0.014763997950424311,0.08243737497322655,Catching up
MDV,Maldives,South Asia,Upper middle income,2006,2006–2009,0.0149139558400449,0.955344891507585,0.009418139034959023,0.035236969457455136,Catching up
MDV,Maldives,South Asia,Upper middle income,2009,2009–2012,0.0184861049380097,0.9826105145506794,0.008995942071396477,0.008393543377924783,Catching up
MDV,Maldives,South Asia,Upper middle income,2012,2012–2015,0.0200002609527191,0.9862437170776571,0.01125739558347238,0.0024988873388715966,Catching up
MDV,Maldives,South Asia,Upper middle income,2015,2015–2018,-0.0317048211706211,0.9816254851864301,0.01825568740468579,0.00011882740888263177,Catching up
MDV,Maldives,South Asia,Upper middle income,2018,2018–2021,0.0020791940377739,0.9390080173398533,0.017346496691191773,0.043645485968954,Catching up
MDV,Maldives,South Asia,Upper middle income,2021,2021–2024,-0.0246751206367414,0.9583007413057184,0.03335441008725611,0.008344848607024863,Catching up
MEX,Mexico,Latin America & Caribbean ,Upper middle income,2003,2003–2006,0.0401883086084635,0.931383729324523,0.06861555523667802,7.154387982021305e-07,Catching up
MEX,Mexico,Latin America & Caribbean ,Upper middle income,2006,2006–2009,0.0335491121031299,0.9445990050178972,0.055336407594803676,6.458738730078902e-05,Catching up
MEX,Mexico,Latin America & Caribbean ,Upper middle income,2009,2009–2012,0.0113301511678582,0.8557963140839844,0.01831590074505986,0.12588778517095525,Catching up
MEX,Mexico,Latin America & Caribbean ,Upper middle income,2012,2012–2015,0.0008097245865193,0.7697050663773598,0.004878680827530679,0.2254162527951112,Catching up
MEX,Mexico,Latin America & Caribbean ,Upper middle income,2015,2015–2018,0.0065230102857566,0.7932273740318396,0.003965961607819002,0.2028066643603424,Catching up
MEX,Mexico,Latin America & Caribbean ,Upper middle income,2018,2018–2021,0.0143674920093127,0.8950896110129888,0.009305238463617284,0.09560515052339297,Catching up
MEX,Mexico,Latin America & Caribbean ,Upper middle income,2021,2021–2024,0.0204612855855391,0.9438970923275559,0.01827749604639954,0.03782541162604537,Catching up
MKD,North Macedonia,Europe & Central Asia,Upper middle income,2003,2003–2006,-0.0297463028914538,0.9372325978450321,0.061794898418403944,0.0009725037365670267,Catching up
MKD,North Macedonia,Europe & Central Asia,Upper middle income,2006,2006–2009,0.0042495122511119,0.9324593494855477,0.024582134501484356,0.042958516012964854,Catching up
MKD,North Macedonia,Europe & Central Asia,Upper middle income,2009,2009–2012,0.0353260730954073,0.9806719446240066,0.01930887504194151,1.9180334053214983e-05,Catching up
MKD,North Macedonia,Europe & Central Asia,Upper middle income,2012,2012–2015,0.0155702500533213,0.9725783671722514,0.011885040954049388,0.015536591873699376,Catching up
MKD,North Macedonia,Europe & Central Asia,Upper middle income,2015,2015–2018,-0.0124269247199107,0.9545193906717142,0.009816755440812307,0.035663853887472036,Catching up
MKD,North Macedonia,Europe & Central Asia,Upper middle income,2018,2018–2021,0.010750368653574,0.955623804686264,0.011539047003015768,0.03283714831072232,Catching up
MKD,North Macedonia,Europe & Central Asia,Upper middle income,2021,2021–2024,0.0352803603063739,0.9767494334549518,0.02321146036816383,3.9106176887092865e-05,Catching up
MLI,Mali,Sub-Saharan Africa ,Low income,2003,2003–2006,-0.0020998271017399,0.2628013715939363,0.0355409442354365,0.7016576841706279,Falling behind
MLI,Mali,Sub-Saharan Africa ,Low income,2006,2006–2009,-0.0043191813924703,0.25901262545614623,0.037062597833585606,0.7039247767102669,Falling behind
MLI,Mali,Sub-Saharan Africa ,Low income,2009,2009–2012,-0.0064981851692065,0.32968829445678466,0.09600864565371907,0.5743030598894949,Falling behind
MLI,Mali,Sub-Saharan Africa ,Low income,2012,2012–2015,0.0187634789030924,0.48855256649681794,0.37986244663306495,0.13158498687011355,Catching up
MLI,Mali,Sub-Saharan Africa ,Low income,2015,2015–2018,-0.0592756429583004,0.43194447308502176,0.5680555269143932,5.815485769690748e-13,Stalled
MLI,Mali,Sub-Saharan Africa ,Low income,2018,2018–2021,-0.0338592788410431,0.464181889316199,0.5357412810288412,7.682965496205885e-05,Stalled
MLI,Mali,Sub-Saharan Africa ,Low income,2021,2021–2024,0.0105723298846132,0.48764947897819666,0.3621980062513857,0.15015251477041655,Catching up
MLT,Malta,"Middle East, North Africa, Afghanistan & Pakistan",High income,2003,2003–2006,0.0387491995184775,0.6962875917137581,0.303710738121926,1.6701643140500656e-06,Catching up
MLT,Malta,"Middle East, North Africa, Afghanistan & Pakistan",High income,2006,2006–2009,0.0572927142942616,0.6940037729048303,0.3059962270947363,4.3556263837878107e-13,Catching up
MLT,Malta,"Middle East, North Africa, Afghanistan & Pakistan",High income,2009,2009–2012,0.0396835632124228,0.7235930856316727,0.2764066068208886,3.075474415809171e-07,Catching up
MLT,Malta,"Middle East, North Africa, Afghanistan & Pakistan",High income,2012,2012–2015,0.0508648956021789,0.748706310809,0.25129368906562444,1.2537549076460784e-10,Catching up
MLT,Malta,"Middle East, North Africa, Afghanistan & Pakistan",High income,2015,2015–2018,0.0365253936036152,0.8006325355643408,0.19936418590741026,3.2785282490627994e-06,Catching up
MLT,Malta,"Middle East, North Africa, Afghanistan & Pakistan",High income,2018,2018–2021,0.01658247046316,0.8348018362116236,0.15745020240767846,0.007747961380695722,Catching up
MLT,Malta,"Middle East, North Africa, Afghanistan & Pakistan",High income,2021,2021–2024,0.0294267636475586,0.8512661389769671,0.1483408773061745,0.00039298371686193707,Catching up
MMR,Myanmar,East Asia & Pacific,Lower middle income,2003,2003–2006,-0.0144838210578375,0.3409744720959939,0.06453492774406436,0.5944906001599409,Falling behind
MMR,Myanmar,East Asia & Pacific,Lower middle income,2006,2006–2009,-0.0085410543193517,0.18640947017598006,0.01787292479611869,0.7957176050279027,Falling behind
MMR,Myanmar,East Asia & Pacific,Lower middle income,2009,2009–2012,-0.0035389754426156,0.08926458227398247,0.004062919822939255,0.9066724979030795,Falling behind
MMR,Myanmar,East Asia & Pacific,Lower middle income,2012,2012–2015,-0.0020691380661256,0.052954875460180656,0.0016774847327448987,0.945367639807074,Falling behind
MMR,Myanmar,East Asia & Pacific,Lower middle income,2015,2015–2018,-0.0045923176191287,0.046947791629725996,0.0015609648227164186,0.9514912435475584,Falling behind
MMR,Myanmar,East Asia & Pacific,Lower middle income,2018,2018–2021,0.0011683961015527,0.05950115760700401,0.002031890388831465,0.9384669520041663,Falling behind
MMR,Myanmar,East Asia & Pacific,Lower middle income,2021,2021–2024,-0.0013219055803014,0.10799451916757775,0.006997100958895277,0.8850083798735264,Falling behind
MNE,Montenegro,Europe & Central Asia,Upper middle income,2003,2003–2006,0.0468928173057045,0.31386171490807696,0.6861382791443168,5.947607859079239e-09,Stalled
MNE,Montenegro,Europe & Central Asia,Upper middle income,2006,2006–2009,0.0483953612554131,0.30353054929926987,0.6964694501445502,5.561775735046998e-10,Stalled
MNE,Montenegro,Europe & Central Asia,Upper middle income,2009,2009–2012,0.0194279612112166,0.3013318898415015,0.6956053064327494,0.0030628037257523937,Stalled
MNE,Montenegro,Europe & Central Asia,Upper middle income,2012,2012–2015,0.027250014316818,0.27554971266196876,0.724195217027444,0.00025507031058787094,Stalled
MNE,Montenegro,Europe & Central Asia,Upper middle income,2015,2015–2018,-0.0401740249032898,0.21445141842450746,0.7855483635022467,2.1807324643053852e-07,Stalled
MNE,Montenegro,Europe & Central Asia,Upper middle income,2018,2018–2021,0.0441771860510745,0.1962765644968466,0.8037234258687028,9.63444859912122e-09,Stalled
MNE,Montenegro,Europe & Central Asia,Upper middle income,2021,2021–2024,-0.053178010103123,0.18070944632552677,0.8192905536165361,5.7939734443272795e-11,Stalled
MNG,Mongolia,East Asia & Pacific,Upper middle income,2003,2003–2006,-0.0002089632472879,0.23074450526566104,0.013569705954369007,0.7556857887799688,Falling behind
MNG,Mongolia,East Asia & Pacific,Upper middle income,2006,2006–2009,-0.0033189868790007,0.2191073060072229,0.004564593113951886,0.776328100878825,Falling behind
MNG,Mongolia,East Asia & Pacific,Upper middle income,2009,2009–2012,-0.0064061632830368,0.2828341942080056,0.0056412373692574895,0.7115245684227357,Falling behind
MNG,Mongolia,East Asia & Pacific,Upper middle income,2012,2012–2015,-0.0013151860612005,0.4403023358208859,0.01606879781196344,0.543628866367151,Falling behind
MNG,Mongolia,East Asia & Pacific,Upper middle income,2015,2015–2018,-0.0297784073060343,0.8811970305183593,0.08978754468504622,0.02901542479659601,Catching up
MNG,Mongolia,East Asia & Pacific,Upper middle income,2018,2018–2021,0.009422377577701,0.7379520143209412,0.0347183879686001,0.22732959771045927,Catching up
MNG,Mongolia,East Asia & Pacific,Upper middle income,2021,2021–2024,-0.0015443175621849,0.6355003136483792,0.022286160035922292,0.3422135263157,Catching up
MOZ,Mozambique,Sub-Saharan Africa ,Low income,2003,2003–2006,-0.0197459137118481,0.851957980279989,0.13493115917801562,0.013110860541995256,Catching up
MOZ,Mozambique,Sub-Saharan Africa ,Low income,2006,2006–2009,-0.0218446148399824,0.8658409592447416,0.13142941812565295,0.0027296226296084423,Catching up
MOZ,Mozambique,Sub-Saharan Africa ,Low income,2009,2009–2012,-0.0241519732321907,0.8688077698724392,0.1301545211936925,0.0010377089338687708,Catching up
MOZ,Mozambique,Sub-Saharan Africa ,Low income,2012,2012–2015,-0.0271241170170551,0.8656702116447427,0.12861311714136137,0.005716671213895647,Catching up
MOZ,Mozambique,Sub-Saharan Africa ,Low income,2015,2015–2018,-0.0031182886398399,0.5548365819576766,0.026048576416468856,0.41911484162585516,Catching up
MOZ,Mozambique,Sub-Saharan Africa ,Low income,2018,2018–2021,0.0001191367323841,0.4507006959829838,0.01045090842997982,0.5388483955870332,Falling behind
MOZ,Mozambique,Sub-Saharan Africa ,Low income,2021,2021–2024,-0.0092735061778406,0.46105557848127665,0.015785593302894276,0.523158828215828,Falling behind
MRT,Mauritania,Sub-Saharan Africa ,Lower middle income,2003,2003–2006,0.0047048999262745,0.4681346093918731,0.013848810861105825,0.5180165797470225,Falling behind
MRT,Mauritania,Sub-Saharan Africa ,Lower middle income,2006,2006–2009,0.0034776359594205,0.5003935081979177,0.00604025238454878,0.49356623941753397,Catching up
MRT,Mauritania,Sub-Saharan Africa ,Lower middle income,2009,2009–2012,0.0063739202491848,0.6522277121305156,0.010213183857814017,0.3375591040116692,Catching up
MRT,Mauritania,Sub-Saharan Africa ,Lower middle income,2012,2012–2015,0.0265894752027833,0.9576414270229154,0.037646525414396025,0.004712047562688802,Catching up
MRT,Mauritania,Sub-Saharan Africa ,Lower middle income,2015,2015–2018,-0.0182500252626345,0.9531290292325495,0.04183024497536617,0.005040725792085457,Catching up
MRT,Mauritania,Sub-Saharan Africa ,Lower middle income,2018,2018–2021,-0.0326410955666625,0.949190161042332,0.05054790963868852,0.00026192931898047224,Catching up
MRT,Mauritania,Sub-Saharan Africa ,Lower middle income,2021,2021–2024,0.0015781358388862,0.8036341525080262,0.02955695924181364,0.1668088882501601,Catching up
MUS,Mauritius,Sub-Saharan Africa ,Upper middle income,2003,2003–2006,-0.026033336270472,0.1241275688768082,0.8747036667693872,0.001168764353805964,Stalled
MUS,Mauritius,Sub-Saharan Africa ,Upper middle income,2006,2006–2009,0.0481447411481819,0.09454579245519955,0.9054542070194433,5.25359105639372e-10,Stalled
MUS,Mauritius,Sub-Saharan Africa ,Upper middle income,2009,2009–2012,0.0331890202980349,0.07508277797228492,0.9249083908347678,8.831192944896943e-06,Stalled
MUS,Mauritius,Sub-Saharan Africa ,Upper middle income,2012,2012–2015,0.0586559896455047,0.04046492007684204,0.9595350799230818,7.574685991320238e-14,Stalled
MUS,Mauritius,Sub-Saharan Africa ,Upper middle income,2015,2015–2018,0.0165071188636534,0.029719999273620394,0.9643988667753622,0.005881133951017953,Stalled
MUS,Mauritius,Sub-Saharan Africa ,Upper middle income,2018,2018–2021,0.1099807339208591,0.0009678131205242727,0.9990321868794753,2.851306562562123e-44,Stalled
MUS,Mauritius,Sub-Saharan Africa ,Upper middle income,2021,2021–2024,-0.0184259866148984,0.0771627246218383,0.8857744204249806,0.03706285495317869,Stalled
MWI,Malawi,Sub-Saharan Africa ,Low income,2003,2003–2006,-0.0042334904517463,0.5470390029726374,0.04243909464008277,0.41052190238727954,Catching up
MWI,Malawi,Sub-Saharan Africa ,Low income,2006,2006–2009,-0.0185560843943049,0.6153416017690744,0.04804381960974617,0.3366145786211812,Catching up
MWI,Malawi,Sub-Saharan Africa ,Low income,2009,2009–2012,-0.0157050714251071,0.5274438808629774,0.03249646175930751,0.4400596573777155,Catching up
MWI,Malawi,Sub-Saharan Africa ,Low income,2012,2012–2015,-0.0007022542614156,0.3028782341139947,0.006380628797995366,0.6907411370880102,Falling behind
MWI,Malawi,Sub-Saharan Africa ,Low income,2015,2015–2018,0.0055691406767176,0.23456655416847808,0.0028448746924445347,0.7625885711390776,Falling behind
MWI,Malawi,Sub-Saharan Africa ,Low income,2018,2018–2021,0.0065726683566278,0.22341592131265775,0.0034745495703523864,0.7731095291169902,Falling behind
MWI,Malawi,Sub-Saharan Africa ,Low income,2021,2021–2024,-0.0062193932093514,0.25296570339552943,0.00948210333466229,0.7375521932698089,Falling behind
MYS,Malaysia,East Asia & Pacific,Upper middle income,2003,2003–2006,0.0140529651030623,0.906693968148915,0.016365375807688848,0.07694065604339585,Catching up
MYS,Malaysia,East Asia & Pacific,Upper middle income,2006,2006–2009,0.0107217374003346,0.9320082288737525,0.009002230045833495,0.058989541080414695,Catching up
MYS,Malaysia,East Asia & Pacific,Upper middle income,2009,2009–2012,0.0187151109787749,0.9773784223213389,0.009418030620451654,0.013203547058210694,Catching up
MYS,Malaysia,East Asia & Pacific,Upper middle income,2012,2012–2015,0.0256871741981303,0.9809523818224092,0.011732236485014577,0.007315381692576271,Catching up
MYS,Malaysia,East Asia & Pacific,Upper middle income,2015,2015–2018,0.0072970594236688,0.7126218375075907,0.004494896706281317,0.282883265786127,Catching up
MYS,Malaysia,East Asia & Pacific,Upper middle income,2018,2018–2021,0.0008336273955367,0.5668406055882621,0.0036205073604154807,0.4295388870513239,Catching up
MYS,Malaysia,East Asia & Pacific,Upper middle income,2021,2021–2024,-0.0092275262182401,0.553078204362782,0.010385307849440402,0.43653648778777765,Catching up
NAM,Namibia,Sub-Saharan Africa ,Lower middle income,2003,2003–2006,0.0166222917034915,0.660831317576458,0.3127687593460839,0.026399923077458493,Catching up
NAM,Namibia,Sub-Saharan Africa ,Lower middle income,2006,2006–2009,0.0309298598473449,0.6491195621465978,0.3503964937458447,0.00048394410755856556,Catching up
NAM,Namibia,Sub-Saharan Africa ,Lower middle income,2009,2009–2012,0.0056580896081839,0.5056530561395958,0.3868873939103685,0.10745954995003625,Catching up
NAM,Namibia,Sub-Saharan Africa ,Lower middle income,2012,2012–2015,0.0216376756984583,0.36900128381959507,0.611794692487288,0.019204023693118296,Stalled
NAM,Namibia,Sub-Saharan Africa ,Lower middle income,2015,2015–2018,0.1097238160259175,0.023223198001633433,0.97677680199837,5.459224299772573e-43,Stalled
NAM,Namibia,Sub-Saharan Africa ,Lower middle income,2018,2018–2021,0.0120463071419058,0.1693372385154258,0.7586306700409192,0.07203209144365268,Stalled
NAM,Namibia,Sub-Saharan Africa ,Lower middle income,2021,2021–2024,-0.0212309057707984,0.2582664558170864,0.7044435942317857,0.03728994995112633,Stalled
NCL,New Caledonia,East Asia & Pacific,High income,2003,2003–2006,0.0147426913652051,0.9139838489262815,0.016809790571710833,0.06920636050200735,Catching up
NCL,New Caledonia,East Asia & Pacific,High income,2006,2006–2009,0.0090809431633159,0.9335135659735428,0.00902588464976964,0.05746054937668808,Catching up
NCL,New Caledonia,East Asia & Pacific,High income,2009,2009–2012,0.029430150905266,0.9893997006044606,0.01004025556580161,0.0005600438297371199,Catching up
NCL,New Caledonia,East Asia & Pacific,High income,2012,2012–2015,0.0075703078234793,0.968370746361501,0.008759078446107899,0.022870175192391137,Catching up
NCL,New Caledonia,East Asia & Pacific,High income,2015,2015–2018,0.0383565038889463,0.984629220217393,0.015367247466554603,3.5323160534712037e-06,Catching up
NCL,New Caledonia,East Asia & Pacific,High income,2018,2018–2021,0.005638549773665,0.9498917540333658,0.0178970182336519,0.03221122773298243,Catching up
NCL,New Caledonia,East Asia & Pacific,High income,2021,2021–2024,-0.0303817355936405,0.9598109804592402,0.039487370597664544,0.00070164894309495,Catching up
NER,Niger,Sub-Saharan Africa ,Low income,2003,2003–2006,-0.0071692329126561,0.6658378647339888,0.09003738105457693,0.24412475421143368,Catching up
NER,Niger,Sub-Saharan Africa ,Low income,2006,2006–2009,-0.0115400442820931,0.7410892624964553,0.10911302628397059,0.14979771121957586,Catching up
NER,Niger,Sub-Saharan Africa ,Low income,2009,2009–2012,-0.0475219487572848,0.8326656121587427,0.16733435091045637,3.693079862667913e-08,Catching up
NER,Niger,Sub-Saharan Africa ,Low income,2012,2012–2015,0.0148069334908755,0.8512732374357864,0.13264420730279738,0.016082555261416033,Catching up
NER,Niger,Sub-Saharan Africa ,Low income,2015,2015–2018,-0.0152282526282819,0.857955188386144,0.1268571303525308,0.01518768126132547,Catching up
NER,Niger,Sub-Saharan Africa ,Low income,2018,2018–2021,0.0469434968796606,0.8661290451800145,0.13387095148011752,3.339869824639936e-09,Catching up
NER,Niger,Sub-Saharan Africa ,Low income,2021,2021–2024,0.0360079400144595,0.8688372812715974,0.13115339980872062,9.31891968195907e-06,Catching up
NGA,Nigeria,Sub-Saharan Africa ,Lower middle income,2003,2003–2006,0.0052301362244114,0.22987879379853368,0.015465879268241133,0.7546553269332269,Falling behind
NGA,Nigeria,Sub-Saharan Africa ,Lower middle income,2006,2006–2009,0.0034065555219033,0.19355267044735092,0.004171556872200026,0.8022757726804485,Falling behind
NGA,Nigeria,Sub-Saharan Africa ,Lower middle income,2009,2009–2012,0.0024062020317818,0.21851800240717642,0.003694288571629502,0.7777877090211951,Falling behind
NGA,Nigeria,Sub-Saharan Africa ,Lower middle income,2012,2012–2015,0.0061437046877685,0.33282701586839675,0.01248768286103386,0.6546853012705702,Falling behind
NGA,Nigeria,Sub-Saharan Africa ,Lower middle income,2015,2015–2018,0.0103088502705002,0.5591860658020916,0.058544724484046046,0.3822692097138628,Catching up
NGA,Nigeria,Sub-Saharan Africa ,Lower middle income,2018,2018–2021,-0.0323682594506877,0.7972865666682436,0.20225358468864865,0.00045984864310904703,Catching up
NGA,Nigeria,Sub-Saharan Africa ,Lower middle income,2021,2021–2024,0.0465525284036618,0.7937207382686391,0.20627925029478983,1.1436571903127993e-08,Catching up
NIC,Nicaragua,Latin America & Caribbean ,Lower middle income,2003,2003–2006,0.0440361493556482,0.9500330710037308,0.04996676615627931,1.6283998826633874e-07,Catching up
NIC,Nicaragua,Latin America & Caribbean ,Lower middle income,2006,2006–2009,0.0066171121698104,0.9478835345927317,0.01896032950651534,0.033156135900753975,Catching up
NIC,Nicaragua,Latin America & Caribbean ,Lower middle income,2009,2009–2012,0.0342033417219674,0.9863351868390656,0.013649828211539915,1.498494939479011e-05,Catching up
NIC,Nicaragua,Latin America & Caribbean ,Lower middle income,2012,2012–2015,0.0221068904875399,0.9900245486264594,0.009148080919631025,0.0008273704539081842,Catching up
NIC,Nicaragua,Latin America & Caribbean ,Lower middle income,2015,2015–2018,0.0278396493556395,0.9913063029379842,0.008271702479477594,0.00042199458253938053,Catching up
NIC,Nicaragua,Latin America & Caribbean ,Lower middle income,2018,2018–2021,0.0098020202480849,0.9419781037101306,0.0062974291749961706,0.051724467114872,Catching up
NIC,Nicaragua,Latin America & Caribbean ,Lower middle income,2021,2021–2024,0.0146597278944998,0.9226093718121369,0.010101846254023788,0.06728878193383783,Catching up
NLD,Netherlands,Europe & Central Asia,High income,2003,2003–2006,-0.0155480447127129,0.9282546865872291,0.03738136536605775,0.0343639480467124,Catching up
NLD,Netherlands,Europe & Central Asia,High income,2006,2006–2009,0.032203846988889,0.9695641659164199,0.030378854310324756,5.697977325498994e-05,Catching up
NLD,Netherlands,Europe & Central Asia,High income,2009,2009–2012,0.0241313326743552,0.9690997826156152,0.02506666195633951,0.005833555428044862,Catching up
NLD,Netherlands,Europe & Central Asia,High income,2012,2012–2015,0.002003057448502,0.7963815464835374,0.007419498329112738,0.1961989551873505,Catching up
NLD,Netherlands,Europe & Central Asia,High income,2015,2015–2018,0.0155457291338308,0.7602547991245145,0.006911793342227494,0.23283340753325882,Catching up
NLD,Netherlands,Europe & Central Asia,High income,2018,2018–2021,0.0057348142386841,0.606589476700746,0.003953584542191892,0.3894569387570613,Catching up
NLD,Netherlands,Europe & Central Asia,High income,2021,2021–2024,0.0049967344002188,0.5558050330574139,0.007118581814461571,0.4370763851281234,Catching up
NOR,Norway,Europe & Central Asia,High income,2003,2003–2006,0.0081809833469984,0.6728096243246159,0.04284072698328128,0.28434964869210305,Catching up
NOR,Norway,Europe & Central Asia,High income,2006,2006–2009,0.021583473043434,0.718106485178978,0.045588191934726165,0.23630532288629683,Catching up
NOR,Norway,Europe & Central Asia,High income,2009,2009–2012,0.0011372797974054,0.3091702647885763,0.008187722194821284,0.6826420130166034,Falling behind
NOR,Norway,Europe & Central Asia,High income,2012,2012–2015,-0.0017405451672999,0.15587680397148793,0.002455204694571425,0.8416679913339395,Falling behind
NOR,Norway,Europe & Central Asia,High income,2015,2015–2018,-0.0015661628052245,0.10602510082665713,0.001641291482066399,0.8923336076912753,Falling behind
NOR,Norway,Europe & Central Asia,High income,2018,2018–2021,-0.0058512047092874,0.10825898597323275,0.0027575497564978685,0.8889834642702701,Falling behind
NOR,Norway,Europe & Central Asia,High income,2021,2021–2024,-0.0020938947205701,0.1466915000246248,0.007416928182479634,0.8458915717928942,Falling behind
NPL,Nepal,South Asia,Lower middle income,2003,2003–2006,0.0123533557528931,0.9297794925366311,0.015085113494038644,0.05513539396933168,Catching up
NPL,Nepal,South Asia,Lower middle income,2006,2006–2009,0.0211136234562037,0.9843917284795524,0.010558855558277796,0.005049415962171052,Catching up
NPL,Nepal,South Asia,Lower middle income,2009,2009–2012,0.0288394929857736,0.9907976940796286,0.009123404985013774,7.89009353558776e-05,Catching up
NPL,Nepal,South Asia,Lower middle income,2012,2012–2015,0.0276017941019354,0.9899626177672789,0.00937582730852202,0.0006615549241995538,Catching up
NPL,Nepal,South Asia,Lower middle income,2015,2015–2018,0.016119558901646,0.9079769104048018,0.00763515742096002,0.08438793217423828,Catching up
NPL,Nepal,South Asia,Lower middle income,2018,2018–2021,0.0039280482275438,0.6662985767258653,0.0039003959629196755,0.3298010273112141,Catching up
NPL,Nepal,South Asia,Lower middle income,2021,2021–2024,-0.0031325109132481,0.5837271347148166,0.006864569196272723,0.40940829608891016,Catching up
NZL,New Zealand,East Asia & Pacific,High income,2003,2003–2006,0.0024891971222713,0.7914732836053341,0.0342763656847597,0.17425035070990666,Catching up
NZL,New Zealand,East Asia & Pacific,High income,2006,2006–2009,0.0274875682512094,0.9315764679508237,0.042310840675881825,0.026112691373295496,Catching up
NZL,New Zealand,East Asia & Pacific,High income,2009,2009–2012,-0.0007071804922388,0.6569060877948559,0.008173228582072785,0.3349206836230715,Catching up
NZL,New Zealand,East Asia & Pacific,High income,2012,2012–2015,0.0008543459576082,0.5794477354403677,0.0033327132413942975,0.4172195513182366,Catching up
NZL,New Zealand,East Asia & Pacific,High income,2015,2015–2018,0.0151764324221158,0.6161755310575031,0.00563712227294795,0.3781873466695493,Catching up
NZL,New Zealand,East Asia & Pacific,High income,2018,2018–2021,0.0083629248637498,0.5563096023704768,0.004580278756019273,0.4391101188735041,Catching up
NZL,New Zealand,East Asia & Pacific,High income,2021,2021–2024,0.0076381643594029,0.5410692543877192,0.00874990200801117,0.45018084360427013,Catching up
OMN,Oman,"Middle East, North Africa, Afghanistan & Pakistan",High income,2003,2003–2006,-0.0016745516457034,0.12402367259062821,0.6147695961651453,0.26120673124422805,Stalled
OMN,Oman,"Middle East, North Africa, Afghanistan & Pakistan",High income,2006,2006–2009,-0.0236366312425409,0.07930715808696877,0.9063113982697968,0.014381443643232183,Stalled
OMN,Oman,"Middle East, North Africa, Afghanistan & Pakistan",High income,2009,2009–2012,-0.0748462408542252,0.0007329571803737812,0.9992670428196293,7.871736270466421e-22,Stalled
OMN,Oman,"Middle East, North Africa, Afghanistan & Pakistan",High income,2012,2012–2015,-0.0463537442940874,0.0005119729436807612,0.9994880266082029,4.4811950947946045e-10,Stalled
OMN,Oman,"Middle East, North Africa, Afghanistan & Pakistan",High income,2015,2015–2018,0.0461341824575851,0.0010231662237338793,0.9989768329561114,8.201529715720823e-10,Stalled
OMN,Oman,"Middle East, North Africa, Afghanistan & Pakistan",High income,2018,2018–2021,0.0537738440155566,0.0006353089164239051,0.9993646910821438,1.430375177900055e-12,Stalled
OMN,Oman,"Middle East, North Africa, Afghanistan & Pakistan",High income,2021,2021–2024,-0.0880520291540779,8.485642689739806e-05,0.9999151435731034,3.104632491003899e-29,Stalled
PAK,Pakistan,"Middle East, North Africa, Afghanistan & Pakistan",Lower middle income,2003,2003–2006,0.0347397510734767,0.9623971909181175,0.037571695356976714,3.111372490708938e-05,Catching up
PAK,Pakistan,"Middle East, North Africa, Afghanistan & Pakistan",Lower middle income,2006,2006–2009,0.0130782391874084,0.9614927491565509,0.02288995693564993,0.015617293907797498,Catching up
PAK,Pakistan,"Middle East, North Africa, Afghanistan & Pakistan",Lower middle income,2009,2009–2012,0.0150056561209862,0.968010644069211,0.020706947505795013,0.011282408424991326,Catching up
PAK,Pakistan,"Middle East, North Africa, Afghanistan & Pakistan",Lower middle income,2012,2012–2015,-0.0338532072322454,0.9737038646588483,0.026273633199063708,2.250214209098347e-05,Catching up
PAK,Pakistan,"Middle East, North Africa, Afghanistan & Pakistan",Lower middle income,2015,2015–2018,0.015248333592197,0.9697418560861052,0.023932237575742817,0.006325906338153194,Catching up
PAK,Pakistan,"Middle East, North Africa, Afghanistan & Pakistan",Lower middle income,2018,2018–2021,-0.031359090463661,0.9696545007892248,0.030200963509303833,0.0001445357014687545,Catching up
PAK,Pakistan,"Middle East, North Africa, Afghanistan & Pakistan",Lower middle income,2021,2021–2024,0.014529693562544,0.9374343560659646,0.027276793934008822,0.0352888500000274,Catching up
PAN,Panama,Latin America & Caribbean ,High income,2003,2003–2006,0.0014743883319709,0.6166234400951455,0.012659728558144671,0.3707168313467093,Catching up
PAN,Panama,Latin America & Caribbean ,High income,2006,2006–2009,-0.0062344452593789,0.7128320582892514,0.007758308063926624,0.27940963364682087,Catching up
PAN,Panama,Latin America & Caribbean ,High income,2009,2009–2012,0.0199664225413362,0.9577505017572202,0.012927751174909699,0.029321747067871357,Catching up
PAN,Panama,Latin America & Caribbean ,High income,2012,2012–2015,0.0379176400929201,0.9857565663745076,0.014237804427421862,5.629198070289568e-06,Catching up
PAN,Panama,Latin America & Caribbean ,High income,2015,2015–2018,0.0028446067706382,0.9548995613089317,0.010765677784188871,0.034334760906878425,Catching up
PAN,Panama,Latin America & Caribbean ,High income,2018,2018–2021,0.0274844497320632,0.9818409880512902,0.01767416453713834,0.00048484741157303986,Catching up
PAN,Panama,Latin America & Caribbean ,High income,2021,2021–2024,-0.0225150253339789,0.9691010187729757,0.025599332084864285,0.005299649142161385,Catching up
PER,Peru,Latin America & Caribbean ,Upper middle income,2003,2003–2006,-0.0050567463860337,0.7560650201326518,0.028938379851727113,0.21499660001561993,Catching up
PER,Peru,Latin America & Caribbean ,Upper middle income,2006,2006–2009,0.0231557780841675,0.8758463770316338,0.030470929442159272,0.09368269352620553,Catching up
PER,Peru,Latin America & Caribbean ,Upper middle income,2009,2009–2012,0.0063674832440214,0.6884280883437002,0.007481371181827248,0.3040905404744736,Catching up
PER,Peru,Latin America & Caribbean ,Upper middle income,2012,2012–2015,0.0029101613731624,0.6095163905494639,0.0031307920546666417,0.38735281739587124,Catching up
PER,Peru,Latin America & Caribbean ,Upper middle income,2015,2015–2018,0.0124899219325546,0.6365512630462047,0.005077673703571231,0.35837106325022344,Catching up
PER,Peru,Latin America & Caribbean ,Upper middle income,2018,2018–2021,9.32496322144279e-05,0.6347980104733629,0.008218358613477592,0.35698363091316,Catching up
PER,Peru,Latin America & Caribbean ,Upper middle income,2021,2021–2024,-0.0184319342380454,0.7588688026941004,0.03564493487043885,0.20548626243546123,Catching up
PHL,Philippines,East Asia & Pacific,Upper middle income,2003,2003–2006,0.0099214059325221,0.4981007131927888,0.01877439389775359,0.48312489290945587,Catching up
PHL,Philippines,East Asia & Pacific,Upper middle income,2006,2006–2009,0.0026975905991526,0.4689030763468006,0.004525080116443666,0.5265718435367566,Falling behind
PHL,Philippines,East Asia & Pacific,Upper middle income,2009,2009–2012,0.0030372462147424,0.5406752221730073,0.003026913833134719,0.45629786399385647,Catching up
PHL,Philippines,East Asia & Pacific,Upper middle income,2012,2012–2015,0.013138772010017,0.772559369057221,0.007508134240116461,0.21993249670266363,Catching up
PHL,Philippines,East Asia & Pacific,Upper middle income,2015,2015–2018,-0.0169694000440342,0.9229667075134651,0.014094569127295674,0.06293872335923946,Catching up
PHL,Philippines,East Asia & Pacific,Upper middle income,2018,2018–2021,0.0235840241861761,0.9801374649246115,0.017117044934361027,0.0027454901410275405,Catching up
PHL,Philippines,East Asia & Pacific,Upper middle income,2021,2021–2024,0.0253560798241479,0.9777852782915409,0.02075053197152698,0.0014641897369323698,Catching up
PNG,Papua New Guinea,East Asia & Pacific,Lower middle income,2003,2003–2006,-0.0055944287143977,0.15605312045734931,0.01781632230092208,0.8261305572417285,Falling behind
PNG,Papua New Guinea,East Asia & Pacific,Lower middle income,2006,2006–2009,-0.0031374981716797,0.1066371412113069,0.004451321574941108,0.8889115372137529,Falling behind
PNG,Papua New Guinea,East Asia & Pacific,Lower middle income,2009,2009–2012,0.0077690328556574,0.10611758703245913,0.0032051915041403107,0.890677221463402,Falling behind
PNG,Papua New Guinea,East Asia & Pacific,Lower middle income,2012,2012–2015,-0.0122182935514436,0.11607399941553669,0.0047683338884544815,0.879157666696009,Falling behind
PNG,Papua New Guinea,East Asia & Pacific,Lower middle income,2015,2015–2018,-0.0058114651600529,0.10313538415412447,0.002693444296703291,0.8941711715491711,Falling behind
PNG,Papua New Guinea,East Asia & Pacific,Lower middle income,2018,2018–2021,0.0019368698074944,0.12337737314005116,0.0035273372349965662,0.8730952896249509,Falling behind
PNG,Papua New Guinea,East Asia & Pacific,Lower middle income,2021,2021–2024,-0.0097974369856679,0.20718621457370717,0.01455968487854315,0.7782541005477507,Falling behind
POL,Poland,Europe & Central Asia,High income,2003,2003–2006,-0.0199963522774308,0.7637487237577951,0.08817819600693902,0.14807308023526702,Catching up
POL,Poland,Europe & Central Asia,High income,2006,2006–2009,0.0094255335929926,0.6221106277426027,0.024528915148659798,0.35336045710873853,Catching up
POL,Poland,Europe & Central Asia,High income,2009,2009–2012,-0.0019982427927222,0.5176211804049049,0.0066284621024710715,0.4757503574926224,Catching up
POL,Poland,Europe & Central Asia,High income,2012,2012–2015,0.0139728515730964,0.5307893903569149,0.005797587882624513,0.4634130217604608,Catching up
POL,Poland,Europe & Central Asia,High income,2015,2015–2018,0.0039629600461244,0.4723235805368753,0.0029361647798167357,0.5247402546833093,Falling behind
POL,Poland,Europe & Central Asia,High income,2018,2018–2021,-0.0016976317731329,0.5057707772919016,0.005492735649411292,0.48873648705868833,Catching up
POL,Poland,Europe & Central Asia,High income,2021,2021–2024,0.0170173133129197,0.6847008603582078,0.025306019500120906,0.2899931201416718,Catching up
PRI,Puerto Rico (US),Latin America & Caribbean ,High income,2003,2003–2006,-0.0022930297492348,0.5639329834381004,0.24501336706722474,0.19105364949467604,Catching up
PRI,Puerto Rico (US),Latin America & Caribbean ,High income,2006,2006–2009,0.0751459915352448,0.6466228143164883,0.35337718568351373,1.131630392970162e-19,Catching up
PRI,Puerto Rico (US),Latin America & Caribbean ,High income,2009,2009–2012,0.0193586663218444,0.7493941511411113,0.209710811039965,0.04089503781892207,Catching up
PRI,Puerto Rico (US),Latin America & Caribbean ,High income,2012,2012–2015,0.0052637922372694,0.7415112883275001,0.08138192120792132,0.17710679046457664,Catching up
PRI,Puerto Rico (US),Latin America & Caribbean ,High income,2015,2015–2018,0.0077103713805548,0.7913277062028591,0.061332478642105115,0.14733981515503936,Catching up
PRI,Puerto Rico (US),Latin America & Caribbean ,High income,2018,2018–2021,-0.0224361896657172,0.8976502985253207,0.07615156916452931,0.026198132310152663,Catching up
PRI,Puerto Rico (US),Latin America & Caribbean ,High income,2021,2021–2024,-0.0172017582949805,0.8849306359285506,0.0738325934834547,0.04123677058799419,Catching up
PRK,"Korea, Dem. People's Rep.",East Asia & Pacific,Low income,2003,2003–2006,-0.0001369591050664,0.10375695822228627,0.013628924600206677,0.8826141171775073,Falling behind
PRK,"Korea, Dem. People's Rep.",East Asia & Pacific,Low income,2006,2006–2009,0.003594205713248,0.055105121691380786,0.0031672323844361954,0.9417276459241816,Falling behind
PRK,"Korea, Dem. People's Rep.",East Asia & Pacific,Low income,2009,2009–2012,0.0028176976568506,0.035210123113823974,0.0014454808594910422,0.9633443960266849,Falling behind
PRK,"Korea, Dem. People's Rep.",East Asia & Pacific,Low income,2012,2012–2015,0.0003825850060957,0.03060486872564784,0.0011557739649424763,0.9682393573094114,Falling behind
PRK,"Korea, Dem. People's Rep.",East Asia & Pacific,Low income,2015,2015–2018,0.0006317681014553,0.04084865782981552,0.001361990651813911,0.9577893515183714,Falling behind
PRK,"Korea, Dem. People's Rep.",East Asia & Pacific,Low income,2018,2018–2021,0.0070109181428973,0.0762845756444143,0.0030220985324675726,0.9206933258231165,Falling behind
PRK,"Korea, Dem. People's Rep.",East Asia & Pacific,Low income,2021,2021–2024,-0.0047608041315931,0.129255292735037,0.008751436333892722,0.8619932709310717,Falling behind
PRT,Portugal,Europe & Central Asia,High income,2003,2003–2006,0.0064818193906386,0.8513235024682799,0.03066050942476005,0.1180159881069589,Catching up
PRT,Portugal,Europe & Central Asia,High income,2006,2006–2009,0.0356079362786371,0.9652162900157252,0.03476310978883594,2.0600195439217282e-05,Catching up
PRT,Portugal,Europe & Central Asia,High income,2009,2009–2012,0.0283221508124851,0.965898510826947,0.0325356043291212,0.0015658848439313693,Catching up
PRT,Portugal,Europe & Central Asia,High income,2012,2012–2015,-0.0036216824676858,0.7007645336444285,0.0077467518284706745,0.2914887145270996,Catching up
PRT,Portugal,Europe & Central Asia,High income,2015,2015–2018,-0.0046878148124995,0.6187472822176212,0.00419712254177735,0.37705559524060117,Catching up
PRT,Portugal,Europe & Central Asia,High income,2018,2018–2021,0.015199457854176,0.639419325225151,0.007364625478987602,0.35321604929586253,Catching up
PRT,Portugal,Europe & Central Asia,High income,2021,2021–2024,0.0019594179559187,0.5631241903212979,0.008279503002701903,0.4285963066760003,Catching up
PRY,Paraguay,Latin America & Caribbean ,Upper middle income,2003,2003–2006,-0.0006776112138868,0.8166611099034036,0.019752640396461206,0.16358624970013552,Catching up
PRY,Paraguay,Latin America & Caribbean ,Upper middle income,2006,2006–2009,0.0249962911296504,0.9758400941879763,0.020755442870299193,0.003404462941721232,Catching up
PRY,Paraguay,Latin America & Caribbean ,Upper middle income,2009,2009–2012,0.0420885764496888,0.9802004362680304,0.01979931276493058,2.509670376135704e-07,Catching up
PRY,Paraguay,Latin America & Caribbean ,Upper middle income,2012,2012–2015,0.0061635712665624,0.9350785578832034,0.010411029164317622,0.054510412952477945,Catching up
PRY,Paraguay,Latin America & Caribbean ,Upper middle income,2015,2015–2018,-0.0128458226129969,0.944085075300152,0.01225639801823106,0.04365852668161711,Catching up
PRY,Paraguay,Latin America & Caribbean ,Upper middle income,2018,2018–2021,-0.0177630503717749,0.9671643195663122,0.018772501822450518,0.01406317861123499,Catching up
PRY,Paraguay,Latin America & Caribbean ,Upper middle income,2021,2021–2024,0.0331082522972642,0.9738124923345179,0.02611278091146133,7.472675401828428e-05,Catching up
PSE,West Bank and Gaza,"Middle East, North Africa, Afghanistan & Pakistan",Lower middle income,2003,2003–2006,-0.031951119722534,0.024059482768192753,0.9758775268647792,6.29903670266661e-05,Stalled
PSE,West Bank and Gaza,"Middle East, North Africa, Afghanistan & Pakistan",Lower middle income,2006,2006–2009,-0.0720118610703443,0.00023566370267421476,0.9997643362973239,7.30918044107878e-21,Stalled
PSE,West Bank and Gaza,"Middle East, North Africa, Afghanistan & Pakistan",Lower middle income,2009,2009–2012,-0.1496921237573454,1.1571714875103449e-12,0.9999999999988418,4.571197854162668e-84,Stalled
PSE,West Bank and Gaza,"Middle East, North Africa, Afghanistan & Pakistan",Lower middle income,2012,2012–2015,-0.0702191500737117,0.00048336154364126484,0.9995166384563586,9.851671319523258e-20,Stalled
PSE,West Bank and Gaza,"Middle East, North Africa, Afghanistan & Pakistan",Lower middle income,2015,2015–2018,-0.037582857763998,0.038881807859776796,0.9611111477506946,7.044389527231561e-06,Stalled
PSE,West Bank and Gaza,"Middle East, North Africa, Afghanistan & Pakistan",Lower middle income,2018,2018–2021,-0.012778436331049,0.1171169995869649,0.7409010839842098,0.14198191642882613,Stalled
PYF,French Polynesia,East Asia & Pacific,High income,2003,2003–2006,0.0253179611758957,0.9644071332068549,0.0333536474405248,0.0022392193526205727,Catching up
PYF,French Polynesia,East Asia & Pacific,High income,2006,2006–2009,0.0192402206789997,0.9618015182626811,0.024487758477555042,0.013710723259764796,Catching up
PYF,French Polynesia,East Asia & Pacific,High income,2009,2009–2012,0.0175594121265643,0.9005878187823654,0.017489362156969196,0.08192281906066645,Catching up
PYF,French Polynesia,East Asia & Pacific,High income,2012,2012–2015,0.0027066647928124,0.6189743613428582,0.00466065461946599,0.376364984037675,Catching up
PYF,French Polynesia,East Asia & Pacific,High income,2015,2015–2018,0.010737259585435,0.5264271774237065,0.003709302329846041,0.4698635202464489,Catching up
PYF,French Polynesia,East Asia & Pacific,High income,2018,2018–2021,0.0075601232132082,0.4349802612073278,0.0033832997034927625,0.5616364390891803,Falling behind
PYF,French Polynesia,East Asia & Pacific,High income,2021,2021–2024,-0.0002826070981136,0.39926199723642336,0.00670850653541474,0.5940294962281631,Falling behind
QAT,Qatar,"Middle East, North Africa, Afghanistan & Pakistan",High income,2003,2003–2006,-0.0210553355506924,0.8983777949301525,0.0935310122412725,0.00809119282857247,Catching up
QAT,Qatar,"Middle East, North Africa, Afghanistan & Pakistan",High income,2006,2006–2009,0.0407159114103066,0.9143950622629371,0.0856047496087597,1.881283045946863e-07,Catching up
QAT,Qatar,"Middle East, North Africa, Afghanistan & Pakistan",High income,2009,2009–2012,0.0228422997827664,0.9222368833323948,0.07698247574735821,0.0007806409202482133,Catching up
QAT,Qatar,"Middle East, North Africa, Afghanistan & Pakistan",High income,2012,2012–2015,0.056756346044345,0.9203619725386373,0.07963802746061122,7.546807704802604e-13,Catching up
QAT,Qatar,"Middle East, North Africa, Afghanistan & Pakistan",High income,2015,2015–2018,0.0271357862235401,0.935873444292761,0.06396790751612343,0.00015864819111592848,Catching up
QAT,Qatar,"Middle East, North Africa, Afghanistan & Pakistan",High income,2018,2018–2021,0.0313728805218298,0.9410611875065857,0.058698057446761404,0.00024075504665575814,Catching up
QAT,Qatar,"Middle East, North Africa, Afghanistan & Pakistan",High income,2021,2021–2024,0.0018322961043039,0.7985343024231388,0.03379831576804391,0.16766738180881383,Catching up
ROU,Romania,Europe & Central Asia,High income,2003,2003–2006,0.0300800725757256,0.8744905359315454,0.12109927095443059,0.004410193114025319,Catching up
ROU,Romania,Europe & Central Asia,High income,2006,2006–2009,-0.0042783507973631,0.549791071842659,0.024076412116559857,0.4261325160407817,Catching up
ROU,Romania,Europe & Central Asia,High income,2009,2009–2012,-0.0071081690801306,0.43083568833575453,0.007462746854749669,0.5617015648094968,Falling behind
ROU,Romania,Europe & Central Asia,High income,2012,2012–2015,0.0044151282881094,0.3954809666153601,0.003948559876970267,0.6005704735076703,Falling behind
ROU,Romania,Europe & Central Asia,High income,2015,2015–2018,-0.0102141790879754,0.4417429496180378,0.007990210382674705,0.5502668399992882,Falling behind
ROU,Romania,Europe & Central Asia,High income,2018,2018–2021,-0.0173224919584741,0.5191594442748038,0.017861731737533738,0.46297882398766194,Catching up
ROU,Romania,Europe & Central Asia,High income,2021,2021–2024,-0.0015995386962301,0.46542094115237426,0.014127426003341804,0.5204516328442828,Falling behind
RUS,Russian Federation,Europe & Central Asia,High income,2003,2003–2006,0.0067501334064002,0.361619265976935,0.021943797574296833,0.6164369364487695,Falling behind
RUS,Russian Federation,Europe & Central Asia,High income,2006,2006–2009,-0.0054697382333575,0.3444886406835642,0.013137519492714758,0.6423738398237201,Falling behind
RUS,Russian Federation,Europe & Central Asia,High income,2009,2009–2012,-0.0179187038229117,0.4053943612838083,0.023178144841925586,0.5714274938742655,Falling behind
RUS,Russian Federation,Europe & Central Asia,High income,2012,2012–2015,-0.0127528744216198,0.31178415248370006,0.013121503720837256,0.6750943437954621,Falling behind
RUS,Russian Federation,Europe & Central Asia,High income,2015,2015–2018,-0.0035017828696198,0.18727766339471374,0.0036325085705418187,0.8090898280347436,Falling behind
RUS,Russian Federation,Europe & Central Asia,High income,2018,2018–2021,-0.000762890176594,0.15249555684089747,0.002538734692208322,0.8449657084668928,Falling behind
RUS,Russian Federation,Europe & Central Asia,High income,2021,2021–2024,0.0007948775180097,0.1809651583406133,0.006904178487627713,0.8121306631717606,Falling behind
RWA,Rwanda,Sub-Saharan Africa ,Low income,2003,2003–2006,0.0090266299761112,0.340761951137616,0.020288238824715088,0.6389498100376694,Falling behind
RWA,Rwanda,Sub-Saharan Africa ,Low income,2006,2006–2009,0.0035684259762054,0.28590962259370595,0.004896364444321342,0.7091940129619719,Falling behind
RWA,Rwanda,Sub-Saharan Africa ,Low income,2009,2009–2012,0.0087019849309087,0.30766616532005314,0.003281320882870609,0.6890525137970778,Falling behind
RWA,Rwanda,Sub-Saharan Africa ,Low income,2012,2012–2015,0.0097494890694308,0.35386749839275516,0.0038368602395335923,0.6422956413677123,Falling behind
RWA,Rwanda,Sub-Saharan Africa ,Low income,2015,2015–2018,0.0039555382372054,0.41145349839344886,0.00636617551831846,0.5821803260882343,Falling behind
RWA,Rwanda,Sub-Saharan Africa ,Low income,2018,2018–2021,-0.0113562253452953,0.5933018978529577,0.027256770419809236,0.37944133172723415,Catching up
RWA,Rwanda,Sub-Saharan Africa ,Low income,2021,2021–2024,-0.0214643266603262,0.7991875033397726,0.07234495638344983,0.12846754027677898,Catching up
SAU,Saudi Arabia,"Middle East, North Africa, Afghanistan & Pakistan",High income,2003,2003–2006,0.0060883439720326,0.07339831513012127,0.7129095934025531,0.21369209146732657,Stalled
SAU,Saudi Arabia,"Middle East, North Africa, Afghanistan & Pakistan",High income,2006,2006–2009,-0.0641427407413348,0.002270992793006389,0.9977290072069928,1.2386771402908609e-15,Stalled
SAU,Saudi Arabia,"Middle East, North Africa, Afghanistan & Pakistan",High income,2009,2009–2012,-0.1132359704607065,1.832470361853449e-08,0.9999999816752949,4.617992487092586e-49,Stalled
SAU,Saudi Arabia,"Middle East, North Africa, Afghanistan & Pakistan",High income,2012,2012–2015,-0.0731791717209569,1.1304819358155172e-05,0.9999886951806412,8.068976125882882e-22,Stalled
SAU,Saudi Arabia,"Middle East, North Africa, Afghanistan & Pakistan",High income,2015,2015–2018,0.0406187387930626,0.0007303377977685335,0.9992696196423381,4.255989395098577e-08,Stalled
SAU,Saudi Arabia,"Middle East, North Africa, Afghanistan & Pakistan",High income,2018,2018–2021,0.1562298226262432,1.6112019315010438e-09,0.9999999983887946,7.331529498223785e-90,Stalled
SAU,Saudi Arabia,"Middle East, North Africa, Afghanistan & Pakistan",High income,2021,2021–2024,0.0344787999322328,0.07896394075222292,0.9209950509296969,4.100831807717949e-05,Stalled
SDN,Sudan,Sub-Saharan Africa ,Low income,2003,2003–2006,0.0007257991516252,0.7498075358399884,0.08091612772218001,0.16927633643783066,Catching up
SDN,Sudan,Sub-Saharan Africa ,Low income,2006,2006–2009,-0.0458783681449701,0.8869808668910584,0.1130189906625319,1.4244641102425086e-07,Catching up
SDN,Sudan,Sub-Saharan Africa ,Low income,2009,2009–2012,-0.014082289255457,0.9135893024594061,0.07016075371127223,0.01624994382932334,Catching up
SDN,Sudan,Sub-Saharan Africa ,Low income,2012,2012–2015,0.0269855707139911,0.9471584545705289,0.05252144504593378,0.00032010038353815737,Catching up
SDN,Sudan,Sub-Saharan Africa ,Low income,2015,2015–2018,0.0277943130177397,0.9544677520284355,0.045039180166158946,0.000493067805406051,Catching up
SDN,Sudan,Sub-Saharan Africa ,Low income,2018,2018–2021,0.0123482977513587,0.9072096072487436,0.036169698154721264,0.056620694596535466,Catching up
SEN,Senegal,Sub-Saharan Africa ,Lower middle income,2003,2003–2006,0.0052018580693147,0.8076335937031844,0.05703993461227752,0.13532647168453632,Catching up
SEN,Senegal,Sub-Saharan Africa ,Lower middle income,2006,2006–2009,0.0339608409130273,0.9263274530238923,0.07361992168149863,5.262529460587235e-05,Catching up
SEN,Senegal,Sub-Saharan Africa ,Lower middle income,2009,2009–2012,0.0334222188973096,0.9226495353134794,0.07734282945962187,7.635226901832198e-06,Catching up
SEN,Senegal,Sub-Saharan Africa ,Lower middle income,2012,2012–2015,0.0331651788064214,0.9130002484747785,0.08699012406726517,9.627457957157923e-06,Catching up
SEN,Senegal,Sub-Saharan Africa ,Lower middle income,2015,2015–2018,-0.0251385572108215,0.8945920059876262,0.1048938312061696,0.0005141628062076219,Catching up
SEN,Senegal,Sub-Saharan Africa ,Lower middle income,2018,2018–2021,-0.0423856380365152,0.8766063289401533,0.12339277224149267,8.988183546630284e-07,Catching up
SEN,Senegal,Sub-Saharan Africa ,Lower middle income,2021,2021–2024,4.981506471842441e-06,0.7442106122052813,0.06673966088389831,0.18904972691081695,Catching up
SGP,Singapore,East Asia & Pacific,High income,2003,2003–2006,0.0212460858750491,0.9626691973852877,0.019993909361719197,0.017336893252992557,Catching up
SGP,Singapore,East Asia & Pacific,High income,2006,2006–2009,0.0025672035545275,0.9452968099245173,0.007217480100866736,0.04748570997461571,Catching up
SGP,Singapore,East Asia & Pacific,High income,2009,2009–2012,0.0283544791539602,0.9934165774499921,0.0062876677794740515,0.00029575477053303827,Catching up
SGP,Singapore,East Asia & Pacific,High income,2012,2012–2015,0.0327446081498628,0.9945629138738579,0.005414500841104451,2.2585285039158114e-05,Catching up
SGP,Singapore,East Asia & Pacific,High income,2015,2015–2018,0.0082372386566884,0.9743287378639794,0.003768049837116914,0.021903212298902325,Catching up
SGP,Singapore,East Asia & Pacific,High income,2018,2018–2021,0.022936443506667,0.9897083198341995,0.006110051667759992,0.004181628498041858,Catching up
SGP,Singapore,East Asia & Pacific,High income,2021,2021–2024,0.0152340663780885,0.9597949231099487,0.00907780541251574,0.031127271477534572,Catching up
SLB,Solomon Islands,East Asia & Pacific,Lower middle income,2003,2003–2006,-0.0065286042585832,0.15751900021935697,0.019445976208999006,0.8230350235716442,Falling behind
SLB,Solomon Islands,East Asia & Pacific,Lower middle income,2006,2006–2009,-0.0012500153569339,0.10152179054666799,0.004642208630189526,0.8938360008231432,Falling behind
SLB,Solomon Islands,East Asia & Pacific,Lower middle income,2009,2009–2012,-0.0101672242113412,0.09775054947503124,0.0038120879257035403,0.8984373625992642,Falling behind
SLB,Solomon Islands,East Asia & Pacific,Lower middle income,2012,2012–2015,-0.0053667641896126,0.0922297536133043,0.00224750823749105,0.9055227381492047,Falling behind
SLB,Solomon Islands,East Asia & Pacific,Lower middle income,2015,2015–2018,-0.0059679987466943,0.11970192568025664,0.0028033433909878916,0.8774947309287547,Falling behind
SLB,Solomon Islands,East Asia & Pacific,Lower middle income,2018,2018–2021,0.0093369809682319,0.19455572594726103,0.0065986539897373575,0.7988456200630022,Falling behind
SLB,Solomon Islands,East Asia & Pacific,Lower middle income,2021,2021–2024,-0.0109436869234947,0.27979422495089157,0.01842070296241811,0.7017850720866893,Falling behind
SLE,Sierra Leone,Sub-Saharan Africa ,Low income,2003,2003–2006,0.000536649990171,0.405237557984925,0.01392708169959442,0.5808353603154822,Falling behind
SLE,Sierra Leone,Sub-Saharan Africa ,Low income,2006,2006–2009,-0.0078575694004345,0.4433773564139555,0.007222122804270265,0.5494005207817745,Falling behind
SLE,Sierra Leone,Sub-Saharan Africa ,Low income,2009,2009–2012,-0.0099715310653145,0.5540007441933205,0.008562311950551802,0.4374369438561268,Catching up
SLE,Sierra Leone,Sub-Saharan Africa ,Low income,2012,2012–2015,-0.0114712935629435,0.720947811230486,0.015858070814094093,0.2631941179554196,Catching up
SLE,Sierra Leone,Sub-Saharan Africa ,Low income,2015,2015–2018,-0.0240665163235858,0.9143771031757267,0.032542144195830514,0.05308075262844298,Catching up
SLE,Sierra Leone,Sub-Saharan Africa ,Low income,2018,2018–2021,0.015165584921719,0.8661304117820423,0.021718186059528438,0.11215140215842753,Catching up
SLE,Sierra Leone,Sub-Saharan Africa ,Low income,2021,2021–2024,-0.0011140580944679,0.734295574168794,0.01519065666163342,0.2505137691695737,Catching up
SLV,El Salvador,Latin America & Caribbean ,Upper middle income,2003,2003–2006,-0.0119582777481035,0.8396661164935711,0.042309003699610194,0.11802487980681668,Catching up
SLV,El Salvador,Latin America & Caribbean ,Upper middle income,2006,2006–2009,0.011990508096868,0.8956001668078075,0.03792874739783124,0.0664710857943625,Catching up
SLV,El Salvador,Latin America & Caribbean ,Upper middle income,2009,2009–2012,-0.0356587859524921,0.9502704698692052,0.049632723437340036,9.680669345666875e-05,Catching up
SLV,El Salvador,Latin America & Caribbean ,Upper middle income,2012,2012–2015,0.0007979295118473,0.9055490109792632,0.029191677078536215,0.06525931194220123,Catching up
SLV,El Salvador,Latin America & Caribbean ,Upper middle income,2015,2015–2018,-0.0146469832439136,0.932796874596525,0.03324204805663513,0.033961077346840694,Catching up
SLV,El Salvador,Latin America & Caribbean ,Upper middle income,2018,2018–2021,-0.0281413803420586,0.9562134286674578,0.04336992791191483,0.0004166434206241143,Catching up
SLV,El Salvador,Latin America & Caribbean ,Upper middle income,2021,2021–2024,0.030713342464126,0.954200583552289,0.04566674680618469,0.0001326696415243093,Catching up
SOM,"Somalia, Fed. Rep.",Sub-Saharan Africa ,Low income,2003,2003–2006,-0.0105812470526612,0.2082311134121453,0.032566553475655284,0.7592023331122005,Falling behind
SOM,"Somalia, Fed. Rep.",Sub-Saharan Africa ,Low income,2006,2006–2009,-0.0042571173991964,0.114166441110033,0.007032804196822969,0.8788007546931438,Falling behind
SOM,"Somalia, Fed. Rep.",Sub-Saharan Africa ,Low income,2009,2009–2012,0.007324904438116,0.08179462526783686,0.0028224358922889128,0.9153829388398743,Falling behind
SOM,"Somalia, Fed. Rep.",Sub-Saharan Africa ,Low income,2012,2012–2015,0.0019763680080113,0.06131223994095662,0.0014520009215672198,0.9372357591374764,Falling behind
SOM,"Somalia, Fed. Rep.",Sub-Saharan Africa ,Low income,2015,2015–2018,0.0018825190197213,0.0699659792331597,0.0016023891824423929,0.928431631584398,Falling behind
SOM,"Somalia, Fed. Rep.",Sub-Saharan Africa ,Low income,2018,2018–2021,0.0071171352521937,0.1162010243016672,0.004016149632572745,0.8797828260657589,Falling behind
SOM,"Somalia, Fed. Rep.",Sub-Saharan Africa ,Low income,2021,2021–2024,-0.0089207080312059,0.19106418499860206,0.01342739474103423,0.7955084202603631,Falling behind
SRB,Serbia,Europe & Central Asia,Upper middle income,2003,2003–2006,-0.063257712570067,0.01569587613420524,0.9843041238657969,1.2184960605640187e-15,Stalled
SRB,Serbia,Europe & Central Asia,Upper middle income,2006,2006–2009,0.0762525859117502,0.023307827322526235,0.9766921726774761,6.187044804650397e-22,Stalled
SRB,Serbia,Europe & Central Asia,Upper middle income,2009,2009–2012,0.0264979963328112,0.21556430139422852,0.771589562824121,0.012846135781651658,Stalled
SRB,Serbia,Europe & Central Asia,Upper middle income,2012,2012–2015,-0.0012119804124371,0.2422234605944824,0.14421691169657605,0.6135596277089395,Falling behind
SRB,Serbia,Europe & Central Asia,Upper middle income,2015,2015–2018,0.0016290742926491,0.31024468277181044,0.047970953855074765,0.6417843633731167,Falling behind
SRB,Serbia,Europe & Central Asia,Upper middle income,2018,2018–2021,0.0056641189616298,0.49845056812268346,0.040390413631100575,0.4611590182462138,Catching up
SRB,Serbia,Europe & Central Asia,Upper middle income,2021,2021–2024,0.0251888435346167,0.8768084520178916,0.08329305094447008,0.039898497037634886,Catching up
SSD,South Sudan,Sub-Saharan Africa ,Low income,2003,2003–2006,0.011056102822184,0.8861046592367516,0.01374237147432781,0.10015296928891958,Catching up
SSD,South Sudan,Sub-Saharan Africa ,Low income,2006,2006–2009,0.0156193189001861,0.944526626138124,0.00823199638553557,0.047241377476338955,Catching up
SSD,South Sudan,Sub-Saharan Africa ,Low income,2009,2009–2012,0.0174832723206721,0.9635265492385657,0.006575357673049152,0.02989809308838624,Catching up
SSD,South Sudan,Sub-Saharan Africa ,Low income,2012,2012–2015,-0.0092248324985506,0.942687462679209,0.006130710769294151,0.05118182655149561,Catching up
SSD,South Sudan,Sub-Saharan Africa ,Low income,2015,2015–2018,-0.016820858532285,0.963975000020773,0.010347691676771343,0.025677308302454266,Catching up
SSD,South Sudan,Sub-Saharan Africa ,Low income,2018,2018–2021,0.0202682731408993,0.9690450126011201,0.014975212371803031,0.01597977502707516,Catching up
STP,Sao Tome and Principe,Sub-Saharan Africa ,Lower middle income,2003,2003–2006,0.0160898285121022,0.8101773398055611,0.1633365906245275,0.02648606956991463,Catching up
STP,Sao Tome and Principe,Sub-Saharan Africa ,Lower middle income,2006,2006–2009,0.0404960334958078,0.8195223722875505,0.18047726675816064,3.609542868084744e-07,Catching up
STP,Sao Tome and Principe,Sub-Saharan Africa ,Lower middle income,2009,2009–2012,0.0471061785997808,0.8087654183609997,0.19123458005145222,1.5875459099792621e-09,Catching up
STP,Sao Tome and Principe,Sub-Saharan Africa ,Lower middle income,2012,2012–2015,0.0549389616972683,0.8057922767443245,0.19420772325228203,3.392306554373402e-12,Catching up
STP,Sao Tome and Principe,Sub-Saharan Africa ,Lower middle income,2015,2015–2018,0.0436532754893836,0.8242209405275644,0.17577890081513564,1.58657299287461e-07,Catching up
STP,Sao Tome and Principe,Sub-Saharan Africa ,Lower middle income,2018,2018–2021,0.0109873453360456,0.771937645459552,0.09213391361011959,0.13592844093032952,Catching up
STP,Sao Tome and Principe,Sub-Saharan Africa ,Lower middle income,2021,2021–2024,-0.0098724389823969,0.7212290160078759,0.06908224067691049,0.2096887433152169,Catching up
SUR,Suriname,Latin America & Caribbean ,Upper middle income,2003,2003–2006,0.0049597035701151,0.6836303971713805,0.014398160114487007,0.30197144271413195,Catching up
SUR,Suriname,Latin America & Caribbean ,Upper middle income,2006,2006–2009,-0.0070327757673789,0.7713397218946938,0.009879100841082669,0.21878117726422244,Catching up
SUR,Suriname,Latin America & Caribbean ,Upper middle income,2009,2009–2012,0.0396577536599543,0.9835911303233521,0.016402189555334252,6.680121314895434e-06,Catching up
SUR,Suriname,Latin America & Caribbean ,Upper middle income,2012,2012–2015,0.0099350037344441,0.9735388305381659,0.009796742262020892,0.0166644271998123,Catching up
SUR,Suriname,Latin America & Caribbean ,Upper middle income,2015,2015–2018,0.0378756148498313,0.989253745990226,0.010743090008891036,3.1640008839019233e-06,Catching up
SUR,Suriname,Latin America & Caribbean ,Upper middle income,2018,2018–2021,0.0141875038197668,0.9678808777823419,0.008875587869676627,0.023243534347983045,Catching up
SUR,Suriname,Latin America & Caribbean ,Upper middle income,2021,2021–2024,0.0147377543817785,0.9408727980440981,0.011506505325885473,0.047620696630016675,Catching up
SVK,Slovak Republic,Europe & Central Asia,High income,2003,2003–2006,-0.0519389003501337,0.6954943531314054,0.30450564607012526,7.984676889814803e-10,Catching up
SVK,Slovak Republic,Europe & Central Asia,High income,2006,2006–2009,0.0155123776411488,0.7927969638888719,0.14637676162735233,0.06082627448377347,Catching up
SVK,Slovak Republic,Europe & Central Asia,High income,2009,2009–2012,0.0084348572539041,0.8233031048287907,0.07213669203364693,0.10456020313756023,Catching up
SVK,Slovak Republic,Europe & Central Asia,High income,2012,2012–2015,-0.0135800180221869,0.8832732928742287,0.05907086133459461,0.0576558457911769,Catching up
SVK,Slovak Republic,Europe & Central Asia,High income,2015,2015–2018,0.0262305452325382,0.9402114456473782,0.05887722273472279,0.000911331617897365,Catching up
SVK,Slovak Republic,Europe & Central Asia,High income,2018,2018–2021,0.0433070926542607,0.9382738552766338,0.06172590415327645,2.4057008728745084e-07,Catching up
SVK,Slovak Republic,Europe & Central Asia,High income,2021,2021–2024,-0.0046361047649253,0.8050838081454678,0.03842121491520668,0.15649497693932826,Catching up
SVN,Slovenia,Europe & Central Asia,High income,2003,2003–2006,-0.0239287080447419,0.8700484311716911,0.12684150222059307,0.0031100666077155336,Catching up
SVN,Slovenia,Europe & Central Asia,High income,2006,2006–2009,0.0437246726064619,0.882348359526484,0.11765137423841605,2.66235101249902e-07,Catching up
SVN,Slovenia,Europe & Central Asia,High income,2009,2009–2012,-0.0019115539411027,0.7532904194341332,0.032690874302900366,0.21401870626296657,Catching up
SVN,Slovenia,Europe & Central Asia,High income,2012,2012–2015,-0.0132885568269874,0.7437784061459558,0.021500397951969858,0.2347211959020754,Catching up
SVN,Slovenia,Europe & Central Asia,High income,2015,2015–2018,0.0163649603907053,0.7229460355534632,0.015656182349589723,0.2613977820969454,Catching up
SVN,Slovenia,Europe & Central Asia,High income,2018,2018–2021,0.0052727652713219,0.5511652406576438,0.006107267457745255,0.4427274918846115,Catching up
SVN,Slovenia,Europe & Central Asia,High income,2021,2021–2024,0.0014361424533492,0.492516263437936,0.007814939878837263,0.49966879668322806,Falling behind
SWE,Sweden,Europe & Central Asia,High income,2003,2003–2006,-0.0260332560904992,0.8867240925378361,0.10531738137156536,0.00795852609059728,Catching up
SWE,Sweden,Europe & Central Asia,High income,2006,2006–2009,0.0174669544911879,0.8452763701615608,0.06379670230142312,0.09092692753701707,Catching up
SWE,Sweden,Europe & Central Asia,High income,2009,2009–2012,0.0003311241009057,0.6074878231948978,0.011582593546290107,0.3809295832588119,Catching up
SWE,Sweden,Europe & Central Asia,High income,2012,2012–2015,0.0041382489510756,0.5458010652013471,0.004131373915530089,0.45006756088312444,Catching up
SWE,Sweden,Europe & Central Asia,High income,2015,2015–2018,0.0005406888955474,0.5778362809754339,0.005229056224920649,0.4169346627996469,Catching up
SWE,Sweden,Europe & Central Asia,High income,2018,2018–2021,-0.0183094554705567,0.7575271347633054,0.021195901450416086,0.2212769637862799,Catching up
SWE,Sweden,Europe & Central Asia,High income,2021,2021–2024,0.0131611219750902,0.7703666219634395,0.023066962460662442,0.20656641557589975,Catching up
SWZ,Eswatini,Sub-Saharan Africa ,Lower middle income,2003,2003–2006,0.014961363636268,0.9523345055820306,0.017024387584932257,0.030641106833040624,Catching up
SWZ,Eswatini,Sub-Saharan Africa ,Lower middle income,2006,2006–2009,0.0253198702434255,0.9871172450781015,0.012113278809471629,0.0007694761124286745,Catching up
SWZ,Eswatini,Sub-Saharan Africa ,Lower middle income,2009,2009–2012,0.0278779996211165,0.9897250024405688,0.010183517892301899,9.147966713215839e-05,Catching up
SWZ,Eswatini,Sub-Saharan Africa ,Lower middle income,2012,2012–2015,0.0253572979441262,0.9892086654220865,0.010548616250598086,0.0002427183273159519,Catching up
SWZ,Eswatini,Sub-Saharan Africa ,Lower middle income,2015,2015–2018,0.0297633830085797,0.9859614253209752,0.013998940286305673,3.963439272166793e-05,Catching up
SWZ,Eswatini,Sub-Saharan Africa ,Lower middle income,2018,2018–2021,0.0307890396536501,0.9789550512517023,0.021017869600690225,2.7079147605895462e-05,Catching up
SWZ,Eswatini,Sub-Saharan Africa ,Lower middle income,2021,2021–2024,-0.0291728491044924,0.9658752698660169,0.03371079785576473,0.0004139322782197704,Catching up
SYR,Syrian Arab Republic,"Middle East, North Africa, Afghanistan & Pakistan",Low income,2003,2003–2006,-0.0611219958884986,0.0018649827862438411,0.9981350172137489,7.343097489884393e-15,Stalled
SYR,Syrian Arab Republic,"Middle East, North Africa, Afghanistan & Pakistan",Low income,2006,2006–2009,0.0587775613678992,0.0006033050616932064,0.9993966949382934,1.3547537147423523e-14,Stalled
SYR,Syrian Arab Republic,"Middle East, North Africa, Afghanistan & Pakistan",Low income,2009,2009–2012,0.1307035556260446,1.986423315886091e-06,0.9999980135766838,4.922394011335494e-62,Stalled
SYR,Syrian Arab Republic,"Middle East, North Africa, Afghanistan & Pakistan",Low income,2012,2012–2015,-0.0015541433284386,0.2172665389446783,0.32005537993285293,0.46267808112246944,Falling behind
SYR,Syrian Arab Republic,"Middle East, North Africa, Afghanistan & Pakistan",Low income,2015,2015–2018,0.009418491569195,0.48743132028865616,0.20551798847733965,0.30705069123400314,Catching up
SYR,Syrian Arab Republic,"Middle East, North Africa, Afghanistan & Pakistan",Low income,2018,2018–2021,0.0260674073734195,0.7887727968118885,0.19970520653305454,0.01152199665505864,Catching up
SYR,Syrian Arab Republic,"Middle East, North Africa, Afghanistan & Pakistan",Low income,2021,2021–2024,-0.0168498790302814,0.7827733196486781,0.178252471733916,0.03897420861740703,Catching up
TCD,Chad,Sub-Saharan Africa ,Low income,2003,2003–2006,-0.0158295842207786,0.5213784859610903,0.06579601287463377,0.41282550116427436,Catching up
TCD,Chad,Sub-Saharan Africa ,Low income,2006,2006–2009,-0.0070108958493661,0.38732746926914663,0.018138617813883758,0.5945339129169703,Falling behind
TCD,Chad,Sub-Saharan Africa ,Low income,2009,2009–2012,-0.0101265521495784,0.33900981309428413,0.008098311694338492,0.6528918752113774,Falling behind
TCD,Chad,Sub-Saharan Africa ,Low income,2012,2012–2015,-0.0061065513180986,0.31423251402957747,0.0038797908455297527,0.6818876951248928,Falling behind
TCD,Chad,Sub-Saharan Africa ,Low income,2015,2015–2018,-0.0046919178706643,0.3587985134126181,0.004957088490135314,0.6362443980972449,Falling behind
TCD,Chad,Sub-Saharan Africa ,Low income,2018,2018–2021,0.0092353562604883,0.5191363993026745,0.016746709584024206,0.4641168911133016,Catching up
TCD,Chad,Sub-Saharan Africa ,Low income,2021,2021–2024,-0.0198637527954307,0.7290409228432069,0.05910970536296667,0.2118493717938275,Catching up
TGO,Togo,Sub-Saharan Africa ,Lower middle income,2003,2003–2006,0.0069816536060947,0.21228693919749225,0.01905708453276116,0.7686559762697464,Falling behind
TGO,Togo,Sub-Saharan Africa ,Lower middle income,2006,2006–2009,0.0082329364186222,0.15358274107929779,0.0057899686102000705,0.8406272903105032,Falling behind
TGO,Togo,Sub-Saharan Africa ,Lower middle income,2009,2009–2012,0.0022610042948702,0.11285291216336443,0.001987124243337205,0.885159963593297,Falling behind
TGO,Togo,Sub-Saharan Africa ,Lower middle income,2012,2012–2015,0.0051150059834199,0.12040193949065671,0.0018323903537181376,0.8777656701556243,Falling behind
TGO,Togo,Sub-Saharan Africa ,Lower middle income,2015,2015–2018,0.007193356476471,0.165430909251943,0.003245019055530502,0.8313240716925263,Falling behind
TGO,Togo,Sub-Saharan Africa ,Lower middle income,2018,2018–2021,-0.0125076568711294,0.24631716291857705,0.008885207122608629,0.7447976299588149,Falling behind
TGO,Togo,Sub-Saharan Africa ,Lower middle income,2021,2021–2024,0.0083535524428019,0.3024355999584723,0.013645128463414044,0.6839192715781146,Falling behind
THA,Thailand,East Asia & Pacific,Upper middle income,2003,2003–2006,-0.0043402340783676,0.19160885395848634,0.01618360880553237,0.7922075372359804,Falling behind
THA,Thailand,East Asia & Pacific,Upper middle income,2006,2006–2009,-0.0028407425324391,0.159392229623608,0.004813050172813195,0.8357947202035805,Falling behind
THA,Thailand,East Asia & Pacific,Upper middle income,2009,2009–2012,0.0120234642306272,0.18842681135393397,0.005270594785243201,0.8063025938608241,Falling behind
THA,Thailand,East Asia & Pacific,Upper middle income,2012,2012–2015,-0.0116124153283484,0.18075413872039095,0.004876835471718274,0.8143690258078901,Falling behind
THA,Thailand,East Asia & Pacific,Upper middle income,2015,2015–2018,0.0028091773986576,0.16176469221866638,0.002392177556485026,0.8358431302248479,Falling behind
THA,Thailand,East Asia & Pacific,Upper middle income,2018,2018–2021,0.0099446392102578,0.20094631711797278,0.004424679594144152,0.7946290032878847,Falling behind
THA,Thailand,East Asia & Pacific,Upper middle income,2021,2021–2024,0.0052761854648883,0.23721389639050525,0.008896666474097929,0.7538894371353972,Falling behind
TJK,Tajikistan,Europe & Central Asia,Lower middle income,2003,2003–2006,-0.0298168864185022,0.8487354095370357,0.1502440571372172,0.001020533325746233,Catching up
TJK,Tajikistan,Europe & Central Asia,Lower middle income,2006,2006–2009,0.0030545575856712,0.8357539308381016,0.11525824190704244,0.048987827254855794,Catching up
TJK,Tajikistan,Europe & Central Asia,Lower middle income,2009,2009–2012,-0.0315997927574628,0.8744391550198173,0.1254315356916757,0.00012930928850872326,Catching up
TJK,Tajikistan,Europe & Central Asia,Lower middle income,2012,2012–2015,-0.028347208185309,0.8792189525164554,0.11885675065210688,0.0019242968314378388,Catching up
TJK,Tajikistan,Europe & Central Asia,Lower middle income,2015,2015–2018,-0.0060588128118885,0.725311825887712,0.036136810156862015,0.2385513639554282,Catching up
TJK,Tajikistan,Europe & Central Asia,Lower middle income,2018,2018–2021,0.0118471846019107,0.6813119016686955,0.02097848822161015,0.29770961010969654,Catching up
TJK,Tajikistan,Europe & Central Asia,Lower middle income,2021,2021–2024,-0.0070306141397149,0.621580250916893,0.01856577856887365,0.35985397051423157,Catching up
TKM,Turkmenistan,Europe & Central Asia,Upper middle income,2003,2003–2006,-0.0410001309264305,0.32849166196600765,0.6715078808297571,4.572042349130594e-07,Stalled
TKM,Turkmenistan,Europe & Central Asia,Upper middle income,2006,2006–2009,-0.0373195400316282,0.3384448688956612,0.661512599089735,4.253201460551981e-05,Stalled
TKM,Turkmenistan,Europe & Central Asia,Upper middle income,2009,2009–2012,-0.0039633800209093,0.19488021086802587,0.11137441910802433,0.6937453700239494,Falling behind
TKM,Turkmenistan,Europe & Central Asia,Upper middle income,2012,2012–2015,0.0026106216408587,0.13886891117487876,0.019226488320853455,0.8419046005042669,Falling behind
TKM,Turkmenistan,Europe & Central Asia,Upper middle income,2015,2015–2018,0.0034651845583183,0.13660584583706847,0.00572812469499457,0.8576660294679357,Falling behind
TKM,Turkmenistan,Europe & Central Asia,Upper middle income,2018,2018–2021,0.0105803736690132,0.18411534769323565,0.006500480220040143,0.8093841720867245,Falling behind
TKM,Turkmenistan,Europe & Central Asia,Upper middle income,2021,2021–2024,-0.0054764442161334,0.2174886836969638,0.010816850312632065,0.7716944659904056,Falling behind
TLS,Timor-Leste,East Asia & Pacific,Lower middle income,2003,2003–2006,-0.0059854449903461,0.4534067932906836,0.023783745153622866,0.5228094615556949,Falling behind
TLS,Timor-Leste,East Asia & Pacific,Lower middle income,2006,2006–2009,-0.0019461650884359,0.4818602213914051,0.016975071564064307,0.5011647070445335,Falling behind
TLS,Timor-Leste,East Asia & Pacific,Lower middle income,2009,2009–2012,0.0097140079267467,0.6456381681849099,0.03848129906968715,0.3158805327454033,Catching up
TLS,Timor-Leste,East Asia & Pacific,Lower middle income,2012,2012–2015,0.0203747825944898,0.8457426014082502,0.11694965206836748,0.03730774652338055,Catching up
TLS,Timor-Leste,East Asia & Pacific,Lower middle income,2015,2015–2018,-0.0542646448445188,0.8368352981156104,0.16316470184772341,3.666522675993449e-11,Catching up
TLS,Timor-Leste,East Asia & Pacific,Lower middle income,2018,2018–2021,0.0285719759951418,0.8656464869358221,0.13417236426496942,0.00018114879920648756,Catching up
TLS,Timor-Leste,East Asia & Pacific,Lower middle income,2021,2021–2024,0.019005511877005,0.8689718050087963,0.11710630239670898,0.01392189259449738,Catching up
TON,Tonga,East Asia & Pacific,Upper middle income,2003,2003–2006,0.0457044467251856,0.8463807681350128,0.1536189504166525,2.814483360853014e-07,Catching up
TON,Tonga,East Asia & Pacific,Upper middle income,2006,2006–2009,0.0045249391617163,0.6936012988791318,0.030027293678923435,0.2763714074419443,Catching up
TON,Tonga,East Asia & Pacific,Upper middle income,2009,2009–2012,0.0078759309571225,0.6528207468410618,0.009104281173012077,0.3380749719859249,Catching up
TON,Tonga,East Asia & Pacific,Upper middle income,2012,2012–2015,0.0060937801547352,0.6638921516740763,0.005131296126280872,0.33097655219964284,Catching up
TON,Tonga,East Asia & Pacific,Upper middle income,2015,2015–2018,0.0064045698692365,0.7567342981539494,0.009259449626292268,0.23400625221975888,Catching up
TON,Tonga,East Asia & Pacific,Upper middle income,2018,2018–2021,0.0399139235575675,0.9655070911484821,0.03448889792000903,4.010931508891048e-06,Catching up
TON,Tonga,East Asia & Pacific,Upper middle income,2021,2021–2024,0.0211287140008513,0.9597085564395517,0.03440917536902989,0.005882268191418948,Catching up
TTO,Trinidad and Tobago,Latin America & Caribbean ,High income,2003,2003–2006,0.0540035422127192,0.9022040402650018,0.09779595970033739,3.4662760694279045e-11,Catching up
TTO,Trinidad and Tobago,Latin America & Caribbean ,High income,2006,2006–2009,0.0290595720642972,0.9401767235594145,0.059724114282732145,9.916215785391776e-05,Catching up
TTO,Trinidad and Tobago,Latin America & Caribbean ,High income,2009,2009–2012,0.023891928252963,0.9588058245037161,0.03936833226789975,0.0018258432283824399,Catching up
TTO,Trinidad and Tobago,Latin America & Caribbean ,High income,2012,2012–2015,0.0042506125331819,0.9396368789368862,0.02403145886198656,0.03633166220112589,Catching up
TTO,Trinidad and Tobago,Latin America & Caribbean ,High income,2015,2015–2018,0.0398664958449897,0.9731092366596065,0.026887220421551016,3.542918844287943e-06,Catching up
TTO,Trinidad and Tobago,Latin America & Caribbean ,High income,2018,2018–2021,0.0089833150821449,0.9103609371581024,0.018077994325920194,0.07156106851598087,Catching up
TTO,Trinidad and Tobago,Latin America & Caribbean ,High income,2021,2021–2024,-0.0147485324987786,0.8852986112885092,0.02281075700220229,0.09189063170929095,Catching up
TUN,Tunisia,"Middle East, North Africa, Afghanistan & Pakistan",Lower middle income,2003,2003–2006,-0.0056567894489197,0.12215586149644014,0.6706283869582158,0.20721575154534186,Stalled
TUN,Tunisia,"Middle East, North Africa, Afghanistan & Pakistan",Lower middle income,2006,2006–2009,-0.0412697105784511,0.07578292709490016,0.9242162266312609,8.462738393173088e-07,Stalled
TUN,Tunisia,"Middle East, North Africa, Afghanistan & Pakistan",Lower middle income,2009,2009–2012,-0.0497444132493831,0.05562973973163411,0.9443702601722659,9.610069400786201e-11,Stalled
TUN,Tunisia,"Middle East, North Africa, Afghanistan & Pakistan",Lower middle income,2012,2012–2015,0.0380978673881999,0.06248666098735784,0.9375113864194957,1.9525931495217323e-06,Stalled
TUN,Tunisia,"Middle East, North Africa, Afghanistan & Pakistan",Lower middle income,2015,2015–2018,-0.0040116280296463,0.05553226829719581,0.9048796683264266,0.039588063376375424,Stalled
TUN,Tunisia,"Middle East, North Africa, Afghanistan & Pakistan",Lower middle income,2018,2018–2021,0.081292551146367,0.04975765778026072,0.9502423422197409,3.324100550755413e-23,Stalled
TUN,Tunisia,"Middle East, North Africa, Afghanistan & Pakistan",Lower middle income,2021,2021–2024,-0.0019083589598755,0.1147453473704381,0.49848406021990266,0.386770592409661,Stalled
TUR,Turkiye,Europe & Central Asia,Upper middle income,2003,2003–2006,-0.0277890615996893,0.9367164086735261,0.06255413278385932,0.0007294585426146793,Catching up
TUR,Turkiye,Europe & Central Asia,Upper middle income,2006,2006–2009,0.0303479822574909,0.9550879596740718,0.044674179791329274,0.00023786053460063042,Catching up
TUR,Turkiye,Europe & Central Asia,Upper middle income,2009,2009–2012,-0.0088642843561484,0.9010605626080425,0.014888294555349684,0.0840511428366066,Catching up
TUR,Turkiye,Europe & Central Asia,Upper middle income,2012,2012–2015,0.0086352649813003,0.8974517990811592,0.00651459644645817,0.09603360447238253,Catching up
TUR,Turkiye,Europe & Central Asia,Upper middle income,2015,2015–2018,0.0112218127375599,0.9345135952054048,0.006240671361764192,0.059245733432832355,Catching up
TUR,Turkiye,Europe & Central Asia,Upper middle income,2018,2018–2021,0.0277492162716851,0.9864663387809629,0.01108302403634513,0.002450637182691247,Catching up
TUR,Turkiye,Europe & Central Asia,Upper middle income,2021,2021–2024,0.0113426889359825,0.9242073887396576,0.011582887218474737,0.06420972404186688,Catching up
TZA,Tanzania,Sub-Saharan Africa ,Lower middle income,2003,2003–2006,-0.0157490628254837,0.7790490138670244,0.1539814869037498,0.06696949922922511,Catching up
TZA,Tanzania,Sub-Saharan Africa ,Lower middle income,2006,2006–2009,0.0118612621941469,0.7916942673364378,0.15700880332591943,0.051296929337644084,Catching up
TZA,Tanzania,Sub-Saharan Africa ,Lower middle income,2009,2009–2012,-0.0406641271284915,0.8004361552892995,0.1995399975351852,2.3847175516735085e-05,Catching up
TZA,Tanzania,Sub-Saharan Africa ,Lower middle income,2012,2012–2015,-0.006018602276407,0.43512378982577266,0.04048397097614656,0.5243922391980808,Falling behind
TZA,Tanzania,Sub-Saharan Africa ,Lower middle income,2015,2015–2018,0.0019119277404442,0.2696346165853696,0.008056473329097041,0.7223089100855334,Falling behind
TZA,Tanzania,Sub-Saharan Africa ,Lower middle income,2018,2018–2021,0.0046153240785383,0.22278506805548917,0.004028375692921626,0.7731865562515899,Falling behind
TZA,Tanzania,Sub-Saharan Africa ,Lower middle income,2021,2021–2024,-0.0017740569342979,0.23525756244945267,0.007727124935553638,0.7570153126149947,Falling behind
UGA,Uganda,Sub-Saharan Africa ,Low income,2003,2003–2006,0.019288018756676,0.7544329886291605,0.20729268438223641,0.03827432698860612,Catching up
UGA,Uganda,Sub-Saharan Africa ,Low income,2006,2006–2009,-0.0074075546046336,0.7137902181365278,0.21612474195030212,0.07008503991316743,Catching up
UGA,Uganda,Sub-Saharan Africa ,Low income,2009,2009–2012,-0.0357850852322496,0.7065088648769884,0.2934754148618125,1.5720261197218058e-05,Catching up
UGA,Uganda,Sub-Saharan Africa ,Low income,2012,2012–2015,0.0542534541307079,0.6916024567029899,0.30839754329126046,5.749088613541688e-12,Catching up
UGA,Uganda,Sub-Saharan Africa ,Low income,2015,2015–2018,-0.0265459810517229,0.6985119072751861,0.3011955396340335,0.00029255309078046006,Catching up
UGA,Uganda,Sub-Saharan Africa ,Low income,2018,2018–2021,-0.0341583976597044,0.7069189232836484,0.2929819306496824,9.91460666693805e-05,Catching up
UGA,Uganda,Sub-Saharan Africa ,Low income,2021,2021–2024,0.0038484160551236,0.630145299966221,0.15916142396227712,0.2106932760715008,Catching up
UKR,Ukraine,Europe & Central Asia,Upper middle income,2003,2003–2006,0.0068072731566823,0.7713533910408494,0.09883380696593407,0.12981280199321563,Catching up
UKR,Ukraine,Europe & Central Asia,Upper middle income,2006,2006–2009,0.0222887540411211,0.8621052496611448,0.12909677549291462,0.008797974845941492,Catching up
UKR,Ukraine,Europe & Central Asia,Upper middle income,2009,2009–2012,-0.0330742842784754,0.8459178341927354,0.15403314799802215,4.9017809243179197e-05,Catching up
UKR,Ukraine,Europe & Central Asia,Upper middle income,2012,2012–2015,-0.0169421881800079,0.8188887829738022,0.16006575687872554,0.021045460147473653,Catching up
UKR,Ukraine,Europe & Central Asia,Upper middle income,2015,2015–2018,-0.0088802071195418,0.7685642066207784,0.17764871037111216,0.053787083008108354,Catching up
UKR,Ukraine,Europe & Central Asia,Upper middle income,2018,2018–2021,-0.0482902401527564,0.7420886786020793,0.2579113028438507,1.85540702746744e-08,Catching up
URY,Uruguay,Latin America & Caribbean ,High income,2003,2003–2006,-0.0128893366494797,0.9182215216194378,0.022675830076472787,0.05910264830409032,Catching up
URY,Uruguay,Latin America & Caribbean ,High income,2006,2006–2009,0.0239762321101459,0.9820710622717089,0.015864724918521145,0.002064212809771526,Catching up
URY,Uruguay,Latin America & Caribbean ,High income,2009,2009–2012,0.0408273175993161,0.987086846853453,0.012913017582825669,1.3556372000264174e-07,Catching up
URY,Uruguay,Latin America & Caribbean ,High income,2012,2012–2015,0.0211124559211226,0.9879138585639649,0.008630253851625183,0.003455887584409276,Catching up
URY,Uruguay,Latin America & Caribbean ,High income,2015,2015–2018,0.0121508028254479,0.962152628058182,0.005964661583034409,0.03188271035878436,Catching up
URY,Uruguay,Latin America & Caribbean ,High income,2018,2018–2021,0.0171872599183505,0.9472937779799399,0.00747786513227588,0.04522835688778599,Catching up
URY,Uruguay,Latin America & Caribbean ,High income,2021,2021–2024,-0.0097889879388199,0.861984968355747,0.010433482321783805,0.12758154932246765,Catching up
USA,United States,North America,High income,2003,2003–2006,-0.0109222879865867,0.6824541233214341,0.22977208893486278,0.08777378774370337,Catching up
USA,United States,North America,High income,2006,2006–2009,0.0508991911086387,0.7291012730726433,0.2708987263577982,5.695590848338552e-10,Catching up
USA,United States,North America,High income,2009,2009–2012,-0.0302511475530939,0.7317762942804164,0.26652330524723533,0.0017004004723493896,Catching up
USA,United States,North America,High income,2012,2012–2015,-0.0035230564531709,0.4261618094192807,0.04610592304021304,0.5277322675405052,Falling behind
USA,United States,North America,High income,2015,2015–2018,0.0022148530841653,0.3156733037943561,0.009945753088322434,0.6743809431173213,Falling behind
USA,United States,North America,High income,2018,2018–2021,0.0073509355246501,0.30485266874769806,0.005989522256628104,0.6891578089956741,Falling behind
USA,United States,North America,High income,2021,2021–2024,0.0070515364172102,0.3346987526025437,0.010446431350518915,0.6548548160469356,Falling behind
UZB,Uzbekistan,Europe & Central Asia,Lower middle income,2003,2003–2006,0.0314394141676794,0.9736305450941699,0.026202827179220005,0.00016662772660940345,Catching up
UZB,Uzbekistan,Europe & Central Asia,Lower middle income,2006,2006–2009,0.0119806215535105,0.971456575611476,0.01309607005838008,0.015447354330144786,Catching up
UZB,Uzbekistan,Europe & Central Asia,Lower middle income,2009,2009–2012,0.0228040059065949,0.983888616204733,0.010714065731265553,0.005397318064000597,Catching up
UZB,Uzbekistan,Europe & Central Asia,Lower middle income,2012,2012–2015,-0.0019442681277486,0.9376405556147281,0.007940627551626066,0.054418816833646536,Catching up
UZB,Uzbekistan,Europe & Central Asia,Lower middle income,2015,2015–2018,-0.0172069675628096,0.9629405645993077,0.014335862781824475,0.02272357261886662,Catching up
UZB,Uzbekistan,Europe & Central Asia,Lower middle income,2018,2018–2021,-0.0244042136233816,0.9687610579466802,0.021256718432173447,0.009982223621145564,Catching up
UZB,Uzbekistan,Europe & Central Asia,Lower middle income,2021,2021–2024,-0.0081497152440133,0.8608588046647443,0.018204629619454498,0.12093656571580061,Catching up
VCT,St. Vincent and the Grenadines,Latin America & Caribbean ,Upper middle income,2003,2003–2006,0.0170535619653188,0.9566006162292212,0.013783169339978281,0.02961621443079972,Catching up
VCT,St. Vincent and the Grenadines,Latin America & Caribbean ,Upper middle income,2006,2006–2009,0.015527615268671,0.9721056938454599,0.006157338744344784,0.021736967410196026,Catching up
VCT,St. Vincent and the Grenadines,Latin America & Caribbean ,Upper middle income,2009,2009–2012,0.0146893231211027,0.9756473888403384,0.0032114049591717743,0.021141206200488073,Catching up
VCT,St. Vincent and the Grenadines,Latin America & Caribbean ,Upper middle income,2012,2012–2015,0.0126340174835313,0.9763549723439475,0.002350104315961969,0.021294923340090255,Catching up
VCT,St. Vincent and the Grenadines,Latin America & Caribbean ,Upper middle income,2015,2015–2018,0.0193794280407521,0.9890440333475264,0.0032484213346864865,0.007707545317786785,Catching up
VCT,St. Vincent and the Grenadines,Latin America & Caribbean ,Upper middle income,2018,2018–2021,0.0195547028508989,0.9786657803205343,0.004919280693339375,0.016414938986125248,Catching up
VCT,St. Vincent and the Grenadines,Latin America & Caribbean ,Upper middle income,2021,2021–2024,0.0086753477346283,0.8891507870978416,0.006924796804278368,0.10392441609787953,Catching up
VEN,"Venezuela, RB",Latin America & Caribbean ,Lower middle income,2003,2003–2006,0.0888498295376581,0.016293435662026037,0.9837065643379768,3.8378229630092825e-29,Stalled
VEN,"Venezuela, RB",Latin America & Caribbean ,Lower middle income,2006,2006–2009,0.0390161729705787,0.050878489437462565,0.9491184081240646,3.102438470096583e-06,Stalled
VEN,"Venezuela, RB",Latin America & Caribbean ,Lower middle income,2009,2009–2012,-0.0016455983942459,0.06740117215950302,0.8124925389247784,0.1201062889157216,Stalled
VEN,"Venezuela, RB",Latin America & Caribbean ,Lower middle income,2012,2012–2015,0.0186401665477602,0.09103893111266056,0.826309199402673,0.08265186948466587,Stalled
VEN,"Venezuela, RB",Latin America & Caribbean ,Lower middle income,2015,2015–2018,-0.0064027390649433,0.06361795507499622,0.8312921552316969,0.10508988969330635,Stalled
VEN,"Venezuela, RB",Latin America & Caribbean ,Lower middle income,2018,2018–2021,0.0507538562970774,0.0330788826708508,0.9669211168858586,4.432917853935953e-10,Stalled
VEN,"Venezuela, RB",Latin America & Caribbean ,Lower middle income,2021,2021–2024,-0.0755693927173491,0.011231122189446678,0.9887688778105512,1.8948455283448485e-21,Stalled
VIR,Virgin Islands (U.S.),Latin America & Caribbean ,High income,2003,2003–2006,0.0197696855606974,0.9640007493104469,0.022082978689502236,0.013916272000049844,Catching up
VIR,Virgin Islands (U.S.),Latin America & Caribbean ,High income,2006,2006–2009,0.0185746436837023,0.9697826369348173,0.014635720367459812,0.015581642697724676,Catching up
VIR,Virgin Islands (U.S.),Latin America & Caribbean ,High income,2009,2009–2012,-0.0158457811708443,0.9360863208246675,0.010104377037450941,0.05380930213788029,Catching up
VIR,Virgin Islands (U.S.),Latin America & Caribbean ,High income,2012,2012–2015,0.0006767860221883,0.8700487206530779,0.004603712466741996,0.12534756688017987,Catching up
VIR,Virgin Islands (U.S.),Latin America & Caribbean ,High income,2015,2015–2018,0.0196190210851815,0.8974543200538998,0.007022586822229777,0.0955230931238715,Catching up
VIR,Virgin Islands (U.S.),Latin America & Caribbean ,High income,2018,2018–2021,0.0027238048515831,0.7579906586583082,0.004176488595312349,0.23783285274637836,Catching up
VIR,Virgin Islands (U.S.),Latin America & Caribbean ,High income,2021,2021–2024,0.0107172305188041,0.7389520645812614,0.008940855339433111,0.2521070800793052,Catching up
VNM,Viet Nam,East Asia & Pacific,Upper middle income,2003,2003–2006,0.0034120516462148,0.11174428503008949,0.014754867550746781,0.8735008474191651,Falling behind
VNM,Viet Nam,East Asia & Pacific,Upper middle income,2006,2006–2009,-0.0042241691607386,0.0556374512748791,0.0035889074883128035,0.9407736412368088,Falling behind
VNM,Viet Nam,East Asia & Pacific,Upper middle income,2009,2009–2012,-0.000684632497081,0.032906419684579656,0.0014521896977226251,0.965641390617697,Falling behind
VNM,Viet Nam,East Asia & Pacific,Upper middle income,2012,2012–2015,0.0005435202090831,0.028504096560368796,0.0011519511677829436,0.9703439522718472,Falling behind
VNM,Viet Nam,East Asia & Pacific,Upper middle income,2015,2015–2018,0.0035987288660344,0.03739908828018031,0.0013434652522404458,0.9612574464675807,Falling behind
VNM,Viet Nam,East Asia & Pacific,Upper middle income,2018,2018–2021,-0.0006014396824443,0.061635247177286134,0.0022319326947560295,0.9361328201279591,Falling behind
VNM,Viet Nam,East Asia & Pacific,Upper middle income,2021,2021–2024,0.0060286730567418,0.13232703174439508,0.008646812004727895,0.8590261562508762,Falling behind
VUT,Vanuatu,East Asia & Pacific,Lower middle income,2003,2003–2006,0.0025862499697884,0.7733222829430123,0.025721796224215696,0.20095592083277453,Catching up
VUT,Vanuatu,East Asia & Pacific,Lower middle income,2006,2006–2009,0.0169691971554063,0.9076083728598,0.029165349561346022,0.06322627757885572,Catching up
VUT,Vanuatu,East Asia & Pacific,Lower middle income,2009,2009–2012,-0.0228859737033364,0.9362570735702658,0.03579577785685591,0.027947148572874964,Catching up
VUT,Vanuatu,East Asia & Pacific,Lower middle income,2012,2012–2015,0.0050435252969071,0.8447362846647674,0.0282573153781368,0.12700639995709484,Catching up
VUT,Vanuatu,East Asia & Pacific,Lower middle income,2015,2015–2018,0.0064598456914503,0.830289935624874,0.04533807425611511,0.12437199011901326,Catching up
VUT,Vanuatu,East Asia & Pacific,Lower middle income,2018,2018–2021,0.0439966340122681,0.8654665353847844,0.13453334856443872,1.1605077381086048e-07,Catching up
VUT,Vanuatu,East Asia & Pacific,Lower middle income,2021,2021–2024,-0.0413836989104658,0.837755039327337,0.16224430132800838,6.593446550665641e-07,Catching up
WSM,Samoa,East Asia & Pacific,Upper middle income,2003,2003–2006,0.0027942383935356,0.35898405627570507,0.021684932548862612,0.6193310111754307,Falling behind
WSM,Samoa,East Asia & Pacific,Upper middle income,2006,2006–2009,0.0010780230997505,0.3752362880596425,0.017695522565132998,0.607068189375228,Falling behind
WSM,Samoa,East Asia & Pacific,Upper middle income,2009,2009–2012,-0.0064271446106537,0.506789340759532,0.048066088483259425,0.44514457075720676,Catching up
WSM,Samoa,East Asia & Pacific,Upper middle income,2012,2012–2015,-0.0271821912611125,0.7982926459600757,0.19607766733520884,0.005629686704718057,Catching up
WSM,Samoa,East Asia & Pacific,Upper middle income,2015,2015–2018,-0.0398744734461441,0.7934719312465766,0.20652761681780385,4.51935616413416e-07,Catching up
WSM,Samoa,East Asia & Pacific,Upper middle income,2018,2018–2021,0.0446322972059087,0.8073166355736298,0.1926833505811025,1.3845264301625535e-08,Catching up
WSM,Samoa,East Asia & Pacific,Upper middle income,2021,2021–2024,0.0215761583897464,0.8222632627054436,0.17095274054759702,0.006783996746958967,Catching up
YEM,"Yemen, Rep.","Middle East, North Africa, Afghanistan & Pakistan",Low income,2003,2003–2006,-0.0702511137809921,0.0004622260930662376,0.9995377739069373,2.9904361052766625e-19,Stalled
YEM,"Yemen, Rep.","Middle East, North Africa, Afghanistan & Pakistan",Low income,2006,2006–2009,-0.0667885398079866,5.3890169522256544e-05,0.9999461098304803,1.564379832608557e-18,Stalled
YEM,"Yemen, Rep.","Middle East, North Africa, Afghanistan & Pakistan",Low income,2009,2009–2012,-0.0662534646111378,0.00101196825485146,0.9989880317451487,1.067390047972026e-17,Stalled
YEM,"Yemen, Rep.","Middle East, North Africa, Afghanistan & Pakistan",Low income,2012,2012–2015,0.0588375999727174,0.04666595167921626,0.9533340483200282,7.548068762638927e-13,Stalled
YEM,"Yemen, Rep.","Middle East, North Africa, Afghanistan & Pakistan",Low income,2015,2015–2018,-0.0071535185612958,0.19487914500596723,0.5354717965252791,0.26964905846875015,Stalled
YEM,"Yemen, Rep.","Middle East, North Africa, Afghanistan & Pakistan",Low income,2018,2018–2021,0.0093751254788932,0.35217861189834054,0.444597105839097,0.20322428226256184,Stalled
YEM,"Yemen, Rep.","Middle East, North Africa, Afghanistan & Pakistan",Low income,2021,2021–2024,-0.0266550425064601,0.5203915847767105,0.46445963884599956,0.015148776377292342,Catching up
ZAF,South Africa,Sub-Saharan Africa ,Upper middle income,2003,2003–2006,0.0223040117773358,0.8467375514332617,0.1491727368944921,0.004089711672246289,Catching up
ZAF,South Africa,Sub-Saharan Africa ,Upper middle income,2006,2006–2009,0.0571082724413183,0.8445148281865111,0.15548517180507204,8.417106391450038e-12,Catching up
ZAF,South Africa,Sub-Saharan Africa ,Upper middle income,2009,2009–2012,0.0079630888977002,0.7220348260996304,0.03803985424498995,0.23992531965537967,Catching up
ZAF,South Africa,Sub-Saharan Africa ,Upper middle income,2012,2012–2015,0.0056780285375919,0.6601019108622251,0.011204032238531713,0.3286940568992424,Catching up
ZAF,South Africa,Sub-Saharan Africa ,Upper middle income,2015,2015–2018,0.013904593775658,0.6773739240819426,0.008057532858412783,0.31456854305964604,Catching up
ZAF,South Africa,Sub-Saharan Africa ,Upper middle income,2018,2018–2021,0.0055867692207527,0.6374692960600721,0.005844709571601988,0.3566859943683243,Catching up
ZAF,South Africa,Sub-Saharan Africa ,Upper middle income,2021,2021–2024,0.0128596684567717,0.6775646402804435,0.013507517116387216,0.30892784260316764,Catching up
ZMB,Zambia,Sub-Saharan Africa ,Lower middle income,2003,2003–2006,-0.0115739777305397,0.5294782687477121,0.03676610763070025,0.4337556236215882,Catching up
ZMB,Zambia,Sub-Saharan Africa ,Lower middle income,2006,2006–2009,-0.0133633117147297,0.504196650360556,0.019000080035368936,0.4768032696040747,Catching up
ZMB,Zambia,Sub-Saharan Africa ,Lower middle income,2009,2009–2012,-0.004134820837562,0.4482349479991686,0.005024747825996451,0.5467403041748344,Falling behind
ZMB,Zambia,Sub-Saharan Africa ,Lower middle income,2012,2012–2015,0.0013419852591112,0.48955656615396764,0.003237295257306663,0.5072061385887252,Falling behind
ZMB,Zambia,Sub-Saharan Africa ,Lower middle income,2015,2015–2018,0.0152574049748529,0.6776227067559089,0.00855775822986091,0.31381953501423204,Catching up
ZMB,Zambia,Sub-Saharan Africa ,Lower middle income,2018,2018–2021,-0.0017038773958157,0.7305606346093498,0.011507586513515739,0.2579317788771352,Catching up
ZMB,Zambia,Sub-Saharan Africa ,Lower middle income,2021,2021–2024,0.0278102696777577,0.9485055366563699,0.043245934754606696,0.008248528589024338,Catching up
ZWE,Zimbabwe,Sub-Saharan Africa ,Lower middle income,2003,2003–2006,-0.0194681523700352,0.9088928641856928,0.04305685966436637,0.04805027614994207,Catching up
ZWE,Zimbabwe,Sub-Saharan Africa ,Lower middle income,2006,2006–2009,-0.0120637080842749,0.8963205250227027,0.020806568511759698,0.08287290646553706,Catching up
ZWE,Zimbabwe,Sub-Saharan Africa ,Lower middle income,2009,2009–2012,-0.0122055044862398,0.9011894726639592,0.011761542619291705,0.08704898471674744,Catching up
ZWE,Zimbabwe,Sub-Saharan Africa ,Lower middle income,2012,2012–2015,0.0099746726905377,0.922987153489782,0.00871319335841408,0.06829965315180311,Catching up
ZWE,Zimbabwe,Sub-Saharan Africa ,Lower middle income,2015,2015–2018,0.0250328159770463,0.9729077356513094,0.012972740090165925,0.014119524258526205,Catching up
ZWE,Zimbabwe,Sub-Saharan Africa ,Lower middle income,2018,2018–2021,-0.0123614859381569,0.8450052716960454,0.009999618636288999,0.14499510966766563,Catching up
ZWE,Zimbabwe,Sub-Saharan Africa ,Lower middle income,2021,2021–2024,-0.0033438883246399,0.7240589622092958,0.009686657299688489,0.2662543804910167,Catching up
