"FullName","Length"
"D:\胡溪筼\Documents\2026-7Fall\Carolina Data Challenge 2026\Graduate_Dataset\file_inventory.csv","0"
"D:\胡溪筼\Documents\2026-7Fall\Carolina Data Challenge 2026\Graduate_Dataset\all_sources\sources.csv","264"
"D:\胡溪筼\Documents\2026-7Fall\Carolina Data Challenge 2026\Graduate_Dataset\all_sources\002_WDI\AG.CON.FERT.PT.ZS.csv.gz","90515"
"D:\胡溪筼\Documents\2026-7Fall\Carolina Data Challenge 2026\Graduate_Dataset\all_sources\002_WDI\AG.CON.FERT.ZS.csv.gz","138864"
"D:\胡溪筼\Documents\2026-7Fall\Carolina Data Challenge 2026\Graduate_Dataset\all_sources\002_WDI\AG.LND.AGRI.K2.csv.gz","93997"
"D:\胡溪筼\Documents\2026-7Fall\Carolina Data Challenge 2026\Graduate_Dataset\all_sources\002_WDI\AG.LND.AGRI.ZS.csv.gz","147061"
"D:\胡溪筼\Documents\2026-7Fall\Carolina Data Challenge 2026\Graduate_Dataset\all_sources\002_WDI\AG.LND.ARBL.HA.csv.gz","56826"
"D:\胡溪筼\Documents\2026-7Fall\Carolina Data Challenge 2026\Graduate_Dataset\all_sources\002_WDI\AG.LND.ARBL.HA.PC.csv.gz","178609"
"D:\胡溪筼\Documents\2026-7Fall\Carolina Data Challenge 2026\Graduate_Dataset\all_sources\002_WDI\AG.LND.ARBL.ZS.csv.gz","136437"
"D:\胡溪筼\Documents\2026-7Fall\Carolina Data Challenge 2026\Graduate_Dataset\all_sources\002_WDI\AG.LND.CREL.HA.csv.gz","94647"
"D:\胡溪筼\Documents\2026-7Fall\Carolina Data Challenge 2026\Graduate_Dataset\all_sources\002_WDI\AG.LND.CROP.ZS.csv.gz","124203"
"D:\胡溪筼\Documents\2026-7Fall\Carolina Data Challenge 2026\Graduate_Dataset\all_sources\002_WDI\AG.LND.EL5M.RU.K2.csv.gz","11257"
"D:\胡溪筼\Documents\2026-7Fall\Carolina Data Challenge 2026\Graduate_Dataset\all_sources\002_WDI\AG.LND.EL5M.RU.ZS.csv.gz","11918"
"D:\胡溪筼\Documents\2026-7Fall\Carolina Data Challenge 2026\Graduate_Dataset\all_sources\002_WDI\AG.LND.EL5M.UR.K2.csv.gz","11338"
"D:\胡溪筼\Documents\2026-7Fall\Carolina Data Challenge 2026\Graduate_Dataset\all_sources\002_WDI\AG.LND.EL5M.UR.ZS.csv.gz","11905"
"D:\胡溪筼\Documents\2026-7Fall\Carolina Data Challenge 2026\Graduate_Dataset\all_sources\002_WDI\AG.LND.EL5M.ZS.csv.gz","10516"
"D:\胡溪筼\Documents\2026-7Fall\Carolina Data Challenge 2026\Graduate_Dataset\all_sources\002_WDI\AG.LND.FRST.K2.csv.gz","60286"
"D:\胡溪筼\Documents\2026-7Fall\Carolina Data Challenge 2026\Graduate_Dataset\all_sources\002_WDI\AG.LND.FRST.ZS.csv.gz","89414"
"D:\胡溪筼\Documents\2026-7Fall\Carolina Data Challenge 2026\Graduate_Dataset\all_sources\002_WDI\AG.LND.IRIG.AG.ZS.csv.gz","16069"
"D:\胡溪筼\Documents\2026-7Fall\Carolina Data Challenge 2026\Graduate_Dataset\all_sources\002_WDI\AG.LND.PRCP.MM.csv.gz","26687"
"D:\胡溪筼\Documents\2026-7Fall\Carolina Data Challenge 2026\Graduate_Dataset\all_sources\002_WDI\AG.LND.TOTL.K2.csv.gz","50865"
"D:\胡溪筼\Documents\2026-7Fall\Carolina Data Challenge 2026\Graduate_Dataset\all_sources\002_WDI\AG.LND.TOTL.RU.K2.csv.gz","12763"
"D:\胡溪筼\Documents\2026-7Fall\Carolina Data Challenge 2026\Graduate_Dataset\all_sources\002_WDI\AG.LND.TOTL.UR.K2.csv.gz","12746"
"D:\胡溪筼\Documents\2026-7Fall\Carolina Data Challenge 2026\Graduate_Dataset\all_sources\002_WDI\AG.PRD.CREL.MT.csv.gz","105019"
"D:\胡溪筼\Documents\2026-7Fall\Carolina Data Challenge 2026\Graduate_Dataset\all_sources\002_WDI\AG.PRD.CROP.XD.csv.gz","83915"
"D:\胡溪筼\Documents\2026-7Fall\Carolina Data Challenge 2026\Graduate_Dataset\all_sources\002_WDI\AG.PRD.FOOD.XD.csv.gz","83585"
"D:\胡溪筼\Documents\2026-7Fall\Carolina Data Challenge 2026\Graduate_Dataset\all_sources\002_WDI\AG.PRD.LVSK.XD.csv.gz","83225"
"D:\胡溪筼\Documents\2026-7Fall\Carolina Data Challenge 2026\Graduate_Dataset\all_sources\002_WDI\AG.SRF.TOTL.K2.csv.gz","50209"
"D:\胡溪筼\Documents\2026-7Fall\Carolina Data Challenge 2026\Graduate_Dataset\all_sources\002_WDI\AG.YLD.CREL.KG.csv.gz","101941"
"D:\胡溪筼\Documents\2026-7Fall\Carolina Data Challenge 2026\Graduate_Dataset\all_sources\002_WDI\BG.GSR.NFSV.GD.ZS.csv.gz","121228"
"D:\胡溪筼\Documents\2026-7Fall\Carolina Data Challenge 2026\Graduate_Dataset\all_sources\002_WDI\BM.GSR.CMCP.ZS.csv.gz","117705"
"D:\胡溪筼\Documents\2026-7Fall\Carolina Data Challenge 2026\Graduate_Dataset\all_sources\002_WDI\BM.GSR.FCTY.CD.csv.gz","108974"
"D:\胡溪筼\Documents\2026-7Fall\Carolina Data Challenge 2026\Graduate_Dataset\all_sources\002_WDI\BM.GSR.GNFS.CD.csv.gz","113851"
"D:\胡溪筼\Documents\2026-7Fall\Carolina Data Challenge 2026\Graduate_Dataset\all_sources\002_WDI\BM.GSR.INSF.ZS.csv.gz","114518"
"D:\胡溪筼\Documents\2026-7Fall\Carolina Data Challenge 2026\Graduate_Dataset\all_sources\002_WDI\BM.GSR.MRCH.CD.csv.gz","112608"
"D:\胡溪筼\Documents\2026-7Fall\Carolina Data Challenge 2026\Graduate_Dataset\all_sources\002_WDI\BM.GSR.NFSV.CD.csv.gz","112882"
"D:\胡溪筼\Documents\2026-7Fall\Carolina Data Challenge 2026\Graduate_Dataset\all_sources\002_WDI\BM.GSR.ROYL.CD.csv.gz","86580"
"D:\胡溪筼\Documents\2026-7Fall\Carolina Data Challenge 2026\Graduate_Dataset\all_sources\002_WDI\BM.GSR.TOTL.CD.csv.gz","114525"
"D:\胡溪筼\Documents\2026-7Fall\Carolina Data Challenge 2026\Graduate_Dataset\all_sources\002_WDI\BM.GSR.TRAN.ZS.csv.gz","117466"
"D:\胡溪筼\Documents\2026-7Fall\Carolina Data Challenge 2026\Graduate_Dataset\all_sources\002_WDI\BM.GSR.TRVL.ZS.csv.gz","116318"
"D:\胡溪筼\Documents\2026-7Fall\Carolina Data Challenge 2026\Graduate_Dataset\all_sources\002_WDI\BM.KLT.DINV.CD.WD.csv.gz","103534"
"D:\胡溪筼\Documents\2026-7Fall\Carolina Data Challenge 2026\Graduate_Dataset\all_sources\002_WDI\BM.KLT.DINV.WD.GD.ZS.csv.gz","112348"
"D:\胡溪筼\Documents\2026-7Fall\Carolina Data Challenge 2026\Graduate_Dataset\all_sources\002_WDI\BM.TRF.PRVT.CD.csv.gz","98703"
"D:\胡溪筼\Documents\2026-7Fall\Carolina Data Challenge 2026\Graduate_Dataset\all_sources\002_WDI\BM.TRF.PWKR.CD.DT.csv.gz","106570"
"D:\胡溪筼\Documents\2026-7Fall\Carolina Data Challenge 2026\Graduate_Dataset\all_sources\002_WDI\BN.CAB.XOKA.CD.csv.gz","90135"
"D:\胡溪筼\Documents\2026-7Fall\Carolina Data Challenge 2026\Graduate_Dataset\all_sources\002_WDI\BN.CAB.XOKA.GD.ZS.csv.gz","97059"
"D:\胡溪筼\Documents\2026-7Fall\Carolina Data Challenge 2026\Graduate_Dataset\all_sources\002_WDI\BN.FIN.TOTL.CD.csv.gz","89691"
"D:\胡溪筼\Documents\2026-7Fall\Carolina Data Challenge 2026\Graduate_Dataset\all_sources\002_WDI\BN.GSR.FCTY.CD.csv.gz","88598"
"D:\胡溪筼\Documents\2026-7Fall\Carolina Data Challenge 2026\Graduate_Dataset\all_sources\002_WDI\BN.GSR.GNFS.CD.csv.gz","89631"
"D:\胡溪筼\Documents\2026-7Fall\Carolina Data Challenge 2026\Graduate_Dataset\all_sources\002_WDI\BN.GSR.MRCH.CD.csv.gz","89204"
"D:\胡溪筼\Documents\2026-7Fall\Carolina Data Challenge 2026\Graduate_Dataset\all_sources\002_WDI\BN.KAC.EOMS.CD.csv.gz","89622"
"D:\胡溪筼\Documents\2026-7Fall\Carolina Data Challenge 2026\Graduate_Dataset\all_sources\002_WDI\BN.KLT.DINV.CD.csv.gz","82171"
"D:\胡溪筼\Documents\2026-7Fall\Carolina Data Challenge 2026\Graduate_Dataset\all_sources\002_WDI\BN.KLT.PTXL.CD.csv.gz","68222"
"D:\胡溪筼\Documents\2026-7Fall\Carolina Data Challenge 2026\Graduate_Dataset\all_sources\002_WDI\BN.RES.INCL.CD.csv.gz","98831"
"D:\胡溪筼\Documents\2026-7Fall\Carolina Data Challenge 2026\Graduate_Dataset\all_sources\002_WDI\BN.TRF.CURR.CD.csv.gz","87229"
"D:\胡溪筼\Documents\2026-7Fall\Carolina Data Challenge 2026\Graduate_Dataset\all_sources\002_WDI\BN.TRF.KOGT.CD.csv.gz","56408"
"D:\胡溪筼\Documents\2026-7Fall\Carolina Data Challenge 2026\Graduate_Dataset\all_sources\002_WDI\BX.GRT.EXTA.CD.WD.csv.gz","62209"
"D:\胡溪筼\Documents\2026-7Fall\Carolina Data Challenge 2026\Graduate_Dataset\all_sources\002_WDI\BX.GRT.TECH.CD.WD.csv.gz","56774"
"D:\胡溪筼\Documents\2026-7Fall\Carolina Data Challenge 2026\Graduate_Dataset\all_sources\002_WDI\BX.GSR.CCIS.CD.csv.gz","73059"
"D:\胡溪筼\Documents\2026-7Fall\Carolina Data Challenge 2026\Graduate_Dataset\all_sources\002_WDI\BX.GSR.CCIS.ZS.csv.gz","81568"
"D:\胡溪筼\Documents\2026-7Fall\Carolina Data Challenge 2026\Graduate_Dataset\all_sources\002_WDI\BX.GSR.CMCP.ZS.csv.gz","116310"
"D:\胡溪筼\Documents\2026-7Fall\Carolina Data Challenge 2026\Graduate_Dataset\all_sources\002_WDI\BX.GSR.FCTY.CD.csv.gz","105541"
"D:\胡溪筼\Documents\2026-7Fall\Carolina Data Challenge 2026\Graduate_Dataset\all_sources\002_WDI\BX.GSR.GNFS.CD.csv.gz","112709"
"D:\胡溪筼\Documents\2026-7Fall\Carolina Data Challenge 2026\Graduate_Dataset\all_sources\002_WDI\BX.GSR.INSF.ZS.csv.gz","103126"
"D:\胡溪筼\Documents\2026-7Fall\Carolina Data Challenge 2026\Graduate_Dataset\all_sources\002_WDI\BX.GSR.MRCH.CD.csv.gz","110499"
"D:\胡溪筼\Documents\2026-7Fall\Carolina Data Challenge 2026\Graduate_Dataset\all_sources\002_WDI\BX.GSR.NFSV.CD.csv.gz","111923"
"D:\胡溪筼\Documents\2026-7Fall\Carolina Data Challenge 2026\Graduate_Dataset\all_sources\002_WDI\BX.GSR.ROYL.CD.csv.gz","72636"
"D:\胡溪筼\Documents\2026-7Fall\Carolina Data Challenge 2026\Graduate_Dataset\all_sources\002_WDI\BX.GSR.TOTL.CD.csv.gz","112031"
"D:\胡溪筼\Documents\2026-7Fall\Carolina Data Challenge 2026\Graduate_Dataset\all_sources\002_WDI\BX.GSR.TRAN.ZS.csv.gz","115136"
"D:\胡溪筼\Documents\2026-7Fall\Carolina Data Challenge 2026\Graduate_Dataset\all_sources\002_WDI\BX.GSR.TRVL.ZS.csv.gz","115956"
"D:\胡溪筼\Documents\2026-7Fall\Carolina Data Challenge 2026\Graduate_Dataset\all_sources\002_WDI\BX.KLT.DINV.CD.WD.csv.gz","127799"
"D:\胡溪筼\Documents\2026-7Fall\Carolina Data Challenge 2026\Graduate_Dataset\all_sources\002_WDI\BX.KLT.DINV.WD.GD.ZS.csv.gz","146172"
"D:\胡溪筼\Documents\2026-7Fall\Carolina Data Challenge 2026\Graduate_Dataset\all_sources\002_WDI\BX.PEF.TOTL.CD.WD.csv.gz","85281"
"D:\胡溪筼\Documents\2026-7Fall\Carolina Data Challenge 2026\Graduate_Dataset\all_sources\002_WDI\BX.TRF.CURR.CD.csv.gz","104781"
"D:\胡溪筼\Documents\2026-7Fall\Carolina Data Challenge 2026\Graduate_Dataset\all_sources\002_WDI\BX.TRF.PWKR.CD.csv.gz","71500"
"D:\胡溪筼\Documents\2026-7Fall\Carolina Data Challenge 2026\Graduate_Dataset\all_sources\002_WDI\BX.TRF.PWKR.CD.DT.csv.gz","105979"
"D:\胡溪筼\Documents\2026-7Fall\Carolina Data Challenge 2026\Graduate_Dataset\all_sources\002_WDI\BX.TRF.PWKR.DT.GD.ZS.csv.gz","113534"
"D:\胡溪筼\Documents\2026-7Fall\Carolina Data Challenge 2026\Graduate_Dataset\all_sources\002_WDI\CM.MKT.INDX.ZG.csv.gz","26821"
"D:\胡溪筼\Documents\2026-7Fall\Carolina Data Challenge 2026\Graduate_Dataset\all_sources\002_WDI\CM.MKT.LCAP.CD.csv.gz","33455"
"D:\胡溪筼\Documents\2026-7Fall\Carolina Data Challenge 2026\Graduate_Dataset\all_sources\002_WDI\CM.MKT.LCAP.GD.ZS.csv.gz","47648"
"D:\胡溪筼\Documents\2026-7Fall\Carolina Data Challenge 2026\Graduate_Dataset\all_sources\002_WDI\CM.MKT.LDOM.NO.csv.gz","23600"
"D:\胡溪筼\Documents\2026-7Fall\Carolina Data Challenge 2026\Graduate_Dataset\all_sources\002_WDI\CM.MKT.TRAD.CD.csv.gz","34511"
"D:\胡溪筼\Documents\2026-7Fall\Carolina Data Challenge 2026\Graduate_Dataset\all_sources\002_WDI\CM.MKT.TRAD.GD.ZS.csv.gz","52538"
"D:\胡溪筼\Documents\2026-7Fall\Carolina Data Challenge 2026\Graduate_Dataset\all_sources\002_WDI\CM.MKT.TRNR.csv.gz","50218"
"D:\胡溪筼\Documents\2026-7Fall\Carolina Data Challenge 2026\Graduate_Dataset\all_sources\002_WDI\DC.DAC.AUSL.CD.csv.gz","64156"
"D:\胡溪筼\Documents\2026-7Fall\Carolina Data Challenge 2026\Graduate_Dataset\all_sources\002_WDI\DC.DAC.AUTL.CD.csv.gz","69064"
"D:\胡溪筼\Documents\2026-7Fall\Carolina Data Challenge 2026\Graduate_Dataset\all_sources\002_WDI\DC.DAC.BELL.CD.csv.gz","66762"
"D:\胡溪筼\Documents\2026-7Fall\Carolina Data Challenge 2026\Graduate_Dataset\all_sources\002_WDI\DC.DAC.CANL.CD.csv.gz","83054"
"D:\胡溪筼\Documents\2026-7Fall\Carolina Data Challenge 2026\Graduate_Dataset\all_sources\002_WDI\DC.DAC.CECL.CD.csv.gz","88001"
"D:\胡溪筼\Documents\2026-7Fall\Carolina Data Challenge 2026\Graduate_Dataset\all_sources\002_WDI\DC.DAC.CHEL.CD.csv.gz","70474"
"D:\胡溪筼\Documents\2026-7Fall\Carolina Data Challenge 2026\Graduate_Dataset\all_sources\002_WDI\DC.DAC.CZEL.CD.csv.gz","26021"
"D:\胡溪筼\Documents\2026-7Fall\Carolina Data Challenge 2026\Graduate_Dataset\all_sources\002_WDI\DC.DAC.DEUL.CD.csv.gz","93383"
"D:\胡溪筼\Documents\2026-7Fall\Carolina Data Challenge 2026\Graduate_Dataset\all_sources\002_WDI\DC.DAC.DNKL.CD.csv.gz","60798"
"D:\胡溪筼\Documents\2026-7Fall\Carolina Data Challenge 2026\Graduate_Dataset\all_sources\002_WDI\DC.DAC.ESPL.CD.csv.gz","51780"
"D:\胡溪筼\Documents\2026-7Fall\Carolina Data Challenge 2026\Graduate_Dataset\all_sources\002_WDI\DC.DAC.ESTL.CD.csv.gz","11850"
"D:\胡溪筼\Documents\2026-7Fall\Carolina Data Challenge 2026\Graduate_Dataset\all_sources\002_WDI\DC.DAC.FINL.CD.csv.gz","59275"
"D:\胡溪筼\Documents\2026-7Fall\Carolina Data Challenge 2026\Graduate_Dataset\all_sources\002_WDI\DC.DAC.FRAL.CD.csv.gz","82900"
"D:\胡溪筼\Documents\2026-7Fall\Carolina Data Challenge 2026\Graduate_Dataset\all_sources\002_WDI\DC.DAC.GBRL.CD.csv.gz","87129"
"D:\胡溪筼\Documents\2026-7Fall\Carolina Data Challenge 2026\Graduate_Dataset\all_sources\002_WDI\DC.DAC.GRCL.CD.csv.gz","28037"
"D:\胡溪筼\Documents\2026-7Fall\Carolina Data Challenge 2026\Graduate_Dataset\all_sources\002_WDI\DC.DAC.HUNL.CD.csv.gz","22484"
"D:\胡溪筼\Documents\2026-7Fall\Carolina Data Challenge 2026\Graduate_Dataset\all_sources\002_WDI\DC.DAC.IRLL.CD.csv.gz","45489"
"D:\胡溪筼\Documents\2026-7Fall\Carolina Data Challenge 2026\Graduate_Dataset\all_sources\002_WDI\DC.DAC.ISLL.CD.csv.gz","17111"
"D:\胡溪筼\Documents\2026-7Fall\Carolina Data Challenge 2026\Graduate_Dataset\all_sources\002_WDI\DC.DAC.ITAL.CD.csv.gz","73627"
"D:\胡溪筼\Documents\2026-7Fall\Carolina Data Challenge 2026\Graduate_Dataset\all_sources\002_WDI\DC.DAC.JPNL.CD.csv.gz","87191"
"D:\胡溪筼\Documents\2026-7Fall\Carolina Data Challenge 2026\Graduate_Dataset\all_sources\002_WDI\DC.DAC.KORL.CD.csv.gz","54816"
"D:\胡溪筼\Documents\2026-7Fall\Carolina Data Challenge 2026\Graduate_Dataset\all_sources\002_WDI\DC.DAC.LTUL.CD.csv.gz","14400"
"D:\胡溪筼\Documents\2026-7Fall\Carolina Data Challenge 2026\Graduate_Dataset\all_sources\002_WDI\DC.DAC.LUXL.CD.csv.gz","39802"
"D:\胡溪筼\Documents\2026-7Fall\Carolina Data Challenge 2026\Graduate_Dataset\all_sources\002_WDI\DC.DAC.NLDL.CD.csv.gz","71579"
"D:\胡溪筼\Documents\2026-7Fall\Carolina Data Challenge 2026\Graduate_Dataset\all_sources\002_WDI\DC.DAC.NORL.CD.csv.gz","68563"
"D:\胡溪筼\Documents\2026-7Fall\Carolina Data Challenge 2026\Graduate_Dataset\all_sources\002_WDI\DC.DAC.NZLL.CD.csv.gz","43103"
"D:\胡溪筼\Documents\2026-7Fall\Carolina Data Challenge 2026\Graduate_Dataset\all_sources\002_WDI\DC.DAC.POLL.CD.csv.gz","24782"
"D:\胡溪筼\Documents\2026-7Fall\Carolina Data Challenge 2026\Graduate_Dataset\all_sources\002_WDI\DC.DAC.PRTL.CD.csv.gz","32366"
"D:\胡溪筼\Documents\2026-7Fall\Carolina Data Challenge 2026\Graduate_Dataset\all_sources\002_WDI\DC.DAC.SVKL.CD.csv.gz","13787"
"D:\胡溪筼\Documents\2026-7Fall\Carolina Data Challenge 2026\Graduate_Dataset\all_sources\002_WDI\DC.DAC.SVNL.CD.csv.gz","13533"
"D:\胡溪筼\Documents\2026-7Fall\Carolina Data Challenge 2026\Graduate_Dataset\all_sources\002_WDI\DC.DAC.SWEL.CD.csv.gz","68214"
"D:\胡溪筼\Documents\2026-7Fall\Carolina Data Challenge 2026\Graduate_Dataset\all_sources\002_WDI\DC.DAC.TOTL.CD.csv.gz","133814"
"D:\胡溪筼\Documents\2026-7Fall\Carolina Data Challenge 2026\Graduate_Dataset\all_sources\002_WDI\DC.DAC.USAL.CD.csv.gz","75245"
"D:\胡溪筼\Documents\2026-7Fall\Carolina Data Challenge 2026\Graduate_Dataset\all_sources\002_WDI\DC.ODA.TLDC.CD.csv.gz","10173"
"D:\胡溪筼\Documents\2026-7Fall\Carolina Data Challenge 2026\Graduate_Dataset\all_sources\002_WDI\DC.ODA.TLDC.GN.ZS.csv.gz","18298"
"D:\胡溪筼\Documents\2026-7Fall\Carolina Data Challenge 2026\Graduate_Dataset\all_sources\002_WDI\DC.ODA.TOTL.CD.csv.gz","10754"
"D:\胡溪筼\Documents\2026-7Fall\Carolina Data Challenge 2026\Graduate_Dataset\all_sources\002_WDI\DC.ODA.TOTL.GN.ZS.csv.gz","9577"
"D:\胡溪筼\Documents\2026-7Fall\Carolina Data Challenge 2026\Graduate_Dataset\all_sources\002_WDI\DC.ODA.TOTL.KD.csv.gz","14856"
"D:\胡溪筼\Documents\2026-7Fall\Carolina Data Challenge 2026\Graduate_Dataset\all_sources\002_WDI\DT.DOD.DECT.CD.csv.gz","66350"
"D:\胡溪筼\Documents\2026-7Fall\Carolina Data Challenge 2026\Graduate_Dataset\all_sources\002_WDI\DT.DOD.DECT.GN.ZS.csv.gz","76464"
"D:\胡溪筼\Documents\2026-7Fall\Carolina Data Challenge 2026\Graduate_Dataset\all_sources\002_WDI\DT.DOD.DIMF.CD.csv.gz","54846"
"D:\胡溪筼\Documents\2026-7Fall\Carolina Data Challenge 2026\Graduate_Dataset\all_sources\002_WDI\DT.DOD.DLXF.CD.csv.gz","65835"
"D:\胡溪筼\Documents\2026-7Fall\Carolina Data Challenge 2026\Graduate_Dataset\all_sources\002_WDI\DT.DOD.DPNG.CD.csv.gz","29609"
"D:\胡溪筼\Documents\2026-7Fall\Carolina Data Challenge 2026\Graduate_Dataset\all_sources\002_WDI\DT.DOD.DPPG.CD.csv.gz","65599"
"D:\胡溪筼\Documents\2026-7Fall\Carolina Data Challenge 2026\Graduate_Dataset\all_sources\002_WDI\DT.DOD.DSTC.CD.csv.gz","53836"
"D:\胡溪筼\Documents\2026-7Fall\Carolina Data Challenge 2026\Graduate_Dataset\all_sources\002_WDI\DT.DOD.DSTC.IR.ZS.csv.gz","74770"
"D:\胡溪筼\Documents\2026-7Fall\Carolina Data Challenge 2026\Graduate_Dataset\all_sources\002_WDI\DT.DOD.DSTC.XP.ZS.csv.gz","70317"
"D:\胡溪筼\Documents\2026-7Fall\Carolina Data Challenge 2026\Graduate_Dataset\all_sources\002_WDI\DT.DOD.DSTC.ZS.csv.gz","46739"
"D:\胡溪筼\Documents\2026-7Fall\Carolina Data Challenge 2026\Graduate_Dataset\all_sources\002_WDI\DT.DOD.MIBR.CD.csv.gz","30663"
"D:\胡溪筼\Documents\2026-7Fall\Carolina Data Challenge 2026\Graduate_Dataset\all_sources\002_WDI\DT.DOD.MIDA.CD.csv.gz","40866"
"D:\胡溪筼\Documents\2026-7Fall\Carolina Data Challenge 2026\Graduate_Dataset\all_sources\002_WDI\DT.DOD.MWBG.CD.csv.gz","48912"
"D:\胡溪筼\Documents\2026-7Fall\Carolina Data Challenge 2026\Graduate_Dataset\all_sources\002_WDI\DT.DOD.PVLX.CD.csv.gz","2843"
"D:\胡溪筼\Documents\2026-7Fall\Carolina Data Challenge 2026\Graduate_Dataset\all_sources\002_WDI\DT.DOD.PVLX.EX.ZS.csv.gz","2594"
"D:\胡溪筼\Documents\2026-7Fall\Carolina Data Challenge 2026\Graduate_Dataset\all_sources\002_WDI\DT.DOD.PVLX.GN.ZS.csv.gz","2630"
"D:\胡溪筼\Documents\2026-7Fall\Carolina Data Challenge 2026\Graduate_Dataset\all_sources\002_WDI\DT.NFL.BLAT.CD.csv.gz","58618"
"D:\胡溪筼\Documents\2026-7Fall\Carolina Data Challenge 2026\Graduate_Dataset\all_sources\002_WDI\DT.NFL.BOND.CD.csv.gz","16750"
"D:\胡溪筼\Documents\2026-7Fall\Carolina Data Challenge 2026\Graduate_Dataset\all_sources\002_WDI\DT.NFL.CERF.CD.csv.gz","7584"
"D:\胡溪筼\Documents\2026-7Fall\Carolina Data Challenge 2026\Graduate_Dataset\all_sources\002_WDI\DT.NFL.DPNG.CD.csv.gz","25911"
"D:\胡溪筼\Documents\2026-7Fall\Carolina Data Challenge 2026\Graduate_Dataset\all_sources\002_WDI\DT.NFL.FAOG.CD.csv.gz","17414"
"D:\胡溪筼\Documents\2026-7Fall\Carolina Data Challenge 2026\Graduate_Dataset\all_sources\002_WDI\DT.NFL.IAEA.CD.csv.gz","27371"
"D:\胡溪筼\Documents\2026-7Fall\Carolina Data Challenge 2026\Graduate_Dataset\all_sources\002_WDI\DT.NFL.IFAD.CD.csv.gz","52525"
"D:\胡溪筼\Documents\2026-7Fall\Carolina Data Challenge 2026\Graduate_Dataset\all_sources\002_WDI\DT.NFL.ILOG.CD.csv.gz","27217"
"D:\胡溪筼\Documents\2026-7Fall\Carolina Data Challenge 2026\Graduate_Dataset\all_sources\002_WDI\DT.NFL.IMFC.CD.csv.gz","10216"
"D:\胡溪筼\Documents\2026-7Fall\Carolina Data Challenge 2026\Graduate_Dataset\all_sources\002_WDI\DT.NFL.IMFN.CD.csv.gz","38246"
"D:\胡溪筼\Documents\2026-7Fall\Carolina Data Challenge 2026\Graduate_Dataset\all_sources\002_WDI\DT.NFL.MIBR.CD.csv.gz","43359"
"D:\胡溪筼\Documents\2026-7Fall\Carolina Data Challenge 2026\Graduate_Dataset\all_sources\002_WDI\DT.NFL.MIDA.CD.csv.gz","45080"
"D:\胡溪筼\Documents\2026-7Fall\Carolina Data Challenge 2026\Graduate_Dataset\all_sources\002_WDI\DT.NFL.MLAT.CD.csv.gz","44134"
"D:\胡溪筼\Documents\2026-7Fall\Carolina Data Challenge 2026\Graduate_Dataset\all_sources\002_WDI\DT.NFL.MOTH.CD.csv.gz","50490"
"D:\胡溪筼\Documents\2026-7Fall\Carolina Data Challenge 2026\Graduate_Dataset\all_sources\002_WDI\DT.NFL.NIFC.CD.csv.gz","43564"
"D:\胡溪筼\Documents\2026-7Fall\Carolina Data Challenge 2026\Graduate_Dataset\all_sources\002_WDI\DT.NFL.OFFT.CD.csv.gz","60820"
"D:\胡溪筼\Documents\2026-7Fall\Carolina Data Challenge 2026\Graduate_Dataset\all_sources\002_WDI\DT.NFL.PBND.CD.csv.gz","18357"
"D:\胡溪筼\Documents\2026-7Fall\Carolina Data Challenge 2026\Graduate_Dataset\all_sources\002_WDI\DT.NFL.PCBK.CD.csv.gz","31879"
"D:\胡溪筼\Documents\2026-7Fall\Carolina Data Challenge 2026\Graduate_Dataset\all_sources\002_WDI\DT.NFL.PCBO.CD.csv.gz","34034"
"D:\胡溪筼\Documents\2026-7Fall\Carolina Data Challenge 2026\Graduate_Dataset\all_sources\002_WDI\DT.NFL.PNGB.CD.csv.gz","8141"
"D:\胡溪筼\Documents\2026-7Fall\Carolina Data Challenge 2026\Graduate_Dataset\all_sources\002_WDI\DT.NFL.PNGC.CD.csv.gz","25567"
"D:\胡溪筼\Documents\2026-7Fall\Carolina Data Challenge 2026\Graduate_Dataset\all_sources\002_WDI\DT.NFL.PROP.CD.csv.gz","30983"
"D:\胡溪筼\Documents\2026-7Fall\Carolina Data Challenge 2026\Graduate_Dataset\all_sources\002_WDI\DT.NFL.PRVT.CD.csv.gz","37926"
"D:\胡溪筼\Documents\2026-7Fall\Carolina Data Challenge 2026\Graduate_Dataset\all_sources\002_WDI\DT.NFL.RDBC.CD.csv.gz","36307"
"D:\胡溪筼\Documents\2026-7Fall\Carolina Data Challenge 2026\Graduate_Dataset\all_sources\002_WDI\DT.NFL.RDBN.CD.csv.gz","36020"
"D:\胡溪筼\Documents\2026-7Fall\Carolina Data Challenge 2026\Graduate_Dataset\all_sources\002_WDI\DT.NFL.SDGF.CD.csv.gz","4760"
"D:\胡溪筼\Documents\2026-7Fall\Carolina Data Challenge 2026\Graduate_Dataset\all_sources\002_WDI\DT.NFL.SPRP.CD.csv.gz","5927"
"D:\胡溪筼\Documents\2026-7Fall\Carolina Data Challenge 2026\Graduate_Dataset\all_sources\002_WDI\DT.NFL.UNAI.CD.csv.gz","25975"
"D:\胡溪筼\Documents\2026-7Fall\Carolina Data Challenge 2026\Graduate_Dataset\all_sources\002_WDI\DT.NFL.UNCD.CD.csv.gz","2414"
"D:\胡溪筼\Documents\2026-7Fall\Carolina Data Challenge 2026\Graduate_Dataset\all_sources\002_WDI\DT.NFL.UNCF.CD.csv.gz","69805"
"D:\胡溪筼\Documents\2026-7Fall\Carolina Data Challenge 2026\Graduate_Dataset\all_sources\002_WDI\DT.NFL.UNCR.CD.csv.gz","52206"
"D:\胡溪筼\Documents\2026-7Fall\Carolina Data Challenge 2026\Graduate_Dataset\all_sources\002_WDI\DT.NFL.UNCTAD.CD.csv.gz","959"
"D:\胡溪筼\Documents\2026-7Fall\Carolina Data Challenge 2026\Graduate_Dataset\all_sources\002_WDI\DT.NFL.UNCV.CD.csv.gz","3218"
"D:\胡溪筼\Documents\2026-7Fall\Carolina Data Challenge 2026\Graduate_Dataset\all_sources\002_WDI\DT.NFL.UNDP.CD.csv.gz","82558"
"D:\胡溪筼\Documents\2026-7Fall\Carolina Data Challenge 2026\Graduate_Dataset\all_sources\002_WDI\DT.NFL.UNEC.CD.csv.gz","2420"
"D:\胡溪筼\Documents\2026-7Fall\Carolina Data Challenge 2026\Graduate_Dataset\all_sources\002_WDI\DT.NFL.UNEP.CD.csv.gz","1793"
"D:\胡溪筼\Documents\2026-7Fall\Carolina Data Challenge 2026\Graduate_Dataset\all_sources\002_WDI\DT.NFL.UNFP.CD.csv.gz","63449"
"D:\胡溪筼\Documents\2026-7Fall\Carolina Data Challenge 2026\Graduate_Dataset\all_sources\002_WDI\DT.NFL.UNID.CD.csv.gz","711"
"D:\胡溪筼\Documents\2026-7Fall\Carolina Data Challenge 2026\Graduate_Dataset\all_sources\002_WDI\DT.NFL.UNIDO.CD.csv.gz","5167"
"D:\胡溪筼\Documents\2026-7Fall\Carolina Data Challenge 2026\Graduate_Dataset\all_sources\002_WDI\DT.NFL.UNPB.CD.csv.gz","13876"
"D:\胡溪筼\Documents\2026-7Fall\Carolina Data Challenge 2026\Graduate_Dataset\all_sources\002_WDI\DT.NFL.UNRW.CD.csv.gz","8334"
"D:\胡溪筼\Documents\2026-7Fall\Carolina Data Challenge 2026\Graduate_Dataset\all_sources\002_WDI\DT.NFL.UNTA.CD.csv.gz","49622"
"D:\胡溪筼\Documents\2026-7Fall\Carolina Data Challenge 2026\Graduate_Dataset\all_sources\002_WDI\DT.NFL.UNWN.CD.csv.gz","5788"
"D:\胡溪筼\Documents\2026-7Fall\Carolina Data Challenge 2026\Graduate_Dataset\all_sources\002_WDI\DT.NFL.UNWT.CD.csv.gz","1547"
"D:\胡溪筼\Documents\2026-7Fall\Carolina Data Challenge 2026\Graduate_Dataset\all_sources\002_WDI\DT.NFL.WFPG.CD.csv.gz","60989"
"D:\胡溪筼\Documents\2026-7Fall\Carolina Data Challenge 2026\Graduate_Dataset\all_sources\002_WDI\DT.NFL.WHOL.CD.csv.gz","28335"
"D:\胡溪筼\Documents\2026-7Fall\Carolina Data Challenge 2026\Graduate_Dataset\all_sources\002_WDI\DT.NFL.WITC.CD.csv.gz","3797"
"D:\胡溪筼\Documents\2026-7Fall\Carolina Data Challenge 2026\Graduate_Dataset\all_sources\002_WDI\DT.ODA.ALLD.CD.csv.gz","117448"
"D:\胡溪筼\Documents\2026-7Fall\Carolina Data Challenge 2026\Graduate_Dataset\all_sources\002_WDI\DT.ODA.ALLD.KD.csv.gz","140832"
"D:\胡溪筼\Documents\2026-7Fall\Carolina Data Challenge 2026\Graduate_Dataset\all_sources\002_WDI\DT.ODA.OATL.CD.csv.gz","8377"
"D:\胡溪筼\Documents\2026-7Fall\Carolina Data Challenge 2026\Graduate_Dataset\all_sources\002_WDI\DT.ODA.OATL.KD.csv.gz","8550"
"D:\胡溪筼\Documents\2026-7Fall\Carolina Data Challenge 2026\Graduate_Dataset\all_sources\002_WDI\DT.ODA.ODAT.CD.csv.gz","115445"
"D:\胡溪筼\Documents\2026-7Fall\Carolina Data Challenge 2026\Graduate_Dataset\all_sources\002_WDI\DT.ODA.ODAT.GI.ZS.csv.gz","99807"
"D:\胡溪筼\Documents\2026-7Fall\Carolina Data Challenge 2026\Graduate_Dataset\all_sources\002_WDI\DT.ODA.ODAT.GN.ZS.csv.gz","127310"
"D:\胡溪筼\Documents\2026-7Fall\Carolina Data Challenge 2026\Graduate_Dataset\all_sources\002_WDI\DT.ODA.ODAT.KD.csv.gz","136682"
"D:\胡溪筼\Documents\2026-7Fall\Carolina Data Challenge 2026\Graduate_Dataset\all_sources\002_WDI\DT.ODA.ODAT.MP.ZS.csv.gz","92713"
"D:\胡溪筼\Documents\2026-7Fall\Carolina Data Challenge 2026\Graduate_Dataset\all_sources\002_WDI\DT.ODA.ODAT.PC.ZS.csv.gz","144353"
"D:\胡溪筼\Documents\2026-7Fall\Carolina Data Challenge 2026\Graduate_Dataset\all_sources\002_WDI\DT.ODA.ODAT.XP.ZS.csv.gz","34673"
"D:\胡溪筼\Documents\2026-7Fall\Carolina Data Challenge 2026\Graduate_Dataset\all_sources\002_WDI\DT.TDS.DECT.CD.csv.gz","62016"
"D:\胡溪筼\Documents\2026-7Fall\Carolina Data Challenge 2026\Graduate_Dataset\all_sources\002_WDI\DT.TDS.DECT.EX.ZS.csv.gz","65212"
"D:\胡溪筼\Documents\2026-7Fall\Carolina Data Challenge 2026\Graduate_Dataset\all_sources\002_WDI\DT.TDS.DECT.GN.ZS.csv.gz","85647"
"D:\胡溪筼\Documents\2026-7Fall\Carolina Data Challenge 2026\Graduate_Dataset\all_sources\002_WDI\DT.TDS.DIMF.CD.csv.gz","49862"
"D:\胡溪筼\Documents\2026-7Fall\Carolina Data Challenge 2026\Graduate_Dataset\all_sources\002_WDI\DT.TDS.DPPF.XP.ZS.csv.gz","63959"
"D:\胡溪筼\Documents\2026-7Fall\Carolina Data Challenge 2026\Graduate_Dataset\all_sources\002_WDI\DT.TDS.DPPG.CD.csv.gz","60830"
"D:\胡溪筼\Documents\2026-7Fall\Carolina Data Challenge 2026\Graduate_Dataset\all_sources\002_WDI\DT.TDS.DPPG.GN.ZS.csv.gz","85208"
"D:\胡溪筼\Documents\2026-7Fall\Carolina Data Challenge 2026\Graduate_Dataset\all_sources\002_WDI\DT.TDS.DPPG.XP.ZS.csv.gz","71534"
"D:\胡溪筼\Documents\2026-7Fall\Carolina Data Challenge 2026\Graduate_Dataset\all_sources\002_WDI\DT.TDS.MLAT.CD.csv.gz","56739"
"D:\胡溪筼\Documents\2026-7Fall\Carolina Data Challenge 2026\Graduate_Dataset\all_sources\002_WDI\DT.TDS.MLAT.PG.ZS.csv.gz","77190"
"D:\胡溪筼\Documents\2026-7Fall\Carolina Data Challenge 2026\Graduate_Dataset\all_sources\002_WDI\EG.CFT.ACCS.RU.ZS.csv.gz","34032"
"D:\胡溪筼\Documents\2026-7Fall\Carolina Data Challenge 2026\Graduate_Dataset\all_sources\002_WDI\EG.CFT.ACCS.UR.ZS.csv.gz","34278"
"D:\胡溪筼\Documents\2026-7Fall\Carolina Data Challenge 2026\Graduate_Dataset\all_sources\002_WDI\EG.CFT.ACCS.ZS.csv.gz","34663"
"D:\胡溪筼\Documents\2026-7Fall\Carolina Data Challenge 2026\Graduate_Dataset\all_sources\002_WDI\EG.EGY.PRIM.PP.KD.csv.gz","38063"
"D:\胡溪筼\Documents\2026-7Fall\Carolina Data Challenge 2026\Graduate_Dataset\all_sources\002_WDI\EG.ELC.ACCS.RU.ZS.csv.gz","47983"
"D:\胡溪筼\Documents\2026-7Fall\Carolina Data Challenge 2026\Graduate_Dataset\all_sources\002_WDI\EG.ELC.ACCS.UR.ZS.csv.gz","47590"
"D:\胡溪筼\Documents\2026-7Fall\Carolina Data Challenge 2026\Graduate_Dataset\all_sources\002_WDI\EG.ELC.ACCS.ZS.csv.gz","49113"
"D:\胡溪筼\Documents\2026-7Fall\Carolina Data Challenge 2026\Graduate_Dataset\all_sources\002_WDI\EG.ELC.COAL.ZS.csv.gz","66470"
"D:\胡溪筼\Documents\2026-7Fall\Carolina Data Challenge 2026\Graduate_Dataset\all_sources\002_WDI\EG.ELC.FOSL.ZS.csv.gz","90229"
"D:\胡溪筼\Documents\2026-7Fall\Carolina Data Challenge 2026\Graduate_Dataset\all_sources\002_WDI\EG.ELC.HYRO.ZS.csv.gz","85676"
"D:\胡溪筼\Documents\2026-7Fall\Carolina Data Challenge 2026\Graduate_Dataset\all_sources\002_WDI\EG.ELC.LOSS.ZS.csv.gz","92048"
"D:\胡溪筼\Documents\2026-7Fall\Carolina Data Challenge 2026\Graduate_Dataset\all_sources\002_WDI\EG.ELC.NGAS.ZS.csv.gz","73832"
"D:\胡溪筼\Documents\2026-7Fall\Carolina Data Challenge 2026\Graduate_Dataset\all_sources\002_WDI\EG.ELC.NUCL.ZS.csv.gz","45784"
"D:\胡溪筼\Documents\2026-7Fall\Carolina Data Challenge 2026\Graduate_Dataset\all_sources\002_WDI\EG.ELC.PETR.ZS.csv.gz","92365"
"D:\胡溪筼\Documents\2026-7Fall\Carolina Data Challenge 2026\Graduate_Dataset\all_sources\002_WDI\EG.ELC.RNEW.ZS.csv.gz","86236"
"D:\胡溪筼\Documents\2026-7Fall\Carolina Data Challenge 2026\Graduate_Dataset\all_sources\002_WDI\EG.ELC.RNWX.KH.csv.gz","44984"
"D:\胡溪筼\Documents\2026-7Fall\Carolina Data Challenge 2026\Graduate_Dataset\all_sources\002_WDI\EG.ELC.RNWX.ZS.csv.gz","82732"
"D:\胡溪筼\Documents\2026-7Fall\Carolina Data Challenge 2026\Graduate_Dataset\all_sources\002_WDI\EG.FEC.RNEW.ZS.csv.gz","50965"
"D:\胡溪筼\Documents\2026-7Fall\Carolina Data Challenge 2026\Graduate_Dataset\all_sources\002_WDI\EG.GDP.PUSE.KO.PP.csv.gz","79694"
"D:\胡溪筼\Documents\2026-7Fall\Carolina Data Challenge 2026\Graduate_Dataset\all_sources\002_WDI\EG.GDP.PUSE.KO.PP.KD.csv.gz","78815"
"D:\胡溪筼\Documents\2026-7Fall\Carolina Data Challenge 2026\Graduate_Dataset\all_sources\002_WDI\EG.IMP.CONS.ZS.csv.gz","74946"
"D:\胡溪筼\Documents\2026-7Fall\Carolina Data Challenge 2026\Graduate_Dataset\all_sources\002_WDI\EG.USE.COMM.CL.ZS.csv.gz","45601"
"D:\胡溪筼\Documents\2026-7Fall\Carolina Data Challenge 2026\Graduate_Dataset\all_sources\002_WDI\EG.USE.COMM.FO.ZS.csv.gz","77322"
"D:\胡溪筼\Documents\2026-7Fall\Carolina Data Challenge 2026\Graduate_Dataset\all_sources\002_WDI\EG.USE.COMM.GD.PP.KD.csv.gz","79968"
"D:\胡溪筼\Documents\2026-7Fall\Carolina Data Challenge 2026\Graduate_Dataset\all_sources\002_WDI\EG.USE.CRNW.ZS.csv.gz","80122"
"D:\胡溪筼\Documents\2026-7Fall\Carolina Data Challenge 2026\Graduate_Dataset\all_sources\002_WDI\EG.USE.ELEC.KH.PC.csv.gz","82901"
"D:\胡溪筼\Documents\2026-7Fall\Carolina Data Challenge 2026\Graduate_Dataset\all_sources\002_WDI\EG.USE.PCAP.KG.OE.csv.gz","85232"
"D:\胡溪筼\Documents\2026-7Fall\Carolina Data Challenge 2026\Graduate_Dataset\all_sources\002_WDI\EN.ATM.PM25.MC.M3.csv.gz","103252"
"D:\胡溪筼\Documents\2026-7Fall\Carolina Data Challenge 2026\Graduate_Dataset\all_sources\002_WDI\EN.ATM.PM25.MC.T1.ZS.csv.gz","18878"
"D:\胡溪筼\Documents\2026-7Fall\Carolina Data Challenge 2026\Graduate_Dataset\all_sources\002_WDI\EN.ATM.PM25.MC.T2.ZS.csv.gz","19781"
"D:\胡溪筼\Documents\2026-7Fall\Carolina Data Challenge 2026\Graduate_Dataset\all_sources\002_WDI\EN.ATM.PM25.MC.T3.ZS.csv.gz","18888"
"D:\胡溪筼\Documents\2026-7Fall\Carolina Data Challenge 2026\Graduate_Dataset\all_sources\002_WDI\EN.ATM.PM25.MC.ZS.csv.gz","21355"
"D:\胡溪筼\Documents\2026-7Fall\Carolina Data Challenge 2026\Graduate_Dataset\all_sources\002_WDI\EN.BIR.THRD.NO.csv.gz","5057"
"D:\胡溪筼\Documents\2026-7Fall\Carolina Data Challenge 2026\Graduate_Dataset\all_sources\002_WDI\EN.CLC.DRSK.XQ.csv.gz","1172"
"D:\胡溪筼\Documents\2026-7Fall\Carolina Data Challenge 2026\Graduate_Dataset\all_sources\002_WDI\EN.CLC.MDAT.ZS.csv.gz","3857"
"D:\胡溪筼\Documents\2026-7Fall\Carolina Data Challenge 2026\Graduate_Dataset\all_sources\002_WDI\EN.FSH.THRD.NO.csv.gz","5185"
"D:\胡溪筼\Documents\2026-7Fall\Carolina Data Challenge 2026\Graduate_Dataset\all_sources\002_WDI\EN.GHG.ALL.LU.MT.CE.AR5.csv.gz","43229"
"D:\胡溪筼\Documents\2026-7Fall\Carolina Data Challenge 2026\Graduate_Dataset\all_sources\002_WDI\EN.GHG.ALL.MT.CE.AR5.csv.gz","100788"
"D:\胡溪筼\Documents\2026-7Fall\Carolina Data Challenge 2026\Graduate_Dataset\all_sources\002_WDI\EN.GHG.ALL.PC.CE.AR5.csv.gz","166627"
"D:\胡溪筼\Documents\2026-7Fall\Carolina Data Challenge 2026\Graduate_Dataset\all_sources\002_WDI\EN.GHG.CH4.AG.MT.CE.AR5.csv.gz","89589"
"D:\胡溪筼\Documents\2026-7Fall\Carolina Data Challenge 2026\Graduate_Dataset\all_sources\002_WDI\EN.GHG.CH4.BU.MT.CE.AR5.csv.gz","77047"
"D:\胡溪筼\Documents\2026-7Fall\Carolina Data Challenge 2026\Graduate_Dataset\all_sources\002_WDI\EN.GHG.CH4.FE.MT.CE.AR5.csv.gz","83051"
"D:\胡溪筼\Documents\2026-7Fall\Carolina Data Challenge 2026\Graduate_Dataset\all_sources\002_WDI\EN.GHG.CH4.IC.MT.CE.AR5.csv.gz","63213"
"D:\胡溪筼\Documents\2026-7Fall\Carolina Data Challenge 2026\Graduate_Dataset\all_sources\002_WDI\EN.GHG.CH4.IP.MT.CE.AR5.csv.gz","38615"
"D:\胡溪筼\Documents\2026-7Fall\Carolina Data Challenge 2026\Graduate_Dataset\all_sources\002_WDI\EN.GHG.CH4.MT.CE.AR5.csv.gz","95224"
"D:\胡溪筼\Documents\2026-7Fall\Carolina Data Challenge 2026\Graduate_Dataset\all_sources\002_WDI\EN.GHG.CH4.PI.MT.CE.AR5.csv.gz","61274"
"D:\胡溪筼\Documents\2026-7Fall\Carolina Data Challenge 2026\Graduate_Dataset\all_sources\002_WDI\EN.GHG.CH4.TR.MT.CE.AR5.csv.gz","68204"
"D:\胡溪筼\Documents\2026-7Fall\Carolina Data Challenge 2026\Graduate_Dataset\all_sources\002_WDI\EN.GHG.CH4.WA.MT.CE.AR5.csv.gz","88977"
"D:\胡溪筼\Documents\2026-7Fall\Carolina Data Challenge 2026\Graduate_Dataset\all_sources\002_WDI\EN.GHG.CH4.ZG.AR5.csv.gz","102540"
"D:\胡溪筼\Documents\2026-7Fall\Carolina Data Challenge 2026\Graduate_Dataset\all_sources\002_WDI\EN.GHG.CO2.AG.MT.CE.AR5.csv.gz","49971"
"D:\胡溪筼\Documents\2026-7Fall\Carolina Data Challenge 2026\Graduate_Dataset\all_sources\002_WDI\EN.GHG.CO2.BU.MT.CE.AR5.csv.gz","86287"
"D:\胡溪筼\Documents\2026-7Fall\Carolina Data Challenge 2026\Graduate_Dataset\all_sources\002_WDI\EN.GHG.CO2.FE.MT.CE.AR5.csv.gz","76203"
"D:\胡溪筼\Documents\2026-7Fall\Carolina Data Challenge 2026\Graduate_Dataset\all_sources\002_WDI\EN.GHG.CO2.IC.MT.CE.AR5.csv.gz","86894"
"D:\胡溪筼\Documents\2026-7Fall\Carolina Data Challenge 2026\Graduate_Dataset\all_sources\002_WDI\EN.GHG.CO2.IP.MT.CE.AR5.csv.gz","85047"
"D:\胡溪筼\Documents\2026-7Fall\Carolina Data Challenge 2026\Graduate_Dataset\all_sources\002_WDI\EN.GHG.CO2.LU.DF.MT.CE.AR5.csv.gz","31495"
"D:\胡溪筼\Documents\2026-7Fall\Carolina Data Challenge 2026\Graduate_Dataset\all_sources\002_WDI\EN.GHG.CO2.LU.FL.MT.CE.AR5.csv.gz","35377"
"D:\胡溪筼\Documents\2026-7Fall\Carolina Data Challenge 2026\Graduate_Dataset\all_sources\002_WDI\EN.GHG.CO2.LU.MT.CE.AR5.csv.gz","35644"
"D:\胡溪筼\Documents\2026-7Fall\Carolina Data Challenge 2026\Graduate_Dataset\all_sources\002_WDI\EN.GHG.CO2.LU.OL.MT.CE.AR5.csv.gz","30249"
"D:\胡溪筼\Documents\2026-7Fall\Carolina Data Challenge 2026\Graduate_Dataset\all_sources\002_WDI\EN.GHG.CO2.LU.OS.MT.CE.AR5.csv.gz","21834"
"D:\胡溪筼\Documents\2026-7Fall\Carolina Data Challenge 2026\Graduate_Dataset\all_sources\002_WDI\EN.GHG.CO2.MT.CE.AR5.csv.gz","97500"
"D:\胡溪筼\Documents\2026-7Fall\Carolina Data Challenge 2026\Graduate_Dataset\all_sources\002_WDI\EN.GHG.CO2.PC.CE.AR5.csv.gz","166959"
"D:\胡溪筼\Documents\2026-7Fall\Carolina Data Challenge 2026\Graduate_Dataset\all_sources\002_WDI\EN.GHG.CO2.PI.MT.CE.AR5.csv.gz","89543"
"D:\胡溪筼\Documents\2026-7Fall\Carolina Data Challenge 2026\Graduate_Dataset\all_sources\002_WDI\EN.GHG.CO2.RT.GDP.KD.csv.gz","150938"
"D:\胡溪筼\Documents\2026-7Fall\Carolina Data Challenge 2026\Graduate_Dataset\all_sources\002_WDI\EN.GHG.CO2.RT.GDP.PP.KD.csv.gz","101052"
"D:\胡溪筼\Documents\2026-7Fall\Carolina Data Challenge 2026\Graduate_Dataset\all_sources\002_WDI\EN.GHG.CO2.TR.MT.CE.AR5.csv.gz","89768"
"D:\胡溪筼\Documents\2026-7Fall\Carolina Data Challenge 2026\Graduate_Dataset\all_sources\002_WDI\EN.GHG.CO2.WA.MT.CE.AR5.csv.gz","38717"
"D:\胡溪筼\Documents\2026-7Fall\Carolina Data Challenge 2026\Graduate_Dataset\all_sources\002_WDI\EN.GHG.CO2.ZG.AR5.csv.gz","103329"
"D:\胡溪筼\Documents\2026-7Fall\Carolina Data Challenge 2026\Graduate_Dataset\all_sources\002_WDI\EN.GHG.FGAS.IP.MT.CE.AR5.csv.gz","46385"
"D:\胡溪筼\Documents\2026-7Fall\Carolina Data Challenge 2026\Graduate_Dataset\all_sources\002_WDI\EN.GHG.N2O.AG.MT.CE.AR5.csv.gz","86139"
"D:\胡溪筼\Documents\2026-7Fall\Carolina Data Challenge 2026\Graduate_Dataset\all_sources\002_WDI\EN.GHG.N2O.BU.MT.CE.AR5.csv.gz","72087"
"D:\胡溪筼\Documents\2026-7Fall\Carolina Data Challenge 2026\Graduate_Dataset\all_sources\002_WDI\EN.GHG.N2O.FE.MT.CE.AR5.csv.gz","58999"
"D:\胡溪筼\Documents\2026-7Fall\Carolina Data Challenge 2026\Graduate_Dataset\all_sources\002_WDI\EN.GHG.N2O.IC.MT.CE.AR5.csv.gz","65016"
"D:\胡溪筼\Documents\2026-7Fall\Carolina Data Challenge 2026\Graduate_Dataset\all_sources\002_WDI\EN.GHG.N2O.IP.MT.CE.AR5.csv.gz","81668"
"D:\胡溪筼\Documents\2026-7Fall\Carolina Data Challenge 2026\Graduate_Dataset\all_sources\002_WDI\EN.GHG.N2O.MT.CE.AR5.csv.gz","89699"
"D:\胡溪筼\Documents\2026-7Fall\Carolina Data Challenge 2026\Graduate_Dataset\all_sources\002_WDI\EN.GHG.N2O.PI.MT.CE.AR5.csv.gz","65685"
"D:\胡溪筼\Documents\2026-7Fall\Carolina Data Challenge 2026\Graduate_Dataset\all_sources\002_WDI\EN.GHG.N2O.TR.MT.CE.AR5.csv.gz","71929"
"D:\胡溪筼\Documents\2026-7Fall\Carolina Data Challenge 2026\Graduate_Dataset\all_sources\002_WDI\EN.GHG.N2O.WA.MT.CE.AR5.csv.gz","76284"
"D:\胡溪筼\Documents\2026-7Fall\Carolina Data Challenge 2026\Graduate_Dataset\all_sources\002_WDI\EN.GHG.N2O.ZG.AR5.csv.gz","99007"
"D:\胡溪筼\Documents\2026-7Fall\Carolina Data Challenge 2026\Graduate_Dataset\all_sources\002_WDI\EN.GHG.TOT.ZG.AR5.csv.gz","104976"
"D:\胡溪筼\Documents\2026-7Fall\Carolina Data Challenge 2026\Graduate_Dataset\all_sources\002_WDI\EN.HPT.THRD.NO.csv.gz","5276"
"D:\胡溪筼\Documents\2026-7Fall\Carolina Data Challenge 2026\Graduate_Dataset\all_sources\002_WDI\EN.MAM.THRD.NO.csv.gz","5026"
"D:\胡溪筼\Documents\2026-7Fall\Carolina Data Challenge 2026\Graduate_Dataset\all_sources\002_WDI\EN.POP.DNST.csv.gz","176690"
"D:\胡溪筼\Documents\2026-7Fall\Carolina Data Challenge 2026\Graduate_Dataset\all_sources\002_WDI\EN.POP.EL5M.RU.ZS.csv.gz","12138"
"D:\胡溪筼\Documents\2026-7Fall\Carolina Data Challenge 2026\Graduate_Dataset\all_sources\002_WDI\EN.POP.EL5M.UR.ZS.csv.gz","11991"
"D:\胡溪筼\Documents\2026-7Fall\Carolina Data Challenge 2026\Graduate_Dataset\all_sources\002_WDI\EN.POP.EL5M.ZS.csv.gz","12085"
"D:\胡溪筼\Documents\2026-7Fall\Carolina Data Challenge 2026\Graduate_Dataset\all_sources\002_WDI\EN.POP.SLUM.UR.ZS.csv.gz","20063"
"D:\胡溪筼\Documents\2026-7Fall\Carolina Data Challenge 2026\Graduate_Dataset\all_sources\002_WDI\EN.URB.LCTY.csv.gz","74312"
"D:\胡溪筼\Documents\2026-7Fall\Carolina Data Challenge 2026\Graduate_Dataset\all_sources\002_WDI\EN.URB.LCTY.UR.ZS.csv.gz","152794"
"D:\胡溪筼\Documents\2026-7Fall\Carolina Data Challenge 2026\Graduate_Dataset\all_sources\002_WDI\EN.URB.MCTY.csv.gz","60173"
"D:\胡溪筼\Documents\2026-7Fall\Carolina Data Challenge 2026\Graduate_Dataset\all_sources\002_WDI\EN.URB.MCTY.TL.ZS.csv.gz","123717"
"D:\胡溪筼\Documents\2026-7Fall\Carolina Data Challenge 2026\Graduate_Dataset\all_sources\002_WDI\ER.FSH.AQUA.MT.csv.gz","87202"
"D:\胡溪筼\Documents\2026-7Fall\Carolina Data Challenge 2026\Graduate_Dataset\all_sources\002_WDI\ER.FSH.CAPT.MT.csv.gz","109489"
"D:\胡溪筼\Documents\2026-7Fall\Carolina Data Challenge 2026\Graduate_Dataset\all_sources\002_WDI\ER.FSH.PROD.MT.csv.gz","112139"
"D:\胡溪筼\Documents\2026-7Fall\Carolina Data Challenge 2026\Graduate_Dataset\all_sources\002_WDI\ER.GDP.FWTL.M3.KD.csv.gz","104922"
"D:\胡溪筼\Documents\2026-7Fall\Carolina Data Challenge 2026\Graduate_Dataset\all_sources\002_WDI\ER.H2O.FWAG.ZS.csv.gz","53538"
"D:\胡溪筼\Documents\2026-7Fall\Carolina Data Challenge 2026\Graduate_Dataset\all_sources\002_WDI\ER.H2O.FWDM.ZS.csv.gz","53185"
"D:\胡溪筼\Documents\2026-7Fall\Carolina Data Challenge 2026\Graduate_Dataset\all_sources\002_WDI\ER.H2O.FWIN.ZS.csv.gz","52047"
"D:\胡溪筼\Documents\2026-7Fall\Carolina Data Challenge 2026\Graduate_Dataset\all_sources\002_WDI\ER.H2O.FWST.ZS.csv.gz","50243"
"D:\胡溪筼\Documents\2026-7Fall\Carolina Data Challenge 2026\Graduate_Dataset\all_sources\002_WDI\ER.H2O.FWTL.K3.csv.gz","45418"
"D:\胡溪筼\Documents\2026-7Fall\Carolina Data Challenge 2026\Graduate_Dataset\all_sources\002_WDI\ER.H2O.FWTL.ZS.csv.gz","60475"
"D:\胡溪筼\Documents\2026-7Fall\Carolina Data Challenge 2026\Graduate_Dataset\all_sources\002_WDI\ER.H2O.INTR.K3.csv.gz","36776"
"D:\胡溪筼\Documents\2026-7Fall\Carolina Data Challenge 2026\Graduate_Dataset\all_sources\002_WDI\ER.H2O.INTR.PC.csv.gz","165564"
"D:\胡溪筼\Documents\2026-7Fall\Carolina Data Challenge 2026\Graduate_Dataset\all_sources\002_WDI\ER.LND.PTLD.ZS.csv.gz","19813"
"D:\胡溪筼\Documents\2026-7Fall\Carolina Data Challenge 2026\Graduate_Dataset\all_sources\002_WDI\ER.MRN.PTMR.ZS.csv.gz","17048"
"D:\胡溪筼\Documents\2026-7Fall\Carolina Data Challenge 2026\Graduate_Dataset\all_sources\002_WDI\ER.PTD.TOTL.ZS.csv.gz","19897"
"D:\胡溪筼\Documents\2026-7Fall\Carolina Data Challenge 2026\Graduate_Dataset\all_sources\002_WDI\FB.AST.NPER.ZS.csv.gz","30533"
"D:\胡溪筼\Documents\2026-7Fall\Carolina Data Challenge 2026\Graduate_Dataset\all_sources\002_WDI\FB.ATM.TOTL.P5.csv.gz","56668"
"D:\胡溪筼\Documents\2026-7Fall\Carolina Data Challenge 2026\Graduate_Dataset\all_sources\002_WDI\FB.BNK.CAPA.ZS.csv.gz","29520"
"D:\胡溪筼\Documents\2026-7Fall\Carolina Data Challenge 2026\Graduate_Dataset\all_sources\002_WDI\FB.CBK.BRCH.P5.csv.gz","58300"
"D:\胡溪筼\Documents\2026-7Fall\Carolina Data Challenge 2026\Graduate_Dataset\all_sources\002_WDI\FB.CBK.BRWR.P3.csv.gz","30963"
"D:\胡溪筼\Documents\2026-7Fall\Carolina Data Challenge 2026\Graduate_Dataset\all_sources\002_WDI\FB.CBK.DPTR.P3.csv.gz","29537"
"D:\胡溪筼\Documents\2026-7Fall\Carolina Data Challenge 2026\Graduate_Dataset\all_sources\002_WDI\FD.AST.PRVT.GD.ZS.csv.gz","141953"
"D:\胡溪筼\Documents\2026-7Fall\Carolina Data Challenge 2026\Graduate_Dataset\all_sources\002_WDI\FD.RES.LIQU.AS.ZS.csv.gz","54303"
"D:\胡溪筼\Documents\2026-7Fall\Carolina Data Challenge 2026\Graduate_Dataset\all_sources\002_WDI\FI.RES.TOTL.CD.csv.gz","113471"
"D:\胡溪筼\Documents\2026-7Fall\Carolina Data Challenge 2026\Graduate_Dataset\all_sources\002_WDI\FI.RES.TOTL.DT.ZS.csv.gz","83486"
"D:\胡溪筼\Documents\2026-7Fall\Carolina Data Challenge 2026\Graduate_Dataset\all_sources\002_WDI\FI.RES.TOTL.MO.csv.gz","113242"
"D:\胡溪筼\Documents\2026-7Fall\Carolina Data Challenge 2026\Graduate_Dataset\all_sources\002_WDI\FI.RES.XGLD.CD.csv.gz","111403"
"D:\胡溪筼\Documents\2026-7Fall\Carolina Data Challenge 2026\Graduate_Dataset\all_sources\002_WDI\FM.AST.CGOV.ZG.M3.csv.gz","103835"
"D:\胡溪筼\Documents\2026-7Fall\Carolina Data Challenge 2026\Graduate_Dataset\all_sources\002_WDI\FM.AST.DOMO.ZG.M3.csv.gz","40392"
"D:\胡溪筼\Documents\2026-7Fall\Carolina Data Challenge 2026\Graduate_Dataset\all_sources\002_WDI\FM.AST.DOMS.CN.csv.gz","85342"
"D:\胡溪筼\Documents\2026-7Fall\Carolina Data Challenge 2026\Graduate_Dataset\all_sources\002_WDI\FM.AST.NFRG.CN.csv.gz","106793"
"D:\胡溪筼\Documents\2026-7Fall\Carolina Data Challenge 2026\Graduate_Dataset\all_sources\002_WDI\FM.AST.PRVT.GD.ZS.csv.gz","140767"
"D:\胡溪筼\Documents\2026-7Fall\Carolina Data Challenge 2026\Graduate_Dataset\all_sources\002_WDI\FM.AST.PRVT.ZG.M3.csv.gz","102376"
"D:\胡溪筼\Documents\2026-7Fall\Carolina Data Challenge 2026\Graduate_Dataset\all_sources\002_WDI\FM.LBL.BMNY.CN.csv.gz","77632"
"D:\胡溪筼\Documents\2026-7Fall\Carolina Data Challenge 2026\Graduate_Dataset\all_sources\002_WDI\FM.LBL.BMNY.GD.ZS.csv.gz","132831"
"D:\胡溪筼\Documents\2026-7Fall\Carolina Data Challenge 2026\Graduate_Dataset\all_sources\002_WDI\FM.LBL.BMNY.IR.ZS.csv.gz","95954"
"D:\胡溪筼\Documents\2026-7Fall\Carolina Data Challenge 2026\Graduate_Dataset\all_sources\002_WDI\FM.LBL.BMNY.ZG.csv.gz","102439"
"D:\胡溪筼\Documents\2026-7Fall\Carolina Data Challenge 2026\Graduate_Dataset\all_sources\002_WDI\FP.CPI.TOTL.csv.gz","112626"
"D:\胡溪筼\Documents\2026-7Fall\Carolina Data Challenge 2026\Graduate_Dataset\all_sources\002_WDI\FP.CPI.TOTL.ZG.csv.gz","139775"
"D:\胡溪筼\Documents\2026-7Fall\Carolina Data Challenge 2026\Graduate_Dataset\all_sources\002_WDI\FP.WPI.TOTL.csv.gz","21101"
"D:\胡溪筼\Documents\2026-7Fall\Carolina Data Challenge 2026\Graduate_Dataset\all_sources\002_WDI\FR.INR.DPST.csv.gz","39337"
"D:\胡溪筼\Documents\2026-7Fall\Carolina Data Challenge 2026\Graduate_Dataset\all_sources\002_WDI\FR.INR.LEND.csv.gz","37154"
"D:\胡溪筼\Documents\2026-7Fall\Carolina Data Challenge 2026\Graduate_Dataset\all_sources\002_WDI\FR.INR.LNDP.csv.gz","46033"
"D:\胡溪筼\Documents\2026-7Fall\Carolina Data Challenge 2026\Graduate_Dataset\all_sources\002_WDI\FR.INR.RINR.csv.gz","60156"
"D:\胡溪筼\Documents\2026-7Fall\Carolina Data Challenge 2026\Graduate_Dataset\all_sources\002_WDI\FR.INR.RISK.csv.gz","22491"
"D:\胡溪筼\Documents\2026-7Fall\Carolina Data Challenge 2026\Graduate_Dataset\all_sources\002_WDI\FS.AST.CGOV.GD.ZS.csv.gz","141870"
"D:\胡溪筼\Documents\2026-7Fall\Carolina Data Challenge 2026\Graduate_Dataset\all_sources\002_WDI\FS.AST.DOMO.GD.ZS.csv.gz","14408"
"D:\胡溪筼\Documents\2026-7Fall\Carolina Data Challenge 2026\Graduate_Dataset\all_sources\002_WDI\FS.AST.DOMS.GD.ZS.csv.gz","22377"
"D:\胡溪筼\Documents\2026-7Fall\Carolina Data Challenge 2026\Graduate_Dataset\all_sources\002_WDI\FS.AST.PRVT.GD.ZS.csv.gz","121593"
"D:\胡溪筼\Documents\2026-7Fall\Carolina Data Challenge 2026\Graduate_Dataset\all_sources\002_WDI\FX.OWN.TOTL.40.ZS.csv.gz","11518"
"D:\胡溪筼\Documents\2026-7Fall\Carolina Data Challenge 2026\Graduate_Dataset\all_sources\002_WDI\FX.OWN.TOTL.60.ZS.csv.gz","11422"
"D:\胡溪筼\Documents\2026-7Fall\Carolina Data Challenge 2026\Graduate_Dataset\all_sources\002_WDI\FX.OWN.TOTL.FE.ZS.csv.gz","11656"
"D:\胡溪筼\Documents\2026-7Fall\Carolina Data Challenge 2026\Graduate_Dataset\all_sources\002_WDI\FX.OWN.TOTL.MA.ZS.csv.gz","11653"
"D:\胡溪筼\Documents\2026-7Fall\Carolina Data Challenge 2026\Graduate_Dataset\all_sources\002_WDI\FX.OWN.TOTL.OL.ZS.csv.gz","11624"
"D:\胡溪筼\Documents\2026-7Fall\Carolina Data Challenge 2026\Graduate_Dataset\all_sources\002_WDI\FX.OWN.TOTL.PL.ZS.csv.gz","11502"
"D:\胡溪筼\Documents\2026-7Fall\Carolina Data Challenge 2026\Graduate_Dataset\all_sources\002_WDI\FX.OWN.TOTL.SO.ZS.csv.gz","11598"
"D:\胡溪筼\Documents\2026-7Fall\Carolina Data Challenge 2026\Graduate_Dataset\all_sources\002_WDI\FX.OWN.TOTL.YG.ZS.csv.gz","11543"
"D:\胡溪筼\Documents\2026-7Fall\Carolina Data Challenge 2026\Graduate_Dataset\all_sources\002_WDI\FX.OWN.TOTL.ZS.csv.gz","12077"
"D:\胡溪筼\Documents\2026-7Fall\Carolina Data Challenge 2026\Graduate_Dataset\all_sources\002_WDI\GB.XPD.RSDV.GD.ZS.csv.gz","27617"
"D:\胡溪筼\Documents\2026-7Fall\Carolina Data Challenge 2026\Graduate_Dataset\all_sources\002_WDI\GC.AST.TOTL.CN.csv.gz","25380"
"D:\胡溪筼\Documents\2026-7Fall\Carolina Data Challenge 2026\Graduate_Dataset\all_sources\002_WDI\GC.AST.TOTL.GD.ZS.csv.gz","37209"
"D:\胡溪筼\Documents\2026-7Fall\Carolina Data Challenge 2026\Graduate_Dataset\all_sources\002_WDI\GC.DOD.TOTL.CN.csv.gz","15985"
"D:\胡溪筼\Documents\2026-7Fall\Carolina Data Challenge 2026\Graduate_Dataset\all_sources\002_WDI\GC.DOD.TOTL.GD.ZS.csv.gz","23752"
"D:\胡溪筼\Documents\2026-7Fall\Carolina Data Challenge 2026\Graduate_Dataset\all_sources\002_WDI\GC.LBL.TOTL.CN.csv.gz","29436"
"D:\胡溪筼\Documents\2026-7Fall\Carolina Data Challenge 2026\Graduate_Dataset\all_sources\002_WDI\GC.LBL.TOTL.GD.ZS.csv.gz","43940"
"D:\胡溪筼\Documents\2026-7Fall\Carolina Data Challenge 2026\Graduate_Dataset\all_sources\002_WDI\GC.NFN.TOTL.CN.csv.gz","41364"
"D:\胡溪筼\Documents\2026-7Fall\Carolina Data Challenge 2026\Graduate_Dataset\all_sources\002_WDI\GC.NFN.TOTL.GD.ZS.csv.gz","65575"
"D:\胡溪筼\Documents\2026-7Fall\Carolina Data Challenge 2026\Graduate_Dataset\all_sources\002_WDI\GC.NLD.TOTL.CN.csv.gz","41280"
"D:\胡溪筼\Documents\2026-7Fall\Carolina Data Challenge 2026\Graduate_Dataset\all_sources\002_WDI\GC.NLD.TOTL.GD.ZS.csv.gz","66740"
"D:\胡溪筼\Documents\2026-7Fall\Carolina Data Challenge 2026\Graduate_Dataset\all_sources\002_WDI\GC.REV.GOTR.CN.csv.gz","39171"
"D:\胡溪筼\Documents\2026-7Fall\Carolina Data Challenge 2026\Graduate_Dataset\all_sources\002_WDI\GC.REV.GOTR.ZS.csv.gz","66071"
"D:\胡溪筼\Documents\2026-7Fall\Carolina Data Challenge 2026\Graduate_Dataset\all_sources\002_WDI\GC.REV.SOCL.CN.csv.gz","28441"
"D:\胡溪筼\Documents\2026-7Fall\Carolina Data Challenge 2026\Graduate_Dataset\all_sources\002_WDI\GC.REV.SOCL.ZS.csv.gz","48666"
"D:\胡溪筼\Documents\2026-7Fall\Carolina Data Challenge 2026\Graduate_Dataset\all_sources\002_WDI\GC.REV.XGRT.CN.csv.gz","43696"
"D:\胡溪筼\Documents\2026-7Fall\Carolina Data Challenge 2026\Graduate_Dataset\all_sources\002_WDI\GC.REV.XGRT.GD.ZS.csv.gz","69909"
"D:\胡溪筼\Documents\2026-7Fall\Carolina Data Challenge 2026\Graduate_Dataset\all_sources\002_WDI\GC.TAX.EXPT.CN.csv.gz","12388"
"D:\胡溪筼\Documents\2026-7Fall\Carolina Data Challenge 2026\Graduate_Dataset\all_sources\002_WDI\GC.TAX.EXPT.ZS.csv.gz","21363"
"D:\胡溪筼\Documents\2026-7Fall\Carolina Data Challenge 2026\Graduate_Dataset\all_sources\002_WDI\GC.TAX.GSRV.CN.csv.gz","41486"
"D:\胡溪筼\Documents\2026-7Fall\Carolina Data Challenge 2026\Graduate_Dataset\all_sources\002_WDI\GC.TAX.GSRV.RV.ZS.csv.gz","69873"
"D:\胡溪筼\Documents\2026-7Fall\Carolina Data Challenge 2026\Graduate_Dataset\all_sources\002_WDI\GC.TAX.GSRV.VA.ZS.csv.gz","50379"
"D:\胡溪筼\Documents\2026-7Fall\Carolina Data Challenge 2026\Graduate_Dataset\all_sources\002_WDI\GC.TAX.IMPT.CN.csv.gz","32991"
"D:\胡溪筼\Documents\2026-7Fall\Carolina Data Challenge 2026\Graduate_Dataset\all_sources\002_WDI\GC.TAX.IMPT.ZS.csv.gz","49178"
"D:\胡溪筼\Documents\2026-7Fall\Carolina Data Challenge 2026\Graduate_Dataset\all_sources\002_WDI\GC.TAX.INTT.CN.csv.gz","34314"
"D:\胡溪筼\Documents\2026-7Fall\Carolina Data Challenge 2026\Graduate_Dataset\all_sources\002_WDI\GC.TAX.INTT.RV.ZS.csv.gz","62259"
"D:\胡溪筼\Documents\2026-7Fall\Carolina Data Challenge 2026\Graduate_Dataset\all_sources\002_WDI\GC.TAX.OTHR.CN.csv.gz","34084"
"D:\胡溪筼\Documents\2026-7Fall\Carolina Data Challenge 2026\Graduate_Dataset\all_sources\002_WDI\GC.TAX.OTHR.RV.ZS.csv.gz","64253"
"D:\胡溪筼\Documents\2026-7Fall\Carolina Data Challenge 2026\Graduate_Dataset\all_sources\002_WDI\GC.TAX.TOTL.CN.csv.gz","43189"
"D:\胡溪筼\Documents\2026-7Fall\Carolina Data Challenge 2026\Graduate_Dataset\all_sources\002_WDI\GC.TAX.TOTL.GD.ZS.csv.gz","69851"
"D:\胡溪筼\Documents\2026-7Fall\Carolina Data Challenge 2026\Graduate_Dataset\all_sources\002_WDI\GC.TAX.YPKG.CN.csv.gz","40370"
"D:\胡溪筼\Documents\2026-7Fall\Carolina Data Challenge 2026\Graduate_Dataset\all_sources\002_WDI\GC.TAX.YPKG.RV.ZS.csv.gz","69417"
"D:\胡溪筼\Documents\2026-7Fall\Carolina Data Challenge 2026\Graduate_Dataset\all_sources\002_WDI\GC.TAX.YPKG.ZS.csv.gz","56850"
"D:\胡溪筼\Documents\2026-7Fall\Carolina Data Challenge 2026\Graduate_Dataset\all_sources\002_WDI\GC.XPN.COMP.CN.csv.gz","42075"
"D:\胡溪筼\Documents\2026-7Fall\Carolina Data Challenge 2026\Graduate_Dataset\all_sources\002_WDI\GC.XPN.COMP.ZS.csv.gz","64728"
"D:\胡溪筼\Documents\2026-7Fall\Carolina Data Challenge 2026\Graduate_Dataset\all_sources\002_WDI\GC.XPN.GSRV.CN.csv.gz","41747"
"D:\胡溪筼\Documents\2026-7Fall\Carolina Data Challenge 2026\Graduate_Dataset\all_sources\002_WDI\GC.XPN.GSRV.ZS.csv.gz","64485"
"D:\胡溪筼\Documents\2026-7Fall\Carolina Data Challenge 2026\Graduate_Dataset\all_sources\002_WDI\GC.XPN.INTP.CN.csv.gz","38622"
"D:\胡溪筼\Documents\2026-7Fall\Carolina Data Challenge 2026\Graduate_Dataset\all_sources\002_WDI\GC.XPN.INTP.RV.ZS.csv.gz","68665"
"D:\胡溪筼\Documents\2026-7Fall\Carolina Data Challenge 2026\Graduate_Dataset\all_sources\002_WDI\GC.XPN.INTP.ZS.csv.gz","65125"
"D:\胡溪筼\Documents\2026-7Fall\Carolina Data Challenge 2026\Graduate_Dataset\all_sources\002_WDI\GC.XPN.OTHR.CN.csv.gz","31886"
"D:\胡溪筼\Documents\2026-7Fall\Carolina Data Challenge 2026\Graduate_Dataset\all_sources\002_WDI\GC.XPN.OTHR.ZS.csv.gz","49687"
"D:\胡溪筼\Documents\2026-7Fall\Carolina Data Challenge 2026\Graduate_Dataset\all_sources\002_WDI\GC.XPN.TOTL.CN.csv.gz","41807"
"D:\胡溪筼\Documents\2026-7Fall\Carolina Data Challenge 2026\Graduate_Dataset\all_sources\002_WDI\GC.XPN.TOTL.GD.ZS.csv.gz","64723"
"D:\胡溪筼\Documents\2026-7Fall\Carolina Data Challenge 2026\Graduate_Dataset\all_sources\002_WDI\GC.XPN.TRFT.CN.csv.gz","35437"
"D:\胡溪筼\Documents\2026-7Fall\Carolina Data Challenge 2026\Graduate_Dataset\all_sources\002_WDI\GC.XPN.TRFT.ZS.csv.gz","56011"
"D:\胡溪筼\Documents\2026-7Fall\Carolina Data Challenge 2026\Graduate_Dataset\all_sources\002_WDI\GD_WBL_OVL_ENF.csv.gz","3045"
"D:\胡溪筼\Documents\2026-7Fall\Carolina Data Challenge 2026\Graduate_Dataset\all_sources\002_WDI\GD_WBL_OVL_LAW.csv.gz","3147"
"D:\胡溪筼\Documents\2026-7Fall\Carolina Data Challenge 2026\Graduate_Dataset\all_sources\002_WDI\GD_WBL_OVL_SFR.csv.gz","3146"
"D:\胡溪筼\Documents\2026-7Fall\Carolina Data Challenge 2026\Graduate_Dataset\all_sources\002_WDI\GF.XPD.BUDG.ZS.csv.gz","18401"
"D:\胡溪筼\Documents\2026-7Fall\Carolina Data Challenge 2026\Graduate_Dataset\all_sources\002_WDI\GOV_WGI_CC_EST.csv.gz","44177"
"D:\胡溪筼\Documents\2026-7Fall\Carolina Data Challenge 2026\Graduate_Dataset\all_sources\002_WDI\GOV_WGI_CC_SC.csv.gz","47329"
"D:\胡溪筼\Documents\2026-7Fall\Carolina Data Challenge 2026\Graduate_Dataset\all_sources\002_WDI\GOV_WGI_GE_EST.csv.gz","43729"
"D:\胡溪筼\Documents\2026-7Fall\Carolina Data Challenge 2026\Graduate_Dataset\all_sources\002_WDI\GOV_WGI_GE_SC.csv.gz","46789"
"D:\胡溪筼\Documents\2026-7Fall\Carolina Data Challenge 2026\Graduate_Dataset\all_sources\002_WDI\GOV_WGI_PV_EST.csv.gz","44498"
"D:\胡溪筼\Documents\2026-7Fall\Carolina Data Challenge 2026\Graduate_Dataset\all_sources\002_WDI\GOV_WGI_PV_SC.csv.gz","47793"
"D:\胡溪筼\Documents\2026-7Fall\Carolina Data Challenge 2026\Graduate_Dataset\all_sources\002_WDI\GOV_WGI_RL_EST.csv.gz","44953"
"D:\胡溪筼\Documents\2026-7Fall\Carolina Data Challenge 2026\Graduate_Dataset\all_sources\002_WDI\GOV_WGI_RL_SC.csv.gz","48045"
"D:\胡溪筼\Documents\2026-7Fall\Carolina Data Challenge 2026\Graduate_Dataset\all_sources\002_WDI\GOV_WGI_RQ_EST.csv.gz","44089"
"D:\胡溪筼\Documents\2026-7Fall\Carolina Data Challenge 2026\Graduate_Dataset\all_sources\002_WDI\GOV_WGI_RQ_SC.csv.gz","46930"
"D:\胡溪筼\Documents\2026-7Fall\Carolina Data Challenge 2026\Graduate_Dataset\all_sources\002_WDI\GOV_WGI_VA_EST.csv.gz","44972"
"D:\胡溪筼\Documents\2026-7Fall\Carolina Data Challenge 2026\Graduate_Dataset\all_sources\002_WDI\GOV_WGI_VA_SC.csv.gz","48048"
"D:\胡溪筼\Documents\2026-7Fall\Carolina Data Challenge 2026\Graduate_Dataset\all_sources\002_WDI\HD_HCIP_EDUC_FE.csv.gz","9284"
"D:\胡溪筼\Documents\2026-7Fall\Carolina Data Challenge 2026\Graduate_Dataset\all_sources\002_WDI\HD_HCIP_EDUC_MA.csv.gz","9336"
"D:\胡溪筼\Documents\2026-7Fall\Carolina Data Challenge 2026\Graduate_Dataset\all_sources\002_WDI\HD_HCIP_EDUC_TO.csv.gz","9553"
"D:\胡溪筼\Documents\2026-7Fall\Carolina Data Challenge 2026\Graduate_Dataset\all_sources\002_WDI\HD_HCIP_HLTH_FE.csv.gz","12243"
"D:\胡溪筼\Documents\2026-7Fall\Carolina Data Challenge 2026\Graduate_Dataset\all_sources\002_WDI\HD_HCIP_HLTH_MA.csv.gz","12325"
"D:\胡溪筼\Documents\2026-7Fall\Carolina Data Challenge 2026\Graduate_Dataset\all_sources\002_WDI\HD_HCIP_HLTH_TO.csv.gz","12315"
"D:\胡溪筼\Documents\2026-7Fall\Carolina Data Challenge 2026\Graduate_Dataset\all_sources\002_WDI\HD_HCIP_OTJL_FE.csv.gz","9877"
"D:\胡溪筼\Documents\2026-7Fall\Carolina Data Challenge 2026\Graduate_Dataset\all_sources\002_WDI\HD_HCIP_OTJL_MA.csv.gz","9799"
"D:\胡溪筼\Documents\2026-7Fall\Carolina Data Challenge 2026\Graduate_Dataset\all_sources\002_WDI\HD_HCIP_OTJL_TO.csv.gz","10797"
"D:\胡溪筼\Documents\2026-7Fall\Carolina Data Challenge 2026\Graduate_Dataset\all_sources\002_WDI\HD_HCIP_OVRL_FE.csv.gz","8574"
"D:\胡溪筼\Documents\2026-7Fall\Carolina Data Challenge 2026\Graduate_Dataset\all_sources\002_WDI\HD_HCIP_OVRL_MA.csv.gz","8536"
"D:\胡溪筼\Documents\2026-7Fall\Carolina Data Challenge 2026\Graduate_Dataset\all_sources\002_WDI\HD_HCIP_OVRL_TO.csv.gz","9244"
"D:\胡溪筼\Documents\2026-7Fall\Carolina Data Challenge 2026\Graduate_Dataset\all_sources\002_WDI\IC.BRE.BE.OS.csv.gz","1221"
"D:\胡溪筼\Documents\2026-7Fall\Carolina Data Challenge 2026\Graduate_Dataset\all_sources\002_WDI\IC.BRE.BE.P1.csv.gz","1063"
"D:\胡溪筼\Documents\2026-7Fall\Carolina Data Challenge 2026\Graduate_Dataset\all_sources\002_WDI\IC.BRE.BE.P2.csv.gz","1058"
"D:\胡溪筼\Documents\2026-7Fall\Carolina Data Challenge 2026\Graduate_Dataset\all_sources\002_WDI\IC.BRE.BE.P3.csv.gz","881"
"D:\胡溪筼\Documents\2026-7Fall\Carolina Data Challenge 2026\Graduate_Dataset\all_sources\002_WDI\IC.BRE.BI.OS.csv.gz","1060"
"D:\胡溪筼\Documents\2026-7Fall\Carolina Data Challenge 2026\Graduate_Dataset\all_sources\002_WDI\IC.BRE.BI.P1.csv.gz","955"
"D:\胡溪筼\Documents\2026-7Fall\Carolina Data Challenge 2026\Graduate_Dataset\all_sources\002_WDI\IC.BRE.BI.P2.csv.gz","882"
"D:\胡溪筼\Documents\2026-7Fall\Carolina Data Challenge 2026\Graduate_Dataset\all_sources\002_WDI\IC.BRE.BI.P3.csv.gz","880"
"D:\胡溪筼\Documents\2026-7Fall\Carolina Data Challenge 2026\Graduate_Dataset\all_sources\002_WDI\IC.BRE.BL.OS.csv.gz","1311"
"D:\胡溪筼\Documents\2026-7Fall\Carolina Data Challenge 2026\Graduate_Dataset\all_sources\002_WDI\IC.BRE.BL.P1.csv.gz","1318"
"D:\胡溪筼\Documents\2026-7Fall\Carolina Data Challenge 2026\Graduate_Dataset\all_sources\002_WDI\IC.BRE.BL.P2.csv.gz","1256"
"D:\胡溪筼\Documents\2026-7Fall\Carolina Data Challenge 2026\Graduate_Dataset\all_sources\002_WDI\IC.BRE.BL.P3.csv.gz","1186"
"D:\胡溪筼\Documents\2026-7Fall\Carolina Data Challenge 2026\Graduate_Dataset\all_sources\002_WDI\IC.BRE.DR.OS.csv.gz","1315"
"D:\胡溪筼\Documents\2026-7Fall\Carolina Data Challenge 2026\Graduate_Dataset\all_sources\002_WDI\IC.BRE.DR.P1.csv.gz","1281"
"D:\胡溪筼\Documents\2026-7Fall\Carolina Data Challenge 2026\Graduate_Dataset\all_sources\002_WDI\IC.BRE.DR.P2.csv.gz","1306"
"D:\胡溪筼\Documents\2026-7Fall\Carolina Data Challenge 2026\Graduate_Dataset\all_sources\002_WDI\IC.BRE.DR.P3.csv.gz","1163"
"D:\胡溪筼\Documents\2026-7Fall\Carolina Data Challenge 2026\Graduate_Dataset\all_sources\002_WDI\IC.BRE.FS.OS.csv.gz","1291"
"D:\胡溪筼\Documents\2026-7Fall\Carolina Data Challenge 2026\Graduate_Dataset\all_sources\002_WDI\IC.BRE.FS.P1.csv.gz","1234"
"D:\胡溪筼\Documents\2026-7Fall\Carolina Data Challenge 2026\Graduate_Dataset\all_sources\002_WDI\IC.BRE.FS.P2.csv.gz","1195"
"D:\胡溪筼\Documents\2026-7Fall\Carolina Data Challenge 2026\Graduate_Dataset\all_sources\002_WDI\IC.BRE.FS.P3.csv.gz","1240"
"D:\胡溪筼\Documents\2026-7Fall\Carolina Data Challenge 2026\Graduate_Dataset\all_sources\002_WDI\IC.BRE.IT.OS.csv.gz","1319"
"D:\胡溪筼\Documents\2026-7Fall\Carolina Data Challenge 2026\Graduate_Dataset\all_sources\002_WDI\IC.BRE.IT.P1.csv.gz","1315"
"D:\胡溪筼\Documents\2026-7Fall\Carolina Data Challenge 2026\Graduate_Dataset\all_sources\002_WDI\IC.BRE.IT.P2.csv.gz","1224"
"D:\胡溪筼\Documents\2026-7Fall\Carolina Data Challenge 2026\Graduate_Dataset\all_sources\002_WDI\IC.BRE.IT.P3.csv.gz","1256"
"D:\胡溪筼\Documents\2026-7Fall\Carolina Data Challenge 2026\Graduate_Dataset\all_sources\002_WDI\IC.BRE.LB.OS.csv.gz","1300"
"D:\胡溪筼\Documents\2026-7Fall\Carolina Data Challenge 2026\Graduate_Dataset\all_sources\002_WDI\IC.BRE.LB.P1.csv.gz","1130"
"D:\胡溪筼\Documents\2026-7Fall\Carolina Data Challenge 2026\Graduate_Dataset\all_sources\002_WDI\IC.BRE.LB.P2.csv.gz","968"
"D:\胡溪筼\Documents\2026-7Fall\Carolina Data Challenge 2026\Graduate_Dataset\all_sources\002_WDI\IC.BRE.LB.P3.csv.gz","1182"
"D:\胡溪筼\Documents\2026-7Fall\Carolina Data Challenge 2026\Graduate_Dataset\all_sources\002_WDI\IC.BRE.MC.OS.csv.gz","1317"
"D:\胡溪筼\Documents\2026-7Fall\Carolina Data Challenge 2026\Graduate_Dataset\all_sources\002_WDI\IC.BRE.MC.P1.csv.gz","1312"
"D:\胡溪筼\Documents\2026-7Fall\Carolina Data Challenge 2026\Graduate_Dataset\all_sources\002_WDI\IC.BRE.MC.P2.csv.gz","1316"
"D:\胡溪筼\Documents\2026-7Fall\Carolina Data Challenge 2026\Graduate_Dataset\all_sources\002_WDI\IC.BRE.MC.P3.csv.gz","1308"
"D:\胡溪筼\Documents\2026-7Fall\Carolina Data Challenge 2026\Graduate_Dataset\all_sources\002_WDI\IC.BRE.P1.RF.csv.gz","1302"
"D:\胡溪筼\Documents\2026-7Fall\Carolina Data Challenge 2026\Graduate_Dataset\all_sources\002_WDI\IC.BRE.P2.PS.csv.gz","1316"
"D:\胡溪筼\Documents\2026-7Fall\Carolina Data Challenge 2026\Graduate_Dataset\all_sources\002_WDI\IC.BRE.P3.OE.csv.gz","1322"
"D:\胡溪筼\Documents\2026-7Fall\Carolina Data Challenge 2026\Graduate_Dataset\all_sources\002_WDI\IC.BRE.TX.OS.csv.gz","1269"
"D:\胡溪筼\Documents\2026-7Fall\Carolina Data Challenge 2026\Graduate_Dataset\all_sources\002_WDI\IC.BRE.TX.P1.csv.gz","912"
"D:\胡溪筼\Documents\2026-7Fall\Carolina Data Challenge 2026\Graduate_Dataset\all_sources\002_WDI\IC.BRE.TX.P2.csv.gz","1139"
"D:\胡溪筼\Documents\2026-7Fall\Carolina Data Challenge 2026\Graduate_Dataset\all_sources\002_WDI\IC.BRE.TX.P3.csv.gz","1050"
"D:\胡溪筼\Documents\2026-7Fall\Carolina Data Challenge 2026\Graduate_Dataset\all_sources\002_WDI\IC.BRE.US.OS.csv.gz","1318"
"D:\胡溪筼\Documents\2026-7Fall\Carolina Data Challenge 2026\Graduate_Dataset\all_sources\002_WDI\IC.BRE.US.P1.csv.gz","1289"
"D:\胡溪筼\Documents\2026-7Fall\Carolina Data Challenge 2026\Graduate_Dataset\all_sources\002_WDI\IC.BRE.US.P2.csv.gz","1315"
"D:\胡溪筼\Documents\2026-7Fall\Carolina Data Challenge 2026\Graduate_Dataset\all_sources\002_WDI\IC.BRE.US.P3.csv.gz","1005"
"D:\胡溪筼\Documents\2026-7Fall\Carolina Data Challenge 2026\Graduate_Dataset\all_sources\002_WDI\IC.BUS.NDNS.ZS.csv.gz","47710"
"D:\胡溪筼\Documents\2026-7Fall\Carolina Data Challenge 2026\Graduate_Dataset\all_sources\002_WDI\IC.BUS.NREG.csv.gz","19148"
"D:\胡溪筼\Documents\2026-7Fall\Carolina Data Challenge 2026\Graduate_Dataset\all_sources\002_WDI\IC.CUS.DURS.EX.csv.gz","8036"
"D:\胡溪筼\Documents\2026-7Fall\Carolina Data Challenge 2026\Graduate_Dataset\all_sources\002_WDI\IC.CUS.DURS.IM.csv.gz","8494"
"D:\胡溪筼\Documents\2026-7Fall\Carolina Data Challenge 2026\Graduate_Dataset\all_sources\002_WDI\IC.ELC.DURS.csv.gz","8472"
"D:\胡溪筼\Documents\2026-7Fall\Carolina Data Challenge 2026\Graduate_Dataset\all_sources\002_WDI\IC.ELC.OUTG.ZS.csv.gz","7997"
"D:\胡溪筼\Documents\2026-7Fall\Carolina Data Challenge 2026\Graduate_Dataset\all_sources\002_WDI\IC.FRM.BKWC.ZS.csv.gz","8174"
"D:\胡溪筼\Documents\2026-7Fall\Carolina Data Challenge 2026\Graduate_Dataset\all_sources\002_WDI\IC.FRM.BNKL.ZS.csv.gz","7969"
"D:\胡溪筼\Documents\2026-7Fall\Carolina Data Challenge 2026\Graduate_Dataset\all_sources\002_WDI\IC.FRM.BNKS.ZS.csv.gz","8415"
"D:\胡溪筼\Documents\2026-7Fall\Carolina Data Challenge 2026\Graduate_Dataset\all_sources\002_WDI\IC.FRM.BRIB.ZS.csv.gz","8048"
"D:\胡溪筼\Documents\2026-7Fall\Carolina Data Challenge 2026\Graduate_Dataset\all_sources\002_WDI\IC.FRM.CDP.ZS.csv.gz","4446"
"D:\胡溪筼\Documents\2026-7Fall\Carolina Data Challenge 2026\Graduate_Dataset\all_sources\002_WDI\IC.FRM.CMPU.ZS.csv.gz","8040"
"D:\胡溪筼\Documents\2026-7Fall\Carolina Data Challenge 2026\Graduate_Dataset\all_sources\002_WDI\IC.FRM.CO2.ZS.csv.gz","4463"
"D:\胡溪筼\Documents\2026-7Fall\Carolina Data Challenge 2026\Graduate_Dataset\all_sources\002_WDI\IC.FRM.CORR.ZS.csv.gz","8471"
"D:\胡溪筼\Documents\2026-7Fall\Carolina Data Challenge 2026\Graduate_Dataset\all_sources\002_WDI\IC.FRM.CRDC.FL.ZS.csv.gz","5823"
"D:\胡溪筼\Documents\2026-7Fall\Carolina Data Challenge 2026\Graduate_Dataset\all_sources\002_WDI\IC.FRM.CRDC.PT.ZS.csv.gz","5835"
"D:\胡溪筼\Documents\2026-7Fall\Carolina Data Challenge 2026\Graduate_Dataset\all_sources\002_WDI\IC.FRM.DURS.csv.gz","8090"
"D:\胡溪筼\Documents\2026-7Fall\Carolina Data Challenge 2026\Graduate_Dataset\all_sources\002_WDI\IC.FRM.ENGM.ZS.csv.gz","4415"
"D:\胡溪筼\Documents\2026-7Fall\Carolina Data Challenge 2026\Graduate_Dataset\all_sources\002_WDI\IC.FRM.EXS.ZS.csv.gz","7915"
"D:\胡溪筼\Documents\2026-7Fall\Carolina Data Challenge 2026\Graduate_Dataset\all_sources\002_WDI\IC.FRM.FEMM.ZS.csv.gz","7358"
"D:\胡溪筼\Documents\2026-7Fall\Carolina Data Challenge 2026\Graduate_Dataset\all_sources\002_WDI\IC.FRM.FEMO.ZS.csv.gz","8232"
"D:\胡溪筼\Documents\2026-7Fall\Carolina Data Challenge 2026\Graduate_Dataset\all_sources\002_WDI\IC.FRM.FO.ZS.csv.gz","7867"
"D:\胡溪筼\Documents\2026-7Fall\Carolina Data Challenge 2026\Graduate_Dataset\all_sources\002_WDI\IC.FRM.FREG.ZS.csv.gz","7635"
"D:\胡溪筼\Documents\2026-7Fall\Carolina Data Challenge 2026\Graduate_Dataset\all_sources\002_WDI\IC.FRM.LOTM.ZS.csv.gz","4881"
"D:\胡溪筼\Documents\2026-7Fall\Carolina Data Challenge 2026\Graduate_Dataset\all_sources\002_WDI\IC.FRM.METG.ZS.csv.gz","8013"
"D:\胡溪筼\Documents\2026-7Fall\Carolina Data Challenge 2026\Graduate_Dataset\all_sources\002_WDI\IC.FRM.NPRD.ZS.csv.gz","5097"
"D:\胡溪筼\Documents\2026-7Fall\Carolina Data Challenge 2026\Graduate_Dataset\all_sources\002_WDI\IC.FRM.OUTG.ZS.csv.gz","4659"
"D:\胡溪筼\Documents\2026-7Fall\Carolina Data Challenge 2026\Graduate_Dataset\all_sources\002_WDI\IC.FRM.TAXE.ZS.csv.gz","4388"
"D:\胡溪筼\Documents\2026-7Fall\Carolina Data Challenge 2026\Graduate_Dataset\all_sources\002_WDI\IC.FRM.TRNG.ZS.csv.gz","8481"
"D:\胡溪筼\Documents\2026-7Fall\Carolina Data Challenge 2026\Graduate_Dataset\all_sources\002_WDI\IC.GOV.DURS.ZS.csv.gz","8356"
"D:\胡溪筼\Documents\2026-7Fall\Carolina Data Challenge 2026\Graduate_Dataset\all_sources\002_WDI\IC.MNG.IND.csv.gz","5110"
"D:\胡溪筼\Documents\2026-7Fall\Carolina Data Challenge 2026\Graduate_Dataset\all_sources\002_WDI\IC.TAX.GIFT.ZS.csv.gz","8236"
"D:\胡溪筼\Documents\2026-7Fall\Carolina Data Challenge 2026\Graduate_Dataset\all_sources\002_WDI\IC.TAX.METG.csv.gz","7656"
"D:\胡溪筼\Documents\2026-7Fall\Carolina Data Challenge 2026\Graduate_Dataset\all_sources\002_WDI\IE.PPI.ENGY.CD.csv.gz","12117"
"D:\胡溪筼\Documents\2026-7Fall\Carolina Data Challenge 2026\Graduate_Dataset\all_sources\002_WDI\IE.PPI.ICTI.CD.csv.gz","3762"
"D:\胡溪筼\Documents\2026-7Fall\Carolina Data Challenge 2026\Graduate_Dataset\all_sources\002_WDI\IE.PPI.TRAN.CD.csv.gz","7508"
"D:\胡溪筼\Documents\2026-7Fall\Carolina Data Challenge 2026\Graduate_Dataset\all_sources\002_WDI\IE.PPI.WATR.CD.csv.gz","3370"
"D:\胡溪筼\Documents\2026-7Fall\Carolina Data Challenge 2026\Graduate_Dataset\all_sources\002_WDI\IE.PPN.ENGY.CD.csv.gz","11104"
"D:\胡溪筼\Documents\2026-7Fall\Carolina Data Challenge 2026\Graduate_Dataset\all_sources\002_WDI\IE.PPN.ICTI.CD.csv.gz","2246"
"D:\胡溪筼\Documents\2026-7Fall\Carolina Data Challenge 2026\Graduate_Dataset\all_sources\002_WDI\IE.PPN.TRAN.CD.csv.gz","7359"
"D:\胡溪筼\Documents\2026-7Fall\Carolina Data Challenge 2026\Graduate_Dataset\all_sources\002_WDI\IE.PPN.WATR.CD.csv.gz","3407"
"D:\胡溪筼\Documents\2026-7Fall\Carolina Data Challenge 2026\Graduate_Dataset\all_sources\002_WDI\IP.IDS.NRCT.csv.gz","14924"
"D:\胡溪筼\Documents\2026-7Fall\Carolina Data Challenge 2026\Graduate_Dataset\all_sources\002_WDI\IP.IDS.RSCT.csv.gz","15153"
"D:\胡溪筼\Documents\2026-7Fall\Carolina Data Challenge 2026\Graduate_Dataset\all_sources\002_WDI\IP.JRN.ARTC.SC.csv.gz","52793"
"D:\胡溪筼\Documents\2026-7Fall\Carolina Data Challenge 2026\Graduate_Dataset\all_sources\002_WDI\IP.PAT.NRES.csv.gz","25382"
"D:\胡溪筼\Documents\2026-7Fall\Carolina Data Challenge 2026\Graduate_Dataset\all_sources\002_WDI\IP.PAT.RESD.csv.gz","23260"
"D:\胡溪筼\Documents\2026-7Fall\Carolina Data Challenge 2026\Graduate_Dataset\all_sources\002_WDI\IP.TMK.NRCT.csv.gz","14750"
"D:\胡溪筼\Documents\2026-7Fall\Carolina Data Challenge 2026\Graduate_Dataset\all_sources\002_WDI\IP.TMK.RSCT.csv.gz","14501"
"D:\胡溪筼\Documents\2026-7Fall\Carolina Data Challenge 2026\Graduate_Dataset\all_sources\002_WDI\IQ.CPA.BREG.XQ.csv.gz","10697"
"D:\胡溪筼\Documents\2026-7Fall\Carolina Data Challenge 2026\Graduate_Dataset\all_sources\002_WDI\IQ.CPA.DEBT.XQ.csv.gz","11014"
"D:\胡溪筼\Documents\2026-7Fall\Carolina Data Challenge 2026\Graduate_Dataset\all_sources\002_WDI\IQ.CPA.ECON.XQ.csv.gz","13269"
"D:\胡溪筼\Documents\2026-7Fall\Carolina Data Challenge 2026\Graduate_Dataset\all_sources\002_WDI\IQ.CPA.ENVR.XQ.csv.gz","10642"
"D:\胡溪筼\Documents\2026-7Fall\Carolina Data Challenge 2026\Graduate_Dataset\all_sources\002_WDI\IQ.CPA.FINQ.XQ.csv.gz","10777"
"D:\胡溪筼\Documents\2026-7Fall\Carolina Data Challenge 2026\Graduate_Dataset\all_sources\002_WDI\IQ.CPA.FINS.XQ.csv.gz","10774"
"D:\胡溪筼\Documents\2026-7Fall\Carolina Data Challenge 2026\Graduate_Dataset\all_sources\002_WDI\IQ.CPA.FISP.XQ.csv.gz","10968"
"D:\胡溪筼\Documents\2026-7Fall\Carolina Data Challenge 2026\Graduate_Dataset\all_sources\002_WDI\IQ.CPA.GNDR.XQ.csv.gz","10528"
"D:\胡溪筼\Documents\2026-7Fall\Carolina Data Challenge 2026\Graduate_Dataset\all_sources\002_WDI\IQ.CPA.HRES.XQ.csv.gz","10645"
"D:\胡溪筼\Documents\2026-7Fall\Carolina Data Challenge 2026\Graduate_Dataset\all_sources\002_WDI\IQ.CPA.IRAI.XQ.csv.gz","15536"
"D:\胡溪筼\Documents\2026-7Fall\Carolina Data Challenge 2026\Graduate_Dataset\all_sources\002_WDI\IQ.CPA.MACR.XQ.csv.gz","11010"
"D:\胡溪筼\Documents\2026-7Fall\Carolina Data Challenge 2026\Graduate_Dataset\all_sources\002_WDI\IQ.CPA.PADM.XQ.csv.gz","10607"
"D:\胡溪筼\Documents\2026-7Fall\Carolina Data Challenge 2026\Graduate_Dataset\all_sources\002_WDI\IQ.CPA.PRES.XQ.csv.gz","10588"
"D:\胡溪筼\Documents\2026-7Fall\Carolina Data Challenge 2026\Graduate_Dataset\all_sources\002_WDI\IQ.CPA.PROP.XQ.csv.gz","10471"
"D:\胡溪筼\Documents\2026-7Fall\Carolina Data Challenge 2026\Graduate_Dataset\all_sources\002_WDI\IQ.CPA.PROT.XQ.csv.gz","10553"
"D:\胡溪筼\Documents\2026-7Fall\Carolina Data Challenge 2026\Graduate_Dataset\all_sources\002_WDI\IQ.CPA.PUBS.XQ.csv.gz","11744"
"D:\胡溪筼\Documents\2026-7Fall\Carolina Data Challenge 2026\Graduate_Dataset\all_sources\002_WDI\IQ.CPA.REVN.XQ.csv.gz","10635"
"D:\胡溪筼\Documents\2026-7Fall\Carolina Data Challenge 2026\Graduate_Dataset\all_sources\002_WDI\IQ.CPA.SOCI.XQ.csv.gz","11677"
"D:\胡溪筼\Documents\2026-7Fall\Carolina Data Challenge 2026\Graduate_Dataset\all_sources\002_WDI\IQ.CPA.STRC.XQ.csv.gz","12933"
"D:\胡溪筼\Documents\2026-7Fall\Carolina Data Challenge 2026\Graduate_Dataset\all_sources\002_WDI\IQ.CPA.TRAD.XQ.csv.gz","10690"
"D:\胡溪筼\Documents\2026-7Fall\Carolina Data Challenge 2026\Graduate_Dataset\all_sources\002_WDI\IQ.CPA.TRAN.XQ.csv.gz","10699"
"D:\胡溪筼\Documents\2026-7Fall\Carolina Data Challenge 2026\Graduate_Dataset\all_sources\002_WDI\IQ.SPI.OVRL.csv.gz","13780"
"D:\胡溪筼\Documents\2026-7Fall\Carolina Data Challenge 2026\Graduate_Dataset\all_sources\002_WDI\IQ.SPI.PIL1.csv.gz","15313"
"D:\胡溪筼\Documents\2026-7Fall\Carolina Data Challenge 2026\Graduate_Dataset\all_sources\002_WDI\IQ.SPI.PIL2.csv.gz","10019"
"D:\胡溪筼\Documents\2026-7Fall\Carolina Data Challenge 2026\Graduate_Dataset\all_sources\002_WDI\IQ.SPI.PIL3.csv.gz","26586"
"D:\胡溪筼\Documents\2026-7Fall\Carolina Data Challenge 2026\Graduate_Dataset\all_sources\002_WDI\IQ.SPI.PIL4.csv.gz","11987"
"D:\胡溪筼\Documents\2026-7Fall\Carolina Data Challenge 2026\Graduate_Dataset\all_sources\002_WDI\IQ.SPI.PIL5.csv.gz","7938"
"D:\胡溪筼\Documents\2026-7Fall\Carolina Data Challenge 2026\Graduate_Dataset\all_sources\002_WDI\IS.AIR.DPRT.csv.gz","65105"
"D:\胡溪筼\Documents\2026-7Fall\Carolina Data Challenge 2026\Graduate_Dataset\all_sources\002_WDI\IS.AIR.GOOD.MT.K1.csv.gz","77284"
"D:\胡溪筼\Documents\2026-7Fall\Carolina Data Challenge 2026\Graduate_Dataset\all_sources\002_WDI\IS.AIR.PSGR.csv.gz","77158"
"D:\胡溪筼\Documents\2026-7Fall\Carolina Data Challenge 2026\Graduate_Dataset\all_sources\002_WDI\IS.RRS.GOOD.MT.K6.csv.gz","18449"
"D:\胡溪筼\Documents\2026-7Fall\Carolina Data Challenge 2026\Graduate_Dataset\all_sources\002_WDI\IS.RRS.PASG.KM.csv.gz","18048"
"D:\胡溪筼\Documents\2026-7Fall\Carolina Data Challenge 2026\Graduate_Dataset\all_sources\002_WDI\IS.RRS.TOTL.KM.csv.gz","11250"
"D:\胡溪筼\Documents\2026-7Fall\Carolina Data Challenge 2026\Graduate_Dataset\all_sources\002_WDI\IS.SHP.GCNW.XQ.csv.gz","29048"
"D:\胡溪筼\Documents\2026-7Fall\Carolina Data Challenge 2026\Graduate_Dataset\all_sources\002_WDI\IS.SHP.GOOD.TU.csv.gz","24134"
"D:\胡溪筼\Documents\2026-7Fall\Carolina Data Challenge 2026\Graduate_Dataset\all_sources\002_WDI\IT.CEL.SETS.csv.gz","74932"
"D:\胡溪筼\Documents\2026-7Fall\Carolina Data Challenge 2026\Graduate_Dataset\all_sources\002_WDI\IT.CEL.SETS.P2.csv.gz","114452"
"D:\胡溪筼\Documents\2026-7Fall\Carolina Data Challenge 2026\Graduate_Dataset\all_sources\002_WDI\IT.MLT.MAIN.csv.gz","90716"
"D:\胡溪筼\Documents\2026-7Fall\Carolina Data Challenge 2026\Graduate_Dataset\all_sources\002_WDI\IT.MLT.MAIN.P2.csv.gz","141269"
"D:\胡溪筼\Documents\2026-7Fall\Carolina Data Challenge 2026\Graduate_Dataset\all_sources\002_WDI\IT.NET.BBND.csv.gz","38174"
"D:\胡溪筼\Documents\2026-7Fall\Carolina Data Challenge 2026\Graduate_Dataset\all_sources\002_WDI\IT.NET.BBND.P2.csv.gz","66457"
"D:\胡溪筼\Documents\2026-7Fall\Carolina Data Challenge 2026\Graduate_Dataset\all_sources\002_WDI\IT.NET.SECR.csv.gz","19882"
"D:\胡溪筼\Documents\2026-7Fall\Carolina Data Challenge 2026\Graduate_Dataset\all_sources\002_WDI\IT.NET.SECR.P6.csv.gz","52268"
"D:\胡溪筼\Documents\2026-7Fall\Carolina Data Challenge 2026\Graduate_Dataset\all_sources\002_WDI\IT.NET.USER.FE.ZS.csv.gz","12656"
"D:\胡溪筼\Documents\2026-7Fall\Carolina Data Challenge 2026\Graduate_Dataset\all_sources\002_WDI\IT.NET.USER.MA.ZS.csv.gz","12603"
"D:\胡溪筼\Documents\2026-7Fall\Carolina Data Challenge 2026\Graduate_Dataset\all_sources\002_WDI\IT.NET.USER.ZS.csv.gz","58240"
"D:\胡溪筼\Documents\2026-7Fall\Carolina Data Challenge 2026\Graduate_Dataset\all_sources\002_WDI\LP.EXP.DURS.MD.csv.gz","6781"
"D:\胡溪筼\Documents\2026-7Fall\Carolina Data Challenge 2026\Graduate_Dataset\all_sources\002_WDI\LP.IMP.DURS.MD.csv.gz","6844"
"D:\胡溪筼\Documents\2026-7Fall\Carolina Data Challenge 2026\Graduate_Dataset\all_sources\002_WDI\LP.LPI.CUST.XQ.csv.gz","10926"
"D:\胡溪筼\Documents\2026-7Fall\Carolina Data Challenge 2026\Graduate_Dataset\all_sources\002_WDI\LP.LPI.INFR.XQ.csv.gz","11028"
"D:\胡溪筼\Documents\2026-7Fall\Carolina Data Challenge 2026\Graduate_Dataset\all_sources\002_WDI\LP.LPI.ITRN.XQ.csv.gz","10995"
"D:\胡溪筼\Documents\2026-7Fall\Carolina Data Challenge 2026\Graduate_Dataset\all_sources\002_WDI\LP.LPI.LOGS.XQ.csv.gz","11044"
"D:\胡溪筼\Documents\2026-7Fall\Carolina Data Challenge 2026\Graduate_Dataset\all_sources\002_WDI\LP.LPI.OVRL.XQ.csv.gz","11096"
"D:\胡溪筼\Documents\2026-7Fall\Carolina Data Challenge 2026\Graduate_Dataset\all_sources\002_WDI\LP.LPI.TIME.XQ.csv.gz","11063"
"D:\胡溪筼\Documents\2026-7Fall\Carolina Data Challenge 2026\Graduate_Dataset\all_sources\002_WDI\LP.LPI.TRAC.XQ.csv.gz","11076"
"D:\胡溪筼\Documents\2026-7Fall\Carolina Data Challenge 2026\Graduate_Dataset\all_sources\002_WDI\MS.MIL.MPRT.KD.csv.gz","49731"
"D:\胡溪筼\Documents\2026-7Fall\Carolina Data Challenge 2026\Graduate_Dataset\all_sources\002_WDI\MS.MIL.TOTL.P1.csv.gz","33385"
"D:\胡溪筼\Documents\2026-7Fall\Carolina Data Challenge 2026\Graduate_Dataset\all_sources\002_WDI\MS.MIL.TOTL.TF.ZS.csv.gz","79555"
"D:\胡溪筼\Documents\2026-7Fall\Carolina Data Challenge 2026\Graduate_Dataset\all_sources\002_WDI\MS.MIL.XPND.CD.csv.gz","126695"
"D:\胡溪筼\Documents\2026-7Fall\Carolina Data Challenge 2026\Graduate_Dataset\all_sources\002_WDI\MS.MIL.XPND.CN.csv.gz","56766"
"D:\胡溪筼\Documents\2026-7Fall\Carolina Data Challenge 2026\Graduate_Dataset\all_sources\002_WDI\MS.MIL.XPND.GD.ZS.csv.gz","125819"
"D:\胡溪筼\Documents\2026-7Fall\Carolina Data Challenge 2026\Graduate_Dataset\all_sources\002_WDI\MS.MIL.XPND.ZS.csv.gz","71506"
"D:\胡溪筼\Documents\2026-7Fall\Carolina Data Challenge 2026\Graduate_Dataset\all_sources\002_WDI\MS.MIL.XPRT.KD.csv.gz","19676"
"D:\胡溪筼\Documents\2026-7Fall\Carolina Data Challenge 2026\Graduate_Dataset\all_sources\002_WDI\NE.CON.GOVT.CD.csv.gz","135064"
"D:\胡溪筼\Documents\2026-7Fall\Carolina Data Challenge 2026\Graduate_Dataset\all_sources\002_WDI\NE.CON.GOVT.CN.csv.gz","68521"
"D:\胡溪筼\Documents\2026-7Fall\Carolina Data Challenge 2026\Graduate_Dataset\all_sources\002_WDI\NE.CON.GOVT.KD.csv.gz","109161"
"D:\胡溪筼\Documents\2026-7Fall\Carolina Data Challenge 2026\Graduate_Dataset\all_sources\002_WDI\NE.CON.GOVT.KD.ZG.csv.gz","107438"
"D:\胡溪筼\Documents\2026-7Fall\Carolina Data Challenge 2026\Graduate_Dataset\all_sources\002_WDI\NE.CON.GOVT.KN.csv.gz","67182"
"D:\胡溪筼\Documents\2026-7Fall\Carolina Data Challenge 2026\Graduate_Dataset\all_sources\002_WDI\NE.CON.GOVT.ZS.csv.gz","132200"
"D:\胡溪筼\Documents\2026-7Fall\Carolina Data Challenge 2026\Graduate_Dataset\all_sources\002_WDI\NE.CON.PCAP.PP.CD.csv.gz","87895"
"D:\胡溪筼\Documents\2026-7Fall\Carolina Data Challenge 2026\Graduate_Dataset\all_sources\002_WDI\NE.CON.PCAP.PP.KD.csv.gz","84027"
"D:\胡溪筼\Documents\2026-7Fall\Carolina Data Challenge 2026\Graduate_Dataset\all_sources\002_WDI\NE.CON.PRVT.CD.csv.gz","135340"
"D:\胡溪筼\Documents\2026-7Fall\Carolina Data Challenge 2026\Graduate_Dataset\all_sources\002_WDI\NE.CON.PRVT.CN.AD.csv.gz","55577"
"D:\胡溪筼\Documents\2026-7Fall\Carolina Data Challenge 2026\Graduate_Dataset\all_sources\002_WDI\NE.CON.PRVT.CN.csv.gz","72337"
"D:\胡溪筼\Documents\2026-7Fall\Carolina Data Challenge 2026\Graduate_Dataset\all_sources\002_WDI\NE.CON.PRVT.KD.csv.gz","113264"
"D:\胡溪筼\Documents\2026-7Fall\Carolina Data Challenge 2026\Graduate_Dataset\all_sources\002_WDI\NE.CON.PRVT.KD.ZG.csv.gz","111050"
"D:\胡溪筼\Documents\2026-7Fall\Carolina Data Challenge 2026\Graduate_Dataset\all_sources\002_WDI\NE.CON.PRVT.KN.csv.gz","70104"
"D:\胡溪筼\Documents\2026-7Fall\Carolina Data Challenge 2026\Graduate_Dataset\all_sources\002_WDI\NE.CON.PRVT.PC.KD.csv.gz","113108"
"D:\胡溪筼\Documents\2026-7Fall\Carolina Data Challenge 2026\Graduate_Dataset\all_sources\002_WDI\NE.CON.PRVT.PC.KD.ZG.csv.gz","108610"
"D:\胡溪筼\Documents\2026-7Fall\Carolina Data Challenge 2026\Graduate_Dataset\all_sources\002_WDI\NE.CON.PRVT.PP.CD.csv.gz","87844"
"D:\胡溪筼\Documents\2026-7Fall\Carolina Data Challenge 2026\Graduate_Dataset\all_sources\002_WDI\NE.CON.PRVT.PP.KD.csv.gz","84120"
"D:\胡溪筼\Documents\2026-7Fall\Carolina Data Challenge 2026\Graduate_Dataset\all_sources\002_WDI\NE.CON.PRVT.ZS.csv.gz","134044"
"D:\胡溪筼\Documents\2026-7Fall\Carolina Data Challenge 2026\Graduate_Dataset\all_sources\002_WDI\NE.CON.TOTL.CD.csv.gz","136256"
"D:\胡溪筼\Documents\2026-7Fall\Carolina Data Challenge 2026\Graduate_Dataset\all_sources\002_WDI\NE.CON.TOTL.CN.csv.gz","73309"
"D:\胡溪筼\Documents\2026-7Fall\Carolina Data Challenge 2026\Graduate_Dataset\all_sources\002_WDI\NE.CON.TOTL.KD.csv.gz","115378"
"D:\胡溪筼\Documents\2026-7Fall\Carolina Data Challenge 2026\Graduate_Dataset\all_sources\002_WDI\NE.CON.TOTL.KD.ZG.csv.gz","112188"
"D:\胡溪筼\Documents\2026-7Fall\Carolina Data Challenge 2026\Graduate_Dataset\all_sources\002_WDI\NE.CON.TOTL.KN.csv.gz","73008"
"D:\胡溪筼\Documents\2026-7Fall\Carolina Data Challenge 2026\Graduate_Dataset\all_sources\002_WDI\NE.CON.TOTL.ZS.csv.gz","105584"
"D:\胡溪筼\Documents\2026-7Fall\Carolina Data Challenge 2026\Graduate_Dataset\all_sources\002_WDI\NE.DAB.DEFL.ZS.csv.gz","84975"
"D:\胡溪筼\Documents\2026-7Fall\Carolina Data Challenge 2026\Graduate_Dataset\all_sources\002_WDI\NE.DAB.TOTL.CD.csv.gz","133228"
"D:\胡溪筼\Documents\2026-7Fall\Carolina Data Challenge 2026\Graduate_Dataset\all_sources\002_WDI\NE.DAB.TOTL.CN.csv.gz","72936"
"D:\胡溪筼\Documents\2026-7Fall\Carolina Data Challenge 2026\Graduate_Dataset\all_sources\002_WDI\NE.DAB.TOTL.KD.csv.gz","106558"
"D:\胡溪筼\Documents\2026-7Fall\Carolina Data Challenge 2026\Graduate_Dataset\all_sources\002_WDI\NE.DAB.TOTL.KN.csv.gz","68669"
"D:\胡溪筼\Documents\2026-7Fall\Carolina Data Challenge 2026\Graduate_Dataset\all_sources\002_WDI\NE.DAB.TOTL.ZS.csv.gz","101127"
"D:\胡溪筼\Documents\2026-7Fall\Carolina Data Challenge 2026\Graduate_Dataset\all_sources\002_WDI\NE.EXP.GNFS.CD.csv.gz","138695"
"D:\胡溪筼\Documents\2026-7Fall\Carolina Data Challenge 2026\Graduate_Dataset\all_sources\002_WDI\NE.EXP.GNFS.CN.csv.gz","72135"
"D:\胡溪筼\Documents\2026-7Fall\Carolina Data Challenge 2026\Graduate_Dataset\all_sources\002_WDI\NE.EXP.GNFS.KD.csv.gz","114165"
"D:\胡溪筼\Documents\2026-7Fall\Carolina Data Challenge 2026\Graduate_Dataset\all_sources\002_WDI\NE.EXP.GNFS.KD.ZG.csv.gz","112575"
"D:\胡溪筼\Documents\2026-7Fall\Carolina Data Challenge 2026\Graduate_Dataset\all_sources\002_WDI\NE.EXP.GNFS.KN.csv.gz","71598"
"D:\胡溪筼\Documents\2026-7Fall\Carolina Data Challenge 2026\Graduate_Dataset\all_sources\002_WDI\NE.EXP.GNFS.ZS.csv.gz","138883"
"D:\胡溪筼\Documents\2026-7Fall\Carolina Data Challenge 2026\Graduate_Dataset\all_sources\002_WDI\NE.GDI.FPRV.CN.csv.gz","25812"
"D:\胡溪筼\Documents\2026-7Fall\Carolina Data Challenge 2026\Graduate_Dataset\all_sources\002_WDI\NE.GDI.FPRV.ZS.csv.gz","41829"
"D:\胡溪筼\Documents\2026-7Fall\Carolina Data Challenge 2026\Graduate_Dataset\all_sources\002_WDI\NE.GDI.FTOT.CD.csv.gz","126551"
"D:\胡溪筼\Documents\2026-7Fall\Carolina Data Challenge 2026\Graduate_Dataset\all_sources\002_WDI\NE.GDI.FTOT.CN.csv.gz","65381"
"D:\胡溪筼\Documents\2026-7Fall\Carolina Data Challenge 2026\Graduate_Dataset\all_sources\002_WDI\NE.GDI.FTOT.KD.csv.gz","102991"
"D:\胡溪筼\Documents\2026-7Fall\Carolina Data Challenge 2026\Graduate_Dataset\all_sources\002_WDI\NE.GDI.FTOT.KD.ZG.csv.gz","101211"
"D:\胡溪筼\Documents\2026-7Fall\Carolina Data Challenge 2026\Graduate_Dataset\all_sources\002_WDI\NE.GDI.FTOT.KN.csv.gz","64123"
"D:\胡溪筼\Documents\2026-7Fall\Carolina Data Challenge 2026\Graduate_Dataset\all_sources\002_WDI\NE.GDI.FTOT.ZS.csv.gz","123793"
"D:\胡溪筼\Documents\2026-7Fall\Carolina Data Challenge 2026\Graduate_Dataset\all_sources\002_WDI\NE.GDI.STKB.CD.csv.gz","91700"
"D:\胡溪筼\Documents\2026-7Fall\Carolina Data Challenge 2026\Graduate_Dataset\all_sources\002_WDI\NE.GDI.STKB.CN.csv.gz","55716"
"D:\胡溪筼\Documents\2026-7Fall\Carolina Data Challenge 2026\Graduate_Dataset\all_sources\002_WDI\NE.GDI.STKB.KN.csv.gz","34942"
"D:\胡溪筼\Documents\2026-7Fall\Carolina Data Challenge 2026\Graduate_Dataset\all_sources\002_WDI\NE.GDI.TOTL.CD.csv.gz","133564"
"D:\胡溪筼\Documents\2026-7Fall\Carolina Data Challenge 2026\Graduate_Dataset\all_sources\002_WDI\NE.GDI.TOTL.CN.csv.gz","69762"
"D:\胡溪筼\Documents\2026-7Fall\Carolina Data Challenge 2026\Graduate_Dataset\all_sources\002_WDI\NE.GDI.TOTL.KD.csv.gz","106422"
"D:\胡溪筼\Documents\2026-7Fall\Carolina Data Challenge 2026\Graduate_Dataset\all_sources\002_WDI\NE.GDI.TOTL.KD.ZG.csv.gz","104994"
"D:\胡溪筼\Documents\2026-7Fall\Carolina Data Challenge 2026\Graduate_Dataset\all_sources\002_WDI\NE.GDI.TOTL.KN.csv.gz","66280"
"D:\胡溪筼\Documents\2026-7Fall\Carolina Data Challenge 2026\Graduate_Dataset\all_sources\002_WDI\NE.GDI.TOTL.ZS.csv.gz","130805"
"D:\胡溪筼\Documents\2026-7Fall\Carolina Data Challenge 2026\Graduate_Dataset\all_sources\002_WDI\NE.IMP.GNFS.CD.csv.gz","139499"
"D:\胡溪筼\Documents\2026-7Fall\Carolina Data Challenge 2026\Graduate_Dataset\all_sources\002_WDI\NE.IMP.GNFS.CN.csv.gz","72360"
"D:\胡溪筼\Documents\2026-7Fall\Carolina Data Challenge 2026\Graduate_Dataset\all_sources\002_WDI\NE.IMP.GNFS.KD.csv.gz","115230"
"D:\胡溪筼\Documents\2026-7Fall\Carolina Data Challenge 2026\Graduate_Dataset\all_sources\002_WDI\NE.IMP.GNFS.KD.ZG.csv.gz","113646"
"D:\胡溪筼\Documents\2026-7Fall\Carolina Data Challenge 2026\Graduate_Dataset\all_sources\002_WDI\NE.IMP.GNFS.KN.csv.gz","71963"
"D:\胡溪筼\Documents\2026-7Fall\Carolina Data Challenge 2026\Graduate_Dataset\all_sources\002_WDI\NE.IMP.GNFS.ZS.csv.gz","139414"
"D:\胡溪筼\Documents\2026-7Fall\Carolina Data Challenge 2026\Graduate_Dataset\all_sources\002_WDI\NE.RSB.GNFS.CD.csv.gz","110321"
"D:\胡溪筼\Documents\2026-7Fall\Carolina Data Challenge 2026\Graduate_Dataset\all_sources\002_WDI\NE.RSB.GNFS.CN.csv.gz","70882"
"D:\胡溪筼\Documents\2026-7Fall\Carolina Data Challenge 2026\Graduate_Dataset\all_sources\002_WDI\NE.RSB.GNFS.KN.csv.gz","29404"
"D:\胡溪筼\Documents\2026-7Fall\Carolina Data Challenge 2026\Graduate_Dataset\all_sources\002_WDI\NE.RSB.GNFS.ZS.csv.gz","141677"
"D:\胡溪筼\Documents\2026-7Fall\Carolina Data Challenge 2026\Graduate_Dataset\all_sources\002_WDI\NE.TRD.GNFS.ZS.csv.gz","137090"
"D:\胡溪筼\Documents\2026-7Fall\Carolina Data Challenge 2026\Graduate_Dataset\all_sources\002_WDI\NV.AGR.EMPL.KD.csv.gz","91542"
"D:\胡溪筼\Documents\2026-7Fall\Carolina Data Challenge 2026\Graduate_Dataset\all_sources\002_WDI\NV.AGR.TOTL.CD.csv.gz","137812"
"D:\胡溪筼\Documents\2026-7Fall\Carolina Data Challenge 2026\Graduate_Dataset\all_sources\002_WDI\NV.AGR.TOTL.CN.csv.gz","71580"
"D:\胡溪筼\Documents\2026-7Fall\Carolina Data Challenge 2026\Graduate_Dataset\all_sources\002_WDI\NV.AGR.TOTL.KD.csv.gz","134317"
"D:\胡溪筼\Documents\2026-7Fall\Carolina Data Challenge 2026\Graduate_Dataset\all_sources\002_WDI\NV.AGR.TOTL.KD.ZG.csv.gz","129982"
"D:\胡溪筼\Documents\2026-7Fall\Carolina Data Challenge 2026\Graduate_Dataset\all_sources\002_WDI\NV.AGR.TOTL.KN.csv.gz","77949"
"D:\胡溪筼\Documents\2026-7Fall\Carolina Data Challenge 2026\Graduate_Dataset\all_sources\002_WDI\NV.AGR.TOTL.ZS.csv.gz","138819"
"D:\胡溪筼\Documents\2026-7Fall\Carolina Data Challenge 2026\Graduate_Dataset\all_sources\002_WDI\NV.FSM.TOTL.CN.csv.gz","12829"
"D:\胡溪筼\Documents\2026-7Fall\Carolina Data Challenge 2026\Graduate_Dataset\all_sources\002_WDI\NV.FSM.TOTL.KN.csv.gz","8370"
"D:\胡溪筼\Documents\2026-7Fall\Carolina Data Challenge 2026\Graduate_Dataset\all_sources\002_WDI\NV.IND.EMPL.KD.csv.gz","91229"
"D:\胡溪筼\Documents\2026-7Fall\Carolina Data Challenge 2026\Graduate_Dataset\all_sources\002_WDI\NV.IND.MANF.CD.csv.gz","122187"
"D:\胡溪筼\Documents\2026-7Fall\Carolina Data Challenge 2026\Graduate_Dataset\all_sources\002_WDI\NV.IND.MANF.CN.csv.gz","65584"
"D:\胡溪筼\Documents\2026-7Fall\Carolina Data Challenge 2026\Graduate_Dataset\all_sources\002_WDI\NV.IND.MANF.KD.csv.gz","113961"
"D:\胡溪筼\Documents\2026-7Fall\Carolina Data Challenge 2026\Graduate_Dataset\all_sources\002_WDI\NV.IND.MANF.KD.ZG.csv.gz","110942"
"D:\胡溪筼\Documents\2026-7Fall\Carolina Data Challenge 2026\Graduate_Dataset\all_sources\002_WDI\NV.IND.MANF.KN.csv.gz","70321"
"D:\胡溪筼\Documents\2026-7Fall\Carolina Data Challenge 2026\Graduate_Dataset\all_sources\002_WDI\NV.IND.MANF.ZS.csv.gz","122124"
"D:\胡溪筼\Documents\2026-7Fall\Carolina Data Challenge 2026\Graduate_Dataset\all_sources\002_WDI\NV.IND.TOTL.CD.csv.gz","138093"
"D:\胡溪筼\Documents\2026-7Fall\Carolina Data Challenge 2026\Graduate_Dataset\all_sources\002_WDI\NV.IND.TOTL.CN.csv.gz","73591"
"D:\胡溪筼\Documents\2026-7Fall\Carolina Data Challenge 2026\Graduate_Dataset\all_sources\002_WDI\NV.IND.TOTL.KD.csv.gz","131784"
"D:\胡溪筼\Documents\2026-7Fall\Carolina Data Challenge 2026\Graduate_Dataset\all_sources\002_WDI\NV.IND.TOTL.KD.ZG.csv.gz","127472"
"D:\胡溪筼\Documents\2026-7Fall\Carolina Data Challenge 2026\Graduate_Dataset\all_sources\002_WDI\NV.IND.TOTL.KN.csv.gz","80181"
"D:\胡溪筼\Documents\2026-7Fall\Carolina Data Challenge 2026\Graduate_Dataset\all_sources\002_WDI\NV.IND.TOTL.ZS.csv.gz","137305"
"D:\胡溪筼\Documents\2026-7Fall\Carolina Data Challenge 2026\Graduate_Dataset\all_sources\002_WDI\NV.MNF.CHEM.ZS.UN.csv.gz","66351"
"D:\胡溪筼\Documents\2026-7Fall\Carolina Data Challenge 2026\Graduate_Dataset\all_sources\002_WDI\NV.MNF.FBTO.ZS.UN.csv.gz","70071"
"D:\胡溪筼\Documents\2026-7Fall\Carolina Data Challenge 2026\Graduate_Dataset\all_sources\002_WDI\NV.MNF.MTRN.ZS.UN.csv.gz","65202"
"D:\胡溪筼\Documents\2026-7Fall\Carolina Data Challenge 2026\Graduate_Dataset\all_sources\002_WDI\NV.MNF.OTHR.ZS.UN.csv.gz","70877"
"D:\胡溪筼\Documents\2026-7Fall\Carolina Data Challenge 2026\Graduate_Dataset\all_sources\002_WDI\NV.MNF.TECH.ZS.UN.csv.gz","50452"
"D:\胡溪筼\Documents\2026-7Fall\Carolina Data Challenge 2026\Graduate_Dataset\all_sources\002_WDI\NV.MNF.TXTL.ZS.UN.csv.gz","69860"
"D:\胡溪筼\Documents\2026-7Fall\Carolina Data Challenge 2026\Graduate_Dataset\all_sources\002_WDI\NV.SRV.EMPL.KD.csv.gz","90332"
"D:\胡溪筼\Documents\2026-7Fall\Carolina Data Challenge 2026\Graduate_Dataset\all_sources\002_WDI\NV.SRV.TOTL.CD.csv.gz","131317"
"D:\胡溪筼\Documents\2026-7Fall\Carolina Data Challenge 2026\Graduate_Dataset\all_sources\002_WDI\NV.SRV.TOTL.CN.csv.gz","72698"
"D:\胡溪筼\Documents\2026-7Fall\Carolina Data Challenge 2026\Graduate_Dataset\all_sources\002_WDI\NV.SRV.TOTL.KD.csv.gz","124410"
"D:\胡溪筼\Documents\2026-7Fall\Carolina Data Challenge 2026\Graduate_Dataset\all_sources\002_WDI\NV.SRV.TOTL.KD.ZG.csv.gz","118746"
"D:\胡溪筼\Documents\2026-7Fall\Carolina Data Challenge 2026\Graduate_Dataset\all_sources\002_WDI\NV.SRV.TOTL.KN.csv.gz","77963"
"D:\胡溪筼\Documents\2026-7Fall\Carolina Data Challenge 2026\Graduate_Dataset\all_sources\002_WDI\NV.SRV.TOTL.ZS.csv.gz","130417"
"D:\胡溪筼\Documents\2026-7Fall\Carolina Data Challenge 2026\Graduate_Dataset\all_sources\002_WDI\NY.ADJ.AEDU.CD.csv.gz","104526"
"D:\胡溪筼\Documents\2026-7Fall\Carolina Data Challenge 2026\Graduate_Dataset\all_sources\002_WDI\NY.ADJ.AEDU.GN.ZS.csv.gz","88280"
"D:\胡溪筼\Documents\2026-7Fall\Carolina Data Challenge 2026\Graduate_Dataset\all_sources\002_WDI\NY.ADJ.DCO2.CD.csv.gz","87441"
"D:\胡溪筼\Documents\2026-7Fall\Carolina Data Challenge 2026\Graduate_Dataset\all_sources\002_WDI\NY.ADJ.DCO2.GN.ZS.csv.gz","94181"
"D:\胡溪筼\Documents\2026-7Fall\Carolina Data Challenge 2026\Graduate_Dataset\all_sources\002_WDI\NY.ADJ.DFOR.CD.csv.gz","81243"
"D:\胡溪筼\Documents\2026-7Fall\Carolina Data Challenge 2026\Graduate_Dataset\all_sources\002_WDI\NY.ADJ.DFOR.GN.ZS.csv.gz","97329"
"D:\胡溪筼\Documents\2026-7Fall\Carolina Data Challenge 2026\Graduate_Dataset\all_sources\002_WDI\NY.ADJ.DKAP.CD.csv.gz","115352"
"D:\胡溪筼\Documents\2026-7Fall\Carolina Data Challenge 2026\Graduate_Dataset\all_sources\002_WDI\NY.ADJ.DKAP.GN.ZS.csv.gz","131067"
"D:\胡溪筼\Documents\2026-7Fall\Carolina Data Challenge 2026\Graduate_Dataset\all_sources\002_WDI\NY.ADJ.DMIN.CD.csv.gz","89073"
"D:\胡溪筼\Documents\2026-7Fall\Carolina Data Challenge 2026\Graduate_Dataset\all_sources\002_WDI\NY.ADJ.DMIN.GN.ZS.csv.gz","105608"
"D:\胡溪筼\Documents\2026-7Fall\Carolina Data Challenge 2026\Graduate_Dataset\all_sources\002_WDI\NY.ADJ.DNGY.CD.csv.gz","91456"
"D:\胡溪筼\Documents\2026-7Fall\Carolina Data Challenge 2026\Graduate_Dataset\all_sources\002_WDI\NY.ADJ.DNGY.GN.ZS.csv.gz","103533"
"D:\胡溪筼\Documents\2026-7Fall\Carolina Data Challenge 2026\Graduate_Dataset\all_sources\002_WDI\NY.ADJ.DPEM.CD.csv.gz","70478"
"D:\胡溪筼\Documents\2026-7Fall\Carolina Data Challenge 2026\Graduate_Dataset\all_sources\002_WDI\NY.ADJ.DPEM.GN.ZS.csv.gz","84970"
"D:\胡溪筼\Documents\2026-7Fall\Carolina Data Challenge 2026\Graduate_Dataset\all_sources\002_WDI\NY.ADJ.DRES.GN.ZS.csv.gz","117948"
"D:\胡溪筼\Documents\2026-7Fall\Carolina Data Challenge 2026\Graduate_Dataset\all_sources\002_WDI\NY.ADJ.ICTR.GN.ZS.csv.gz","93938"
"D:\胡溪筼\Documents\2026-7Fall\Carolina Data Challenge 2026\Graduate_Dataset\all_sources\002_WDI\NY.ADJ.NNAT.CD.csv.gz","75301"
"D:\胡溪筼\Documents\2026-7Fall\Carolina Data Challenge 2026\Graduate_Dataset\all_sources\002_WDI\NY.ADJ.NNAT.GN.ZS.csv.gz","95091"
"D:\胡溪筼\Documents\2026-7Fall\Carolina Data Challenge 2026\Graduate_Dataset\all_sources\002_WDI\NY.ADJ.NNTY.CD.csv.gz","120824"
"D:\胡溪筼\Documents\2026-7Fall\Carolina Data Challenge 2026\Graduate_Dataset\all_sources\002_WDI\NY.ADJ.NNTY.KD.csv.gz","82214"
"D:\胡溪筼\Documents\2026-7Fall\Carolina Data Challenge 2026\Graduate_Dataset\all_sources\002_WDI\NY.ADJ.NNTY.KD.ZG.csv.gz","79585"
"D:\胡溪筼\Documents\2026-7Fall\Carolina Data Challenge 2026\Graduate_Dataset\all_sources\002_WDI\NY.ADJ.NNTY.PC.CD.csv.gz","120691"
"D:\胡溪筼\Documents\2026-7Fall\Carolina Data Challenge 2026\Graduate_Dataset\all_sources\002_WDI\NY.ADJ.NNTY.PC.KD.csv.gz","81796"
"D:\胡溪筼\Documents\2026-7Fall\Carolina Data Challenge 2026\Graduate_Dataset\all_sources\002_WDI\NY.ADJ.NNTY.PC.KD.ZG.csv.gz","80276"
"D:\胡溪筼\Documents\2026-7Fall\Carolina Data Challenge 2026\Graduate_Dataset\all_sources\002_WDI\NY.ADJ.SVNG.CD.csv.gz","53130"
"D:\胡溪筼\Documents\2026-7Fall\Carolina Data Challenge 2026\Graduate_Dataset\all_sources\002_WDI\NY.ADJ.SVNG.GN.ZS.csv.gz","68123"
"D:\胡溪筼\Documents\2026-7Fall\Carolina Data Challenge 2026\Graduate_Dataset\all_sources\002_WDI\NY.ADJ.SVNX.CD.csv.gz","54721"
"D:\胡溪筼\Documents\2026-7Fall\Carolina Data Challenge 2026\Graduate_Dataset\all_sources\002_WDI\NY.ADJ.SVNX.GN.ZS.csv.gz","75066"
"D:\胡溪筼\Documents\2026-7Fall\Carolina Data Challenge 2026\Graduate_Dataset\all_sources\002_WDI\NY.EXP.CAPM.KN.csv.gz","95791"
"D:\胡溪筼\Documents\2026-7Fall\Carolina Data Challenge 2026\Graduate_Dataset\all_sources\002_WDI\NY.GDP.COAL.RT.ZS.csv.gz","84463"
"D:\胡溪筼\Documents\2026-7Fall\Carolina Data Challenge 2026\Graduate_Dataset\all_sources\002_WDI\NY.GDP.DEFL.KD.ZG.AD.csv.gz","91175"
"D:\胡溪筼\Documents\2026-7Fall\Carolina Data Challenge 2026\Graduate_Dataset\all_sources\002_WDI\NY.GDP.DEFL.KD.ZG.csv.gz","174129"
"D:\胡溪筼\Documents\2026-7Fall\Carolina Data Challenge 2026\Graduate_Dataset\all_sources\002_WDI\NY.GDP.DEFL.ZS.AD.csv.gz","90146"
"D:\胡溪筼\Documents\2026-7Fall\Carolina Data Challenge 2026\Graduate_Dataset\all_sources\002_WDI\NY.GDP.DEFL.ZS.csv.gz","142093"
"D:\胡溪筼\Documents\2026-7Fall\Carolina Data Challenge 2026\Graduate_Dataset\all_sources\002_WDI\NY.GDP.DISC.CN.csv.gz","50806"
"D:\胡溪筼\Documents\2026-7Fall\Carolina Data Challenge 2026\Graduate_Dataset\all_sources\002_WDI\NY.GDP.DISC.KN.csv.gz","19112"
"D:\胡溪筼\Documents\2026-7Fall\Carolina Data Challenge 2026\Graduate_Dataset\all_sources\002_WDI\NY.GDP.FCST.CD.csv.gz","133379"
"D:\胡溪筼\Documents\2026-7Fall\Carolina Data Challenge 2026\Graduate_Dataset\all_sources\002_WDI\NY.GDP.FCST.CN.csv.gz","77373"
"D:\胡溪筼\Documents\2026-7Fall\Carolina Data Challenge 2026\Graduate_Dataset\all_sources\002_WDI\NY.GDP.FCST.KD.csv.gz","123950"
"D:\胡溪筼\Documents\2026-7Fall\Carolina Data Challenge 2026\Graduate_Dataset\all_sources\002_WDI\NY.GDP.FCST.KN.csv.gz","80878"
"D:\胡溪筼\Documents\2026-7Fall\Carolina Data Challenge 2026\Graduate_Dataset\all_sources\002_WDI\NY.GDP.FRST.RT.ZS.csv.gz","136721"
"D:\胡溪筼\Documents\2026-7Fall\Carolina Data Challenge 2026\Graduate_Dataset\all_sources\002_WDI\NY.GDP.MINR.RT.ZS.csv.gz","109462"
"D:\胡溪筼\Documents\2026-7Fall\Carolina Data Challenge 2026\Graduate_Dataset\all_sources\002_WDI\NY.GDP.MKTP.CD.csv.gz","178501"
"D:\胡溪筼\Documents\2026-7Fall\Carolina Data Challenge 2026\Graduate_Dataset\all_sources\002_WDI\NY.GDP.MKTP.CN.AD.csv.gz","70537"
"D:\胡溪筼\Documents\2026-7Fall\Carolina Data Challenge 2026\Graduate_Dataset\all_sources\002_WDI\NY.GDP.MKTP.CN.csv.gz","99235"
"D:\胡溪筼\Documents\2026-7Fall\Carolina Data Challenge 2026\Graduate_Dataset\all_sources\002_WDI\NY.GDP.MKTP.KD.csv.gz","181824"
"D:\胡溪筼\Documents\2026-7Fall\Carolina Data Challenge 2026\Graduate_Dataset\all_sources\002_WDI\NY.GDP.MKTP.KD.ZG.csv.gz","175079"
"D:\胡溪筼\Documents\2026-7Fall\Carolina Data Challenge 2026\Graduate_Dataset\all_sources\002_WDI\NY.GDP.MKTP.KN.csv.gz","110563"
"D:\胡溪筼\Documents\2026-7Fall\Carolina Data Challenge 2026\Graduate_Dataset\all_sources\002_WDI\NY.GDP.MKTP.PP.CD.csv.gz","111315"
"D:\胡溪筼\Documents\2026-7Fall\Carolina Data Challenge 2026\Graduate_Dataset\all_sources\002_WDI\NY.GDP.MKTP.PP.KD.csv.gz","110585"
"D:\胡溪筼\Documents\2026-7Fall\Carolina Data Challenge 2026\Graduate_Dataset\all_sources\002_WDI\NY.GDP.NGAS.RT.ZS.csv.gz","94261"
"D:\胡溪筼\Documents\2026-7Fall\Carolina Data Challenge 2026\Graduate_Dataset\all_sources\002_WDI\NY.GDP.PCAP.CD.csv.gz","185540"
"D:\胡溪筼\Documents\2026-7Fall\Carolina Data Challenge 2026\Graduate_Dataset\all_sources\002_WDI\NY.GDP.PCAP.CN.csv.gz","149066"
"D:\胡溪筼\Documents\2026-7Fall\Carolina Data Challenge 2026\Graduate_Dataset\all_sources\002_WDI\NY.GDP.PCAP.KD.csv.gz","182018"
"D:\胡溪筼\Documents\2026-7Fall\Carolina Data Challenge 2026\Graduate_Dataset\all_sources\002_WDI\NY.GDP.PCAP.KD.ZG.csv.gz","177057"
"D:\胡溪筼\Documents\2026-7Fall\Carolina Data Challenge 2026\Graduate_Dataset\all_sources\002_WDI\NY.GDP.PCAP.KN.csv.gz","145294"
"D:\胡溪筼\Documents\2026-7Fall\Carolina Data Challenge 2026\Graduate_Dataset\all_sources\002_WDI\NY.GDP.PCAP.PP.CD.csv.gz","111128"
"D:\胡溪筼\Documents\2026-7Fall\Carolina Data Challenge 2026\Graduate_Dataset\all_sources\002_WDI\NY.GDP.PCAP.PP.KD.csv.gz","110276"
"D:\胡溪筼\Documents\2026-7Fall\Carolina Data Challenge 2026\Graduate_Dataset\all_sources\002_WDI\NY.GDP.PETR.RT.ZS.csv.gz","100904"
"D:\胡溪筼\Documents\2026-7Fall\Carolina Data Challenge 2026\Graduate_Dataset\all_sources\002_WDI\NY.GDP.TOTL.RT.ZS.csv.gz","137694"
"D:\胡溪筼\Documents\2026-7Fall\Carolina Data Challenge 2026\Graduate_Dataset\all_sources\002_WDI\NY.GDS.TOTL.CD.csv.gz","137105"
"D:\胡溪筼\Documents\2026-7Fall\Carolina Data Challenge 2026\Graduate_Dataset\all_sources\002_WDI\NY.GDS.TOTL.CN.csv.gz","72326"
"D:\胡溪筼\Documents\2026-7Fall\Carolina Data Challenge 2026\Graduate_Dataset\all_sources\002_WDI\NY.GDS.TOTL.ZS.csv.gz","135653"
"D:\胡溪筼\Documents\2026-7Fall\Carolina Data Challenge 2026\Graduate_Dataset\all_sources\002_WDI\NY.GDY.TOTL.KN.csv.gz","95425"
"D:\胡溪筼\Documents\2026-7Fall\Carolina Data Challenge 2026\Graduate_Dataset\all_sources\002_WDI\NY.GNP.ATLS.CD.csv.gz","166980"
"D:\胡溪筼\Documents\2026-7Fall\Carolina Data Challenge 2026\Graduate_Dataset\all_sources\002_WDI\NY.GNP.MKTP.CD.csv.gz","169563"
"D:\胡溪筼\Documents\2026-7Fall\Carolina Data Challenge 2026\Graduate_Dataset\all_sources\002_WDI\NY.GNP.MKTP.CN.AD.csv.gz","70623"
"D:\胡溪筼\Documents\2026-7Fall\Carolina Data Challenge 2026\Graduate_Dataset\all_sources\002_WDI\NY.GNP.MKTP.CN.csv.gz","99825"
"D:\胡溪筼\Documents\2026-7Fall\Carolina Data Challenge 2026\Graduate_Dataset\all_sources\002_WDI\NY.GNP.MKTP.KD.csv.gz","88606"
"D:\胡溪筼\Documents\2026-7Fall\Carolina Data Challenge 2026\Graduate_Dataset\all_sources\002_WDI\NY.GNP.MKTP.KD.ZG.csv.gz","88863"
"D:\胡溪筼\Documents\2026-7Fall\Carolina Data Challenge 2026\Graduate_Dataset\all_sources\002_WDI\NY.GNP.MKTP.KN.csv.gz","71584"
"D:\胡溪筼\Documents\2026-7Fall\Carolina Data Challenge 2026\Graduate_Dataset\all_sources\002_WDI\NY.GNP.MKTP.PP.CD.csv.gz","108621"
"D:\胡溪筼\Documents\2026-7Fall\Carolina Data Challenge 2026\Graduate_Dataset\all_sources\002_WDI\NY.GNP.MKTP.PP.KD.csv.gz","69870"
"D:\胡溪筼\Documents\2026-7Fall\Carolina Data Challenge 2026\Graduate_Dataset\all_sources\002_WDI\NY.GNP.PCAP.CD.csv.gz","87081"
"D:\胡溪筼\Documents\2026-7Fall\Carolina Data Challenge 2026\Graduate_Dataset\all_sources\002_WDI\NY.GNP.PCAP.CN.csv.gz","141765"
"D:\胡溪筼\Documents\2026-7Fall\Carolina Data Challenge 2026\Graduate_Dataset\all_sources\002_WDI\NY.GNP.PCAP.KD.csv.gz","88587"
"D:\胡溪筼\Documents\2026-7Fall\Carolina Data Challenge 2026\Graduate_Dataset\all_sources\002_WDI\NY.GNP.PCAP.KD.ZG.csv.gz","87058"
"D:\胡溪筼\Documents\2026-7Fall\Carolina Data Challenge 2026\Graduate_Dataset\all_sources\002_WDI\NY.GNP.PCAP.KN.csv.gz","77622"
"D:\胡溪筼\Documents\2026-7Fall\Carolina Data Challenge 2026\Graduate_Dataset\all_sources\002_WDI\NY.GNP.PCAP.PP.CD.csv.gz","59575"
"D:\胡溪筼\Documents\2026-7Fall\Carolina Data Challenge 2026\Graduate_Dataset\all_sources\002_WDI\NY.GNP.PCAP.PP.KD.csv.gz","69503"
"D:\胡溪筼\Documents\2026-7Fall\Carolina Data Challenge 2026\Graduate_Dataset\all_sources\002_WDI\NY.GNS.ICTR.CD.csv.gz","80736"
"D:\胡溪筼\Documents\2026-7Fall\Carolina Data Challenge 2026\Graduate_Dataset\all_sources\002_WDI\NY.GNS.ICTR.CN.csv.gz","77102"
"D:\胡溪筼\Documents\2026-7Fall\Carolina Data Challenge 2026\Graduate_Dataset\all_sources\002_WDI\NY.GNS.ICTR.GN.ZS.csv.gz","101510"
"D:\胡溪筼\Documents\2026-7Fall\Carolina Data Challenge 2026\Graduate_Dataset\all_sources\002_WDI\NY.GNS.ICTR.ZS.csv.gz","97783"
"D:\胡溪筼\Documents\2026-7Fall\Carolina Data Challenge 2026\Graduate_Dataset\all_sources\002_WDI\NY.GSR.NFCY.CD.csv.gz","116115"
"D:\胡溪筼\Documents\2026-7Fall\Carolina Data Challenge 2026\Graduate_Dataset\all_sources\002_WDI\NY.GSR.NFCY.CN.csv.gz","75874"
"D:\胡溪筼\Documents\2026-7Fall\Carolina Data Challenge 2026\Graduate_Dataset\all_sources\002_WDI\NY.GSR.NFCY.KN.csv.gz","8708"
"D:\胡溪筼\Documents\2026-7Fall\Carolina Data Challenge 2026\Graduate_Dataset\all_sources\002_WDI\NY.TAX.NIND.CD.csv.gz","100591"
"D:\胡溪筼\Documents\2026-7Fall\Carolina Data Challenge 2026\Graduate_Dataset\all_sources\002_WDI\NY.TAX.NIND.CN.csv.gz","64367"
"D:\胡溪筼\Documents\2026-7Fall\Carolina Data Challenge 2026\Graduate_Dataset\all_sources\002_WDI\NY.TAX.NIND.KN.csv.gz","66146"
"D:\胡溪筼\Documents\2026-7Fall\Carolina Data Challenge 2026\Graduate_Dataset\all_sources\002_WDI\NY.TRF.NCTR.CD.csv.gz","96171"
"D:\胡溪筼\Documents\2026-7Fall\Carolina Data Challenge 2026\Graduate_Dataset\all_sources\002_WDI\NY.TRF.NCTR.CN.csv.gz","64242"
"D:\胡溪筼\Documents\2026-7Fall\Carolina Data Challenge 2026\Graduate_Dataset\all_sources\002_WDI\NY.TRF.NCTR.KN.csv.gz","46547"
"D:\胡溪筼\Documents\2026-7Fall\Carolina Data Challenge 2026\Graduate_Dataset\all_sources\002_WDI\NY.TTF.GNFS.KN.csv.gz","96588"
"D:\胡溪筼\Documents\2026-7Fall\Carolina Data Challenge 2026\Graduate_Dataset\all_sources\002_WDI\PA.NUS.ATLS.csv.gz","80191"
"D:\胡溪筼\Documents\2026-7Fall\Carolina Data Challenge 2026\Graduate_Dataset\all_sources\002_WDI\PA.NUS.FCRF.csv.gz","98073"
"D:\胡溪筼\Documents\2026-7Fall\Carolina Data Challenge 2026\Graduate_Dataset\all_sources\002_WDI\PA.NUS.GDP.PLI.csv.gz","86407"
"D:\胡溪筼\Documents\2026-7Fall\Carolina Data Challenge 2026\Graduate_Dataset\all_sources\002_WDI\PA.NUS.PPP.csv.gz","82922"
"D:\胡溪筼\Documents\2026-7Fall\Carolina Data Challenge 2026\Graduate_Dataset\all_sources\002_WDI\PA.NUS.PRVT.PLI.csv.gz","78324"
"D:\胡溪筼\Documents\2026-7Fall\Carolina Data Challenge 2026\Graduate_Dataset\all_sources\002_WDI\PA.NUS.PRVT.PP.csv.gz","74227"
"D:\胡溪筼\Documents\2026-7Fall\Carolina Data Challenge 2026\Graduate_Dataset\all_sources\002_WDI\per_allsp.adq_pop_tot.csv.gz","8434"
"D:\胡溪筼\Documents\2026-7Fall\Carolina Data Challenge 2026\Graduate_Dataset\all_sources\002_WDI\per_allsp.ben_q1_tot.csv.gz","8418"
"D:\胡溪筼\Documents\2026-7Fall\Carolina Data Challenge 2026\Graduate_Dataset\all_sources\002_WDI\per_allsp.cov_pop_tot.csv.gz","9676"
"D:\胡溪筼\Documents\2026-7Fall\Carolina Data Challenge 2026\Graduate_Dataset\all_sources\002_WDI\per_lm_alllm.adq_pop_tot.csv.gz","1925"
"D:\胡溪筼\Documents\2026-7Fall\Carolina Data Challenge 2026\Graduate_Dataset\all_sources\002_WDI\per_lm_alllm.ben_q1_tot.csv.gz","1937"
"D:\胡溪筼\Documents\2026-7Fall\Carolina Data Challenge 2026\Graduate_Dataset\all_sources\002_WDI\per_lm_alllm.cov_pop_tot.csv.gz","4375"
"D:\胡溪筼\Documents\2026-7Fall\Carolina Data Challenge 2026\Graduate_Dataset\all_sources\002_WDI\per_lm_alllm.cov_q1_tot.csv.gz","4373"
"D:\胡溪筼\Documents\2026-7Fall\Carolina Data Challenge 2026\Graduate_Dataset\all_sources\002_WDI\per_lm_alllm.cov_q2_tot.csv.gz","4377"
"D:\胡溪筼\Documents\2026-7Fall\Carolina Data Challenge 2026\Graduate_Dataset\all_sources\002_WDI\per_lm_alllm.cov_q3_tot.csv.gz","4358"
"D:\胡溪筼\Documents\2026-7Fall\Carolina Data Challenge 2026\Graduate_Dataset\all_sources\002_WDI\per_lm_alllm.cov_q4_tot.csv.gz","4396"
"D:\胡溪筼\Documents\2026-7Fall\Carolina Data Challenge 2026\Graduate_Dataset\all_sources\002_WDI\per_lm_alllm.cov_q5_tot.csv.gz","4398"
"D:\胡溪筼\Documents\2026-7Fall\Carolina Data Challenge 2026\Graduate_Dataset\all_sources\002_WDI\per_sa_allsa.adq_pop_tot.csv.gz","7420"
"D:\胡溪筼\Documents\2026-7Fall\Carolina Data Challenge 2026\Graduate_Dataset\all_sources\002_WDI\per_sa_allsa.ben_q1_tot.csv.gz","7421"
"D:\胡溪筼\Documents\2026-7Fall\Carolina Data Challenge 2026\Graduate_Dataset\all_sources\002_WDI\per_sa_allsa.cov_pop_tot.csv.gz","8752"
"D:\胡溪筼\Documents\2026-7Fall\Carolina Data Challenge 2026\Graduate_Dataset\all_sources\002_WDI\per_sa_allsa.cov_q1_tot.csv.gz","8734"
"D:\胡溪筼\Documents\2026-7Fall\Carolina Data Challenge 2026\Graduate_Dataset\all_sources\002_WDI\per_sa_allsa.cov_q2_tot.csv.gz","8777"
"D:\胡溪筼\Documents\2026-7Fall\Carolina Data Challenge 2026\Graduate_Dataset\all_sources\002_WDI\per_sa_allsa.cov_q3_tot.csv.gz","8778"
"D:\胡溪筼\Documents\2026-7Fall\Carolina Data Challenge 2026\Graduate_Dataset\all_sources\002_WDI\per_sa_allsa.cov_q4_tot.csv.gz","8747"
"D:\胡溪筼\Documents\2026-7Fall\Carolina Data Challenge 2026\Graduate_Dataset\all_sources\002_WDI\per_sa_allsa.cov_q5_tot.csv.gz","8755"
"D:\胡溪筼\Documents\2026-7Fall\Carolina Data Challenge 2026\Graduate_Dataset\all_sources\002_WDI\per_si_allsi.adq_pop_tot.csv.gz","7720"
"D:\胡溪筼\Documents\2026-7Fall\Carolina Data Challenge 2026\Graduate_Dataset\all_sources\002_WDI\per_si_allsi.ben_q1_tot.csv.gz","7676"
"D:\胡溪筼\Documents\2026-7Fall\Carolina Data Challenge 2026\Graduate_Dataset\all_sources\002_WDI\per_si_allsi.cov_pop_tot.csv.gz","8112"
"D:\胡溪筼\Documents\2026-7Fall\Carolina Data Challenge 2026\Graduate_Dataset\all_sources\002_WDI\per_si_allsi.cov_q1_tot.csv.gz","8162"
"D:\胡溪筼\Documents\2026-7Fall\Carolina Data Challenge 2026\Graduate_Dataset\all_sources\002_WDI\per_si_allsi.cov_q2_tot.csv.gz","8153"
"D:\胡溪筼\Documents\2026-7Fall\Carolina Data Challenge 2026\Graduate_Dataset\all_sources\002_WDI\per_si_allsi.cov_q3_tot.csv.gz","8107"
"D:\胡溪筼\Documents\2026-7Fall\Carolina Data Challenge 2026\Graduate_Dataset\all_sources\002_WDI\per_si_allsi.cov_q4_tot.csv.gz","8113"
"D:\胡溪筼\Documents\2026-7Fall\Carolina Data Challenge 2026\Graduate_Dataset\all_sources\002_WDI\per_si_allsi.cov_q5_tot.csv.gz","8105"
"D:\胡溪筼\Documents\2026-7Fall\Carolina Data Challenge 2026\Graduate_Dataset\all_sources\002_WDI\PX.REX.REER.csv.gz","49996"
"D:\胡溪筼\Documents\2026-7Fall\Carolina Data Challenge 2026\Graduate_Dataset\all_sources\002_WDI\SE.ADT.1524.LT.FE.ZS.csv.gz","22743"
"D:\胡溪筼\Documents\2026-7Fall\Carolina Data Challenge 2026\Graduate_Dataset\all_sources\002_WDI\SE.ADT.1524.LT.FM.ZS.csv.gz","16205"
"D:\胡溪筼\Documents\2026-7Fall\Carolina Data Challenge 2026\Graduate_Dataset\all_sources\002_WDI\SE.ADT.1524.LT.MA.ZS.csv.gz","21800"
"D:\胡溪筼\Documents\2026-7Fall\Carolina Data Challenge 2026\Graduate_Dataset\all_sources\002_WDI\SE.ADT.1524.LT.ZS.csv.gz","22182"
"D:\胡溪筼\Documents\2026-7Fall\Carolina Data Challenge 2026\Graduate_Dataset\all_sources\002_WDI\SE.ADT.LITR.FE.ZS.csv.gz","22608"
"D:\胡溪筼\Documents\2026-7Fall\Carolina Data Challenge 2026\Graduate_Dataset\all_sources\002_WDI\SE.ADT.LITR.MA.ZS.csv.gz","21858"
"D:\胡溪筼\Documents\2026-7Fall\Carolina Data Challenge 2026\Graduate_Dataset\all_sources\002_WDI\SE.ADT.LITR.ZS.csv.gz","22312"
"D:\胡溪筼\Documents\2026-7Fall\Carolina Data Challenge 2026\Graduate_Dataset\all_sources\002_WDI\SE.COM.DURS.csv.gz","20469"
"D:\胡溪筼\Documents\2026-7Fall\Carolina Data Challenge 2026\Graduate_Dataset\all_sources\002_WDI\SE.ENR.PRIM.FM.ZS.csv.gz","107654"
"D:\胡溪筼\Documents\2026-7Fall\Carolina Data Challenge 2026\Graduate_Dataset\all_sources\002_WDI\SE.ENR.PRSC.FM.ZS.csv.gz","90592"
"D:\胡溪筼\Documents\2026-7Fall\Carolina Data Challenge 2026\Graduate_Dataset\all_sources\002_WDI\SE.ENR.SECO.FM.ZS.csv.gz","93708"
"D:\胡溪筼\Documents\2026-7Fall\Carolina Data Challenge 2026\Graduate_Dataset\all_sources\002_WDI\SE.ENR.TERT.FM.ZS.csv.gz","77979"
"D:\胡溪筼\Documents\2026-7Fall\Carolina Data Challenge 2026\Graduate_Dataset\all_sources\002_WDI\SE.LPV.PRIM.csv.gz","6750"
"D:\胡溪筼\Documents\2026-7Fall\Carolina Data Challenge 2026\Graduate_Dataset\all_sources\002_WDI\SE.LPV.PRIM.FE.csv.gz","5410"
"D:\胡溪筼\Documents\2026-7Fall\Carolina Data Challenge 2026\Graduate_Dataset\all_sources\002_WDI\SE.LPV.PRIM.LD.csv.gz","6324"
"D:\胡溪筼\Documents\2026-7Fall\Carolina Data Challenge 2026\Graduate_Dataset\all_sources\002_WDI\SE.LPV.PRIM.LD.FE.csv.gz","5013"
"D:\胡溪筼\Documents\2026-7Fall\Carolina Data Challenge 2026\Graduate_Dataset\all_sources\002_WDI\SE.LPV.PRIM.LD.MA.csv.gz","5013"
"D:\胡溪筼\Documents\2026-7Fall\Carolina Data Challenge 2026\Graduate_Dataset\all_sources\002_WDI\SE.LPV.PRIM.MA.csv.gz","5382"
"D:\胡溪筼\Documents\2026-7Fall\Carolina Data Challenge 2026\Graduate_Dataset\all_sources\002_WDI\SE.LPV.PRIM.SD.FE.csv.gz","3624"
"D:\胡溪筼\Documents\2026-7Fall\Carolina Data Challenge 2026\Graduate_Dataset\all_sources\002_WDI\SE.LPV.PRIM.SD.MA.csv.gz","3634"
"D:\胡溪筼\Documents\2026-7Fall\Carolina Data Challenge 2026\Graduate_Dataset\all_sources\002_WDI\SE.PRE.DURS.csv.gz","19092"
"D:\胡溪筼\Documents\2026-7Fall\Carolina Data Challenge 2026\Graduate_Dataset\all_sources\002_WDI\SE.PRE.ENRL.TC.ZS.csv.gz","47283"
"D:\胡溪筼\Documents\2026-7Fall\Carolina Data Challenge 2026\Graduate_Dataset\all_sources\002_WDI\SE.PRE.ENRR.csv.gz","99348"
"D:\胡溪筼\Documents\2026-7Fall\Carolina Data Challenge 2026\Graduate_Dataset\all_sources\002_WDI\SE.PRE.ENRR.FE.csv.gz","88941"
"D:\胡溪筼\Documents\2026-7Fall\Carolina Data Challenge 2026\Graduate_Dataset\all_sources\002_WDI\SE.PRE.ENRR.MA.csv.gz","88861"
"D:\胡溪筼\Documents\2026-7Fall\Carolina Data Challenge 2026\Graduate_Dataset\all_sources\002_WDI\SE.PRE.TCAQ.FE.ZS.csv.gz","20412"
"D:\胡溪筼\Documents\2026-7Fall\Carolina Data Challenge 2026\Graduate_Dataset\all_sources\002_WDI\SE.PRE.TCAQ.MA.ZS.csv.gz","16457"
"D:\胡溪筼\Documents\2026-7Fall\Carolina Data Challenge 2026\Graduate_Dataset\all_sources\002_WDI\SE.PRE.TCAQ.ZS.csv.gz","22307"
"D:\胡溪筼\Documents\2026-7Fall\Carolina Data Challenge 2026\Graduate_Dataset\all_sources\002_WDI\SE.PRM.AGES.csv.gz","30054"
"D:\胡溪筼\Documents\2026-7Fall\Carolina Data Challenge 2026\Graduate_Dataset\all_sources\002_WDI\SE.PRM.CMPT.FE.ZS.csv.gz","75237"
"D:\胡溪筼\Documents\2026-7Fall\Carolina Data Challenge 2026\Graduate_Dataset\all_sources\002_WDI\SE.PRM.CMPT.MA.ZS.csv.gz","74939"
"D:\胡溪筼\Documents\2026-7Fall\Carolina Data Challenge 2026\Graduate_Dataset\all_sources\002_WDI\SE.PRM.CMPT.ZS.csv.gz","80631"
"D:\胡溪筼\Documents\2026-7Fall\Carolina Data Challenge 2026\Graduate_Dataset\all_sources\002_WDI\SE.PRM.CUAT.FE.ZS.csv.gz","26892"
"D:\胡溪筼\Documents\2026-7Fall\Carolina Data Challenge 2026\Graduate_Dataset\all_sources\002_WDI\SE.PRM.CUAT.MA.ZS.csv.gz","26945"
"D:\胡溪筼\Documents\2026-7Fall\Carolina Data Challenge 2026\Graduate_Dataset\all_sources\002_WDI\SE.PRM.CUAT.ZS.csv.gz","26964"
"D:\胡溪筼\Documents\2026-7Fall\Carolina Data Challenge 2026\Graduate_Dataset\all_sources\002_WDI\SE.PRM.DURS.csv.gz","38448"
"D:\胡溪筼\Documents\2026-7Fall\Carolina Data Challenge 2026\Graduate_Dataset\all_sources\002_WDI\SE.PRM.ENRL.csv.gz","84718"
"D:\胡溪筼\Documents\2026-7Fall\Carolina Data Challenge 2026\Graduate_Dataset\all_sources\002_WDI\SE.PRM.ENRL.FE.ZS.csv.gz","66666"
"D:\胡溪筼\Documents\2026-7Fall\Carolina Data Challenge 2026\Graduate_Dataset\all_sources\002_WDI\SE.PRM.ENRL.TC.ZS.csv.gz","62291"
"D:\胡溪筼\Documents\2026-7Fall\Carolina Data Challenge 2026\Graduate_Dataset\all_sources\002_WDI\SE.PRM.ENRR.csv.gz","109557"
"D:\胡溪筼\Documents\2026-7Fall\Carolina Data Challenge 2026\Graduate_Dataset\all_sources\002_WDI\SE.PRM.ENRR.FE.csv.gz","105431"
"D:\胡溪筼\Documents\2026-7Fall\Carolina Data Challenge 2026\Graduate_Dataset\all_sources\002_WDI\SE.PRM.ENRR.MA.csv.gz","104621"
"D:\胡溪筼\Documents\2026-7Fall\Carolina Data Challenge 2026\Graduate_Dataset\all_sources\002_WDI\SE.PRM.GINT.FE.ZS.csv.gz","50765"
"D:\胡溪筼\Documents\2026-7Fall\Carolina Data Challenge 2026\Graduate_Dataset\all_sources\002_WDI\SE.PRM.GINT.MA.ZS.csv.gz","50446"
"D:\胡溪筼\Documents\2026-7Fall\Carolina Data Challenge 2026\Graduate_Dataset\all_sources\002_WDI\SE.PRM.GINT.ZS.csv.gz","55218"
"D:\胡溪筼\Documents\2026-7Fall\Carolina Data Challenge 2026\Graduate_Dataset\all_sources\002_WDI\SE.PRM.NENR.csv.gz","47753"
"D:\胡溪筼\Documents\2026-7Fall\Carolina Data Challenge 2026\Graduate_Dataset\all_sources\002_WDI\SE.PRM.NENR.FE.csv.gz","39628"
"D:\胡溪筼\Documents\2026-7Fall\Carolina Data Challenge 2026\Graduate_Dataset\all_sources\002_WDI\SE.PRM.NENR.MA.csv.gz","39409"
"D:\胡溪筼\Documents\2026-7Fall\Carolina Data Challenge 2026\Graduate_Dataset\all_sources\002_WDI\SE.PRM.NINT.FE.ZS.csv.gz","17812"
"D:\胡溪筼\Documents\2026-7Fall\Carolina Data Challenge 2026\Graduate_Dataset\all_sources\002_WDI\SE.PRM.NINT.MA.ZS.csv.gz","17765"
"D:\胡溪筼\Documents\2026-7Fall\Carolina Data Challenge 2026\Graduate_Dataset\all_sources\002_WDI\SE.PRM.NINT.ZS.csv.gz","18436"
"D:\胡溪筼\Documents\2026-7Fall\Carolina Data Challenge 2026\Graduate_Dataset\all_sources\002_WDI\SE.PRM.OENR.FE.ZS.csv.gz","32583"
"D:\胡溪筼\Documents\2026-7Fall\Carolina Data Challenge 2026\Graduate_Dataset\all_sources\002_WDI\SE.PRM.OENR.MA.ZS.csv.gz","32898"
"D:\胡溪筼\Documents\2026-7Fall\Carolina Data Challenge 2026\Graduate_Dataset\all_sources\002_WDI\SE.PRM.OENR.ZS.csv.gz","34061"
"D:\胡溪筼\Documents\2026-7Fall\Carolina Data Challenge 2026\Graduate_Dataset\all_sources\002_WDI\SE.PRM.PRIV.ZS.csv.gz","70477"
"D:\胡溪筼\Documents\2026-7Fall\Carolina Data Challenge 2026\Graduate_Dataset\all_sources\002_WDI\SE.PRM.PRS5.FE.ZS.csv.gz","37812"
"D:\胡溪筼\Documents\2026-7Fall\Carolina Data Challenge 2026\Graduate_Dataset\all_sources\002_WDI\SE.PRM.PRS5.MA.ZS.csv.gz","37944"
"D:\胡溪筼\Documents\2026-7Fall\Carolina Data Challenge 2026\Graduate_Dataset\all_sources\002_WDI\SE.PRM.PRS5.ZS.csv.gz","45069"
"D:\胡溪筼\Documents\2026-7Fall\Carolina Data Challenge 2026\Graduate_Dataset\all_sources\002_WDI\SE.PRM.PRSL.FE.ZS.csv.gz","64125"
"D:\胡溪筼\Documents\2026-7Fall\Carolina Data Challenge 2026\Graduate_Dataset\all_sources\002_WDI\SE.PRM.PRSL.MA.ZS.csv.gz","64108"
"D:\胡溪筼\Documents\2026-7Fall\Carolina Data Challenge 2026\Graduate_Dataset\all_sources\002_WDI\SE.PRM.PRSL.ZS.csv.gz","73466"
"D:\胡溪筼\Documents\2026-7Fall\Carolina Data Challenge 2026\Graduate_Dataset\all_sources\002_WDI\SE.PRM.REPT.FE.ZS.csv.gz","46104"
"D:\胡溪筼\Documents\2026-7Fall\Carolina Data Challenge 2026\Graduate_Dataset\all_sources\002_WDI\SE.PRM.REPT.MA.ZS.csv.gz","46407"
"D:\胡溪筼\Documents\2026-7Fall\Carolina Data Challenge 2026\Graduate_Dataset\all_sources\002_WDI\SE.PRM.REPT.ZS.csv.gz","50788"
"D:\胡溪筼\Documents\2026-7Fall\Carolina Data Challenge 2026\Graduate_Dataset\all_sources\002_WDI\SE.PRM.TCAQ.FE.ZS.csv.gz","27858"
"D:\胡溪筼\Documents\2026-7Fall\Carolina Data Challenge 2026\Graduate_Dataset\all_sources\002_WDI\SE.PRM.TCAQ.MA.ZS.csv.gz","27324"
"D:\胡溪筼\Documents\2026-7Fall\Carolina Data Challenge 2026\Graduate_Dataset\all_sources\002_WDI\SE.PRM.TCAQ.ZS.csv.gz","30674"
"D:\胡溪筼\Documents\2026-7Fall\Carolina Data Challenge 2026\Graduate_Dataset\all_sources\002_WDI\SE.PRM.TCHR.csv.gz","66531"
"D:\胡溪筼\Documents\2026-7Fall\Carolina Data Challenge 2026\Graduate_Dataset\all_sources\002_WDI\SE.PRM.TCHR.FE.ZS.csv.gz","99518"
"D:\胡溪筼\Documents\2026-7Fall\Carolina Data Challenge 2026\Graduate_Dataset\all_sources\002_WDI\SE.PRM.TENR.csv.gz","38244"
"D:\胡溪筼\Documents\2026-7Fall\Carolina Data Challenge 2026\Graduate_Dataset\all_sources\002_WDI\SE.PRM.TENR.FE.csv.gz","30542"
"D:\胡溪筼\Documents\2026-7Fall\Carolina Data Challenge 2026\Graduate_Dataset\all_sources\002_WDI\SE.PRM.TENR.MA.csv.gz","30348"
"D:\胡溪筼\Documents\2026-7Fall\Carolina Data Challenge 2026\Graduate_Dataset\all_sources\002_WDI\SE.PRM.UNER.csv.gz","35195"
"D:\胡溪筼\Documents\2026-7Fall\Carolina Data Challenge 2026\Graduate_Dataset\all_sources\002_WDI\SE.PRM.UNER.FE.csv.gz","26297"
"D:\胡溪筼\Documents\2026-7Fall\Carolina Data Challenge 2026\Graduate_Dataset\all_sources\002_WDI\SE.PRM.UNER.FE.ZS.csv.gz","46801"
"D:\胡溪筼\Documents\2026-7Fall\Carolina Data Challenge 2026\Graduate_Dataset\all_sources\002_WDI\SE.PRM.UNER.MA.csv.gz","26353"
"D:\胡溪筼\Documents\2026-7Fall\Carolina Data Challenge 2026\Graduate_Dataset\all_sources\002_WDI\SE.PRM.UNER.MA.ZS.csv.gz","46669"
"D:\胡溪筼\Documents\2026-7Fall\Carolina Data Challenge 2026\Graduate_Dataset\all_sources\002_WDI\SE.PRM.UNER.ZS.csv.gz","58845"
"D:\胡溪筼\Documents\2026-7Fall\Carolina Data Challenge 2026\Graduate_Dataset\all_sources\002_WDI\SE.SEC.AGES.csv.gz","29706"
"D:\胡溪筼\Documents\2026-7Fall\Carolina Data Challenge 2026\Graduate_Dataset\all_sources\002_WDI\SE.SEC.CMPT.LO.FE.ZS.csv.gz","66874"
"D:\胡溪筼\Documents\2026-7Fall\Carolina Data Challenge 2026\Graduate_Dataset\all_sources\002_WDI\SE.SEC.CMPT.LO.MA.ZS.csv.gz","66721"
"D:\胡溪筼\Documents\2026-7Fall\Carolina Data Challenge 2026\Graduate_Dataset\all_sources\002_WDI\SE.SEC.CMPT.LO.ZS.csv.gz","72153"
"D:\胡溪筼\Documents\2026-7Fall\Carolina Data Challenge 2026\Graduate_Dataset\all_sources\002_WDI\SE.SEC.CUAT.LO.FE.ZS.csv.gz","26357"
"D:\胡溪筼\Documents\2026-7Fall\Carolina Data Challenge 2026\Graduate_Dataset\all_sources\002_WDI\SE.SEC.CUAT.LO.MA.ZS.csv.gz","26625"
"D:\胡溪筼\Documents\2026-7Fall\Carolina Data Challenge 2026\Graduate_Dataset\all_sources\002_WDI\SE.SEC.CUAT.LO.ZS.csv.gz","26412"
"D:\胡溪筼\Documents\2026-7Fall\Carolina Data Challenge 2026\Graduate_Dataset\all_sources\002_WDI\SE.SEC.CUAT.PO.FE.ZS.csv.gz","21079"
"D:\胡溪筼\Documents\2026-7Fall\Carolina Data Challenge 2026\Graduate_Dataset\all_sources\002_WDI\SE.SEC.CUAT.PO.MA.ZS.csv.gz","21034"
"D:\胡溪筼\Documents\2026-7Fall\Carolina Data Challenge 2026\Graduate_Dataset\all_sources\002_WDI\SE.SEC.CUAT.PO.ZS.csv.gz","21210"
"D:\胡溪筼\Documents\2026-7Fall\Carolina Data Challenge 2026\Graduate_Dataset\all_sources\002_WDI\SE.SEC.CUAT.UP.FE.ZS.csv.gz","31228"
"D:\胡溪筼\Documents\2026-7Fall\Carolina Data Challenge 2026\Graduate_Dataset\all_sources\002_WDI\SE.SEC.CUAT.UP.MA.ZS.csv.gz","31291"
"D:\胡溪筼\Documents\2026-7Fall\Carolina Data Challenge 2026\Graduate_Dataset\all_sources\002_WDI\SE.SEC.CUAT.UP.ZS.csv.gz","31286"
"D:\胡溪筼\Documents\2026-7Fall\Carolina Data Challenge 2026\Graduate_Dataset\all_sources\002_WDI\SE.SEC.DURS.csv.gz","38337"
"D:\胡溪筼\Documents\2026-7Fall\Carolina Data Challenge 2026\Graduate_Dataset\all_sources\002_WDI\SE.SEC.ENRL.csv.gz","75317"
"D:\胡溪筼\Documents\2026-7Fall\Carolina Data Challenge 2026\Graduate_Dataset\all_sources\002_WDI\SE.SEC.ENRL.FE.ZS.csv.gz","59947"
"D:\胡溪筼\Documents\2026-7Fall\Carolina Data Challenge 2026\Graduate_Dataset\all_sources\002_WDI\SE.SEC.ENRL.GC.csv.gz","64314"
"D:\胡溪筼\Documents\2026-7Fall\Carolina Data Challenge 2026\Graduate_Dataset\all_sources\002_WDI\SE.SEC.ENRL.GC.FE.ZS.csv.gz","66122"
"D:\胡溪筼\Documents\2026-7Fall\Carolina Data Challenge 2026\Graduate_Dataset\all_sources\002_WDI\SE.SEC.ENRL.LO.TC.ZS.csv.gz","24265"
"D:\胡溪筼\Documents\2026-7Fall\Carolina Data Challenge 2026\Graduate_Dataset\all_sources\002_WDI\SE.SEC.ENRL.TC.ZS.csv.gz","48982"
"D:\胡溪筼\Documents\2026-7Fall\Carolina Data Challenge 2026\Graduate_Dataset\all_sources\002_WDI\SE.SEC.ENRL.UP.TC.ZS.csv.gz","22955"
"D:\胡溪筼\Documents\2026-7Fall\Carolina Data Challenge 2026\Graduate_Dataset\all_sources\002_WDI\SE.SEC.ENRL.VO.csv.gz","54582"
"D:\胡溪筼\Documents\2026-7Fall\Carolina Data Challenge 2026\Graduate_Dataset\all_sources\002_WDI\SE.SEC.ENRL.VO.FE.ZS.csv.gz","56365"
"D:\胡溪筼\Documents\2026-7Fall\Carolina Data Challenge 2026\Graduate_Dataset\all_sources\002_WDI\SE.SEC.ENRR.csv.gz","99376"
"D:\胡溪筼\Documents\2026-7Fall\Carolina Data Challenge 2026\Graduate_Dataset\all_sources\002_WDI\SE.SEC.ENRR.FE.csv.gz","92565"
"D:\胡溪筼\Documents\2026-7Fall\Carolina Data Challenge 2026\Graduate_Dataset\all_sources\002_WDI\SE.SEC.ENRR.MA.csv.gz","92001"
"D:\胡溪筼\Documents\2026-7Fall\Carolina Data Challenge 2026\Graduate_Dataset\all_sources\002_WDI\SE.SEC.NENR.csv.gz","33649"
"D:\胡溪筼\Documents\2026-7Fall\Carolina Data Challenge 2026\Graduate_Dataset\all_sources\002_WDI\SE.SEC.NENR.FE.csv.gz","32189"
"D:\胡溪筼\Documents\2026-7Fall\Carolina Data Challenge 2026\Graduate_Dataset\all_sources\002_WDI\SE.SEC.NENR.MA.csv.gz","32207"
"D:\胡溪筼\Documents\2026-7Fall\Carolina Data Challenge 2026\Graduate_Dataset\all_sources\002_WDI\SE.SEC.PRIV.ZS.csv.gz","38517"
"D:\胡溪筼\Documents\2026-7Fall\Carolina Data Challenge 2026\Graduate_Dataset\all_sources\002_WDI\SE.SEC.PROG.FE.ZS.csv.gz","33382"
"D:\胡溪筼\Documents\2026-7Fall\Carolina Data Challenge 2026\Graduate_Dataset\all_sources\002_WDI\SE.SEC.PROG.MA.ZS.csv.gz","33162"
"D:\胡溪筼\Documents\2026-7Fall\Carolina Data Challenge 2026\Graduate_Dataset\all_sources\002_WDI\SE.SEC.PROG.ZS.csv.gz","40113"
"D:\胡溪筼\Documents\2026-7Fall\Carolina Data Challenge 2026\Graduate_Dataset\all_sources\002_WDI\SE.SEC.TCAQ.FE.ZS.csv.gz","20404"
"D:\胡溪筼\Documents\2026-7Fall\Carolina Data Challenge 2026\Graduate_Dataset\all_sources\002_WDI\SE.SEC.TCAQ.LO.FE.ZS.csv.gz","16021"
"D:\胡溪筼\Documents\2026-7Fall\Carolina Data Challenge 2026\Graduate_Dataset\all_sources\002_WDI\SE.SEC.TCAQ.LO.MA.ZS.csv.gz","15963"
"D:\胡溪筼\Documents\2026-7Fall\Carolina Data Challenge 2026\Graduate_Dataset\all_sources\002_WDI\SE.SEC.TCAQ.LO.ZS.csv.gz","17271"
"D:\胡溪筼\Documents\2026-7Fall\Carolina Data Challenge 2026\Graduate_Dataset\all_sources\002_WDI\SE.SEC.TCAQ.MA.ZS.csv.gz","20442"
"D:\胡溪筼\Documents\2026-7Fall\Carolina Data Challenge 2026\Graduate_Dataset\all_sources\002_WDI\SE.SEC.TCAQ.UP.FE.ZS.csv.gz","14298"
"D:\胡溪筼\Documents\2026-7Fall\Carolina Data Challenge 2026\Graduate_Dataset\all_sources\002_WDI\SE.SEC.TCAQ.UP.MA.ZS.csv.gz","14260"
"D:\胡溪筼\Documents\2026-7Fall\Carolina Data Challenge 2026\Graduate_Dataset\all_sources\002_WDI\SE.SEC.TCAQ.UP.ZS.csv.gz","15674"
"D:\胡溪筼\Documents\2026-7Fall\Carolina Data Challenge 2026\Graduate_Dataset\all_sources\002_WDI\SE.SEC.TCAQ.ZS.csv.gz","22639"
"D:\胡溪筼\Documents\2026-7Fall\Carolina Data Challenge 2026\Graduate_Dataset\all_sources\002_WDI\SE.SEC.TCHR.csv.gz","55796"
"D:\胡溪筼\Documents\2026-7Fall\Carolina Data Challenge 2026\Graduate_Dataset\all_sources\002_WDI\SE.SEC.TCHR.FE.csv.gz","49356"
"D:\胡溪筼\Documents\2026-7Fall\Carolina Data Challenge 2026\Graduate_Dataset\all_sources\002_WDI\SE.SEC.TCHR.FE.ZS.csv.gz","80737"
"D:\胡溪筼\Documents\2026-7Fall\Carolina Data Challenge 2026\Graduate_Dataset\all_sources\002_WDI\SE.SEC.UNER.LO.FE.ZS.csv.gz","34721"
"D:\胡溪筼\Documents\2026-7Fall\Carolina Data Challenge 2026\Graduate_Dataset\all_sources\002_WDI\SE.SEC.UNER.LO.MA.ZS.csv.gz","34552"
"D:\胡溪筼\Documents\2026-7Fall\Carolina Data Challenge 2026\Graduate_Dataset\all_sources\002_WDI\SE.SEC.UNER.LO.ZS.csv.gz","42191"
"D:\胡溪筼\Documents\2026-7Fall\Carolina Data Challenge 2026\Graduate_Dataset\all_sources\002_WDI\SE.TER.CUAT.BA.FE.ZS.csv.gz","19579"
"D:\胡溪筼\Documents\2026-7Fall\Carolina Data Challenge 2026\Graduate_Dataset\all_sources\002_WDI\SE.TER.CUAT.BA.MA.ZS.csv.gz","19396"
"D:\胡溪筼\Documents\2026-7Fall\Carolina Data Challenge 2026\Graduate_Dataset\all_sources\002_WDI\SE.TER.CUAT.BA.ZS.csv.gz","19550"
"D:\胡溪筼\Documents\2026-7Fall\Carolina Data Challenge 2026\Graduate_Dataset\all_sources\002_WDI\SE.TER.CUAT.DO.FE.ZS.csv.gz","10163"
"D:\胡溪筼\Documents\2026-7Fall\Carolina Data Challenge 2026\Graduate_Dataset\all_sources\002_WDI\SE.TER.CUAT.DO.MA.ZS.csv.gz","11341"
"D:\胡溪筼\Documents\2026-7Fall\Carolina Data Challenge 2026\Graduate_Dataset\all_sources\002_WDI\SE.TER.CUAT.DO.ZS.csv.gz","11853"
"D:\胡溪筼\Documents\2026-7Fall\Carolina Data Challenge 2026\Graduate_Dataset\all_sources\002_WDI\SE.TER.CUAT.MS.FE.ZS.csv.gz","15016"
"D:\胡溪筼\Documents\2026-7Fall\Carolina Data Challenge 2026\Graduate_Dataset\all_sources\002_WDI\SE.TER.CUAT.MS.MA.ZS.csv.gz","15433"
"D:\胡溪筼\Documents\2026-7Fall\Carolina Data Challenge 2026\Graduate_Dataset\all_sources\002_WDI\SE.TER.CUAT.MS.ZS.csv.gz","15655"
"D:\胡溪筼\Documents\2026-7Fall\Carolina Data Challenge 2026\Graduate_Dataset\all_sources\002_WDI\SE.TER.CUAT.ST.FE.ZS.csv.gz","29755"
"D:\胡溪筼\Documents\2026-7Fall\Carolina Data Challenge 2026\Graduate_Dataset\all_sources\002_WDI\SE.TER.CUAT.ST.MA.ZS.csv.gz","29773"
"D:\胡溪筼\Documents\2026-7Fall\Carolina Data Challenge 2026\Graduate_Dataset\all_sources\002_WDI\SE.TER.CUAT.ST.ZS.csv.gz","29965"
"D:\胡溪筼\Documents\2026-7Fall\Carolina Data Challenge 2026\Graduate_Dataset\all_sources\002_WDI\SE.TER.ENRL.TC.ZS.csv.gz","30099"
"D:\胡溪筼\Documents\2026-7Fall\Carolina Data Challenge 2026\Graduate_Dataset\all_sources\002_WDI\SE.TER.ENRR.csv.gz","90663"
"D:\胡溪筼\Documents\2026-7Fall\Carolina Data Challenge 2026\Graduate_Dataset\all_sources\002_WDI\SE.TER.ENRR.FE.csv.gz","81905"
"D:\胡溪筼\Documents\2026-7Fall\Carolina Data Challenge 2026\Graduate_Dataset\all_sources\002_WDI\SE.TER.ENRR.MA.csv.gz","81459"
"D:\胡溪筼\Documents\2026-7Fall\Carolina Data Challenge 2026\Graduate_Dataset\all_sources\002_WDI\SE.TER.TCHR.FE.ZS.csv.gz","66694"
"D:\胡溪筼\Documents\2026-7Fall\Carolina Data Challenge 2026\Graduate_Dataset\all_sources\002_WDI\SE.XPD.CPRM.ZS.csv.gz","24118"
"D:\胡溪筼\Documents\2026-7Fall\Carolina Data Challenge 2026\Graduate_Dataset\all_sources\002_WDI\SE.XPD.CSEC.ZS.csv.gz","24633"
"D:\胡溪筼\Documents\2026-7Fall\Carolina Data Challenge 2026\Graduate_Dataset\all_sources\002_WDI\SE.XPD.CTER.ZS.csv.gz","23868"
"D:\胡溪筼\Documents\2026-7Fall\Carolina Data Challenge 2026\Graduate_Dataset\all_sources\002_WDI\SE.XPD.CTOT.ZS.csv.gz","25070"
"D:\胡溪筼\Documents\2026-7Fall\Carolina Data Challenge 2026\Graduate_Dataset\all_sources\002_WDI\SE.XPD.PRIM.PC.ZS.csv.gz","16499"
"D:\胡溪筼\Documents\2026-7Fall\Carolina Data Challenge 2026\Graduate_Dataset\all_sources\002_WDI\SE.XPD.PRIM.ZS.csv.gz","26871"
"D:\胡溪筼\Documents\2026-7Fall\Carolina Data Challenge 2026\Graduate_Dataset\all_sources\002_WDI\SE.XPD.SECO.PC.ZS.csv.gz","14734"
"D:\胡溪筼\Documents\2026-7Fall\Carolina Data Challenge 2026\Graduate_Dataset\all_sources\002_WDI\SE.XPD.SECO.ZS.csv.gz","26669"
"D:\胡溪筼\Documents\2026-7Fall\Carolina Data Challenge 2026\Graduate_Dataset\all_sources\002_WDI\SE.XPD.TERT.PC.ZS.csv.gz","15598"
"D:\胡溪筼\Documents\2026-7Fall\Carolina Data Challenge 2026\Graduate_Dataset\all_sources\002_WDI\SE.XPD.TERT.ZS.csv.gz","30731"
"D:\胡溪筼\Documents\2026-7Fall\Carolina Data Challenge 2026\Graduate_Dataset\all_sources\002_WDI\SE.XPD.TOTL.GB.ZS.csv.gz","64252"
"D:\胡溪筼\Documents\2026-7Fall\Carolina Data Challenge 2026\Graduate_Dataset\all_sources\002_WDI\SE.XPD.TOTL.GD.ZS.csv.gz","75729"
"D:\胡溪筼\Documents\2026-7Fall\Carolina Data Challenge 2026\Graduate_Dataset\all_sources\002_WDI\SG.DMK.ALLD.FN.ZS.csv.gz","1899"
"D:\胡溪筼\Documents\2026-7Fall\Carolina Data Challenge 2026\Graduate_Dataset\all_sources\002_WDI\SG.DMK.SRCR.FN.ZS.csv.gz","1743"
"D:\胡溪筼\Documents\2026-7Fall\Carolina Data Challenge 2026\Graduate_Dataset\all_sources\002_WDI\SG.GEN.PARL.ZS.csv.gz","45480"
"D:\胡溪筼\Documents\2026-7Fall\Carolina Data Challenge 2026\Graduate_Dataset\all_sources\002_WDI\SG.TIM.UWRK.FE.csv.gz","906"
"D:\胡溪筼\Documents\2026-7Fall\Carolina Data Challenge 2026\Graduate_Dataset\all_sources\002_WDI\SG.TIM.UWRK.MA.csv.gz","888"
"D:\胡溪筼\Documents\2026-7Fall\Carolina Data Challenge 2026\Graduate_Dataset\all_sources\002_WDI\SG.VAW.1549.ZS.csv.gz","1689"
"D:\胡溪筼\Documents\2026-7Fall\Carolina Data Challenge 2026\Graduate_Dataset\all_sources\002_WDI\SG.VAW.ARGU.ZS.csv.gz","1935"
"D:\胡溪筼\Documents\2026-7Fall\Carolina Data Challenge 2026\Graduate_Dataset\all_sources\002_WDI\SG.VAW.BURN.ZS.csv.gz","1882"
"D:\胡溪筼\Documents\2026-7Fall\Carolina Data Challenge 2026\Graduate_Dataset\all_sources\002_WDI\SG.VAW.GOES.ZS.csv.gz","1959"
"D:\胡溪筼\Documents\2026-7Fall\Carolina Data Challenge 2026\Graduate_Dataset\all_sources\002_WDI\SG.VAW.NEGL.ZS.csv.gz","1970"
"D:\胡溪筼\Documents\2026-7Fall\Carolina Data Challenge 2026\Graduate_Dataset\all_sources\002_WDI\SG.VAW.REAS.ZS.csv.gz","1990"
"D:\胡溪筼\Documents\2026-7Fall\Carolina Data Challenge 2026\Graduate_Dataset\all_sources\002_WDI\SG.VAW.REFU.ZS.csv.gz","1913"
"D:\胡溪筼\Documents\2026-7Fall\Carolina Data Challenge 2026\Graduate_Dataset\all_sources\002_WDI\SH.ALC.PCAP.FE.LI.csv.gz","32221"
"D:\胡溪筼\Documents\2026-7Fall\Carolina Data Challenge 2026\Graduate_Dataset\all_sources\002_WDI\SH.ALC.PCAP.LI.csv.gz","33263"
"D:\胡溪筼\Documents\2026-7Fall\Carolina Data Challenge 2026\Graduate_Dataset\all_sources\002_WDI\SH.ALC.PCAP.MA.LI.csv.gz","33938"
"D:\胡溪筼\Documents\2026-7Fall\Carolina Data Challenge 2026\Graduate_Dataset\all_sources\002_WDI\SH.ANM.ALLW.ZS.csv.gz","37254"
"D:\胡溪筼\Documents\2026-7Fall\Carolina Data Challenge 2026\Graduate_Dataset\all_sources\002_WDI\SH.ANM.CHLD.ZS.csv.gz","31369"
"D:\胡溪筼\Documents\2026-7Fall\Carolina Data Challenge 2026\Graduate_Dataset\all_sources\002_WDI\SH.ANM.NPRG.ZS.csv.gz","37248"
"D:\胡溪筼\Documents\2026-7Fall\Carolina Data Challenge 2026\Graduate_Dataset\all_sources\002_WDI\SH.CON.1524.FE.ZS.csv.gz","2010"
"D:\胡溪筼\Documents\2026-7Fall\Carolina Data Challenge 2026\Graduate_Dataset\all_sources\002_WDI\SH.CON.1524.MA.ZS.csv.gz","1796"
"D:\胡溪筼\Documents\2026-7Fall\Carolina Data Challenge 2026\Graduate_Dataset\all_sources\002_WDI\SH.DTH.0509.csv.gz","45645"
"D:\胡溪筼\Documents\2026-7Fall\Carolina Data Challenge 2026\Graduate_Dataset\all_sources\002_WDI\SH.DTH.1014.csv.gz","45066"
"D:\胡溪筼\Documents\2026-7Fall\Carolina Data Challenge 2026\Graduate_Dataset\all_sources\002_WDI\SH.DTH.1519.csv.gz","46756"
"D:\胡溪筼\Documents\2026-7Fall\Carolina Data Challenge 2026\Graduate_Dataset\all_sources\002_WDI\SH.DTH.2024.csv.gz","47558"
"D:\胡溪筼\Documents\2026-7Fall\Carolina Data Challenge 2026\Graduate_Dataset\all_sources\002_WDI\SH.DTH.COMM.ZS.csv.gz","20260"
"D:\胡溪筼\Documents\2026-7Fall\Carolina Data Challenge 2026\Graduate_Dataset\all_sources\002_WDI\SH.DTH.IMRT.csv.gz","78779"
"D:\胡溪筼\Documents\2026-7Fall\Carolina Data Challenge 2026\Graduate_Dataset\all_sources\002_WDI\SH.DTH.INJR.ZS.csv.gz","20067"
"D:\胡溪筼\Documents\2026-7Fall\Carolina Data Challenge 2026\Graduate_Dataset\all_sources\002_WDI\SH.DTH.MORT.csv.gz","77982"
"D:\胡溪筼\Documents\2026-7Fall\Carolina Data Challenge 2026\Graduate_Dataset\all_sources\002_WDI\SH.DTH.NCOM.ZS.csv.gz","20173"
"D:\胡溪筼\Documents\2026-7Fall\Carolina Data Challenge 2026\Graduate_Dataset\all_sources\002_WDI\SH.DTH.NMRT.csv.gz","66858"
"D:\胡溪筼\Documents\2026-7Fall\Carolina Data Challenge 2026\Graduate_Dataset\all_sources\002_WDI\SH.DTH.OCVD.ZS.csv.gz","9906"
"D:\胡溪筼\Documents\2026-7Fall\Carolina Data Challenge 2026\Graduate_Dataset\all_sources\002_WDI\SH.DYN.0509.csv.gz","46268"
"D:\胡溪筼\Documents\2026-7Fall\Carolina Data Challenge 2026\Graduate_Dataset\all_sources\002_WDI\SH.DYN.1014.csv.gz","44636"
"D:\胡溪筼\Documents\2026-7Fall\Carolina Data Challenge 2026\Graduate_Dataset\all_sources\002_WDI\SH.DYN.1519.csv.gz","47201"
"D:\胡溪筼\Documents\2026-7Fall\Carolina Data Challenge 2026\Graduate_Dataset\all_sources\002_WDI\SH.DYN.2024.csv.gz","48155"
"D:\胡溪筼\Documents\2026-7Fall\Carolina Data Challenge 2026\Graduate_Dataset\all_sources\002_WDI\SH.DYN.AIDS.FE.ZS.csv.gz","80840"
"D:\胡溪筼\Documents\2026-7Fall\Carolina Data Challenge 2026\Graduate_Dataset\all_sources\002_WDI\SH.DYN.AIDS.ZS.csv.gz","28604"
"D:\胡溪筼\Documents\2026-7Fall\Carolina Data Challenge 2026\Graduate_Dataset\all_sources\002_WDI\SH.DYN.MORT.csv.gz","79829"
"D:\胡溪筼\Documents\2026-7Fall\Carolina Data Challenge 2026\Graduate_Dataset\all_sources\002_WDI\SH.DYN.MORT.FE.csv.gz","79341"
"D:\胡溪筼\Documents\2026-7Fall\Carolina Data Challenge 2026\Graduate_Dataset\all_sources\002_WDI\SH.DYN.MORT.MA.csv.gz","79969"
"D:\胡溪筼\Documents\2026-7Fall\Carolina Data Challenge 2026\Graduate_Dataset\all_sources\002_WDI\SH.DYN.NCOM.FE.ZS.csv.gz","33245"
"D:\胡溪筼\Documents\2026-7Fall\Carolina Data Challenge 2026\Graduate_Dataset\all_sources\002_WDI\SH.DYN.NCOM.MA.ZS.csv.gz","33639"
"D:\胡溪筼\Documents\2026-7Fall\Carolina Data Challenge 2026\Graduate_Dataset\all_sources\002_WDI\SH.DYN.NCOM.ZS.csv.gz","33381"
"D:\胡溪筼\Documents\2026-7Fall\Carolina Data Challenge 2026\Graduate_Dataset\all_sources\002_WDI\SH.DYN.NMRT.csv.gz","66065"
"D:\胡溪筼\Documents\2026-7Fall\Carolina Data Challenge 2026\Graduate_Dataset\all_sources\002_WDI\SH.FPL.SATM.ZS.csv.gz","2976"
"D:\胡溪筼\Documents\2026-7Fall\Carolina Data Challenge 2026\Graduate_Dataset\all_sources\002_WDI\SH.H2O.BASW.RU.ZS.csv.gz","60801"
"D:\胡溪筼\Documents\2026-7Fall\Carolina Data Challenge 2026\Graduate_Dataset\all_sources\002_WDI\SH.H2O.BASW.UR.ZS.csv.gz","61555"
"D:\胡溪筼\Documents\2026-7Fall\Carolina Data Challenge 2026\Graduate_Dataset\all_sources\002_WDI\SH.H2O.BASW.ZS.csv.gz","73756"
"D:\胡溪筼\Documents\2026-7Fall\Carolina Data Challenge 2026\Graduate_Dataset\all_sources\002_WDI\SH.H2O.SMDW.RU.ZS.csv.gz","32587"
"D:\胡溪筼\Documents\2026-7Fall\Carolina Data Challenge 2026\Graduate_Dataset\all_sources\002_WDI\SH.H2O.SMDW.UR.ZS.csv.gz","37958"
"D:\胡溪筼\Documents\2026-7Fall\Carolina Data Challenge 2026\Graduate_Dataset\all_sources\002_WDI\SH.H2O.SMDW.ZS.csv.gz","53024"
"D:\胡溪筼\Documents\2026-7Fall\Carolina Data Challenge 2026\Graduate_Dataset\all_sources\002_WDI\SH.HIV.0014.csv.gz","12337"
"D:\胡溪筼\Documents\2026-7Fall\Carolina Data Challenge 2026\Graduate_Dataset\all_sources\002_WDI\SH.HIV.1524.FE.ZS.csv.gz","25020"
"D:\胡溪筼\Documents\2026-7Fall\Carolina Data Challenge 2026\Graduate_Dataset\all_sources\002_WDI\SH.HIV.1524.MA.ZS.csv.gz","24049"
"D:\胡溪筼\Documents\2026-7Fall\Carolina Data Challenge 2026\Graduate_Dataset\all_sources\002_WDI\SH.HIV.ARTC.ZS.csv.gz","22795"
"D:\胡溪筼\Documents\2026-7Fall\Carolina Data Challenge 2026\Graduate_Dataset\all_sources\002_WDI\SH.HIV.INCD.14.csv.gz","10994"
"D:\胡溪筼\Documents\2026-7Fall\Carolina Data Challenge 2026\Graduate_Dataset\all_sources\002_WDI\SH.HIV.INCD.csv.gz","18321"
"D:\胡溪筼\Documents\2026-7Fall\Carolina Data Challenge 2026\Graduate_Dataset\all_sources\002_WDI\SH.HIV.INCD.TL.csv.gz","19176"
"D:\胡溪筼\Documents\2026-7Fall\Carolina Data Challenge 2026\Graduate_Dataset\all_sources\002_WDI\SH.HIV.INCD.TL.P3.csv.gz","27448"
"D:\胡溪筼\Documents\2026-7Fall\Carolina Data Challenge 2026\Graduate_Dataset\all_sources\002_WDI\SH.HIV.INCD.YG.csv.gz","17186"
"D:\胡溪筼\Documents\2026-7Fall\Carolina Data Challenge 2026\Graduate_Dataset\all_sources\002_WDI\SH.HIV.INCD.YG.P3.csv.gz","24504"
"D:\胡溪筼\Documents\2026-7Fall\Carolina Data Challenge 2026\Graduate_Dataset\all_sources\002_WDI\SH.HIV.INCD.ZS.csv.gz","29122"
"D:\胡溪筼\Documents\2026-7Fall\Carolina Data Challenge 2026\Graduate_Dataset\all_sources\002_WDI\SH.HIV.PMTC.ZS.csv.gz","13136"
"D:\胡溪筼\Documents\2026-7Fall\Carolina Data Challenge 2026\Graduate_Dataset\all_sources\002_WDI\SH.IMM.HEPB.csv.gz","40805"
"D:\胡溪筼\Documents\2026-7Fall\Carolina Data Challenge 2026\Graduate_Dataset\all_sources\002_WDI\SH.IMM.IDPT.csv.gz","56838"
"D:\胡溪筼\Documents\2026-7Fall\Carolina Data Challenge 2026\Graduate_Dataset\all_sources\002_WDI\SH.IMM.MEAS.csv.gz","56608"
"D:\胡溪筼\Documents\2026-7Fall\Carolina Data Challenge 2026\Graduate_Dataset\all_sources\002_WDI\SH.MED.BEDS.ZS.csv.gz","46672"
"D:\胡溪筼\Documents\2026-7Fall\Carolina Data Challenge 2026\Graduate_Dataset\all_sources\002_WDI\SH.MED.CMHW.P3.csv.gz","2234"
"D:\胡溪筼\Documents\2026-7Fall\Carolina Data Challenge 2026\Graduate_Dataset\all_sources\002_WDI\SH.MED.NUMW.P3.csv.gz","23597"
"D:\胡溪筼\Documents\2026-7Fall\Carolina Data Challenge 2026\Graduate_Dataset\all_sources\002_WDI\SH.MED.PHYS.ZS.csv.gz","32690"
"D:\胡溪筼\Documents\2026-7Fall\Carolina Data Challenge 2026\Graduate_Dataset\all_sources\002_WDI\SH.MED.SAOP.P5.csv.gz","4843"
"D:\胡溪筼\Documents\2026-7Fall\Carolina Data Challenge 2026\Graduate_Dataset\all_sources\002_WDI\SH.MLR.INCD.P3.csv.gz","25653"
"D:\胡溪筼\Documents\2026-7Fall\Carolina Data Challenge 2026\Graduate_Dataset\all_sources\002_WDI\SH.MLR.NETS.ZS.csv.gz","2806"
"D:\胡溪筼\Documents\2026-7Fall\Carolina Data Challenge 2026\Graduate_Dataset\all_sources\002_WDI\SH.MLR.TRET.ZS.csv.gz","3027"
"D:\胡溪筼\Documents\2026-7Fall\Carolina Data Challenge 2026\Graduate_Dataset\all_sources\002_WDI\SH.MMR.DTHS.csv.gz","39213"
"D:\胡溪筼\Documents\2026-7Fall\Carolina Data Challenge 2026\Graduate_Dataset\all_sources\002_WDI\SH.MMR.RISK.csv.gz","49689"
"D:\胡溪筼\Documents\2026-7Fall\Carolina Data Challenge 2026\Graduate_Dataset\all_sources\002_WDI\SH.MMR.RISK.ZS.csv.gz","118254"
"D:\胡溪筼\Documents\2026-7Fall\Carolina Data Challenge 2026\Graduate_Dataset\all_sources\002_WDI\SH.PRG.ANEM.csv.gz","37229"
"D:\胡溪筼\Documents\2026-7Fall\Carolina Data Challenge 2026\Graduate_Dataset\all_sources\002_WDI\SH.PRV.SMOK.csv.gz","14772"
"D:\胡溪筼\Documents\2026-7Fall\Carolina Data Challenge 2026\Graduate_Dataset\all_sources\002_WDI\SH.PRV.SMOK.FE.csv.gz","14603"
"D:\胡溪筼\Documents\2026-7Fall\Carolina Data Challenge 2026\Graduate_Dataset\all_sources\002_WDI\SH.PRV.SMOK.MA.csv.gz","14966"
"D:\胡溪筼\Documents\2026-7Fall\Carolina Data Challenge 2026\Graduate_Dataset\all_sources\002_WDI\SH.SGR.CRSK.ZS.csv.gz","21612"
"D:\胡溪筼\Documents\2026-7Fall\Carolina Data Challenge 2026\Graduate_Dataset\all_sources\002_WDI\SH.SGR.IRSK.ZS.csv.gz","21426"
"D:\胡溪筼\Documents\2026-7Fall\Carolina Data Challenge 2026\Graduate_Dataset\all_sources\002_WDI\SH.SGR.PROC.P5.csv.gz","2844"
"D:\胡溪筼\Documents\2026-7Fall\Carolina Data Challenge 2026\Graduate_Dataset\all_sources\002_WDI\SH.STA.AIRP.FE.P5.csv.gz","4004"
"D:\胡溪筼\Documents\2026-7Fall\Carolina Data Challenge 2026\Graduate_Dataset\all_sources\002_WDI\SH.STA.AIRP.MA.P5.csv.gz","3998"
"D:\胡溪筼\Documents\2026-7Fall\Carolina Data Challenge 2026\Graduate_Dataset\all_sources\002_WDI\SH.STA.AIRP.P5.csv.gz","3994"
"D:\胡溪筼\Documents\2026-7Fall\Carolina Data Challenge 2026\Graduate_Dataset\all_sources\002_WDI\SH.STA.ANVC.ZS.csv.gz","8481"
"D:\胡溪筼\Documents\2026-7Fall\Carolina Data Challenge 2026\Graduate_Dataset\all_sources\002_WDI\SH.STA.ARIC.ZS.csv.gz","3992"
"D:\胡溪筼\Documents\2026-7Fall\Carolina Data Challenge 2026\Graduate_Dataset\all_sources\002_WDI\SH.STA.BASS.RU.ZS.csv.gz","61455"
"D:\胡溪筼\Documents\2026-7Fall\Carolina Data Challenge 2026\Graduate_Dataset\all_sources\002_WDI\SH.STA.BASS.UR.ZS.csv.gz","62540"
"D:\胡溪筼\Documents\2026-7Fall\Carolina Data Challenge 2026\Graduate_Dataset\all_sources\002_WDI\SH.STA.BASS.ZS.csv.gz","75917"
"D:\胡溪筼\Documents\2026-7Fall\Carolina Data Challenge 2026\Graduate_Dataset\all_sources\002_WDI\SH.STA.BFED.ZS.csv.gz","8055"
"D:\胡溪筼\Documents\2026-7Fall\Carolina Data Challenge 2026\Graduate_Dataset\all_sources\002_WDI\SH.STA.BRTC.ZS.csv.gz","17292"
"D:\胡溪筼\Documents\2026-7Fall\Carolina Data Challenge 2026\Graduate_Dataset\all_sources\002_WDI\SH.STA.BRTW.ZS.csv.gz","40535"
"D:\胡溪筼\Documents\2026-7Fall\Carolina Data Challenge 2026\Graduate_Dataset\all_sources\002_WDI\SH.STA.DIAB.ZS.csv.gz","5926"
"D:\胡溪筼\Documents\2026-7Fall\Carolina Data Challenge 2026\Graduate_Dataset\all_sources\002_WDI\SH.STA.FGMS.ZS.csv.gz","1005"
"D:\胡溪筼\Documents\2026-7Fall\Carolina Data Challenge 2026\Graduate_Dataset\all_sources\002_WDI\SH.STA.HYGN.RU.ZS.csv.gz","20160"
"D:\胡溪筼\Documents\2026-7Fall\Carolina Data Challenge 2026\Graduate_Dataset\all_sources\002_WDI\SH.STA.HYGN.UR.ZS.csv.gz","19854"
"D:\胡溪筼\Documents\2026-7Fall\Carolina Data Challenge 2026\Graduate_Dataset\all_sources\002_WDI\SH.STA.HYGN.ZS.csv.gz","27405"
"D:\胡溪筼\Documents\2026-7Fall\Carolina Data Challenge 2026\Graduate_Dataset\all_sources\002_WDI\SH.STA.MALN.FE.ZS.csv.gz","6409"
"D:\胡溪筼\Documents\2026-7Fall\Carolina Data Challenge 2026\Graduate_Dataset\all_sources\002_WDI\SH.STA.MALN.MA.ZS.csv.gz","6433"
"D:\胡溪筼\Documents\2026-7Fall\Carolina Data Challenge 2026\Graduate_Dataset\all_sources\002_WDI\SH.STA.MALN.ZS.csv.gz","9556"
"D:\胡溪筼\Documents\2026-7Fall\Carolina Data Challenge 2026\Graduate_Dataset\all_sources\002_WDI\SH.STA.MMRT.csv.gz","43883"
"D:\胡溪筼\Documents\2026-7Fall\Carolina Data Challenge 2026\Graduate_Dataset\all_sources\002_WDI\SH.STA.MMRT.NE.csv.gz","7897"
"D:\胡溪筼\Documents\2026-7Fall\Carolina Data Challenge 2026\Graduate_Dataset\all_sources\002_WDI\SH.STA.ODFC.RU.ZS.csv.gz","54937"
"D:\胡溪筼\Documents\2026-7Fall\Carolina Data Challenge 2026\Graduate_Dataset\all_sources\002_WDI\SH.STA.ODFC.UR.ZS.csv.gz","56153"
"D:\胡溪筼\Documents\2026-7Fall\Carolina Data Challenge 2026\Graduate_Dataset\all_sources\002_WDI\SH.STA.ODFC.ZS.csv.gz","65241"
"D:\胡溪筼\Documents\2026-7Fall\Carolina Data Challenge 2026\Graduate_Dataset\all_sources\002_WDI\SH.STA.ORCF.ZS.csv.gz","4199"
"D:\胡溪筼\Documents\2026-7Fall\Carolina Data Challenge 2026\Graduate_Dataset\all_sources\002_WDI\SH.STA.ORTH.csv.gz","8574"
"D:\胡溪筼\Documents\2026-7Fall\Carolina Data Challenge 2026\Graduate_Dataset\all_sources\002_WDI\SH.STA.OWGH.FE.ZS.csv.gz","6018"
"D:\胡溪筼\Documents\2026-7Fall\Carolina Data Challenge 2026\Graduate_Dataset\all_sources\002_WDI\SH.STA.OWGH.MA.ZS.csv.gz","6041"
"D:\胡溪筼\Documents\2026-7Fall\Carolina Data Challenge 2026\Graduate_Dataset\all_sources\002_WDI\SH.STA.OWGH.ME.FE.ZS.csv.gz","30770"
"D:\胡溪筼\Documents\2026-7Fall\Carolina Data Challenge 2026\Graduate_Dataset\all_sources\002_WDI\SH.STA.OWGH.ME.MA.ZS.csv.gz","31096"
"D:\胡溪筼\Documents\2026-7Fall\Carolina Data Challenge 2026\Graduate_Dataset\all_sources\002_WDI\SH.STA.OWGH.ME.ZS.csv.gz","30955"
"D:\胡溪筼\Documents\2026-7Fall\Carolina Data Challenge 2026\Graduate_Dataset\all_sources\002_WDI\SH.STA.OWGH.ZS.csv.gz","6686"
"D:\胡溪筼\Documents\2026-7Fall\Carolina Data Challenge 2026\Graduate_Dataset\all_sources\002_WDI\SH.STA.POIS.P5.csv.gz","33523"
"D:\胡溪筼\Documents\2026-7Fall\Carolina Data Challenge 2026\Graduate_Dataset\all_sources\002_WDI\SH.STA.POIS.P5.FE.csv.gz","33335"
"D:\胡溪筼\Documents\2026-7Fall\Carolina Data Challenge 2026\Graduate_Dataset\all_sources\002_WDI\SH.STA.POIS.P5.MA.csv.gz","33910"
"D:\胡溪筼\Documents\2026-7Fall\Carolina Data Challenge 2026\Graduate_Dataset\all_sources\002_WDI\SH.STA.SMSS.RU.ZS.csv.gz","37793"
"D:\胡溪筼\Documents\2026-7Fall\Carolina Data Challenge 2026\Graduate_Dataset\all_sources\002_WDI\SH.STA.SMSS.UR.ZS.csv.gz","45752"
"D:\胡溪筼\Documents\2026-7Fall\Carolina Data Challenge 2026\Graduate_Dataset\all_sources\002_WDI\SH.STA.SMSS.ZS.csv.gz","52729"
"D:\胡溪筼\Documents\2026-7Fall\Carolina Data Challenge 2026\Graduate_Dataset\all_sources\002_WDI\SH.STA.STNT.FE.ZS.csv.gz","6513"
"D:\胡溪筼\Documents\2026-7Fall\Carolina Data Challenge 2026\Graduate_Dataset\all_sources\002_WDI\SH.STA.STNT.MA.ZS.csv.gz","6575"
"D:\胡溪筼\Documents\2026-7Fall\Carolina Data Challenge 2026\Graduate_Dataset\all_sources\002_WDI\SH.STA.STNT.ME.FE.ZS.csv.gz","32565"
"D:\胡溪筼\Documents\2026-7Fall\Carolina Data Challenge 2026\Graduate_Dataset\all_sources\002_WDI\SH.STA.STNT.ME.MA.ZS.csv.gz","32678"
"D:\胡溪筼\Documents\2026-7Fall\Carolina Data Challenge 2026\Graduate_Dataset\all_sources\002_WDI\SH.STA.STNT.ME.ZS.csv.gz","32678"
"D:\胡溪筼\Documents\2026-7Fall\Carolina Data Challenge 2026\Graduate_Dataset\all_sources\002_WDI\SH.STA.STNT.ZS.csv.gz","7649"
"D:\胡溪筼\Documents\2026-7Fall\Carolina Data Challenge 2026\Graduate_Dataset\all_sources\002_WDI\SH.STA.SUIC.FE.P5.csv.gz","35426"
"D:\胡溪筼\Documents\2026-7Fall\Carolina Data Challenge 2026\Graduate_Dataset\all_sources\002_WDI\SH.STA.SUIC.MA.P5.csv.gz","37004"
"D:\胡溪筼\Documents\2026-7Fall\Carolina Data Challenge 2026\Graduate_Dataset\all_sources\002_WDI\SH.STA.SUIC.P5.csv.gz","36466"
"D:\胡溪筼\Documents\2026-7Fall\Carolina Data Challenge 2026\Graduate_Dataset\all_sources\002_WDI\SH.STA.TRAF.P5.csv.gz","30725"
"D:\胡溪筼\Documents\2026-7Fall\Carolina Data Challenge 2026\Graduate_Dataset\all_sources\002_WDI\SH.STA.WASH.P5.csv.gz","3852"
"D:\胡溪筼\Documents\2026-7Fall\Carolina Data Challenge 2026\Graduate_Dataset\all_sources\002_WDI\SH.STA.WAST.FE.ZS.csv.gz","6123"
"D:\胡溪筼\Documents\2026-7Fall\Carolina Data Challenge 2026\Graduate_Dataset\all_sources\002_WDI\SH.STA.WAST.MA.ZS.csv.gz","6191"
"D:\胡溪筼\Documents\2026-7Fall\Carolina Data Challenge 2026\Graduate_Dataset\all_sources\002_WDI\SH.STA.WAST.ZS.csv.gz","9168"
"D:\胡溪筼\Documents\2026-7Fall\Carolina Data Challenge 2026\Graduate_Dataset\all_sources\002_WDI\SH.SVR.WAST.FE.ZS.csv.gz","5715"
"D:\胡溪筼\Documents\2026-7Fall\Carolina Data Challenge 2026\Graduate_Dataset\all_sources\002_WDI\SH.SVR.WAST.MA.ZS.csv.gz","5764"
"D:\胡溪筼\Documents\2026-7Fall\Carolina Data Challenge 2026\Graduate_Dataset\all_sources\002_WDI\SH.SVR.WAST.ZS.csv.gz","7787"
"D:\胡溪筼\Documents\2026-7Fall\Carolina Data Challenge 2026\Graduate_Dataset\all_sources\002_WDI\SH.TBS.CURE.ZS.csv.gz","20772"
"D:\胡溪筼\Documents\2026-7Fall\Carolina Data Challenge 2026\Graduate_Dataset\all_sources\002_WDI\SH.TBS.DTEC.ZS.csv.gz","22490"
"D:\胡溪筼\Documents\2026-7Fall\Carolina Data Challenge 2026\Graduate_Dataset\all_sources\002_WDI\SH.TBS.INCD.csv.gz","27866"
"D:\胡溪筼\Documents\2026-7Fall\Carolina Data Challenge 2026\Graduate_Dataset\all_sources\002_WDI\SH.VAC.TTNS.ZS.csv.gz","30539"
"D:\胡溪筼\Documents\2026-7Fall\Carolina Data Challenge 2026\Graduate_Dataset\all_sources\002_WDI\SH.XPD.CHEX.GD.ZS.csv.gz","56707"
"D:\胡溪筼\Documents\2026-7Fall\Carolina Data Challenge 2026\Graduate_Dataset\all_sources\002_WDI\SH.XPD.CHEX.PC.CD.csv.gz","62844"
"D:\胡溪筼\Documents\2026-7Fall\Carolina Data Challenge 2026\Graduate_Dataset\all_sources\002_WDI\SH.XPD.CHEX.PP.CD.csv.gz","73796"
"D:\胡溪筼\Documents\2026-7Fall\Carolina Data Challenge 2026\Graduate_Dataset\all_sources\002_WDI\SH.XPD.EHEX.CH.ZS.csv.gz","47628"
"D:\胡溪筼\Documents\2026-7Fall\Carolina Data Challenge 2026\Graduate_Dataset\all_sources\002_WDI\SH.XPD.EHEX.PC.CD.csv.gz","47796"
"D:\胡溪筼\Documents\2026-7Fall\Carolina Data Challenge 2026\Graduate_Dataset\all_sources\002_WDI\SH.XPD.EHEX.PP.CD.csv.gz","58985"
"D:\胡溪筼\Documents\2026-7Fall\Carolina Data Challenge 2026\Graduate_Dataset\all_sources\002_WDI\SH.XPD.GHED.CH.ZS.csv.gz","59292"
"D:\胡溪筼\Documents\2026-7Fall\Carolina Data Challenge 2026\Graduate_Dataset\all_sources\002_WDI\SH.XPD.GHED.GD.ZS.csv.gz","56325"
"D:\胡溪筼\Documents\2026-7Fall\Carolina Data Challenge 2026\Graduate_Dataset\all_sources\002_WDI\SH.XPD.GHED.GE.ZS.csv.gz","47763"
"D:\胡溪筼\Documents\2026-7Fall\Carolina Data Challenge 2026\Graduate_Dataset\all_sources\002_WDI\SH.XPD.GHED.PC.CD.csv.gz","62579"
"D:\胡溪筼\Documents\2026-7Fall\Carolina Data Challenge 2026\Graduate_Dataset\all_sources\002_WDI\SH.XPD.GHED.PP.CD.csv.gz","73511"
"D:\胡溪筼\Documents\2026-7Fall\Carolina Data Challenge 2026\Graduate_Dataset\all_sources\002_WDI\SH.XPD.OOPC.CH.ZS.csv.gz","59198"
"D:\胡溪筼\Documents\2026-7Fall\Carolina Data Challenge 2026\Graduate_Dataset\all_sources\002_WDI\SH.XPD.OOPC.PC.CD.csv.gz","61930"
"D:\胡溪筼\Documents\2026-7Fall\Carolina Data Challenge 2026\Graduate_Dataset\all_sources\002_WDI\SH.XPD.OOPC.PP.CD.csv.gz","73651"
"D:\胡溪筼\Documents\2026-7Fall\Carolina Data Challenge 2026\Graduate_Dataset\all_sources\002_WDI\SH.XPD.PVTD.CH.ZS.csv.gz","59185"
"D:\胡溪筼\Documents\2026-7Fall\Carolina Data Challenge 2026\Graduate_Dataset\all_sources\002_WDI\SH.XPD.PVTD.PC.CD.csv.gz","62026"
"D:\胡溪筼\Documents\2026-7Fall\Carolina Data Challenge 2026\Graduate_Dataset\all_sources\002_WDI\SH.XPD.PVTD.PP.CD.csv.gz","73417"
"D:\胡溪筼\Documents\2026-7Fall\Carolina Data Challenge 2026\Graduate_Dataset\all_sources\002_WDI\SH_UHC_FH40.csv.gz","9719"
"D:\胡溪筼\Documents\2026-7Fall\Carolina Data Challenge 2026\Graduate_Dataset\all_sources\002_WDI\SH_UHC_FH40_FURTHER.csv.gz","9041"
"D:\胡溪筼\Documents\2026-7Fall\Carolina Data Challenge 2026\Graduate_Dataset\all_sources\002_WDI\SH_UHC_FH40_IMPOV.csv.gz","9551"
"D:\胡溪筼\Documents\2026-7Fall\Carolina Data Challenge 2026\Graduate_Dataset\all_sources\002_WDI\SH_UHC_FH40_LARGE.csv.gz","8887"
"D:\胡溪筼\Documents\2026-7Fall\Carolina Data Challenge 2026\Graduate_Dataset\all_sources\002_WDI\SH_UHC_FH40_PUSHED.csv.gz","8173"
"D:\胡溪筼\Documents\2026-7Fall\Carolina Data Challenge 2026\Graduate_Dataset\all_sources\002_WDI\SH_UHC_SCI.csv.gz","31405"
"D:\胡溪筼\Documents\2026-7Fall\Carolina Data Challenge 2026\Graduate_Dataset\all_sources\002_WDI\SH_UHC_SCI_CAPACITY.csv.gz","19092"
"D:\胡溪筼\Documents\2026-7Fall\Carolina Data Challenge 2026\Graduate_Dataset\all_sources\002_WDI\SH_UHC_SCI_ID.csv.gz","19481"
"D:\胡溪筼\Documents\2026-7Fall\Carolina Data Challenge 2026\Graduate_Dataset\all_sources\002_WDI\SH_UHC_SCI_NCD.csv.gz","18769"
"D:\胡溪筼\Documents\2026-7Fall\Carolina Data Challenge 2026\Graduate_Dataset\all_sources\002_WDI\SH_UHC_SCI_RMNCH.csv.gz","18238"
"D:\胡溪筼\Documents\2026-7Fall\Carolina Data Challenge 2026\Graduate_Dataset\all_sources\002_WDI\SI.DST.02ND.20.csv.gz","11538"
"D:\胡溪筼\Documents\2026-7Fall\Carolina Data Challenge 2026\Graduate_Dataset\all_sources\002_WDI\SI.DST.03RD.20.csv.gz","11330"
"D:\胡溪筼\Documents\2026-7Fall\Carolina Data Challenge 2026\Graduate_Dataset\all_sources\002_WDI\SI.DST.04TH.20.csv.gz","11156"
"D:\胡溪筼\Documents\2026-7Fall\Carolina Data Challenge 2026\Graduate_Dataset\all_sources\002_WDI\SI.DST.05TH.20.csv.gz","12745"
"D:\胡溪筼\Documents\2026-7Fall\Carolina Data Challenge 2026\Graduate_Dataset\all_sources\002_WDI\SI.DST.10TH.10.csv.gz","12651"
"D:\胡溪筼\Documents\2026-7Fall\Carolina Data Challenge 2026\Graduate_Dataset\all_sources\002_WDI\SI.DST.50MD.csv.gz","12596"
"D:\胡溪筼\Documents\2026-7Fall\Carolina Data Challenge 2026\Graduate_Dataset\all_sources\002_WDI\SI.DST.FRST.10.csv.gz","10605"
"D:\胡溪筼\Documents\2026-7Fall\Carolina Data Challenge 2026\Graduate_Dataset\all_sources\002_WDI\SI.DST.FRST.20.csv.gz","11434"
"D:\胡溪筼\Documents\2026-7Fall\Carolina Data Challenge 2026\Graduate_Dataset\all_sources\002_WDI\SI.POV.DDAY.csv.gz","15063"
"D:\胡溪筼\Documents\2026-7Fall\Carolina Data Challenge 2026\Graduate_Dataset\all_sources\002_WDI\SI.POV.GAPS.csv.gz","14163"
"D:\胡溪筼\Documents\2026-7Fall\Carolina Data Challenge 2026\Graduate_Dataset\all_sources\002_WDI\SI.POV.GINI.csv.gz","12997"
"D:\胡溪筼\Documents\2026-7Fall\Carolina Data Challenge 2026\Graduate_Dataset\all_sources\002_WDI\SI.POV.LMIC.csv.gz","15551"
"D:\胡溪筼\Documents\2026-7Fall\Carolina Data Challenge 2026\Graduate_Dataset\all_sources\002_WDI\SI.POV.LMIC.GP.csv.gz","14625"
"D:\胡溪筼\Documents\2026-7Fall\Carolina Data Challenge 2026\Graduate_Dataset\all_sources\002_WDI\SI.POV.MPUN.csv.gz","1718"
"D:\胡溪筼\Documents\2026-7Fall\Carolina Data Challenge 2026\Graduate_Dataset\all_sources\002_WDI\SI.POV.MPWB.csv.gz","6532"
"D:\胡溪筼\Documents\2026-7Fall\Carolina Data Challenge 2026\Graduate_Dataset\all_sources\002_WDI\SI.POV.NAHC.csv.gz","7418"
"D:\胡溪筼\Documents\2026-7Fall\Carolina Data Challenge 2026\Graduate_Dataset\all_sources\002_WDI\SI.POV.SOPO.csv.gz","16065"
"D:\胡溪筼\Documents\2026-7Fall\Carolina Data Challenge 2026\Graduate_Dataset\all_sources\002_WDI\SI.POV.UMIC.csv.gz","16130"
"D:\胡溪筼\Documents\2026-7Fall\Carolina Data Challenge 2026\Graduate_Dataset\all_sources\002_WDI\SI.POV.UMIC.GP.csv.gz","15504"
"D:\胡溪筼\Documents\2026-7Fall\Carolina Data Challenge 2026\Graduate_Dataset\all_sources\002_WDI\SI.RMT.COST.IB.ZS.csv.gz","6964"
"D:\胡溪筼\Documents\2026-7Fall\Carolina Data Challenge 2026\Graduate_Dataset\all_sources\002_WDI\SI.RMT.COST.OB.ZS.csv.gz","3513"
"D:\胡溪筼\Documents\2026-7Fall\Carolina Data Challenge 2026\Graduate_Dataset\all_sources\002_WDI\SI.SPR.PC40.csv.gz","2755"
"D:\胡溪筼\Documents\2026-7Fall\Carolina Data Challenge 2026\Graduate_Dataset\all_sources\002_WDI\SI.SPR.PC40.ZG.csv.gz","1966"
"D:\胡溪筼\Documents\2026-7Fall\Carolina Data Challenge 2026\Graduate_Dataset\all_sources\002_WDI\SI.SPR.PCAP.csv.gz","2828"
"D:\胡溪筼\Documents\2026-7Fall\Carolina Data Challenge 2026\Graduate_Dataset\all_sources\002_WDI\SI.SPR.PCAP.ZG.csv.gz","1965"
"D:\胡溪筼\Documents\2026-7Fall\Carolina Data Challenge 2026\Graduate_Dataset\all_sources\002_WDI\SI.SPR.PGAP.csv.gz","14134"
"D:\胡溪筼\Documents\2026-7Fall\Carolina Data Challenge 2026\Graduate_Dataset\all_sources\002_WDI\SL.AGR.0714.FE.ZS.csv.gz","1789"
"D:\胡溪筼\Documents\2026-7Fall\Carolina Data Challenge 2026\Graduate_Dataset\all_sources\002_WDI\SL.AGR.0714.MA.ZS.csv.gz","1795"
"D:\胡溪筼\Documents\2026-7Fall\Carolina Data Challenge 2026\Graduate_Dataset\all_sources\002_WDI\SL.AGR.0714.ZS.csv.gz","1747"
"D:\胡溪筼\Documents\2026-7Fall\Carolina Data Challenge 2026\Graduate_Dataset\all_sources\002_WDI\SL.AGR.EMPL.FE.ZS.csv.gz","101827"
"D:\胡溪筼\Documents\2026-7Fall\Carolina Data Challenge 2026\Graduate_Dataset\all_sources\002_WDI\SL.AGR.EMPL.MA.ZS.csv.gz","101180"
"D:\胡溪筼\Documents\2026-7Fall\Carolina Data Challenge 2026\Graduate_Dataset\all_sources\002_WDI\SL.AGR.EMPL.ZS.csv.gz","101291"
"D:\胡溪筼\Documents\2026-7Fall\Carolina Data Challenge 2026\Graduate_Dataset\all_sources\002_WDI\SL.EMP.1524.SP.FE.NE.ZS.csv.gz","31757"
"D:\胡溪筼\Documents\2026-7Fall\Carolina Data Challenge 2026\Graduate_Dataset\all_sources\002_WDI\SL.EMP.1524.SP.FE.ZS.csv.gz","61986"
"D:\胡溪筼\Documents\2026-7Fall\Carolina Data Challenge 2026\Graduate_Dataset\all_sources\002_WDI\SL.EMP.1524.SP.MA.NE.ZS.csv.gz","31783"
"D:\胡溪筼\Documents\2026-7Fall\Carolina Data Challenge 2026\Graduate_Dataset\all_sources\002_WDI\SL.EMP.1524.SP.MA.ZS.csv.gz","61879"
"D:\胡溪筼\Documents\2026-7Fall\Carolina Data Challenge 2026\Graduate_Dataset\all_sources\002_WDI\SL.EMP.1524.SP.NE.ZS.csv.gz","31864"
"D:\胡溪筼\Documents\2026-7Fall\Carolina Data Challenge 2026\Graduate_Dataset\all_sources\002_WDI\SL.EMP.1524.SP.ZS.csv.gz","61775"
"D:\胡溪筼\Documents\2026-7Fall\Carolina Data Challenge 2026\Graduate_Dataset\all_sources\002_WDI\SL.EMP.MPYR.FE.ZS.csv.gz","99987"
"D:\胡溪筼\Documents\2026-7Fall\Carolina Data Challenge 2026\Graduate_Dataset\all_sources\002_WDI\SL.EMP.MPYR.MA.ZS.csv.gz","100016"
"D:\胡溪筼\Documents\2026-7Fall\Carolina Data Challenge 2026\Graduate_Dataset\all_sources\002_WDI\SL.EMP.MPYR.ZS.csv.gz","99714"
"D:\胡溪筼\Documents\2026-7Fall\Carolina Data Challenge 2026\Graduate_Dataset\all_sources\002_WDI\SL.EMP.SELF.FE.ZS.csv.gz","100648"
"D:\胡溪筼\Documents\2026-7Fall\Carolina Data Challenge 2026\Graduate_Dataset\all_sources\002_WDI\SL.EMP.SELF.MA.ZS.csv.gz","100478"
"D:\胡溪筼\Documents\2026-7Fall\Carolina Data Challenge 2026\Graduate_Dataset\all_sources\002_WDI\SL.EMP.SELF.ZS.csv.gz","100376"
"D:\胡溪筼\Documents\2026-7Fall\Carolina Data Challenge 2026\Graduate_Dataset\all_sources\002_WDI\SL.EMP.SMGT.FE.ZS.csv.gz","12760"
"D:\胡溪筼\Documents\2026-7Fall\Carolina Data Challenge 2026\Graduate_Dataset\all_sources\002_WDI\SL.EMP.TOTL.SP.FE.NE.ZS.csv.gz","35554"
"D:\胡溪筼\Documents\2026-7Fall\Carolina Data Challenge 2026\Graduate_Dataset\all_sources\002_WDI\SL.EMP.TOTL.SP.FE.ZS.csv.gz","61544"
"D:\胡溪筼\Documents\2026-7Fall\Carolina Data Challenge 2026\Graduate_Dataset\all_sources\002_WDI\SL.EMP.TOTL.SP.MA.NE.ZS.csv.gz","35120"
"D:\胡溪筼\Documents\2026-7Fall\Carolina Data Challenge 2026\Graduate_Dataset\all_sources\002_WDI\SL.EMP.TOTL.SP.MA.ZS.csv.gz","60966"
"D:\胡溪筼\Documents\2026-7Fall\Carolina Data Challenge 2026\Graduate_Dataset\all_sources\002_WDI\SL.EMP.TOTL.SP.NE.ZS.csv.gz","37603"
"D:\胡溪筼\Documents\2026-7Fall\Carolina Data Challenge 2026\Graduate_Dataset\all_sources\002_WDI\SL.EMP.TOTL.SP.ZS.csv.gz","60899"
"D:\胡溪筼\Documents\2026-7Fall\Carolina Data Challenge 2026\Graduate_Dataset\all_sources\002_WDI\SL.EMP.VULN.FE.ZS.csv.gz","100898"
"D:\胡溪筼\Documents\2026-7Fall\Carolina Data Challenge 2026\Graduate_Dataset\all_sources\002_WDI\SL.EMP.VULN.MA.ZS.csv.gz","100638"
"D:\胡溪筼\Documents\2026-7Fall\Carolina Data Challenge 2026\Graduate_Dataset\all_sources\002_WDI\SL.EMP.VULN.ZS.csv.gz","100639"
"D:\胡溪筼\Documents\2026-7Fall\Carolina Data Challenge 2026\Graduate_Dataset\all_sources\002_WDI\SL.EMP.WORK.FE.ZS.csv.gz","100440"
"D:\胡溪筼\Documents\2026-7Fall\Carolina Data Challenge 2026\Graduate_Dataset\all_sources\002_WDI\SL.EMP.WORK.MA.ZS.csv.gz","100370"
"D:\胡溪筼\Documents\2026-7Fall\Carolina Data Challenge 2026\Graduate_Dataset\all_sources\002_WDI\SL.EMP.WORK.ZS.csv.gz","100366"
"D:\胡溪筼\Documents\2026-7Fall\Carolina Data Challenge 2026\Graduate_Dataset\all_sources\002_WDI\SL.FAM.0714.FE.ZS.csv.gz","2140"
"D:\胡溪筼\Documents\2026-7Fall\Carolina Data Challenge 2026\Graduate_Dataset\all_sources\002_WDI\SL.FAM.0714.MA.ZS.csv.gz","2126"
"D:\胡溪筼\Documents\2026-7Fall\Carolina Data Challenge 2026\Graduate_Dataset\all_sources\002_WDI\SL.FAM.0714.ZS.csv.gz","2146"
"D:\胡溪筼\Documents\2026-7Fall\Carolina Data Challenge 2026\Graduate_Dataset\all_sources\002_WDI\SL.FAM.WORK.FE.ZS.csv.gz","101400"
"D:\胡溪筼\Documents\2026-7Fall\Carolina Data Challenge 2026\Graduate_Dataset\all_sources\002_WDI\SL.FAM.WORK.MA.ZS.csv.gz","101386"
"D:\胡溪筼\Documents\2026-7Fall\Carolina Data Challenge 2026\Graduate_Dataset\all_sources\002_WDI\SL.FAM.WORK.ZS.csv.gz","101307"
"D:\胡溪筼\Documents\2026-7Fall\Carolina Data Challenge 2026\Graduate_Dataset\all_sources\002_WDI\SL.GDP.PCAP.EM.KD.csv.gz","98938"
"D:\胡溪筼\Documents\2026-7Fall\Carolina Data Challenge 2026\Graduate_Dataset\all_sources\002_WDI\SL.IND.EMPL.FE.ZS.csv.gz","100005"
"D:\胡溪筼\Documents\2026-7Fall\Carolina Data Challenge 2026\Graduate_Dataset\all_sources\002_WDI\SL.IND.EMPL.MA.ZS.csv.gz","99683"
"D:\胡溪筼\Documents\2026-7Fall\Carolina Data Challenge 2026\Graduate_Dataset\all_sources\002_WDI\SL.IND.EMPL.ZS.csv.gz","99513"
"D:\胡溪筼\Documents\2026-7Fall\Carolina Data Challenge 2026\Graduate_Dataset\all_sources\002_WDI\SL.MNF.0714.FE.ZS.csv.gz","1690"
"D:\胡溪筼\Documents\2026-7Fall\Carolina Data Challenge 2026\Graduate_Dataset\all_sources\002_WDI\SL.MNF.0714.MA.ZS.csv.gz","1688"
"D:\胡溪筼\Documents\2026-7Fall\Carolina Data Challenge 2026\Graduate_Dataset\all_sources\002_WDI\SL.MNF.0714.ZS.csv.gz","1651"
"D:\胡溪筼\Documents\2026-7Fall\Carolina Data Challenge 2026\Graduate_Dataset\all_sources\002_WDI\SL.SLF.0714.FE.ZS.csv.gz","1316"
"D:\胡溪筼\Documents\2026-7Fall\Carolina Data Challenge 2026\Graduate_Dataset\all_sources\002_WDI\SL.SLF.0714.MA.ZS.csv.gz","1314"
"D:\胡溪筼\Documents\2026-7Fall\Carolina Data Challenge 2026\Graduate_Dataset\all_sources\002_WDI\SL.SLF.0714.ZS.csv.gz","1319"
"D:\胡溪筼\Documents\2026-7Fall\Carolina Data Challenge 2026\Graduate_Dataset\all_sources\002_WDI\SL.SRV.0714.FE.ZS.csv.gz","1790"
"D:\胡溪筼\Documents\2026-7Fall\Carolina Data Challenge 2026\Graduate_Dataset\all_sources\002_WDI\SL.SRV.0714.MA.ZS.csv.gz","1792"
"D:\胡溪筼\Documents\2026-7Fall\Carolina Data Challenge 2026\Graduate_Dataset\all_sources\002_WDI\SL.SRV.0714.ZS.csv.gz","1722"
"D:\胡溪筼\Documents\2026-7Fall\Carolina Data Challenge 2026\Graduate_Dataset\all_sources\002_WDI\SL.SRV.EMPL.FE.ZS.csv.gz","100816"
"D:\胡溪筼\Documents\2026-7Fall\Carolina Data Challenge 2026\Graduate_Dataset\all_sources\002_WDI\SL.SRV.EMPL.MA.ZS.csv.gz","100336"
"D:\胡溪筼\Documents\2026-7Fall\Carolina Data Challenge 2026\Graduate_Dataset\all_sources\002_WDI\SL.SRV.EMPL.ZS.csv.gz","100474"
"D:\胡溪筼\Documents\2026-7Fall\Carolina Data Challenge 2026\Graduate_Dataset\all_sources\002_WDI\SL.TLF.0714.FE.ZS.csv.gz","3008"
"D:\胡溪筼\Documents\2026-7Fall\Carolina Data Challenge 2026\Graduate_Dataset\all_sources\002_WDI\SL.TLF.0714.MA.ZS.csv.gz","3035"
"D:\胡溪筼\Documents\2026-7Fall\Carolina Data Challenge 2026\Graduate_Dataset\all_sources\002_WDI\SL.TLF.0714.SW.FE.TM.csv.gz","1979"
"D:\胡溪筼\Documents\2026-7Fall\Carolina Data Challenge 2026\Graduate_Dataset\all_sources\002_WDI\SL.TLF.0714.SW.FE.ZS.csv.gz","2866"
"D:\胡溪筼\Documents\2026-7Fall\Carolina Data Challenge 2026\Graduate_Dataset\all_sources\002_WDI\SL.TLF.0714.SW.MA.TM.csv.gz","1967"
"D:\胡溪筼\Documents\2026-7Fall\Carolina Data Challenge 2026\Graduate_Dataset\all_sources\002_WDI\SL.TLF.0714.SW.MA.ZS.csv.gz","2879"
"D:\胡溪筼\Documents\2026-7Fall\Carolina Data Challenge 2026\Graduate_Dataset\all_sources\002_WDI\SL.TLF.0714.SW.TM.csv.gz","1963"
"D:\胡溪筼\Documents\2026-7Fall\Carolina Data Challenge 2026\Graduate_Dataset\all_sources\002_WDI\SL.TLF.0714.SW.ZS.csv.gz","3407"
"D:\胡溪筼\Documents\2026-7Fall\Carolina Data Challenge 2026\Graduate_Dataset\all_sources\002_WDI\SL.TLF.0714.WK.FE.TM.csv.gz","1881"
"D:\胡溪筼\Documents\2026-7Fall\Carolina Data Challenge 2026\Graduate_Dataset\all_sources\002_WDI\SL.TLF.0714.WK.FE.ZS.csv.gz","2853"
"D:\胡溪筼\Documents\2026-7Fall\Carolina Data Challenge 2026\Graduate_Dataset\all_sources\002_WDI\SL.TLF.0714.WK.MA.TM.csv.gz","1909"
"D:\胡溪筼\Documents\2026-7Fall\Carolina Data Challenge 2026\Graduate_Dataset\all_sources\002_WDI\SL.TLF.0714.WK.MA.ZS.csv.gz","2881"
"D:\胡溪筼\Documents\2026-7Fall\Carolina Data Challenge 2026\Graduate_Dataset\all_sources\002_WDI\SL.TLF.0714.WK.TM.csv.gz","1907"
"D:\胡溪筼\Documents\2026-7Fall\Carolina Data Challenge 2026\Graduate_Dataset\all_sources\002_WDI\SL.TLF.0714.WK.ZS.csv.gz","3382"
"D:\胡溪筼\Documents\2026-7Fall\Carolina Data Challenge 2026\Graduate_Dataset\all_sources\002_WDI\SL.TLF.0714.ZS.csv.gz","3001"
"D:\胡溪筼\Documents\2026-7Fall\Carolina Data Challenge 2026\Graduate_Dataset\all_sources\002_WDI\SL.TLF.ACTI.1524.FE.NE.ZS.csv.gz","36909"
"D:\胡溪筼\Documents\2026-7Fall\Carolina Data Challenge 2026\Graduate_Dataset\all_sources\002_WDI\SL.TLF.ACTI.1524.FE.ZS.csv.gz","63034"
"D:\胡溪筼\Documents\2026-7Fall\Carolina Data Challenge 2026\Graduate_Dataset\all_sources\002_WDI\SL.TLF.ACTI.1524.MA.NE.ZS.csv.gz","36809"
"D:\胡溪筼\Documents\2026-7Fall\Carolina Data Challenge 2026\Graduate_Dataset\all_sources\002_WDI\SL.TLF.ACTI.1524.MA.ZS.csv.gz","63021"
"D:\胡溪筼\Documents\2026-7Fall\Carolina Data Challenge 2026\Graduate_Dataset\all_sources\002_WDI\SL.TLF.ACTI.1524.NE.ZS.csv.gz","36879"
"D:\胡溪筼\Documents\2026-7Fall\Carolina Data Challenge 2026\Graduate_Dataset\all_sources\002_WDI\SL.TLF.ACTI.1524.ZS.csv.gz","63138"
"D:\胡溪筼\Documents\2026-7Fall\Carolina Data Challenge 2026\Graduate_Dataset\all_sources\002_WDI\SL.TLF.ACTI.FE.ZS.csv.gz","63152"
"D:\胡溪筼\Documents\2026-7Fall\Carolina Data Challenge 2026\Graduate_Dataset\all_sources\002_WDI\SL.TLF.ACTI.MA.ZS.csv.gz","61792"
"D:\胡溪筼\Documents\2026-7Fall\Carolina Data Challenge 2026\Graduate_Dataset\all_sources\002_WDI\SL.TLF.ACTI.ZS.csv.gz","62190"
"D:\胡溪筼\Documents\2026-7Fall\Carolina Data Challenge 2026\Graduate_Dataset\all_sources\002_WDI\SL.TLF.ADVN.FE.ZS.csv.gz","21962"
"D:\胡溪筼\Documents\2026-7Fall\Carolina Data Challenge 2026\Graduate_Dataset\all_sources\002_WDI\SL.TLF.ADVN.MA.ZS.csv.gz","21797"
"D:\胡溪筼\Documents\2026-7Fall\Carolina Data Challenge 2026\Graduate_Dataset\all_sources\002_WDI\SL.TLF.ADVN.ZS.csv.gz","21770"
"D:\胡溪筼\Documents\2026-7Fall\Carolina Data Challenge 2026\Graduate_Dataset\all_sources\002_WDI\SL.TLF.BASC.FE.ZS.csv.gz","22705"
"D:\胡溪筼\Documents\2026-7Fall\Carolina Data Challenge 2026\Graduate_Dataset\all_sources\002_WDI\SL.TLF.BASC.MA.ZS.csv.gz","22667"
"D:\胡溪筼\Documents\2026-7Fall\Carolina Data Challenge 2026\Graduate_Dataset\all_sources\002_WDI\SL.TLF.BASC.ZS.csv.gz","22754"
"D:\胡溪筼\Documents\2026-7Fall\Carolina Data Challenge 2026\Graduate_Dataset\all_sources\002_WDI\SL.TLF.CACT.FE.NE.ZS.csv.gz","40731"
"D:\胡溪筼\Documents\2026-7Fall\Carolina Data Challenge 2026\Graduate_Dataset\all_sources\002_WDI\SL.TLF.CACT.FE.ZS.csv.gz","62802"
"D:\胡溪筼\Documents\2026-7Fall\Carolina Data Challenge 2026\Graduate_Dataset\all_sources\002_WDI\SL.TLF.CACT.FM.NE.ZS.csv.gz","68423"
"D:\胡溪筼\Documents\2026-7Fall\Carolina Data Challenge 2026\Graduate_Dataset\all_sources\002_WDI\SL.TLF.CACT.FM.ZS.csv.gz","102802"
"D:\胡溪筼\Documents\2026-7Fall\Carolina Data Challenge 2026\Graduate_Dataset\all_sources\002_WDI\SL.TLF.CACT.MA.NE.ZS.csv.gz","39851"
"D:\胡溪筼\Documents\2026-7Fall\Carolina Data Challenge 2026\Graduate_Dataset\all_sources\002_WDI\SL.TLF.CACT.MA.ZS.csv.gz","62096"
"D:\胡溪筼\Documents\2026-7Fall\Carolina Data Challenge 2026\Graduate_Dataset\all_sources\002_WDI\SL.TLF.CACT.NE.ZS.csv.gz","42114"
"D:\胡溪筼\Documents\2026-7Fall\Carolina Data Challenge 2026\Graduate_Dataset\all_sources\002_WDI\SL.TLF.CACT.ZS.csv.gz","61935"
"D:\胡溪筼\Documents\2026-7Fall\Carolina Data Challenge 2026\Graduate_Dataset\all_sources\002_WDI\SL.TLF.INTM.FE.ZS.csv.gz","22425"
"D:\胡溪筼\Documents\2026-7Fall\Carolina Data Challenge 2026\Graduate_Dataset\all_sources\002_WDI\SL.TLF.INTM.MA.ZS.csv.gz","22207"
"D:\胡溪筼\Documents\2026-7Fall\Carolina Data Challenge 2026\Graduate_Dataset\all_sources\002_WDI\SL.TLF.INTM.ZS.csv.gz","22251"
"D:\胡溪筼\Documents\2026-7Fall\Carolina Data Challenge 2026\Graduate_Dataset\all_sources\002_WDI\SL.TLF.PART.FE.ZS.csv.gz","20753"
"D:\胡溪筼\Documents\2026-7Fall\Carolina Data Challenge 2026\Graduate_Dataset\all_sources\002_WDI\SL.TLF.PART.MA.ZS.csv.gz","20503"
"D:\胡溪筼\Documents\2026-7Fall\Carolina Data Challenge 2026\Graduate_Dataset\all_sources\002_WDI\SL.TLF.PART.ZS.csv.gz","20566"
"D:\胡溪筼\Documents\2026-7Fall\Carolina Data Challenge 2026\Graduate_Dataset\all_sources\002_WDI\SL.TLF.TOTL.FE.ZS.csv.gz","101274"
"D:\胡溪筼\Documents\2026-7Fall\Carolina Data Challenge 2026\Graduate_Dataset\all_sources\002_WDI\SL.TLF.TOTL.IN.csv.gz","67729"
"D:\胡溪筼\Documents\2026-7Fall\Carolina Data Challenge 2026\Graduate_Dataset\all_sources\002_WDI\SL.UEM.1524.FE.NE.ZS.csv.gz","31930"
"D:\胡溪筼\Documents\2026-7Fall\Carolina Data Challenge 2026\Graduate_Dataset\all_sources\002_WDI\SL.UEM.1524.FE.ZS.csv.gz","61326"
"D:\胡溪筼\Documents\2026-7Fall\Carolina Data Challenge 2026\Graduate_Dataset\all_sources\002_WDI\SL.UEM.1524.MA.NE.ZS.csv.gz","31792"
"D:\胡溪筼\Documents\2026-7Fall\Carolina Data Challenge 2026\Graduate_Dataset\all_sources\002_WDI\SL.UEM.1524.MA.ZS.csv.gz","60843"
"D:\胡溪筼\Documents\2026-7Fall\Carolina Data Challenge 2026\Graduate_Dataset\all_sources\002_WDI\SL.UEM.1524.NE.ZS.csv.gz","32561"
"D:\胡溪筼\Documents\2026-7Fall\Carolina Data Challenge 2026\Graduate_Dataset\all_sources\002_WDI\SL.UEM.1524.ZS.csv.gz","60870"
"D:\胡溪筼\Documents\2026-7Fall\Carolina Data Challenge 2026\Graduate_Dataset\all_sources\002_WDI\SL.UEM.ADVN.FE.ZS.csv.gz","21292"
"D:\胡溪筼\Documents\2026-7Fall\Carolina Data Challenge 2026\Graduate_Dataset\all_sources\002_WDI\SL.UEM.ADVN.MA.ZS.csv.gz","20957"
"D:\胡溪筼\Documents\2026-7Fall\Carolina Data Challenge 2026\Graduate_Dataset\all_sources\002_WDI\SL.UEM.ADVN.ZS.csv.gz","21330"
"D:\胡溪筼\Documents\2026-7Fall\Carolina Data Challenge 2026\Graduate_Dataset\all_sources\002_WDI\SL.UEM.BASC.FE.ZS.csv.gz","22133"
"D:\胡溪筼\Documents\2026-7Fall\Carolina Data Challenge 2026\Graduate_Dataset\all_sources\002_WDI\SL.UEM.BASC.MA.ZS.csv.gz","22197"
"D:\胡溪筼\Documents\2026-7Fall\Carolina Data Challenge 2026\Graduate_Dataset\all_sources\002_WDI\SL.UEM.BASC.ZS.csv.gz","22319"
"D:\胡溪筼\Documents\2026-7Fall\Carolina Data Challenge 2026\Graduate_Dataset\all_sources\002_WDI\SL.UEM.INTM.FE.ZS.csv.gz","22025"
"D:\胡溪筼\Documents\2026-7Fall\Carolina Data Challenge 2026\Graduate_Dataset\all_sources\002_WDI\SL.UEM.INTM.MA.ZS.csv.gz","21772"
"D:\胡溪筼\Documents\2026-7Fall\Carolina Data Challenge 2026\Graduate_Dataset\all_sources\002_WDI\SL.UEM.INTM.ZS.csv.gz","22040"
"D:\胡溪筼\Documents\2026-7Fall\Carolina Data Challenge 2026\Graduate_Dataset\all_sources\002_WDI\SL.UEM.NEET.FE.ME.ZS.csv.gz","38736"
"D:\胡溪筼\Documents\2026-7Fall\Carolina Data Challenge 2026\Graduate_Dataset\all_sources\002_WDI\SL.UEM.NEET.FE.ZS.csv.gz","22547"
"D:\胡溪筼\Documents\2026-7Fall\Carolina Data Challenge 2026\Graduate_Dataset\all_sources\002_WDI\SL.UEM.NEET.MA.ME.ZS.csv.gz","37941"
"D:\胡溪筼\Documents\2026-7Fall\Carolina Data Challenge 2026\Graduate_Dataset\all_sources\002_WDI\SL.UEM.NEET.MA.ZS.csv.gz","22064"
"D:\胡溪筼\Documents\2026-7Fall\Carolina Data Challenge 2026\Graduate_Dataset\all_sources\002_WDI\SL.UEM.NEET.ME.ZS.csv.gz","38153"
"D:\胡溪筼\Documents\2026-7Fall\Carolina Data Challenge 2026\Graduate_Dataset\all_sources\002_WDI\SL.UEM.NEET.ZS.csv.gz","22410"
"D:\胡溪筼\Documents\2026-7Fall\Carolina Data Challenge 2026\Graduate_Dataset\all_sources\002_WDI\SL.UEM.TOTL.FE.NE.ZS.csv.gz","38383"
"D:\胡溪筼\Documents\2026-7Fall\Carolina Data Challenge 2026\Graduate_Dataset\all_sources\002_WDI\SL.UEM.TOTL.FE.ZS.csv.gz","59763"
"D:\胡溪筼\Documents\2026-7Fall\Carolina Data Challenge 2026\Graduate_Dataset\all_sources\002_WDI\SL.UEM.TOTL.MA.NE.ZS.csv.gz","38014"
"D:\胡溪筼\Documents\2026-7Fall\Carolina Data Challenge 2026\Graduate_Dataset\all_sources\002_WDI\SL.UEM.TOTL.MA.ZS.csv.gz","59366"
"D:\胡溪筼\Documents\2026-7Fall\Carolina Data Challenge 2026\Graduate_Dataset\all_sources\002_WDI\SL.UEM.TOTL.NE.ZS.csv.gz","43074"
"D:\胡溪筼\Documents\2026-7Fall\Carolina Data Challenge 2026\Graduate_Dataset\all_sources\002_WDI\SL.UEM.TOTL.ZS.csv.gz","58797"
"D:\胡溪筼\Documents\2026-7Fall\Carolina Data Challenge 2026\Graduate_Dataset\all_sources\002_WDI\SL.WAG.0714.FE.ZS.csv.gz","2070"
"D:\胡溪筼\Documents\2026-7Fall\Carolina Data Challenge 2026\Graduate_Dataset\all_sources\002_WDI\SL.WAG.0714.MA.ZS.csv.gz","2086"
"D:\胡溪筼\Documents\2026-7Fall\Carolina Data Challenge 2026\Graduate_Dataset\all_sources\002_WDI\SL.WAG.0714.ZS.csv.gz","2060"
"D:\胡溪筼\Documents\2026-7Fall\Carolina Data Challenge 2026\Graduate_Dataset\all_sources\002_WDI\SM.POP.ASYS.EA.csv.gz","32604"
"D:\胡溪筼\Documents\2026-7Fall\Carolina Data Challenge 2026\Graduate_Dataset\all_sources\002_WDI\SM.POP.ASYS.EO.csv.gz","36854"
"D:\胡溪筼\Documents\2026-7Fall\Carolina Data Challenge 2026\Graduate_Dataset\all_sources\002_WDI\SM.POP.FDIP.csv.gz","25898"
"D:\胡溪筼\Documents\2026-7Fall\Carolina Data Challenge 2026\Graduate_Dataset\all_sources\002_WDI\SM.POP.IDPC.csv.gz","10681"
"D:\胡溪筼\Documents\2026-7Fall\Carolina Data Challenge 2026\Graduate_Dataset\all_sources\002_WDI\SM.POP.NETM.csv.gz","110632"
"D:\胡溪筼\Documents\2026-7Fall\Carolina Data Challenge 2026\Graduate_Dataset\all_sources\002_WDI\SM.POP.OPIP.EA.csv.gz","2942"
"D:\胡溪筼\Documents\2026-7Fall\Carolina Data Challenge 2026\Graduate_Dataset\all_sources\002_WDI\SM.POP.OPIP.EO.csv.gz","877"
"D:\胡溪筼\Documents\2026-7Fall\Carolina Data Challenge 2026\Graduate_Dataset\all_sources\002_WDI\SM.POP.RHCR.EA.csv.gz","63696"
"D:\胡溪筼\Documents\2026-7Fall\Carolina Data Challenge 2026\Graduate_Dataset\all_sources\002_WDI\SM.POP.RHCR.EO.csv.gz","60593"
"D:\胡溪筼\Documents\2026-7Fall\Carolina Data Challenge 2026\Graduate_Dataset\all_sources\002_WDI\SM.POP.RRWA.EA.csv.gz","8750"
"D:\胡溪筼\Documents\2026-7Fall\Carolina Data Challenge 2026\Graduate_Dataset\all_sources\002_WDI\SM.POP.RRWA.EO.csv.gz","2977"
"D:\胡溪筼\Documents\2026-7Fall\Carolina Data Challenge 2026\Graduate_Dataset\all_sources\002_WDI\SM.POP.TOTL.csv.gz","18088"
"D:\胡溪筼\Documents\2026-7Fall\Carolina Data Challenge 2026\Graduate_Dataset\all_sources\002_WDI\SM.POP.TOTL.ZS.csv.gz","15723"
"D:\胡溪筼\Documents\2026-7Fall\Carolina Data Challenge 2026\Graduate_Dataset\all_sources\002_WDI\SN.ITK.DEFC.ZS.csv.gz","31129"
"D:\胡溪筼\Documents\2026-7Fall\Carolina Data Challenge 2026\Graduate_Dataset\all_sources\002_WDI\SN.ITK.MSFI.ZS.csv.gz","9916"
"D:\胡溪筼\Documents\2026-7Fall\Carolina Data Challenge 2026\Graduate_Dataset\all_sources\002_WDI\SN.ITK.SALT.ZS.csv.gz","4326"
"D:\胡溪筼\Documents\2026-7Fall\Carolina Data Challenge 2026\Graduate_Dataset\all_sources\002_WDI\SN.ITK.SVFI.ZS.csv.gz","9276"
"D:\胡溪筼\Documents\2026-7Fall\Carolina Data Challenge 2026\Graduate_Dataset\all_sources\002_WDI\SN.ITK.VITA.ZS.csv.gz","10407"
"D:\胡溪筼\Documents\2026-7Fall\Carolina Data Challenge 2026\Graduate_Dataset\all_sources\002_WDI\SP.ADO.TFRT.csv.gz","129790"
"D:\胡溪筼\Documents\2026-7Fall\Carolina Data Challenge 2026\Graduate_Dataset\all_sources\002_WDI\SP.DYN.AMRT.FE.csv.gz","133037"
"D:\胡溪筼\Documents\2026-7Fall\Carolina Data Challenge 2026\Graduate_Dataset\all_sources\002_WDI\SP.DYN.AMRT.MA.csv.gz","134097"
"D:\胡溪筼\Documents\2026-7Fall\Carolina Data Challenge 2026\Graduate_Dataset\all_sources\002_WDI\SP.DYN.CBRT.IN.csv.gz","117980"
"D:\胡溪筼\Documents\2026-7Fall\Carolina Data Challenge 2026\Graduate_Dataset\all_sources\002_WDI\SP.DYN.CDRT.IN.csv.gz","113690"
"D:\胡溪筼\Documents\2026-7Fall\Carolina Data Challenge 2026\Graduate_Dataset\all_sources\002_WDI\SP.DYN.CONM.ZS.csv.gz","12233"
"D:\胡溪筼\Documents\2026-7Fall\Carolina Data Challenge 2026\Graduate_Dataset\all_sources\002_WDI\SP.DYN.CONU.ZS.csv.gz","12613"
"D:\胡溪筼\Documents\2026-7Fall\Carolina Data Challenge 2026\Graduate_Dataset\all_sources\002_WDI\SP.DYN.IMRT.FE.IN.csv.gz","77723"
"D:\胡溪筼\Documents\2026-7Fall\Carolina Data Challenge 2026\Graduate_Dataset\all_sources\002_WDI\SP.DYN.IMRT.IN.csv.gz","78068"
"D:\胡溪筼\Documents\2026-7Fall\Carolina Data Challenge 2026\Graduate_Dataset\all_sources\002_WDI\SP.DYN.IMRT.MA.IN.csv.gz","78450"
"D:\胡溪筼\Documents\2026-7Fall\Carolina Data Challenge 2026\Graduate_Dataset\all_sources\002_WDI\SP.DYN.LE00.FE.IN.csv.gz","119532"
"D:\胡溪筼\Documents\2026-7Fall\Carolina Data Challenge 2026\Graduate_Dataset\all_sources\002_WDI\SP.DYN.LE00.IN.csv.gz","126996"
"D:\胡溪筼\Documents\2026-7Fall\Carolina Data Challenge 2026\Graduate_Dataset\all_sources\002_WDI\SP.DYN.LE00.MA.IN.csv.gz","119391"
"D:\胡溪筼\Documents\2026-7Fall\Carolina Data Challenge 2026\Graduate_Dataset\all_sources\002_WDI\SP.DYN.TFRT.IN.csv.gz","112067"
"D:\胡溪筼\Documents\2026-7Fall\Carolina Data Challenge 2026\Graduate_Dataset\all_sources\002_WDI\SP.DYN.TO65.FE.ZS.csv.gz","152791"
"D:\胡溪筼\Documents\2026-7Fall\Carolina Data Challenge 2026\Graduate_Dataset\all_sources\002_WDI\SP.DYN.TO65.MA.ZS.csv.gz","153057"
"D:\胡溪筼\Documents\2026-7Fall\Carolina Data Challenge 2026\Graduate_Dataset\all_sources\002_WDI\SP.DYN.WFRT.csv.gz","2777"
"D:\胡溪筼\Documents\2026-7Fall\Carolina Data Challenge 2026\Graduate_Dataset\all_sources\002_WDI\SP.HOU.FEMA.ZS.csv.gz","2696"
"D:\胡溪筼\Documents\2026-7Fall\Carolina Data Challenge 2026\Graduate_Dataset\all_sources\002_WDI\SP.M15.2024.FE.ZS.csv.gz","3780"
"D:\胡溪筼\Documents\2026-7Fall\Carolina Data Challenge 2026\Graduate_Dataset\all_sources\002_WDI\SP.M18.2024.FE.ZS.csv.gz","4878"
"D:\胡溪筼\Documents\2026-7Fall\Carolina Data Challenge 2026\Graduate_Dataset\all_sources\002_WDI\SP.MTR.1519.ZS.csv.gz","3116"
"D:\胡溪筼\Documents\2026-7Fall\Carolina Data Challenge 2026\Graduate_Dataset\all_sources\002_WDI\SP.POP.0004.FE.5Y.csv.gz","207489"
"D:\胡溪筼\Documents\2026-7Fall\Carolina Data Challenge 2026\Graduate_Dataset\all_sources\002_WDI\SP.POP.0004.MA.5Y.csv.gz","207355"
"D:\胡溪筼\Documents\2026-7Fall\Carolina Data Challenge 2026\Graduate_Dataset\all_sources\002_WDI\SP.POP.0014.FE.IN.csv.gz","127412"
"D:\胡溪筼\Documents\2026-7Fall\Carolina Data Challenge 2026\Graduate_Dataset\all_sources\002_WDI\SP.POP.0014.FE.ZS.csv.gz","207706"
"D:\胡溪筼\Documents\2026-7Fall\Carolina Data Challenge 2026\Graduate_Dataset\all_sources\002_WDI\SP.POP.0014.MA.IN.csv.gz","127653"
"D:\胡溪筼\Documents\2026-7Fall\Carolina Data Challenge 2026\Graduate_Dataset\all_sources\002_WDI\SP.POP.0014.MA.ZS.csv.gz","207968"
"D:\胡溪筼\Documents\2026-7Fall\Carolina Data Challenge 2026\Graduate_Dataset\all_sources\002_WDI\SP.POP.0014.TO.csv.gz","130751"
"D:\胡溪筼\Documents\2026-7Fall\Carolina Data Challenge 2026\Graduate_Dataset\all_sources\002_WDI\SP.POP.0014.TO.ZS.csv.gz","207709"
"D:\胡溪筼\Documents\2026-7Fall\Carolina Data Challenge 2026\Graduate_Dataset\all_sources\002_WDI\SP.POP.0509.FE.5Y.csv.gz","206491"
"D:\胡溪筼\Documents\2026-7Fall\Carolina Data Challenge 2026\Graduate_Dataset\all_sources\002_WDI\SP.POP.0509.MA.5Y.csv.gz","206319"
"D:\胡溪筼\Documents\2026-7Fall\Carolina Data Challenge 2026\Graduate_Dataset\all_sources\002_WDI\SP.POP.1014.FE.5Y.csv.gz","205700"
"D:\胡溪筼\Documents\2026-7Fall\Carolina Data Challenge 2026\Graduate_Dataset\all_sources\002_WDI\SP.POP.1014.MA.5Y.csv.gz","205651"
"D:\胡溪筼\Documents\2026-7Fall\Carolina Data Challenge 2026\Graduate_Dataset\all_sources\002_WDI\SP.POP.1519.FE.5Y.csv.gz","206179"
"D:\胡溪筼\Documents\2026-7Fall\Carolina Data Challenge 2026\Graduate_Dataset\all_sources\002_WDI\SP.POP.1519.MA.5Y.csv.gz","205842"
"D:\胡溪筼\Documents\2026-7Fall\Carolina Data Challenge 2026\Graduate_Dataset\all_sources\002_WDI\SP.POP.1564.FE.IN.csv.gz","130981"
"D:\胡溪筼\Documents\2026-7Fall\Carolina Data Challenge 2026\Graduate_Dataset\all_sources\002_WDI\SP.POP.1564.FE.ZS.csv.gz","206279"
"D:\胡溪筼\Documents\2026-7Fall\Carolina Data Challenge 2026\Graduate_Dataset\all_sources\002_WDI\SP.POP.1564.MA.IN.csv.gz","131082"
"D:\胡溪筼\Documents\2026-7Fall\Carolina Data Challenge 2026\Graduate_Dataset\all_sources\002_WDI\SP.POP.1564.MA.ZS.csv.gz","207119"
"D:\胡溪筼\Documents\2026-7Fall\Carolina Data Challenge 2026\Graduate_Dataset\all_sources\002_WDI\SP.POP.1564.TO.csv.gz","134116"
"D:\胡溪筼\Documents\2026-7Fall\Carolina Data Challenge 2026\Graduate_Dataset\all_sources\002_WDI\SP.POP.1564.TO.ZS.csv.gz","206601"
"D:\胡溪筼\Documents\2026-7Fall\Carolina Data Challenge 2026\Graduate_Dataset\all_sources\002_WDI\SP.POP.2024.FE.5Y.csv.gz","207492"
"D:\胡溪筼\Documents\2026-7Fall\Carolina Data Challenge 2026\Graduate_Dataset\all_sources\002_WDI\SP.POP.2024.MA.5Y.csv.gz","207609"
"D:\胡溪筼\Documents\2026-7Fall\Carolina Data Challenge 2026\Graduate_Dataset\all_sources\002_WDI\SP.POP.2529.FE.5Y.csv.gz","207286"
"D:\胡溪筼\Documents\2026-7Fall\Carolina Data Challenge 2026\Graduate_Dataset\all_sources\002_WDI\SP.POP.2529.MA.5Y.csv.gz","207364"
"D:\胡溪筼\Documents\2026-7Fall\Carolina Data Challenge 2026\Graduate_Dataset\all_sources\002_WDI\SP.POP.3034.FE.5Y.csv.gz","207237"
"D:\胡溪筼\Documents\2026-7Fall\Carolina Data Challenge 2026\Graduate_Dataset\all_sources\002_WDI\SP.POP.3034.MA.5Y.csv.gz","207689"
"D:\胡溪筼\Documents\2026-7Fall\Carolina Data Challenge 2026\Graduate_Dataset\all_sources\002_WDI\SP.POP.3539.FE.5Y.csv.gz","207559"
"D:\胡溪筼\Documents\2026-7Fall\Carolina Data Challenge 2026\Graduate_Dataset\all_sources\002_WDI\SP.POP.3539.MA.5Y.csv.gz","208037"
"D:\胡溪筼\Documents\2026-7Fall\Carolina Data Challenge 2026\Graduate_Dataset\all_sources\002_WDI\SP.POP.4044.FE.5Y.csv.gz","207548"
"D:\胡溪筼\Documents\2026-7Fall\Carolina Data Challenge 2026\Graduate_Dataset\all_sources\002_WDI\SP.POP.4044.MA.5Y.csv.gz","207953"
"D:\胡溪筼\Documents\2026-7Fall\Carolina Data Challenge 2026\Graduate_Dataset\all_sources\002_WDI\SP.POP.4549.FE.5Y.csv.gz","207691"
"D:\胡溪筼\Documents\2026-7Fall\Carolina Data Challenge 2026\Graduate_Dataset\all_sources\002_WDI\SP.POP.4549.MA.5Y.csv.gz","208060"
"D:\胡溪筼\Documents\2026-7Fall\Carolina Data Challenge 2026\Graduate_Dataset\all_sources\002_WDI\SP.POP.5054.FE.5Y.csv.gz","207730"
"D:\胡溪筼\Documents\2026-7Fall\Carolina Data Challenge 2026\Graduate_Dataset\all_sources\002_WDI\SP.POP.5054.MA.5Y.csv.gz","207767"
"D:\胡溪筼\Documents\2026-7Fall\Carolina Data Challenge 2026\Graduate_Dataset\all_sources\002_WDI\SP.POP.5559.FE.5Y.csv.gz","207821"
"D:\胡溪筼\Documents\2026-7Fall\Carolina Data Challenge 2026\Graduate_Dataset\all_sources\002_WDI\SP.POP.5559.MA.5Y.csv.gz","207488"
"D:\胡溪筼\Documents\2026-7Fall\Carolina Data Challenge 2026\Graduate_Dataset\all_sources\002_WDI\SP.POP.6064.FE.5Y.csv.gz","207333"
"D:\胡溪筼\Documents\2026-7Fall\Carolina Data Challenge 2026\Graduate_Dataset\all_sources\002_WDI\SP.POP.6064.MA.5Y.csv.gz","207051"
"D:\胡溪筼\Documents\2026-7Fall\Carolina Data Challenge 2026\Graduate_Dataset\all_sources\002_WDI\SP.POP.6569.FE.5Y.csv.gz","207388"
"D:\胡溪筼\Documents\2026-7Fall\Carolina Data Challenge 2026\Graduate_Dataset\all_sources\002_WDI\SP.POP.6569.MA.5Y.csv.gz","207068"
"D:\胡溪筼\Documents\2026-7Fall\Carolina Data Challenge 2026\Graduate_Dataset\all_sources\002_WDI\SP.POP.65UP.FE.IN.csv.gz","120709"
"D:\胡溪筼\Documents\2026-7Fall\Carolina Data Challenge 2026\Graduate_Dataset\all_sources\002_WDI\SP.POP.65UP.FE.ZS.csv.gz","209437"
"D:\胡溪筼\Documents\2026-7Fall\Carolina Data Challenge 2026\Graduate_Dataset\all_sources\002_WDI\SP.POP.65UP.MA.IN.csv.gz","119537"
"D:\胡溪筼\Documents\2026-7Fall\Carolina Data Challenge 2026\Graduate_Dataset\all_sources\002_WDI\SP.POP.65UP.MA.ZS.csv.gz","209055"
"D:\胡溪筼\Documents\2026-7Fall\Carolina Data Challenge 2026\Graduate_Dataset\all_sources\002_WDI\SP.POP.65UP.TO.csv.gz","123594"
"D:\胡溪筼\Documents\2026-7Fall\Carolina Data Challenge 2026\Graduate_Dataset\all_sources\002_WDI\SP.POP.65UP.TO.ZS.csv.gz","209008"
"D:\胡溪筼\Documents\2026-7Fall\Carolina Data Challenge 2026\Graduate_Dataset\all_sources\002_WDI\SP.POP.7074.FE.5Y.csv.gz","208824"
"D:\胡溪筼\Documents\2026-7Fall\Carolina Data Challenge 2026\Graduate_Dataset\all_sources\002_WDI\SP.POP.7074.MA.5Y.csv.gz","209223"
"D:\胡溪筼\Documents\2026-7Fall\Carolina Data Challenge 2026\Graduate_Dataset\all_sources\002_WDI\SP.POP.7579.FE.5Y.csv.gz","210476"
"D:\胡溪筼\Documents\2026-7Fall\Carolina Data Challenge 2026\Graduate_Dataset\all_sources\002_WDI\SP.POP.7579.MA.5Y.csv.gz","210512"
"D:\胡溪筼\Documents\2026-7Fall\Carolina Data Challenge 2026\Graduate_Dataset\all_sources\002_WDI\SP.POP.80UP.FE.5Y.csv.gz","211745"
"D:\胡溪筼\Documents\2026-7Fall\Carolina Data Challenge 2026\Graduate_Dataset\all_sources\002_WDI\SP.POP.80UP.MA.5Y.csv.gz","211097"
"D:\胡溪筼\Documents\2026-7Fall\Carolina Data Challenge 2026\Graduate_Dataset\all_sources\002_WDI\SP.POP.BRTH.MF.csv.gz","81198"
"D:\胡溪筼\Documents\2026-7Fall\Carolina Data Challenge 2026\Graduate_Dataset\all_sources\002_WDI\SP.POP.DPND.csv.gz","209868"
"D:\胡溪筼\Documents\2026-7Fall\Carolina Data Challenge 2026\Graduate_Dataset\all_sources\002_WDI\SP.POP.DPND.OL.csv.gz","209107"
"D:\胡溪筼\Documents\2026-7Fall\Carolina Data Challenge 2026\Graduate_Dataset\all_sources\002_WDI\SP.POP.DPND.YG.csv.gz","210673"
"D:\胡溪筼\Documents\2026-7Fall\Carolina Data Challenge 2026\Graduate_Dataset\all_sources\002_WDI\SP.POP.GROW.csv.gz","207909"
"D:\胡溪筼\Documents\2026-7Fall\Carolina Data Challenge 2026\Graduate_Dataset\all_sources\002_WDI\SP.POP.SCIE.RD.P6.csv.gz","26155"
"D:\胡溪筼\Documents\2026-7Fall\Carolina Data Challenge 2026\Graduate_Dataset\all_sources\002_WDI\SP.POP.TECH.RD.P6.csv.gz","13613"
"D:\胡溪筼\Documents\2026-7Fall\Carolina Data Challenge 2026\Graduate_Dataset\all_sources\002_WDI\SP.POP.TOTL.csv.gz","134900"
"D:\胡溪筼\Documents\2026-7Fall\Carolina Data Challenge 2026\Graduate_Dataset\all_sources\002_WDI\SP.POP.TOTL.FE.IN.csv.gz","133253"
"D:\胡溪筼\Documents\2026-7Fall\Carolina Data Challenge 2026\Graduate_Dataset\all_sources\002_WDI\SP.POP.TOTL.FE.ZS.csv.gz","200532"
"D:\胡溪筼\Documents\2026-7Fall\Carolina Data Challenge 2026\Graduate_Dataset\all_sources\002_WDI\SP.POP.TOTL.MA.IN.csv.gz","133100"
"D:\胡溪筼\Documents\2026-7Fall\Carolina Data Challenge 2026\Graduate_Dataset\all_sources\002_WDI\SP.POP.TOTL.MA.ZS.csv.gz","200615"
"D:\胡溪筼\Documents\2026-7Fall\Carolina Data Challenge 2026\Graduate_Dataset\all_sources\002_WDI\SP.REG.BRTH.FE.ZS.csv.gz","3097"
"D:\胡溪筼\Documents\2026-7Fall\Carolina Data Challenge 2026\Graduate_Dataset\all_sources\002_WDI\SP.REG.BRTH.MA.ZS.csv.gz","3084"
"D:\胡溪筼\Documents\2026-7Fall\Carolina Data Challenge 2026\Graduate_Dataset\all_sources\002_WDI\SP.REG.BRTH.RU.ZS.csv.gz","3346"
"D:\胡溪筼\Documents\2026-7Fall\Carolina Data Challenge 2026\Graduate_Dataset\all_sources\002_WDI\SP.REG.BRTH.UR.ZS.csv.gz","3313"
"D:\胡溪筼\Documents\2026-7Fall\Carolina Data Challenge 2026\Graduate_Dataset\all_sources\002_WDI\SP.REG.BRTH.ZS.csv.gz","5978"
"D:\胡溪筼\Documents\2026-7Fall\Carolina Data Challenge 2026\Graduate_Dataset\all_sources\002_WDI\SP.REG.DTHS.ZS.csv.gz","5364"
"D:\胡溪筼\Documents\2026-7Fall\Carolina Data Challenge 2026\Graduate_Dataset\all_sources\002_WDI\SP.RUR.TOTL.csv.gz","130083"
"D:\胡溪筼\Documents\2026-7Fall\Carolina Data Challenge 2026\Graduate_Dataset\all_sources\002_WDI\SP.RUR.TOTL.ZG.csv.gz","202870"
"D:\胡溪筼\Documents\2026-7Fall\Carolina Data Challenge 2026\Graduate_Dataset\all_sources\002_WDI\SP.RUR.TOTL.ZS.csv.gz","205053"
"D:\胡溪筼\Documents\2026-7Fall\Carolina Data Challenge 2026\Graduate_Dataset\all_sources\002_WDI\SP.URB.GROW.csv.gz","208595"
"D:\胡溪筼\Documents\2026-7Fall\Carolina Data Challenge 2026\Graduate_Dataset\all_sources\002_WDI\SP.URB.TOTL.csv.gz","132823"
"D:\胡溪筼\Documents\2026-7Fall\Carolina Data Challenge 2026\Graduate_Dataset\all_sources\002_WDI\SP.URB.TOTL.IN.ZS.csv.gz","205072"
"D:\胡溪筼\Documents\2026-7Fall\Carolina Data Challenge 2026\Graduate_Dataset\all_sources\002_WDI\SP.UWT.TFRT.csv.gz","7141"
"D:\胡溪筼\Documents\2026-7Fall\Carolina Data Challenge 2026\Graduate_Dataset\all_sources\002_WDI\ST.INT.ARVL.csv.gz","43667"
"D:\胡溪筼\Documents\2026-7Fall\Carolina Data Challenge 2026\Graduate_Dataset\all_sources\002_WDI\ST.INT.DPRT.csv.gz","23690"
"D:\胡溪筼\Documents\2026-7Fall\Carolina Data Challenge 2026\Graduate_Dataset\all_sources\002_WDI\ST.INT.RCPT.CD.csv.gz","37197"
"D:\胡溪筼\Documents\2026-7Fall\Carolina Data Challenge 2026\Graduate_Dataset\all_sources\002_WDI\ST.INT.RCPT.XP.ZS.csv.gz","60366"
"D:\胡溪筼\Documents\2026-7Fall\Carolina Data Challenge 2026\Graduate_Dataset\all_sources\002_WDI\ST.INT.TRNR.CD.csv.gz","30160"
"D:\胡溪筼\Documents\2026-7Fall\Carolina Data Challenge 2026\Graduate_Dataset\all_sources\002_WDI\ST.INT.TRNX.CD.csv.gz","29997"
"D:\胡溪筼\Documents\2026-7Fall\Carolina Data Challenge 2026\Graduate_Dataset\all_sources\002_WDI\ST.INT.TVLR.CD.csv.gz","41227"
"D:\胡溪筼\Documents\2026-7Fall\Carolina Data Challenge 2026\Graduate_Dataset\all_sources\002_WDI\ST.INT.TVLX.CD.csv.gz","40476"
"D:\胡溪筼\Documents\2026-7Fall\Carolina Data Challenge 2026\Graduate_Dataset\all_sources\002_WDI\ST.INT.XPND.CD.csv.gz","35603"
"D:\胡溪筼\Documents\2026-7Fall\Carolina Data Challenge 2026\Graduate_Dataset\all_sources\002_WDI\ST.INT.XPND.MP.ZS.csv.gz","60560"
"D:\胡溪筼\Documents\2026-7Fall\Carolina Data Challenge 2026\Graduate_Dataset\all_sources\002_WDI\TG.VAL.TOTL.GD.ZS.csv.gz","171672"
"D:\胡溪筼\Documents\2026-7Fall\Carolina Data Challenge 2026\Graduate_Dataset\all_sources\002_WDI\TM.QTY.MRCH.XD.WD.csv.gz","22558"
"D:\胡溪筼\Documents\2026-7Fall\Carolina Data Challenge 2026\Graduate_Dataset\all_sources\002_WDI\TM.TAX.MANF.BC.ZS.csv.gz","11669"
"D:\胡溪筼\Documents\2026-7Fall\Carolina Data Challenge 2026\Graduate_Dataset\all_sources\002_WDI\TM.TAX.MANF.BR.ZS.csv.gz","12241"
"D:\胡溪筼\Documents\2026-7Fall\Carolina Data Challenge 2026\Graduate_Dataset\all_sources\002_WDI\TM.TAX.MANF.SM.AR.ZS.csv.gz","20610"
"D:\胡溪筼\Documents\2026-7Fall\Carolina Data Challenge 2026\Graduate_Dataset\all_sources\002_WDI\TM.TAX.MANF.SM.FN.ZS.csv.gz","19039"
"D:\胡溪筼\Documents\2026-7Fall\Carolina Data Challenge 2026\Graduate_Dataset\all_sources\002_WDI\TM.TAX.MANF.WM.AR.ZS.csv.gz","20640"
"D:\胡溪筼\Documents\2026-7Fall\Carolina Data Challenge 2026\Graduate_Dataset\all_sources\002_WDI\TM.TAX.MANF.WM.FN.ZS.csv.gz","20426"
"D:\胡溪筼\Documents\2026-7Fall\Carolina Data Challenge 2026\Graduate_Dataset\all_sources\002_WDI\TM.TAX.MRCH.BC.ZS.csv.gz","12071"
"D:\胡溪筼\Documents\2026-7Fall\Carolina Data Challenge 2026\Graduate_Dataset\all_sources\002_WDI\TM.TAX.MRCH.BR.ZS.csv.gz","12725"
"D:\胡溪筼\Documents\2026-7Fall\Carolina Data Challenge 2026\Graduate_Dataset\all_sources\002_WDI\TM.TAX.MRCH.SM.AR.ZS.csv.gz","20736"
"D:\胡溪筼\Documents\2026-7Fall\Carolina Data Challenge 2026\Graduate_Dataset\all_sources\002_WDI\TM.TAX.MRCH.SM.FN.ZS.csv.gz","19594"
"D:\胡溪筼\Documents\2026-7Fall\Carolina Data Challenge 2026\Graduate_Dataset\all_sources\002_WDI\TM.TAX.MRCH.WM.AR.ZS.csv.gz","20738"
"D:\胡溪筼\Documents\2026-7Fall\Carolina Data Challenge 2026\Graduate_Dataset\all_sources\002_WDI\TM.TAX.MRCH.WM.FN.ZS.csv.gz","20700"
"D:\胡溪筼\Documents\2026-7Fall\Carolina Data Challenge 2026\Graduate_Dataset\all_sources\002_WDI\TM.TAX.TCOM.BC.ZS.csv.gz","12080"
"D:\胡溪筼\Documents\2026-7Fall\Carolina Data Challenge 2026\Graduate_Dataset\all_sources\002_WDI\TM.TAX.TCOM.BR.ZS.csv.gz","12854"
"D:\胡溪筼\Documents\2026-7Fall\Carolina Data Challenge 2026\Graduate_Dataset\all_sources\002_WDI\TM.TAX.TCOM.SM.AR.ZS.csv.gz","21181"
"D:\胡溪筼\Documents\2026-7Fall\Carolina Data Challenge 2026\Graduate_Dataset\all_sources\002_WDI\TM.TAX.TCOM.SM.FN.ZS.csv.gz","20035"
"D:\胡溪筼\Documents\2026-7Fall\Carolina Data Challenge 2026\Graduate_Dataset\all_sources\002_WDI\TM.TAX.TCOM.WM.AR.ZS.csv.gz","20850"
"D:\胡溪筼\Documents\2026-7Fall\Carolina Data Challenge 2026\Graduate_Dataset\all_sources\002_WDI\TM.TAX.TCOM.WM.FN.ZS.csv.gz","20916"
"D:\胡溪筼\Documents\2026-7Fall\Carolina Data Challenge 2026\Graduate_Dataset\all_sources\002_WDI\TM.UVI.MRCH.XD.WD.csv.gz","34598"
"D:\胡溪筼\Documents\2026-7Fall\Carolina Data Challenge 2026\Graduate_Dataset\all_sources\002_WDI\TM.VAL.AGRI.ZS.UN.csv.gz","122040"
"D:\胡溪筼\Documents\2026-7Fall\Carolina Data Challenge 2026\Graduate_Dataset\all_sources\002_WDI\TM.VAL.FOOD.ZS.UN.csv.gz","121501"
"D:\胡溪筼\Documents\2026-7Fall\Carolina Data Challenge 2026\Graduate_Dataset\all_sources\002_WDI\TM.VAL.FUEL.ZS.UN.csv.gz","122125"
"D:\胡溪筼\Documents\2026-7Fall\Carolina Data Challenge 2026\Graduate_Dataset\all_sources\002_WDI\TM.VAL.ICTG.ZS.UN.csv.gz","36656"
"D:\胡溪筼\Documents\2026-7Fall\Carolina Data Challenge 2026\Graduate_Dataset\all_sources\002_WDI\TM.VAL.INSF.ZS.WT.csv.gz","114481"
"D:\胡溪筼\Documents\2026-7Fall\Carolina Data Challenge 2026\Graduate_Dataset\all_sources\002_WDI\TM.VAL.MANF.ZS.UN.csv.gz","121568"
"D:\胡溪筼\Documents\2026-7Fall\Carolina Data Challenge 2026\Graduate_Dataset\all_sources\002_WDI\TM.VAL.MMTL.ZS.UN.csv.gz","122138"
"D:\胡溪筼\Documents\2026-7Fall\Carolina Data Challenge 2026\Graduate_Dataset\all_sources\002_WDI\TM.VAL.MRCH.AL.ZS.csv.gz","153353"
"D:\胡溪筼\Documents\2026-7Fall\Carolina Data Challenge 2026\Graduate_Dataset\all_sources\002_WDI\TM.VAL.MRCH.CD.WT.csv.gz","102908"
"D:\胡溪筼\Documents\2026-7Fall\Carolina Data Challenge 2026\Graduate_Dataset\all_sources\002_WDI\TM.VAL.MRCH.HI.ZS.csv.gz","162504"
"D:\胡溪筼\Documents\2026-7Fall\Carolina Data Challenge 2026\Graduate_Dataset\all_sources\002_WDI\TM.VAL.MRCH.OR.ZS.csv.gz","161833"
"D:\胡溪筼\Documents\2026-7Fall\Carolina Data Challenge 2026\Graduate_Dataset\all_sources\002_WDI\TM.VAL.MRCH.R1.ZS.csv.gz","159599"
"D:\胡溪筼\Documents\2026-7Fall\Carolina Data Challenge 2026\Graduate_Dataset\all_sources\002_WDI\TM.VAL.MRCH.R2.ZS.csv.gz","139112"
"D:\胡溪筼\Documents\2026-7Fall\Carolina Data Challenge 2026\Graduate_Dataset\all_sources\002_WDI\TM.VAL.MRCH.R3.ZS.csv.gz","154346"
"D:\胡溪筼\Documents\2026-7Fall\Carolina Data Challenge 2026\Graduate_Dataset\all_sources\002_WDI\TM.VAL.MRCH.R4.ZS.csv.gz","152015"
"D:\胡溪筼\Documents\2026-7Fall\Carolina Data Challenge 2026\Graduate_Dataset\all_sources\002_WDI\TM.VAL.MRCH.R5.ZS.csv.gz","158157"
"D:\胡溪筼\Documents\2026-7Fall\Carolina Data Challenge 2026\Graduate_Dataset\all_sources\002_WDI\TM.VAL.MRCH.R6.ZS.csv.gz","157119"
"D:\胡溪筼\Documents\2026-7Fall\Carolina Data Challenge 2026\Graduate_Dataset\all_sources\002_WDI\TM.VAL.MRCH.RS.ZS.csv.gz","144447"
"D:\胡溪筼\Documents\2026-7Fall\Carolina Data Challenge 2026\Graduate_Dataset\all_sources\002_WDI\TM.VAL.MRCH.WL.CD.csv.gz","129135"
"D:\胡溪筼\Documents\2026-7Fall\Carolina Data Challenge 2026\Graduate_Dataset\all_sources\002_WDI\TM.VAL.MRCH.WR.ZS.csv.gz","159402"
"D:\胡溪筼\Documents\2026-7Fall\Carolina Data Challenge 2026\Graduate_Dataset\all_sources\002_WDI\TM.VAL.MRCH.XD.WD.csv.gz","22802"
"D:\胡溪筼\Documents\2026-7Fall\Carolina Data Challenge 2026\Graduate_Dataset\all_sources\002_WDI\TM.VAL.OTHR.ZS.WT.csv.gz","117879"
"D:\胡溪筼\Documents\2026-7Fall\Carolina Data Challenge 2026\Graduate_Dataset\all_sources\002_WDI\TM.VAL.SERV.CD.WT.csv.gz","112573"
"D:\胡溪筼\Documents\2026-7Fall\Carolina Data Challenge 2026\Graduate_Dataset\all_sources\002_WDI\TM.VAL.TRAN.ZS.WT.csv.gz","117480"
"D:\胡溪筼\Documents\2026-7Fall\Carolina Data Challenge 2026\Graduate_Dataset\all_sources\002_WDI\TM.VAL.TRVL.ZS.WT.csv.gz","116298"
"D:\胡溪筼\Documents\2026-7Fall\Carolina Data Challenge 2026\Graduate_Dataset\all_sources\002_WDI\TT.PRI.MRCH.XD.WD.csv.gz","21898"
"D:\胡溪筼\Documents\2026-7Fall\Carolina Data Challenge 2026\Graduate_Dataset\all_sources\002_WDI\TX.MNF.TECH.ZS.UN.csv.gz","55171"
"D:\胡溪筼\Documents\2026-7Fall\Carolina Data Challenge 2026\Graduate_Dataset\all_sources\002_WDI\TX.QTY.MRCH.XD.WD.csv.gz","22755"
"D:\胡溪筼\Documents\2026-7Fall\Carolina Data Challenge 2026\Graduate_Dataset\all_sources\002_WDI\TX.UVI.MRCH.XD.WD.csv.gz","36445"
"D:\胡溪筼\Documents\2026-7Fall\Carolina Data Challenge 2026\Graduate_Dataset\all_sources\002_WDI\TX.VAL.AGRI.ZS.UN.csv.gz","122653"
"D:\胡溪筼\Documents\2026-7Fall\Carolina Data Challenge 2026\Graduate_Dataset\all_sources\002_WDI\TX.VAL.FOOD.ZS.UN.csv.gz","123134"
"D:\胡溪筼\Documents\2026-7Fall\Carolina Data Challenge 2026\Graduate_Dataset\all_sources\002_WDI\TX.VAL.FUEL.ZS.UN.csv.gz","116028"
"D:\胡溪筼\Documents\2026-7Fall\Carolina Data Challenge 2026\Graduate_Dataset\all_sources\002_WDI\TX.VAL.ICTG.ZS.UN.csv.gz","34240"
"D:\胡溪筼\Documents\2026-7Fall\Carolina Data Challenge 2026\Graduate_Dataset\all_sources\002_WDI\TX.VAL.INSF.ZS.WT.csv.gz","102985"
"D:\胡溪筼\Documents\2026-7Fall\Carolina Data Challenge 2026\Graduate_Dataset\all_sources\002_WDI\TX.VAL.MANF.ZS.UN.csv.gz","122734"
"D:\胡溪筼\Documents\2026-7Fall\Carolina Data Challenge 2026\Graduate_Dataset\all_sources\002_WDI\TX.VAL.MMTL.ZS.UN.csv.gz","121339"
"D:\胡溪筼\Documents\2026-7Fall\Carolina Data Challenge 2026\Graduate_Dataset\all_sources\002_WDI\TX.VAL.MRCH.AL.ZS.csv.gz","150043"
"D:\胡溪筼\Documents\2026-7Fall\Carolina Data Challenge 2026\Graduate_Dataset\all_sources\002_WDI\TX.VAL.MRCH.CD.WT.csv.gz","101749"
"D:\胡溪筼\Documents\2026-7Fall\Carolina Data Challenge 2026\Graduate_Dataset\all_sources\002_WDI\TX.VAL.MRCH.HI.ZS.csv.gz","161410"
"D:\胡溪筼\Documents\2026-7Fall\Carolina Data Challenge 2026\Graduate_Dataset\all_sources\002_WDI\TX.VAL.MRCH.OR.ZS.csv.gz","157063"
"D:\胡溪筼\Documents\2026-7Fall\Carolina Data Challenge 2026\Graduate_Dataset\all_sources\002_WDI\TX.VAL.MRCH.R1.ZS.csv.gz","151352"
"D:\胡溪筼\Documents\2026-7Fall\Carolina Data Challenge 2026\Graduate_Dataset\all_sources\002_WDI\TX.VAL.MRCH.R2.ZS.csv.gz","128481"
"D:\胡溪筼\Documents\2026-7Fall\Carolina Data Challenge 2026\Graduate_Dataset\all_sources\002_WDI\TX.VAL.MRCH.R3.ZS.csv.gz","146766"
"D:\胡溪筼\Documents\2026-7Fall\Carolina Data Challenge 2026\Graduate_Dataset\all_sources\002_WDI\TX.VAL.MRCH.R4.ZS.csv.gz","145778"
"D:\胡溪筼\Documents\2026-7Fall\Carolina Data Challenge 2026\Graduate_Dataset\all_sources\002_WDI\TX.VAL.MRCH.R5.ZS.csv.gz","143615"
"D:\胡溪筼\Documents\2026-7Fall\Carolina Data Challenge 2026\Graduate_Dataset\all_sources\002_WDI\TX.VAL.MRCH.R6.ZS.csv.gz","152845"
"D:\胡溪筼\Documents\2026-7Fall\Carolina Data Challenge 2026\Graduate_Dataset\all_sources\002_WDI\TX.VAL.MRCH.RS.ZS.csv.gz","138380"
"D:\胡溪筼\Documents\2026-7Fall\Carolina Data Challenge 2026\Graduate_Dataset\all_sources\002_WDI\TX.VAL.MRCH.WL.CD.csv.gz","127486"
"D:\胡溪筼\Documents\2026-7Fall\Carolina Data Challenge 2026\Graduate_Dataset\all_sources\002_WDI\TX.VAL.MRCH.WR.ZS.csv.gz","158038"
"D:\胡溪筼\Documents\2026-7Fall\Carolina Data Challenge 2026\Graduate_Dataset\all_sources\002_WDI\TX.VAL.MRCH.XD.WD.csv.gz","22983"
"D:\胡溪筼\Documents\2026-7Fall\Carolina Data Challenge 2026\Graduate_Dataset\all_sources\002_WDI\TX.VAL.OTHR.ZS.WT.csv.gz","116273"
"D:\胡溪筼\Documents\2026-7Fall\Carolina Data Challenge 2026\Graduate_Dataset\all_sources\002_WDI\TX.VAL.SERV.CD.WT.csv.gz","111817"
"D:\胡溪筼\Documents\2026-7Fall\Carolina Data Challenge 2026\Graduate_Dataset\all_sources\002_WDI\TX.VAL.TECH.CD.csv.gz","31348"
"D:\胡溪筼\Documents\2026-7Fall\Carolina Data Challenge 2026\Graduate_Dataset\all_sources\002_WDI\TX.VAL.TECH.MF.ZS.csv.gz","43698"
"D:\胡溪筼\Documents\2026-7Fall\Carolina Data Challenge 2026\Graduate_Dataset\all_sources\002_WDI\TX.VAL.TRAN.ZS.WT.csv.gz","115009"
"D:\胡溪筼\Documents\2026-7Fall\Carolina Data Challenge 2026\Graduate_Dataset\all_sources\002_WDI\TX.VAL.TRVL.ZS.WT.csv.gz","115755"
"D:\胡溪筼\Documents\2026-7Fall\Carolina Data Challenge 2026\Graduate_Dataset\all_sources\002_WDI\VC.BTL.DETH.csv.gz","9582"
"D:\胡溪筼\Documents\2026-7Fall\Carolina Data Challenge 2026\Graduate_Dataset\all_sources\002_WDI\VC.IDP.NWCV.csv.gz","4963"
"D:\胡溪筼\Documents\2026-7Fall\Carolina Data Challenge 2026\Graduate_Dataset\all_sources\002_WDI\VC.IDP.NWDS.csv.gz","16032"
"D:\胡溪筼\Documents\2026-7Fall\Carolina Data Challenge 2026\Graduate_Dataset\all_sources\002_WDI\VC.IHR.PSRC.FE.P5.csv.gz","35034"
"D:\胡溪筼\Documents\2026-7Fall\Carolina Data Challenge 2026\Graduate_Dataset\all_sources\002_WDI\VC.IHR.PSRC.MA.P5.csv.gz","36022"
"D:\胡溪筼\Documents\2026-7Fall\Carolina Data Challenge 2026\Graduate_Dataset\all_sources\002_WDI\VC.IHR.PSRC.P5.csv.gz","54330"
"D:\胡溪筼\Documents\2026-7Fall\Carolina Data Challenge 2026\Graduate_Dataset\all_sources\002_WDI\_indicators.csv","1226494"
"D:\胡溪筼\Documents\2026-7Fall\Carolina Data Challenge 2026\Graduate_Dataset\all_sources\002_WDI\_log.csv","39873"
"D:\胡溪筼\Documents\2026-7Fall\Carolina Data Challenge 2026\Graduate_Dataset\all_sources\028_FDX\account.t.d.1.csv.gz","10914"
"D:\胡溪筼\Documents\2026-7Fall\Carolina Data Challenge 2026\Graduate_Dataset\all_sources\028_FDX\account.t.d.10.csv.gz","3226"
"D:\胡溪筼\Documents\2026-7Fall\Carolina Data Challenge 2026\Graduate_Dataset\all_sources\028_FDX\account.t.d.11.csv.gz","10825"
"D:\胡溪筼\Documents\2026-7Fall\Carolina Data Challenge 2026\Graduate_Dataset\all_sources\028_FDX\account.t.d.12.csv.gz","10669"
"D:\胡溪筼\Documents\2026-7Fall\Carolina Data Challenge 2026\Graduate_Dataset\all_sources\028_FDX\account.t.d.2.csv.gz","10912"
"D:\胡溪筼\Documents\2026-7Fall\Carolina Data Challenge 2026\Graduate_Dataset\all_sources\028_FDX\account.t.d.3.csv.gz","10786"
"D:\胡溪筼\Documents\2026-7Fall\Carolina Data Challenge 2026\Graduate_Dataset\all_sources\028_FDX\account.t.d.4.csv.gz","10890"
"D:\胡溪筼\Documents\2026-7Fall\Carolina Data Challenge 2026\Graduate_Dataset\all_sources\028_FDX\account.t.d.5.csv.gz","10740"
"D:\胡溪筼\Documents\2026-7Fall\Carolina Data Challenge 2026\Graduate_Dataset\all_sources\028_FDX\account.t.d.6.csv.gz","10860"
"D:\胡溪筼\Documents\2026-7Fall\Carolina Data Challenge 2026\Graduate_Dataset\all_sources\028_FDX\account.t.d.7.csv.gz","10798"
"D:\胡溪筼\Documents\2026-7Fall\Carolina Data Challenge 2026\Graduate_Dataset\all_sources\028_FDX\account.t.d.8.csv.gz","10686"
"D:\胡溪筼\Documents\2026-7Fall\Carolina Data Challenge 2026\Graduate_Dataset\all_sources\028_FDX\account.t.d.9.csv.gz","3198"
"D:\胡溪筼\Documents\2026-7Fall\Carolina Data Challenge 2026\Graduate_Dataset\all_sources\028_FDX\account.t.d.csv.gz","11303"
"D:\胡溪筼\Documents\2026-7Fall\Carolina Data Challenge 2026\Graduate_Dataset\all_sources\028_FDX\borrow.any.t.d.1.csv.gz","8688"
"D:\胡溪筼\Documents\2026-7Fall\Carolina Data Challenge 2026\Graduate_Dataset\all_sources\028_FDX\borrow.any.t.d.10.csv.gz","2360"
"D:\胡溪筼\Documents\2026-7Fall\Carolina Data Challenge 2026\Graduate_Dataset\all_sources\028_FDX\borrow.any.t.d.11.csv.gz","8595"
"D:\胡溪筼\Documents\2026-7Fall\Carolina Data Challenge 2026\Graduate_Dataset\all_sources\028_FDX\borrow.any.t.d.12.csv.gz","8588"
"D:\胡溪筼\Documents\2026-7Fall\Carolina Data Challenge 2026\Graduate_Dataset\all_sources\028_FDX\borrow.any.t.d.2.csv.gz","8649"
"D:\胡溪筼\Documents\2026-7Fall\Carolina Data Challenge 2026\Graduate_Dataset\all_sources\028_FDX\borrow.any.t.d.3.csv.gz","8686"
"D:\胡溪筼\Documents\2026-7Fall\Carolina Data Challenge 2026\Graduate_Dataset\all_sources\028_FDX\borrow.any.t.d.4.csv.gz","8645"
"D:\胡溪筼\Documents\2026-7Fall\Carolina Data Challenge 2026\Graduate_Dataset\all_sources\028_FDX\borrow.any.t.d.5.csv.gz","8650"
"D:\胡溪筼\Documents\2026-7Fall\Carolina Data Challenge 2026\Graduate_Dataset\all_sources\028_FDX\borrow.any.t.d.6.csv.gz","8641"
"D:\胡溪筼\Documents\2026-7Fall\Carolina Data Challenge 2026\Graduate_Dataset\all_sources\028_FDX\borrow.any.t.d.7.csv.gz","8596"
"D:\胡溪筼\Documents\2026-7Fall\Carolina Data Challenge 2026\Graduate_Dataset\all_sources\028_FDX\borrow.any.t.d.8.csv.gz","8594"
"D:\胡溪筼\Documents\2026-7Fall\Carolina Data Challenge 2026\Graduate_Dataset\all_sources\028_FDX\borrow.any.t.d.9.csv.gz","2387"
"D:\胡溪筼\Documents\2026-7Fall\Carolina Data Challenge 2026\Graduate_Dataset\all_sources\028_FDX\borrow.any.t.d.csv.gz","8658"
"D:\胡溪筼\Documents\2026-7Fall\Carolina Data Challenge 2026\Graduate_Dataset\all_sources\028_FDX\con1.1.csv.gz","3206"
"D:\胡溪筼\Documents\2026-7Fall\Carolina Data Challenge 2026\Graduate_Dataset\all_sources\028_FDX\con1.10.csv.gz","3147"
"D:\胡溪筼\Documents\2026-7Fall\Carolina Data Challenge 2026\Graduate_Dataset\all_sources\028_FDX\con1.11.csv.gz","3204"
"D:\胡溪筼\Documents\2026-7Fall\Carolina Data Challenge 2026\Graduate_Dataset\all_sources\028_FDX\con1.12.csv.gz","3141"
"D:\胡溪筼\Documents\2026-7Fall\Carolina Data Challenge 2026\Graduate_Dataset\all_sources\028_FDX\con1.2.csv.gz","3192"
"D:\胡溪筼\Documents\2026-7Fall\Carolina Data Challenge 2026\Graduate_Dataset\all_sources\028_FDX\con1.3.csv.gz","3080"
"D:\胡溪筼\Documents\2026-7Fall\Carolina Data Challenge 2026\Graduate_Dataset\all_sources\028_FDX\con1.4.csv.gz","3197"
"D:\胡溪筼\Documents\2026-7Fall\Carolina Data Challenge 2026\Graduate_Dataset\all_sources\028_FDX\con1.5.csv.gz","3201"
"D:\胡溪筼\Documents\2026-7Fall\Carolina Data Challenge 2026\Graduate_Dataset\all_sources\028_FDX\con1.6.csv.gz","3165"
"D:\胡溪筼\Documents\2026-7Fall\Carolina Data Challenge 2026\Graduate_Dataset\all_sources\028_FDX\con1.7.csv.gz","3196"
"D:\胡溪筼\Documents\2026-7Fall\Carolina Data Challenge 2026\Graduate_Dataset\all_sources\028_FDX\con1.8.csv.gz","3158"
"D:\胡溪筼\Documents\2026-7Fall\Carolina Data Challenge 2026\Graduate_Dataset\all_sources\028_FDX\con1.9.csv.gz","3150"
"D:\胡溪筼\Documents\2026-7Fall\Carolina Data Challenge 2026\Graduate_Dataset\all_sources\028_FDX\con1.csv.gz","3201"
"D:\胡溪筼\Documents\2026-7Fall\Carolina Data Challenge 2026\Graduate_Dataset\all_sources\028_FDX\con10.1.csv.gz","311"
"D:\胡溪筼\Documents\2026-7Fall\Carolina Data Challenge 2026\Graduate_Dataset\all_sources\028_FDX\con10.10.csv.gz","312"
"D:\胡溪筼\Documents\2026-7Fall\Carolina Data Challenge 2026\Graduate_Dataset\all_sources\028_FDX\con10.11.csv.gz","315"
"D:\胡溪筼\Documents\2026-7Fall\Carolina Data Challenge 2026\Graduate_Dataset\all_sources\028_FDX\con10.12.csv.gz","312"
"D:\胡溪筼\Documents\2026-7Fall\Carolina Data Challenge 2026\Graduate_Dataset\all_sources\028_FDX\con10.2.csv.gz","312"
"D:\胡溪筼\Documents\2026-7Fall\Carolina Data Challenge 2026\Graduate_Dataset\all_sources\028_FDX\con10.3.csv.gz","313"
"D:\胡溪筼\Documents\2026-7Fall\Carolina Data Challenge 2026\Graduate_Dataset\all_sources\028_FDX\con10.4.csv.gz","307"
"D:\胡溪筼\Documents\2026-7Fall\Carolina Data Challenge 2026\Graduate_Dataset\all_sources\028_FDX\con10.5.csv.gz","315"
"D:\胡溪筼\Documents\2026-7Fall\Carolina Data Challenge 2026\Graduate_Dataset\all_sources\028_FDX\con10.6.csv.gz","311"
"D:\胡溪筼\Documents\2026-7Fall\Carolina Data Challenge 2026\Graduate_Dataset\all_sources\028_FDX\con10.7.csv.gz","313"
"D:\胡溪筼\Documents\2026-7Fall\Carolina Data Challenge 2026\Graduate_Dataset\all_sources\028_FDX\con10.8.csv.gz","310"
"D:\胡溪筼\Documents\2026-7Fall\Carolina Data Challenge 2026\Graduate_Dataset\all_sources\028_FDX\con10.9.csv.gz","312"
"D:\胡溪筼\Documents\2026-7Fall\Carolina Data Challenge 2026\Graduate_Dataset\all_sources\028_FDX\con10.csv.gz","1889"
"D:\胡溪筼\Documents\2026-7Fall\Carolina Data Challenge 2026\Graduate_Dataset\all_sources\028_FDX\con10.s.csv.gz","316"
"D:\胡溪筼\Documents\2026-7Fall\Carolina Data Challenge 2026\Graduate_Dataset\all_sources\028_FDX\con11.1.csv.gz","1938"
"D:\胡溪筼\Documents\2026-7Fall\Carolina Data Challenge 2026\Graduate_Dataset\all_sources\028_FDX\con11.10.csv.gz","1904"
"D:\胡溪筼\Documents\2026-7Fall\Carolina Data Challenge 2026\Graduate_Dataset\all_sources\028_FDX\con11.11.csv.gz","1918"
"D:\胡溪筼\Documents\2026-7Fall\Carolina Data Challenge 2026\Graduate_Dataset\all_sources\028_FDX\con11.12.csv.gz","1931"
"D:\胡溪筼\Documents\2026-7Fall\Carolina Data Challenge 2026\Graduate_Dataset\all_sources\028_FDX\con11.2.csv.gz","1906"
"D:\胡溪筼\Documents\2026-7Fall\Carolina Data Challenge 2026\Graduate_Dataset\all_sources\028_FDX\con11.3.csv.gz","1928"
"D:\胡溪筼\Documents\2026-7Fall\Carolina Data Challenge 2026\Graduate_Dataset\all_sources\028_FDX\con11.4.csv.gz","1907"
"D:\胡溪筼\Documents\2026-7Fall\Carolina Data Challenge 2026\Graduate_Dataset\all_sources\028_FDX\con11.5.csv.gz","1912"
"D:\胡溪筼\Documents\2026-7Fall\Carolina Data Challenge 2026\Graduate_Dataset\all_sources\028_FDX\con11.6.csv.gz","1909"
"D:\胡溪筼\Documents\2026-7Fall\Carolina Data Challenge 2026\Graduate_Dataset\all_sources\028_FDX\con11.7.csv.gz","1900"
"D:\胡溪筼\Documents\2026-7Fall\Carolina Data Challenge 2026\Graduate_Dataset\all_sources\028_FDX\con11.8.csv.gz","1884"
"D:\胡溪筼\Documents\2026-7Fall\Carolina Data Challenge 2026\Graduate_Dataset\all_sources\028_FDX\con11.9.csv.gz","1926"
"D:\胡溪筼\Documents\2026-7Fall\Carolina Data Challenge 2026\Graduate_Dataset\all_sources\028_FDX\con11.csv.gz","1931"
"D:\胡溪筼\Documents\2026-7Fall\Carolina Data Challenge 2026\Graduate_Dataset\all_sources\028_FDX\con11.s.csv.gz","1915"
"D:\胡溪筼\Documents\2026-7Fall\Carolina Data Challenge 2026\Graduate_Dataset\all_sources\028_FDX\con12d.1.csv.gz","1936"
"D:\胡溪筼\Documents\2026-7Fall\Carolina Data Challenge 2026\Graduate_Dataset\all_sources\028_FDX\con12d.10.csv.gz","1888"
"D:\胡溪筼\Documents\2026-7Fall\Carolina Data Challenge 2026\Graduate_Dataset\all_sources\028_FDX\con12d.11.csv.gz","1926"
"D:\胡溪筼\Documents\2026-7Fall\Carolina Data Challenge 2026\Graduate_Dataset\all_sources\028_FDX\con12d.12.csv.gz","1914"
"D:\胡溪筼\Documents\2026-7Fall\Carolina Data Challenge 2026\Graduate_Dataset\all_sources\028_FDX\con12d.2.csv.gz","1912"
"D:\胡溪筼\Documents\2026-7Fall\Carolina Data Challenge 2026\Graduate_Dataset\all_sources\028_FDX\con12d.3.csv.gz","1931"
"D:\胡溪筼\Documents\2026-7Fall\Carolina Data Challenge 2026\Graduate_Dataset\all_sources\028_FDX\con12d.4.csv.gz","1917"
"D:\胡溪筼\Documents\2026-7Fall\Carolina Data Challenge 2026\Graduate_Dataset\all_sources\028_FDX\con12d.5.csv.gz","1930"
"D:\胡溪筼\Documents\2026-7Fall\Carolina Data Challenge 2026\Graduate_Dataset\all_sources\028_FDX\con12d.6.csv.gz","1910"
"D:\胡溪筼\Documents\2026-7Fall\Carolina Data Challenge 2026\Graduate_Dataset\all_sources\028_FDX\con12d.7.csv.gz","1904"
"D:\胡溪筼\Documents\2026-7Fall\Carolina Data Challenge 2026\Graduate_Dataset\all_sources\028_FDX\con12d.8.csv.gz","1876"
"D:\胡溪筼\Documents\2026-7Fall\Carolina Data Challenge 2026\Graduate_Dataset\all_sources\028_FDX\con12d.9.csv.gz","1924"
"D:\胡溪筼\Documents\2026-7Fall\Carolina Data Challenge 2026\Graduate_Dataset\all_sources\028_FDX\con12d.csv.gz","1917"
"D:\胡溪筼\Documents\2026-7Fall\Carolina Data Challenge 2026\Graduate_Dataset\all_sources\028_FDX\con12d.s.csv.gz","1882"
"D:\胡溪筼\Documents\2026-7Fall\Carolina Data Challenge 2026\Graduate_Dataset\all_sources\028_FDX\con12lm.csv.gz","1902"
"D:\胡溪筼\Documents\2026-7Fall\Carolina Data Challenge 2026\Graduate_Dataset\all_sources\028_FDX\con12m.1.csv.gz","123"
"D:\胡溪筼\Documents\2026-7Fall\Carolina Data Challenge 2026\Graduate_Dataset\all_sources\028_FDX\con12m.10.csv.gz","124"
"D:\胡溪筼\Documents\2026-7Fall\Carolina Data Challenge 2026\Graduate_Dataset\all_sources\028_FDX\con12m.11.csv.gz","124"
"D:\胡溪筼\Documents\2026-7Fall\Carolina Data Challenge 2026\Graduate_Dataset\all_sources\028_FDX\con12m.12.csv.gz","124"
"D:\胡溪筼\Documents\2026-7Fall\Carolina Data Challenge 2026\Graduate_Dataset\all_sources\028_FDX\con12m.2.csv.gz","123"
"D:\胡溪筼\Documents\2026-7Fall\Carolina Data Challenge 2026\Graduate_Dataset\all_sources\028_FDX\con12m.3.csv.gz","123"
"D:\胡溪筼\Documents\2026-7Fall\Carolina Data Challenge 2026\Graduate_Dataset\all_sources\028_FDX\con12m.4.csv.gz","123"
"D:\胡溪筼\Documents\2026-7Fall\Carolina Data Challenge 2026\Graduate_Dataset\all_sources\028_FDX\con12m.5.csv.gz","123"
"D:\胡溪筼\Documents\2026-7Fall\Carolina Data Challenge 2026\Graduate_Dataset\all_sources\028_FDX\con12m.6.csv.gz","121"
"D:\胡溪筼\Documents\2026-7Fall\Carolina Data Challenge 2026\Graduate_Dataset\all_sources\028_FDX\con12m.7.csv.gz","123"
"D:\胡溪筼\Documents\2026-7Fall\Carolina Data Challenge 2026\Graduate_Dataset\all_sources\028_FDX\con12m.8.csv.gz","123"
"D:\胡溪筼\Documents\2026-7Fall\Carolina Data Challenge 2026\Graduate_Dataset\all_sources\028_FDX\con12m.9.csv.gz","123"
"D:\胡溪筼\Documents\2026-7Fall\Carolina Data Challenge 2026\Graduate_Dataset\all_sources\028_FDX\con12m.csv.gz","1896"
"D:\胡溪筼\Documents\2026-7Fall\Carolina Data Challenge 2026\Graduate_Dataset\all_sources\028_FDX\con12m.s.csv.gz","123"
"D:\胡溪筼\Documents\2026-7Fall\Carolina Data Challenge 2026\Graduate_Dataset\all_sources\028_FDX\con12w.1.csv.gz","208"
"D:\胡溪筼\Documents\2026-7Fall\Carolina Data Challenge 2026\Graduate_Dataset\all_sources\028_FDX\con12w.10.csv.gz","187"
"D:\胡溪筼\Documents\2026-7Fall\Carolina Data Challenge 2026\Graduate_Dataset\all_sources\028_FDX\con12w.11.csv.gz","212"
"D:\胡溪筼\Documents\2026-7Fall\Carolina Data Challenge 2026\Graduate_Dataset\all_sources\028_FDX\con12w.12.csv.gz","212"
"D:\胡溪筼\Documents\2026-7Fall\Carolina Data Challenge 2026\Graduate_Dataset\all_sources\028_FDX\con12w.2.csv.gz","212"
"D:\胡溪筼\Documents\2026-7Fall\Carolina Data Challenge 2026\Graduate_Dataset\all_sources\028_FDX\con12w.3.csv.gz","211"
"D:\胡溪筼\Documents\2026-7Fall\Carolina Data Challenge 2026\Graduate_Dataset\all_sources\028_FDX\con12w.4.csv.gz","209"
"D:\胡溪筼\Documents\2026-7Fall\Carolina Data Challenge 2026\Graduate_Dataset\all_sources\028_FDX\con12w.5.csv.gz","212"
"D:\胡溪筼\Documents\2026-7Fall\Carolina Data Challenge 2026\Graduate_Dataset\all_sources\028_FDX\con12w.6.csv.gz","211"
"D:\胡溪筼\Documents\2026-7Fall\Carolina Data Challenge 2026\Graduate_Dataset\all_sources\028_FDX\con12w.7.csv.gz","189"
"D:\胡溪筼\Documents\2026-7Fall\Carolina Data Challenge 2026\Graduate_Dataset\all_sources\028_FDX\con12w.8.csv.gz","189"
"D:\胡溪筼\Documents\2026-7Fall\Carolina Data Challenge 2026\Graduate_Dataset\all_sources\028_FDX\con12w.9.csv.gz","208"
"D:\胡溪筼\Documents\2026-7Fall\Carolina Data Challenge 2026\Graduate_Dataset\all_sources\028_FDX\con12w.csv.gz","1898"
"D:\胡溪筼\Documents\2026-7Fall\Carolina Data Challenge 2026\Graduate_Dataset\all_sources\028_FDX\con12w.s.csv.gz","208"
"D:\胡溪筼\Documents\2026-7Fall\Carolina Data Challenge 2026\Graduate_Dataset\all_sources\028_FDX\con13.1.csv.gz","122"
"D:\胡溪筼\Documents\2026-7Fall\Carolina Data Challenge 2026\Graduate_Dataset\all_sources\028_FDX\con13.10.csv.gz","123"
"D:\胡溪筼\Documents\2026-7Fall\Carolina Data Challenge 2026\Graduate_Dataset\all_sources\028_FDX\con13.11.csv.gz","122"
"D:\胡溪筼\Documents\2026-7Fall\Carolina Data Challenge 2026\Graduate_Dataset\all_sources\028_FDX\con13.12.csv.gz","123"
"D:\胡溪筼\Documents\2026-7Fall\Carolina Data Challenge 2026\Graduate_Dataset\all_sources\028_FDX\con13.2.csv.gz","122"
"D:\胡溪筼\Documents\2026-7Fall\Carolina Data Challenge 2026\Graduate_Dataset\all_sources\028_FDX\con13.3.csv.gz","122"
"D:\胡溪筼\Documents\2026-7Fall\Carolina Data Challenge 2026\Graduate_Dataset\all_sources\028_FDX\con13.4.csv.gz","122"
"D:\胡溪筼\Documents\2026-7Fall\Carolina Data Challenge 2026\Graduate_Dataset\all_sources\028_FDX\con13.5.csv.gz","122"
"D:\胡溪筼\Documents\2026-7Fall\Carolina Data Challenge 2026\Graduate_Dataset\all_sources\028_FDX\con13.6.csv.gz","122"
"D:\胡溪筼\Documents\2026-7Fall\Carolina Data Challenge 2026\Graduate_Dataset\all_sources\028_FDX\con13.9.csv.gz","122"
"D:\胡溪筼\Documents\2026-7Fall\Carolina Data Challenge 2026\Graduate_Dataset\all_sources\028_FDX\con13.csv.gz","1896"
"D:\胡溪筼\Documents\2026-7Fall\Carolina Data Challenge 2026\Graduate_Dataset\all_sources\028_FDX\con13.s.csv.gz","122"
"D:\胡溪筼\Documents\2026-7Fall\Carolina Data Challenge 2026\Graduate_Dataset\all_sources\028_FDX\con14.1.csv.gz","1917"
"D:\胡溪筼\Documents\2026-7Fall\Carolina Data Challenge 2026\Graduate_Dataset\all_sources\028_FDX\con14.10.csv.gz","1894"
"D:\胡溪筼\Documents\2026-7Fall\Carolina Data Challenge 2026\Graduate_Dataset\all_sources\028_FDX\con14.11.csv.gz","1935"
"D:\胡溪筼\Documents\2026-7Fall\Carolina Data Challenge 2026\Graduate_Dataset\all_sources\028_FDX\con14.12.csv.gz","1923"
"D:\胡溪筼\Documents\2026-7Fall\Carolina Data Challenge 2026\Graduate_Dataset\all_sources\028_FDX\con14.2.csv.gz","1933"
"D:\胡溪筼\Documents\2026-7Fall\Carolina Data Challenge 2026\Graduate_Dataset\all_sources\028_FDX\con14.3.csv.gz","1923"
"D:\胡溪筼\Documents\2026-7Fall\Carolina Data Challenge 2026\Graduate_Dataset\all_sources\028_FDX\con14.4.csv.gz","1927"
"D:\胡溪筼\Documents\2026-7Fall\Carolina Data Challenge 2026\Graduate_Dataset\all_sources\028_FDX\con14.5.csv.gz","1934"
"D:\胡溪筼\Documents\2026-7Fall\Carolina Data Challenge 2026\Graduate_Dataset\all_sources\028_FDX\con14.6.csv.gz","1906"
"D:\胡溪筼\Documents\2026-7Fall\Carolina Data Challenge 2026\Graduate_Dataset\all_sources\028_FDX\con14.7.csv.gz","1917"
"D:\胡溪筼\Documents\2026-7Fall\Carolina Data Challenge 2026\Graduate_Dataset\all_sources\028_FDX\con14.8.csv.gz","1903"
"D:\胡溪筼\Documents\2026-7Fall\Carolina Data Challenge 2026\Graduate_Dataset\all_sources\028_FDX\con14.9.csv.gz","1928"
"D:\胡溪筼\Documents\2026-7Fall\Carolina Data Challenge 2026\Graduate_Dataset\all_sources\028_FDX\con14.csv.gz","1929"
"D:\胡溪筼\Documents\2026-7Fall\Carolina Data Challenge 2026\Graduate_Dataset\all_sources\028_FDX\con14.s.csv.gz","1925"
"D:\胡溪筼\Documents\2026-7Fall\Carolina Data Challenge 2026\Graduate_Dataset\all_sources\028_FDX\con15.1.csv.gz","274"
"D:\胡溪筼\Documents\2026-7Fall\Carolina Data Challenge 2026\Graduate_Dataset\all_sources\028_FDX\con15.10.csv.gz","274"
"D:\胡溪筼\Documents\2026-7Fall\Carolina Data Challenge 2026\Graduate_Dataset\all_sources\028_FDX\con15.11.csv.gz","275"
"D:\胡溪筼\Documents\2026-7Fall\Carolina Data Challenge 2026\Graduate_Dataset\all_sources\028_FDX\con15.12.csv.gz","277"
"D:\胡溪筼\Documents\2026-7Fall\Carolina Data Challenge 2026\Graduate_Dataset\all_sources\028_FDX\con15.2.csv.gz","275"
"D:\胡溪筼\Documents\2026-7Fall\Carolina Data Challenge 2026\Graduate_Dataset\all_sources\028_FDX\con15.3.csv.gz","276"
"D:\胡溪筼\Documents\2026-7Fall\Carolina Data Challenge 2026\Graduate_Dataset\all_sources\028_FDX\con15.4.csv.gz","273"
"D:\胡溪筼\Documents\2026-7Fall\Carolina Data Challenge 2026\Graduate_Dataset\all_sources\028_FDX\con15.5.csv.gz","272"
"D:\胡溪筼\Documents\2026-7Fall\Carolina Data Challenge 2026\Graduate_Dataset\all_sources\028_FDX\con15.6.csv.gz","274"
"D:\胡溪筼\Documents\2026-7Fall\Carolina Data Challenge 2026\Graduate_Dataset\all_sources\028_FDX\con15.7.csv.gz","275"
"D:\胡溪筼\Documents\2026-7Fall\Carolina Data Challenge 2026\Graduate_Dataset\all_sources\028_FDX\con15.8.csv.gz","270"
"D:\胡溪筼\Documents\2026-7Fall\Carolina Data Challenge 2026\Graduate_Dataset\all_sources\028_FDX\con15.9.csv.gz","272"
"D:\胡溪筼\Documents\2026-7Fall\Carolina Data Challenge 2026\Graduate_Dataset\all_sources\028_FDX\con15.csv.gz","271"
"D:\胡溪筼\Documents\2026-7Fall\Carolina Data Challenge 2026\Graduate_Dataset\all_sources\028_FDX\con15.s.csv.gz","273"
"D:\胡溪筼\Documents\2026-7Fall\Carolina Data Challenge 2026\Graduate_Dataset\all_sources\028_FDX\con16.1.csv.gz","1938"
"D:\胡溪筼\Documents\2026-7Fall\Carolina Data Challenge 2026\Graduate_Dataset\all_sources\028_FDX\con16.10.csv.gz","1912"
"D:\胡溪筼\Documents\2026-7Fall\Carolina Data Challenge 2026\Graduate_Dataset\all_sources\028_FDX\con16.11.csv.gz","1930"
"D:\胡溪筼\Documents\2026-7Fall\Carolina Data Challenge 2026\Graduate_Dataset\all_sources\028_FDX\con16.12.csv.gz","1929"
"D:\胡溪筼\Documents\2026-7Fall\Carolina Data Challenge 2026\Graduate_Dataset\all_sources\028_FDX\con16.2.csv.gz","1929"
"D:\胡溪筼\Documents\2026-7Fall\Carolina Data Challenge 2026\Graduate_Dataset\all_sources\028_FDX\con16.3.csv.gz","1939"
"D:\胡溪筼\Documents\2026-7Fall\Carolina Data Challenge 2026\Graduate_Dataset\all_sources\028_FDX\con16.4.csv.gz","1921"
"D:\胡溪筼\Documents\2026-7Fall\Carolina Data Challenge 2026\Graduate_Dataset\all_sources\028_FDX\con16.5.csv.gz","1925"
"D:\胡溪筼\Documents\2026-7Fall\Carolina Data Challenge 2026\Graduate_Dataset\all_sources\028_FDX\con16.6.csv.gz","1910"
"D:\胡溪筼\Documents\2026-7Fall\Carolina Data Challenge 2026\Graduate_Dataset\all_sources\028_FDX\con16.7.csv.gz","1922"
"D:\胡溪筼\Documents\2026-7Fall\Carolina Data Challenge 2026\Graduate_Dataset\all_sources\028_FDX\con16.8.csv.gz","1909"
"D:\胡溪筼\Documents\2026-7Fall\Carolina Data Challenge 2026\Graduate_Dataset\all_sources\028_FDX\con16.9.csv.gz","1925"
"D:\胡溪筼\Documents\2026-7Fall\Carolina Data Challenge 2026\Graduate_Dataset\all_sources\028_FDX\con16.csv.gz","1922"
"D:\胡溪筼\Documents\2026-7Fall\Carolina Data Challenge 2026\Graduate_Dataset\all_sources\028_FDX\con16.s.csv.gz","1929"
"D:\胡溪筼\Documents\2026-7Fall\Carolina Data Challenge 2026\Graduate_Dataset\all_sources\028_FDX\con17a.1.csv.gz","1924"
"D:\胡溪筼\Documents\2026-7Fall\Carolina Data Challenge 2026\Graduate_Dataset\all_sources\028_FDX\con17a.10.csv.gz","1902"
"D:\胡溪筼\Documents\2026-7Fall\Carolina Data Challenge 2026\Graduate_Dataset\all_sources\028_FDX\con17a.11.csv.gz","1924"
"D:\胡溪筼\Documents\2026-7Fall\Carolina Data Challenge 2026\Graduate_Dataset\all_sources\028_FDX\con17a.12.csv.gz","1930"
"D:\胡溪筼\Documents\2026-7Fall\Carolina Data Challenge 2026\Graduate_Dataset\all_sources\028_FDX\con17a.2.csv.gz","1904"
"D:\胡溪筼\Documents\2026-7Fall\Carolina Data Challenge 2026\Graduate_Dataset\all_sources\028_FDX\con17a.3.csv.gz","1914"
"D:\胡溪筼\Documents\2026-7Fall\Carolina Data Challenge 2026\Graduate_Dataset\all_sources\028_FDX\con17a.4.csv.gz","1920"
"D:\胡溪筼\Documents\2026-7Fall\Carolina Data Challenge 2026\Graduate_Dataset\all_sources\028_FDX\con17a.5.csv.gz","1923"
"D:\胡溪筼\Documents\2026-7Fall\Carolina Data Challenge 2026\Graduate_Dataset\all_sources\028_FDX\con17a.6.csv.gz","1919"
"D:\胡溪筼\Documents\2026-7Fall\Carolina Data Challenge 2026\Graduate_Dataset\all_sources\028_FDX\con17a.7.csv.gz","1900"
"D:\胡溪筼\Documents\2026-7Fall\Carolina Data Challenge 2026\Graduate_Dataset\all_sources\028_FDX\con17a.8.csv.gz","1907"
"D:\胡溪筼\Documents\2026-7Fall\Carolina Data Challenge 2026\Graduate_Dataset\all_sources\028_FDX\con17a.9.csv.gz","1921"
"D:\胡溪筼\Documents\2026-7Fall\Carolina Data Challenge 2026\Graduate_Dataset\all_sources\028_FDX\con17a.csv.gz","1915"
"D:\胡溪筼\Documents\2026-7Fall\Carolina Data Challenge 2026\Graduate_Dataset\all_sources\028_FDX\con17a.s.csv.gz","1916"
"D:\胡溪筼\Documents\2026-7Fall\Carolina Data Challenge 2026\Graduate_Dataset\all_sources\028_FDX\con17b.1.csv.gz","1910"
"D:\胡溪筼\Documents\2026-7Fall\Carolina Data Challenge 2026\Graduate_Dataset\all_sources\028_FDX\con17b.10.csv.gz","1892"
"D:\胡溪筼\Documents\2026-7Fall\Carolina Data Challenge 2026\Graduate_Dataset\all_sources\028_FDX\con17b.11.csv.gz","1915"
"D:\胡溪筼\Documents\2026-7Fall\Carolina Data Challenge 2026\Graduate_Dataset\all_sources\028_FDX\con17b.12.csv.gz","1915"
"D:\胡溪筼\Documents\2026-7Fall\Carolina Data Challenge 2026\Graduate_Dataset\all_sources\028_FDX\con17b.2.csv.gz","1916"
"D:\胡溪筼\Documents\2026-7Fall\Carolina Data Challenge 2026\Graduate_Dataset\all_sources\028_FDX\con17b.3.csv.gz","1908"
"D:\胡溪筼\Documents\2026-7Fall\Carolina Data Challenge 2026\Graduate_Dataset\all_sources\028_FDX\con17b.4.csv.gz","1920"
"D:\胡溪筼\Documents\2026-7Fall\Carolina Data Challenge 2026\Graduate_Dataset\all_sources\028_FDX\con17b.5.csv.gz","1911"
"D:\胡溪筼\Documents\2026-7Fall\Carolina Data Challenge 2026\Graduate_Dataset\all_sources\028_FDX\con17b.6.csv.gz","1905"
"D:\胡溪筼\Documents\2026-7Fall\Carolina Data Challenge 2026\Graduate_Dataset\all_sources\028_FDX\con17b.7.csv.gz","1886"
"D:\胡溪筼\Documents\2026-7Fall\Carolina Data Challenge 2026\Graduate_Dataset\all_sources\028_FDX\con17b.8.csv.gz","1893"
"D:\胡溪筼\Documents\2026-7Fall\Carolina Data Challenge 2026\Graduate_Dataset\all_sources\028_FDX\con17b.9.csv.gz","1916"
"D:\胡溪筼\Documents\2026-7Fall\Carolina Data Challenge 2026\Graduate_Dataset\all_sources\028_FDX\con17b.csv.gz","1903"
"D:\胡溪筼\Documents\2026-7Fall\Carolina Data Challenge 2026\Graduate_Dataset\all_sources\028_FDX\con17b.s.csv.gz","1920"
"D:\胡溪筼\Documents\2026-7Fall\Carolina Data Challenge 2026\Graduate_Dataset\all_sources\028_FDX\con17c.1.csv.gz","123"
"D:\胡溪筼\Documents\2026-7Fall\Carolina Data Challenge 2026\Graduate_Dataset\all_sources\028_FDX\con17c.10.csv.gz","123"
"D:\胡溪筼\Documents\2026-7Fall\Carolina Data Challenge 2026\Graduate_Dataset\all_sources\028_FDX\con17c.11.csv.gz","124"
"D:\胡溪筼\Documents\2026-7Fall\Carolina Data Challenge 2026\Graduate_Dataset\all_sources\028_FDX\con17c.12.csv.gz","122"
"D:\胡溪筼\Documents\2026-7Fall\Carolina Data Challenge 2026\Graduate_Dataset\all_sources\028_FDX\con17c.2.csv.gz","123"
"D:\胡溪筼\Documents\2026-7Fall\Carolina Data Challenge 2026\Graduate_Dataset\all_sources\028_FDX\con17c.3.csv.gz","123"
"D:\胡溪筼\Documents\2026-7Fall\Carolina Data Challenge 2026\Graduate_Dataset\all_sources\028_FDX\con17c.4.csv.gz","122"
"D:\胡溪筼\Documents\2026-7Fall\Carolina Data Challenge 2026\Graduate_Dataset\all_sources\028_FDX\con17c.5.csv.gz","123"
"D:\胡溪筼\Documents\2026-7Fall\Carolina Data Challenge 2026\Graduate_Dataset\all_sources\028_FDX\con17c.6.csv.gz","123"
"D:\胡溪筼\Documents\2026-7Fall\Carolina Data Challenge 2026\Graduate_Dataset\all_sources\028_FDX\con17c.7.csv.gz","123"
"D:\胡溪筼\Documents\2026-7Fall\Carolina Data Challenge 2026\Graduate_Dataset\all_sources\028_FDX\con17c.8.csv.gz","123"
"D:\胡溪筼\Documents\2026-7Fall\Carolina Data Challenge 2026\Graduate_Dataset\all_sources\028_FDX\con17c.9.csv.gz","123"
"D:\胡溪筼\Documents\2026-7Fall\Carolina Data Challenge 2026\Graduate_Dataset\all_sources\028_FDX\con17c.csv.gz","1885"
"D:\胡溪筼\Documents\2026-7Fall\Carolina Data Challenge 2026\Graduate_Dataset\all_sources\028_FDX\con17c.s.csv.gz","122"
"D:\胡溪筼\Documents\2026-7Fall\Carolina Data Challenge 2026\Graduate_Dataset\all_sources\028_FDX\con17d.1.csv.gz","487"
"D:\胡溪筼\Documents\2026-7Fall\Carolina Data Challenge 2026\Graduate_Dataset\all_sources\028_FDX\con17d.10.csv.gz","487"
"D:\胡溪筼\Documents\2026-7Fall\Carolina Data Challenge 2026\Graduate_Dataset\all_sources\028_FDX\con17d.11.csv.gz","497"
"D:\胡溪筼\Documents\2026-7Fall\Carolina Data Challenge 2026\Graduate_Dataset\all_sources\028_FDX\con17d.12.csv.gz","488"
"D:\胡溪筼\Documents\2026-7Fall\Carolina Data Challenge 2026\Graduate_Dataset\all_sources\028_FDX\con17d.2.csv.gz","491"
"D:\胡溪筼\Documents\2026-7Fall\Carolina Data Challenge 2026\Graduate_Dataset\all_sources\028_FDX\con17d.3.csv.gz","494"
"D:\胡溪筼\Documents\2026-7Fall\Carolina Data Challenge 2026\Graduate_Dataset\all_sources\028_FDX\con17d.4.csv.gz","490"
"D:\胡溪筼\Documents\2026-7Fall\Carolina Data Challenge 2026\Graduate_Dataset\all_sources\028_FDX\con17d.5.csv.gz","494"
"D:\胡溪筼\Documents\2026-7Fall\Carolina Data Challenge 2026\Graduate_Dataset\all_sources\028_FDX\con17d.6.csv.gz","493"
"D:\胡溪筼\Documents\2026-7Fall\Carolina Data Challenge 2026\Graduate_Dataset\all_sources\028_FDX\con17d.7.csv.gz","495"
"D:\胡溪筼\Documents\2026-7Fall\Carolina Data Challenge 2026\Graduate_Dataset\all_sources\028_FDX\con17d.8.csv.gz","492"
"D:\胡溪筼\Documents\2026-7Fall\Carolina Data Challenge 2026\Graduate_Dataset\all_sources\028_FDX\con17d.9.csv.gz","496"
"D:\胡溪筼\Documents\2026-7Fall\Carolina Data Challenge 2026\Graduate_Dataset\all_sources\028_FDX\con17d.csv.gz","1915"
"D:\胡溪筼\Documents\2026-7Fall\Carolina Data Challenge 2026\Graduate_Dataset\all_sources\028_FDX\con17d.s.csv.gz","491"
"D:\胡溪筼\Documents\2026-7Fall\Carolina Data Challenge 2026\Graduate_Dataset\all_sources\028_FDX\con18.1.csv.gz","1919"
"D:\胡溪筼\Documents\2026-7Fall\Carolina Data Challenge 2026\Graduate_Dataset\all_sources\028_FDX\con18.10.csv.gz","1901"
"D:\胡溪筼\Documents\2026-7Fall\Carolina Data Challenge 2026\Graduate_Dataset\all_sources\028_FDX\con18.11.csv.gz","1926"
"D:\胡溪筼\Documents\2026-7Fall\Carolina Data Challenge 2026\Graduate_Dataset\all_sources\028_FDX\con18.12.csv.gz","1942"
"D:\胡溪筼\Documents\2026-7Fall\Carolina Data Challenge 2026\Graduate_Dataset\all_sources\028_FDX\con18.2.csv.gz","1914"
"D:\胡溪筼\Documents\2026-7Fall\Carolina Data Challenge 2026\Graduate_Dataset\all_sources\028_FDX\con18.3.csv.gz","1939"
"D:\胡溪筼\Documents\2026-7Fall\Carolina Data Challenge 2026\Graduate_Dataset\all_sources\028_FDX\con18.4.csv.gz","1932"
"D:\胡溪筼\Documents\2026-7Fall\Carolina Data Challenge 2026\Graduate_Dataset\all_sources\028_FDX\con18.5.csv.gz","1917"
"D:\胡溪筼\Documents\2026-7Fall\Carolina Data Challenge 2026\Graduate_Dataset\all_sources\028_FDX\con18.6.csv.gz","1914"
"D:\胡溪筼\Documents\2026-7Fall\Carolina Data Challenge 2026\Graduate_Dataset\all_sources\028_FDX\con18.7.csv.gz","1918"
"D:\胡溪筼\Documents\2026-7Fall\Carolina Data Challenge 2026\Graduate_Dataset\all_sources\028_FDX\con18.8.csv.gz","1895"
"D:\胡溪筼\Documents\2026-7Fall\Carolina Data Challenge 2026\Graduate_Dataset\all_sources\028_FDX\con18.9.csv.gz","1920"
"D:\胡溪筼\Documents\2026-7Fall\Carolina Data Challenge 2026\Graduate_Dataset\all_sources\028_FDX\con18.csv.gz","1926"
"D:\胡溪筼\Documents\2026-7Fall\Carolina Data Challenge 2026\Graduate_Dataset\all_sources\028_FDX\con18.s.csv.gz","1903"
"D:\胡溪筼\Documents\2026-7Fall\Carolina Data Challenge 2026\Graduate_Dataset\all_sources\028_FDX\con19.1.csv.gz","1930"
"D:\胡溪筼\Documents\2026-7Fall\Carolina Data Challenge 2026\Graduate_Dataset\all_sources\028_FDX\con19.10.csv.gz","1893"
"D:\胡溪筼\Documents\2026-7Fall\Carolina Data Challenge 2026\Graduate_Dataset\all_sources\028_FDX\con19.11.csv.gz","1913"
"D:\胡溪筼\Documents\2026-7Fall\Carolina Data Challenge 2026\Graduate_Dataset\all_sources\028_FDX\con19.12.csv.gz","1933"
"D:\胡溪筼\Documents\2026-7Fall\Carolina Data Challenge 2026\Graduate_Dataset\all_sources\028_FDX\con19.2.csv.gz","1928"
"D:\胡溪筼\Documents\2026-7Fall\Carolina Data Challenge 2026\Graduate_Dataset\all_sources\028_FDX\con19.3.csv.gz","1922"
"D:\胡溪筼\Documents\2026-7Fall\Carolina Data Challenge 2026\Graduate_Dataset\all_sources\028_FDX\con19.4.csv.gz","1929"
"D:\胡溪筼\Documents\2026-7Fall\Carolina Data Challenge 2026\Graduate_Dataset\all_sources\028_FDX\con19.5.csv.gz","1900"
"D:\胡溪筼\Documents\2026-7Fall\Carolina Data Challenge 2026\Graduate_Dataset\all_sources\028_FDX\con19.6.csv.gz","1914"
"D:\胡溪筼\Documents\2026-7Fall\Carolina Data Challenge 2026\Graduate_Dataset\all_sources\028_FDX\con19.7.csv.gz","1899"
"D:\胡溪筼\Documents\2026-7Fall\Carolina Data Challenge 2026\Graduate_Dataset\all_sources\028_FDX\con19.8.csv.gz","1896"
"D:\胡溪筼\Documents\2026-7Fall\Carolina Data Challenge 2026\Graduate_Dataset\all_sources\028_FDX\con19.9.csv.gz","1927"
"D:\胡溪筼\Documents\2026-7Fall\Carolina Data Challenge 2026\Graduate_Dataset\all_sources\028_FDX\con19.csv.gz","1922"
"D:\胡溪筼\Documents\2026-7Fall\Carolina Data Challenge 2026\Graduate_Dataset\all_sources\028_FDX\con19.s.csv.gz","1893"
"D:\胡溪筼\Documents\2026-7Fall\Carolina Data Challenge 2026\Graduate_Dataset\all_sources\028_FDX\con20.1.csv.gz","1516"
"D:\胡溪筼\Documents\2026-7Fall\Carolina Data Challenge 2026\Graduate_Dataset\all_sources\028_FDX\con20.10.csv.gz","1520"
"D:\胡溪筼\Documents\2026-7Fall\Carolina Data Challenge 2026\Graduate_Dataset\all_sources\028_FDX\con20.11.csv.gz","1510"
"D:\胡溪筼\Documents\2026-7Fall\Carolina Data Challenge 2026\Graduate_Dataset\all_sources\028_FDX\con20.12.csv.gz","1506"
"D:\胡溪筼\Documents\2026-7Fall\Carolina Data Challenge 2026\Graduate_Dataset\all_sources\028_FDX\con20.2.csv.gz","1507"
"D:\胡溪筼\Documents\2026-7Fall\Carolina Data Challenge 2026\Graduate_Dataset\all_sources\028_FDX\con20.3.csv.gz","1512"
"D:\胡溪筼\Documents\2026-7Fall\Carolina Data Challenge 2026\Graduate_Dataset\all_sources\028_FDX\con20.4.csv.gz","1516"
"D:\胡溪筼\Documents\2026-7Fall\Carolina Data Challenge 2026\Graduate_Dataset\all_sources\028_FDX\con20.5.csv.gz","1513"
"D:\胡溪筼\Documents\2026-7Fall\Carolina Data Challenge 2026\Graduate_Dataset\all_sources\028_FDX\con20.6.csv.gz","1508"
"D:\胡溪筼\Documents\2026-7Fall\Carolina Data Challenge 2026\Graduate_Dataset\all_sources\028_FDX\con20.7.csv.gz","1506"
"D:\胡溪筼\Documents\2026-7Fall\Carolina Data Challenge 2026\Graduate_Dataset\all_sources\028_FDX\con20.8.csv.gz","1503"
"D:\胡溪筼\Documents\2026-7Fall\Carolina Data Challenge 2026\Graduate_Dataset\all_sources\028_FDX\con20.9.csv.gz","1517"
"D:\胡溪筼\Documents\2026-7Fall\Carolina Data Challenge 2026\Graduate_Dataset\all_sources\028_FDX\con20.csv.gz","1910"
"D:\胡溪筼\Documents\2026-7Fall\Carolina Data Challenge 2026\Graduate_Dataset\all_sources\028_FDX\con20.s.csv.gz","1518"
"D:\胡溪筼\Documents\2026-7Fall\Carolina Data Challenge 2026\Graduate_Dataset\all_sources\028_FDX\con21.1.csv.gz","1444"
"D:\胡溪筼\Documents\2026-7Fall\Carolina Data Challenge 2026\Graduate_Dataset\all_sources\028_FDX\con21.10.csv.gz","1435"
"D:\胡溪筼\Documents\2026-7Fall\Carolina Data Challenge 2026\Graduate_Dataset\all_sources\028_FDX\con21.11.csv.gz","1450"
"D:\胡溪筼\Documents\2026-7Fall\Carolina Data Challenge 2026\Graduate_Dataset\all_sources\028_FDX\con21.12.csv.gz","1450"
"D:\胡溪筼\Documents\2026-7Fall\Carolina Data Challenge 2026\Graduate_Dataset\all_sources\028_FDX\con21.2.csv.gz","1451"
"D:\胡溪筼\Documents\2026-7Fall\Carolina Data Challenge 2026\Graduate_Dataset\all_sources\028_FDX\con21.3.csv.gz","1452"
"D:\胡溪筼\Documents\2026-7Fall\Carolina Data Challenge 2026\Graduate_Dataset\all_sources\028_FDX\con21.4.csv.gz","1452"
"D:\胡溪筼\Documents\2026-7Fall\Carolina Data Challenge 2026\Graduate_Dataset\all_sources\028_FDX\con21.5.csv.gz","1460"
"D:\胡溪筼\Documents\2026-7Fall\Carolina Data Challenge 2026\Graduate_Dataset\all_sources\028_FDX\con21.6.csv.gz","1451"
"D:\胡溪筼\Documents\2026-7Fall\Carolina Data Challenge 2026\Graduate_Dataset\all_sources\028_FDX\con21.7.csv.gz","1453"
"D:\胡溪筼\Documents\2026-7Fall\Carolina Data Challenge 2026\Graduate_Dataset\all_sources\028_FDX\con21.8.csv.gz","1461"
"D:\胡溪筼\Documents\2026-7Fall\Carolina Data Challenge 2026\Graduate_Dataset\all_sources\028_FDX\con21.9.csv.gz","1440"
"D:\胡溪筼\Documents\2026-7Fall\Carolina Data Challenge 2026\Graduate_Dataset\all_sources\028_FDX\con21.csv.gz","1917"
"D:\胡溪筼\Documents\2026-7Fall\Carolina Data Challenge 2026\Graduate_Dataset\all_sources\028_FDX\con21.s.csv.gz","1452"
"D:\胡溪筼\Documents\2026-7Fall\Carolina Data Challenge 2026\Graduate_Dataset\all_sources\028_FDX\con22.csv.gz","1886"
"D:\胡溪筼\Documents\2026-7Fall\Carolina Data Challenge 2026\Graduate_Dataset\all_sources\028_FDX\con23.1.csv.gz","932"
"D:\胡溪筼\Documents\2026-7Fall\Carolina Data Challenge 2026\Graduate_Dataset\all_sources\028_FDX\con23.10.csv.gz","912"
"D:\胡溪筼\Documents\2026-7Fall\Carolina Data Challenge 2026\Graduate_Dataset\all_sources\028_FDX\con23.11.csv.gz","934"
"D:\胡溪筼\Documents\2026-7Fall\Carolina Data Challenge 2026\Graduate_Dataset\all_sources\028_FDX\con23.12.csv.gz","927"
"D:\胡溪筼\Documents\2026-7Fall\Carolina Data Challenge 2026\Graduate_Dataset\all_sources\028_FDX\con23.2.csv.gz","925"
"D:\胡溪筼\Documents\2026-7Fall\Carolina Data Challenge 2026\Graduate_Dataset\all_sources\028_FDX\con23.3.csv.gz","931"
"D:\胡溪筼\Documents\2026-7Fall\Carolina Data Challenge 2026\Graduate_Dataset\all_sources\028_FDX\con23.4.csv.gz","926"
"D:\胡溪筼\Documents\2026-7Fall\Carolina Data Challenge 2026\Graduate_Dataset\all_sources\028_FDX\con23.5.csv.gz","931"
"D:\胡溪筼\Documents\2026-7Fall\Carolina Data Challenge 2026\Graduate_Dataset\all_sources\028_FDX\con23.6.csv.gz","921"
"D:\胡溪筼\Documents\2026-7Fall\Carolina Data Challenge 2026\Graduate_Dataset\all_sources\028_FDX\con23.7.csv.gz","926"
"D:\胡溪筼\Documents\2026-7Fall\Carolina Data Challenge 2026\Graduate_Dataset\all_sources\028_FDX\con23.8.csv.gz","923"
"D:\胡溪筼\Documents\2026-7Fall\Carolina Data Challenge 2026\Graduate_Dataset\all_sources\028_FDX\con23.9.csv.gz","931"
"D:\胡溪筼\Documents\2026-7Fall\Carolina Data Challenge 2026\Graduate_Dataset\all_sources\028_FDX\con23.csv.gz","1918"
"D:\胡溪筼\Documents\2026-7Fall\Carolina Data Challenge 2026\Graduate_Dataset\all_sources\028_FDX\con23.s.csv.gz","932"
"D:\胡溪筼\Documents\2026-7Fall\Carolina Data Challenge 2026\Graduate_Dataset\all_sources\028_FDX\con26d.1.csv.gz","1784"
"D:\胡溪筼\Documents\2026-7Fall\Carolina Data Challenge 2026\Graduate_Dataset\all_sources\028_FDX\con26d.10.csv.gz","1768"
"D:\胡溪筼\Documents\2026-7Fall\Carolina Data Challenge 2026\Graduate_Dataset\all_sources\028_FDX\con26d.11.csv.gz","1780"
"D:\胡溪筼\Documents\2026-7Fall\Carolina Data Challenge 2026\Graduate_Dataset\all_sources\028_FDX\con26d.12.csv.gz","1789"
"D:\胡溪筼\Documents\2026-7Fall\Carolina Data Challenge 2026\Graduate_Dataset\all_sources\028_FDX\con26d.2.csv.gz","1782"
"D:\胡溪筼\Documents\2026-7Fall\Carolina Data Challenge 2026\Graduate_Dataset\all_sources\028_FDX\con26d.3.csv.gz","1786"
"D:\胡溪筼\Documents\2026-7Fall\Carolina Data Challenge 2026\Graduate_Dataset\all_sources\028_FDX\con26d.4.csv.gz","1798"
"D:\胡溪筼\Documents\2026-7Fall\Carolina Data Challenge 2026\Graduate_Dataset\all_sources\028_FDX\con26d.5.csv.gz","1784"
"D:\胡溪筼\Documents\2026-7Fall\Carolina Data Challenge 2026\Graduate_Dataset\all_sources\028_FDX\con26d.6.csv.gz","1782"
"D:\胡溪筼\Documents\2026-7Fall\Carolina Data Challenge 2026\Graduate_Dataset\all_sources\028_FDX\con26d.7.csv.gz","1763"
"D:\胡溪筼\Documents\2026-7Fall\Carolina Data Challenge 2026\Graduate_Dataset\all_sources\028_FDX\con26d.8.csv.gz","1767"
"D:\胡溪筼\Documents\2026-7Fall\Carolina Data Challenge 2026\Graduate_Dataset\all_sources\028_FDX\con26d.9.csv.gz","1784"
"D:\胡溪筼\Documents\2026-7Fall\Carolina Data Challenge 2026\Graduate_Dataset\all_sources\028_FDX\con26d.csv.gz","1930"
"D:\胡溪筼\Documents\2026-7Fall\Carolina Data Challenge 2026\Graduate_Dataset\all_sources\028_FDX\con26d.s.csv.gz","1782"
"D:\胡溪筼\Documents\2026-7Fall\Carolina Data Challenge 2026\Graduate_Dataset\all_sources\028_FDX\con26lm.1.csv.gz","160"
"D:\胡溪筼\Documents\2026-7Fall\Carolina Data Challenge 2026\Graduate_Dataset\all_sources\028_FDX\con26lm.10.csv.gz","162"
"D:\胡溪筼\Documents\2026-7Fall\Carolina Data Challenge 2026\Graduate_Dataset\all_sources\028_FDX\con26lm.11.csv.gz","162"
"D:\胡溪筼\Documents\2026-7Fall\Carolina Data Challenge 2026\Graduate_Dataset\all_sources\028_FDX\con26lm.12.csv.gz","161"
"D:\胡溪筼\Documents\2026-7Fall\Carolina Data Challenge 2026\Graduate_Dataset\all_sources\028_FDX\con26lm.2.csv.gz","160"
"D:\胡溪筼\Documents\2026-7Fall\Carolina Data Challenge 2026\Graduate_Dataset\all_sources\028_FDX\con26lm.3.csv.gz","160"
"D:\胡溪筼\Documents\2026-7Fall\Carolina Data Challenge 2026\Graduate_Dataset\all_sources\028_FDX\con26lm.4.csv.gz","158"
"D:\胡溪筼\Documents\2026-7Fall\Carolina Data Challenge 2026\Graduate_Dataset\all_sources\028_FDX\con26lm.5.csv.gz","159"
"D:\胡溪筼\Documents\2026-7Fall\Carolina Data Challenge 2026\Graduate_Dataset\all_sources\028_FDX\con26lm.6.csv.gz","159"
"D:\胡溪筼\Documents\2026-7Fall\Carolina Data Challenge 2026\Graduate_Dataset\all_sources\028_FDX\con26lm.7.csv.gz","159"
"D:\胡溪筼\Documents\2026-7Fall\Carolina Data Challenge 2026\Graduate_Dataset\all_sources\028_FDX\con26lm.8.csv.gz","161"
"D:\胡溪筼\Documents\2026-7Fall\Carolina Data Challenge 2026\Graduate_Dataset\all_sources\028_FDX\con26lm.9.csv.gz","161"
"D:\胡溪筼\Documents\2026-7Fall\Carolina Data Challenge 2026\Graduate_Dataset\all_sources\028_FDX\con26lm.csv.gz","1911"
"D:\胡溪筼\Documents\2026-7Fall\Carolina Data Challenge 2026\Graduate_Dataset\all_sources\028_FDX\con26lm.s.csv.gz","159"
"D:\胡溪筼\Documents\2026-7Fall\Carolina Data Challenge 2026\Graduate_Dataset\all_sources\028_FDX\con26m.1.csv.gz","123"
"D:\胡溪筼\Documents\2026-7Fall\Carolina Data Challenge 2026\Graduate_Dataset\all_sources\028_FDX\con26m.10.csv.gz","124"
"D:\胡溪筼\Documents\2026-7Fall\Carolina Data Challenge 2026\Graduate_Dataset\all_sources\028_FDX\con26m.11.csv.gz","123"
"D:\胡溪筼\Documents\2026-7Fall\Carolina Data Challenge 2026\Graduate_Dataset\all_sources\028_FDX\con26m.12.csv.gz","124"
"D:\胡溪筼\Documents\2026-7Fall\Carolina Data Challenge 2026\Graduate_Dataset\all_sources\028_FDX\con26m.2.csv.gz","123"
"D:\胡溪筼\Documents\2026-7Fall\Carolina Data Challenge 2026\Graduate_Dataset\all_sources\028_FDX\con26m.3.csv.gz","120"
"D:\胡溪筼\Documents\2026-7Fall\Carolina Data Challenge 2026\Graduate_Dataset\all_sources\028_FDX\con26m.4.csv.gz","123"
"D:\胡溪筼\Documents\2026-7Fall\Carolina Data Challenge 2026\Graduate_Dataset\all_sources\028_FDX\con26m.5.csv.gz","123"
"D:\胡溪筼\Documents\2026-7Fall\Carolina Data Challenge 2026\Graduate_Dataset\all_sources\028_FDX\con26m.6.csv.gz","123"
"D:\胡溪筼\Documents\2026-7Fall\Carolina Data Challenge 2026\Graduate_Dataset\all_sources\028_FDX\con26m.9.csv.gz","123"
"D:\胡溪筼\Documents\2026-7Fall\Carolina Data Challenge 2026\Graduate_Dataset\all_sources\028_FDX\con26m.csv.gz","1898"
"D:\胡溪筼\Documents\2026-7Fall\Carolina Data Challenge 2026\Graduate_Dataset\all_sources\028_FDX\con26m.s.csv.gz","123"
"D:\胡溪筼\Documents\2026-7Fall\Carolina Data Challenge 2026\Graduate_Dataset\all_sources\028_FDX\con26w.1.csv.gz","675"
"D:\胡溪筼\Documents\2026-7Fall\Carolina Data Challenge 2026\Graduate_Dataset\all_sources\028_FDX\con26w.10.csv.gz","659"
"D:\胡溪筼\Documents\2026-7Fall\Carolina Data Challenge 2026\Graduate_Dataset\all_sources\028_FDX\con26w.11.csv.gz","674"
"D:\胡溪筼\Documents\2026-7Fall\Carolina Data Challenge 2026\Graduate_Dataset\all_sources\028_FDX\con26w.12.csv.gz","670"
"D:\胡溪筼\Documents\2026-7Fall\Carolina Data Challenge 2026\Graduate_Dataset\all_sources\028_FDX\con26w.2.csv.gz","678"
"D:\胡溪筼\Documents\2026-7Fall\Carolina Data Challenge 2026\Graduate_Dataset\all_sources\028_FDX\con26w.3.csv.gz","676"
"D:\胡溪筼\Documents\2026-7Fall\Carolina Data Challenge 2026\Graduate_Dataset\all_sources\028_FDX\con26w.4.csv.gz","676"
"D:\胡溪筼\Documents\2026-7Fall\Carolina Data Challenge 2026\Graduate_Dataset\all_sources\028_FDX\con26w.5.csv.gz","686"
"D:\胡溪筼\Documents\2026-7Fall\Carolina Data Challenge 2026\Graduate_Dataset\all_sources\028_FDX\con26w.6.csv.gz","681"
"D:\胡溪筼\Documents\2026-7Fall\Carolina Data Challenge 2026\Graduate_Dataset\all_sources\028_FDX\con26w.7.csv.gz","657"
"D:\胡溪筼\Documents\2026-7Fall\Carolina Data Challenge 2026\Graduate_Dataset\all_sources\028_FDX\con26w.8.csv.gz","658"
"D:\胡溪筼\Documents\2026-7Fall\Carolina Data Challenge 2026\Graduate_Dataset\all_sources\028_FDX\con26w.9.csv.gz","673"
"D:\胡溪筼\Documents\2026-7Fall\Carolina Data Challenge 2026\Graduate_Dataset\all_sources\028_FDX\con26w.csv.gz","1908"
"D:\胡溪筼\Documents\2026-7Fall\Carolina Data Challenge 2026\Graduate_Dataset\all_sources\028_FDX\con26w.s.csv.gz","682"
"D:\胡溪筼\Documents\2026-7Fall\Carolina Data Challenge 2026\Graduate_Dataset\all_sources\028_FDX\con27.1.csv.gz","1890"
"D:\胡溪筼\Documents\2026-7Fall\Carolina Data Challenge 2026\Graduate_Dataset\all_sources\028_FDX\con27.10.csv.gz","1857"
"D:\胡溪筼\Documents\2026-7Fall\Carolina Data Challenge 2026\Graduate_Dataset\all_sources\028_FDX\con27.11.csv.gz","1880"
"D:\胡溪筼\Documents\2026-7Fall\Carolina Data Challenge 2026\Graduate_Dataset\all_sources\028_FDX\con27.12.csv.gz","1897"
"D:\胡溪筼\Documents\2026-7Fall\Carolina Data Challenge 2026\Graduate_Dataset\all_sources\028_FDX\con27.2.csv.gz","1890"
"D:\胡溪筼\Documents\2026-7Fall\Carolina Data Challenge 2026\Graduate_Dataset\all_sources\028_FDX\con27.3.csv.gz","1869"
"D:\胡溪筼\Documents\2026-7Fall\Carolina Data Challenge 2026\Graduate_Dataset\all_sources\028_FDX\con27.4.csv.gz","1885"
"D:\胡溪筼\Documents\2026-7Fall\Carolina Data Challenge 2026\Graduate_Dataset\all_sources\028_FDX\con27.5.csv.gz","1883"
"D:\胡溪筼\Documents\2026-7Fall\Carolina Data Challenge 2026\Graduate_Dataset\all_sources\028_FDX\con27.6.csv.gz","1874"
"D:\胡溪筼\Documents\2026-7Fall\Carolina Data Challenge 2026\Graduate_Dataset\all_sources\028_FDX\con27.7.csv.gz","1870"
"D:\胡溪筼\Documents\2026-7Fall\Carolina Data Challenge 2026\Graduate_Dataset\all_sources\028_FDX\con27.8.csv.gz","1863"
"D:\胡溪筼\Documents\2026-7Fall\Carolina Data Challenge 2026\Graduate_Dataset\all_sources\028_FDX\con27.9.csv.gz","1891"
"D:\胡溪筼\Documents\2026-7Fall\Carolina Data Challenge 2026\Graduate_Dataset\all_sources\028_FDX\con27.csv.gz","1926"
"D:\胡溪筼\Documents\2026-7Fall\Carolina Data Challenge 2026\Graduate_Dataset\all_sources\028_FDX\con27.s.csv.gz","1892"
"D:\胡溪筼\Documents\2026-7Fall\Carolina Data Challenge 2026\Graduate_Dataset\all_sources\028_FDX\con28d.1.csv.gz","417"
"D:\胡溪筼\Documents\2026-7Fall\Carolina Data Challenge 2026\Graduate_Dataset\all_sources\028_FDX\con28d.10.csv.gz","412"
"D:\胡溪筼\Documents\2026-7Fall\Carolina Data Challenge 2026\Graduate_Dataset\all_sources\028_FDX\con28d.11.csv.gz","414"
"D:\胡溪筼\Documents\2026-7Fall\Carolina Data Challenge 2026\Graduate_Dataset\all_sources\028_FDX\con28d.12.csv.gz","413"
"D:\胡溪筼\Documents\2026-7Fall\Carolina Data Challenge 2026\Graduate_Dataset\all_sources\028_FDX\con28d.2.csv.gz","409"
"D:\胡溪筼\Documents\2026-7Fall\Carolina Data Challenge 2026\Graduate_Dataset\all_sources\028_FDX\con28d.3.csv.gz","418"
"D:\胡溪筼\Documents\2026-7Fall\Carolina Data Challenge 2026\Graduate_Dataset\all_sources\028_FDX\con28d.4.csv.gz","415"
"D:\胡溪筼\Documents\2026-7Fall\Carolina Data Challenge 2026\Graduate_Dataset\all_sources\028_FDX\con28d.5.csv.gz","418"
"D:\胡溪筼\Documents\2026-7Fall\Carolina Data Challenge 2026\Graduate_Dataset\all_sources\028_FDX\con28d.6.csv.gz","415"
"D:\胡溪筼\Documents\2026-7Fall\Carolina Data Challenge 2026\Graduate_Dataset\all_sources\028_FDX\con28d.7.csv.gz","413"
"D:\胡溪筼\Documents\2026-7Fall\Carolina Data Challenge 2026\Graduate_Dataset\all_sources\028_FDX\con28d.8.csv.gz","411"
"D:\胡溪筼\Documents\2026-7Fall\Carolina Data Challenge 2026\Graduate_Dataset\all_sources\028_FDX\con28d.9.csv.gz","413"
"D:\胡溪筼\Documents\2026-7Fall\Carolina Data Challenge 2026\Graduate_Dataset\all_sources\028_FDX\con28d.csv.gz","1918"
"D:\胡溪筼\Documents\2026-7Fall\Carolina Data Challenge 2026\Graduate_Dataset\all_sources\028_FDX\con28d.s.csv.gz","415"
"D:\胡溪筼\Documents\2026-7Fall\Carolina Data Challenge 2026\Graduate_Dataset\all_sources\028_FDX\con28lm.1.csv.gz","124"
"D:\胡溪筼\Documents\2026-7Fall\Carolina Data Challenge 2026\Graduate_Dataset\all_sources\028_FDX\con28lm.10.csv.gz","125"
"D:\胡溪筼\Documents\2026-7Fall\Carolina Data Challenge 2026\Graduate_Dataset\all_sources\028_FDX\con28lm.11.csv.gz","125"
"D:\胡溪筼\Documents\2026-7Fall\Carolina Data Challenge 2026\Graduate_Dataset\all_sources\028_FDX\con28lm.12.csv.gz","125"
"D:\胡溪筼\Documents\2026-7Fall\Carolina Data Challenge 2026\Graduate_Dataset\all_sources\028_FDX\con28lm.2.csv.gz","124"
"D:\胡溪筼\Documents\2026-7Fall\Carolina Data Challenge 2026\Graduate_Dataset\all_sources\028_FDX\con28lm.3.csv.gz","124"
"D:\胡溪筼\Documents\2026-7Fall\Carolina Data Challenge 2026\Graduate_Dataset\all_sources\028_FDX\con28lm.4.csv.gz","124"
"D:\胡溪筼\Documents\2026-7Fall\Carolina Data Challenge 2026\Graduate_Dataset\all_sources\028_FDX\con28lm.5.csv.gz","121"
"D:\胡溪筼\Documents\2026-7Fall\Carolina Data Challenge 2026\Graduate_Dataset\all_sources\028_FDX\con28lm.6.csv.gz","124"
"D:\胡溪筼\Documents\2026-7Fall\Carolina Data Challenge 2026\Graduate_Dataset\all_sources\028_FDX\con28lm.7.csv.gz","124"
"D:\胡溪筼\Documents\2026-7Fall\Carolina Data Challenge 2026\Graduate_Dataset\all_sources\028_FDX\con28lm.8.csv.gz","124"
"D:\胡溪筼\Documents\2026-7Fall\Carolina Data Challenge 2026\Graduate_Dataset\all_sources\028_FDX\con28lm.9.csv.gz","124"
"D:\胡溪筼\Documents\2026-7Fall\Carolina Data Challenge 2026\Graduate_Dataset\all_sources\028_FDX\con28lm.csv.gz","1895"
"D:\胡溪筼\Documents\2026-7Fall\Carolina Data Challenge 2026\Graduate_Dataset\all_sources\028_FDX\con28lm.s.csv.gz","124"
"D:\胡溪筼\Documents\2026-7Fall\Carolina Data Challenge 2026\Graduate_Dataset\all_sources\028_FDX\con28m.1.csv.gz","1292"
"D:\胡溪筼\Documents\2026-7Fall\Carolina Data Challenge 2026\Graduate_Dataset\all_sources\028_FDX\con28m.10.csv.gz","1270"
"D:\胡溪筼\Documents\2026-7Fall\Carolina Data Challenge 2026\Graduate_Dataset\all_sources\028_FDX\con28m.11.csv.gz","1296"
"D:\胡溪筼\Documents\2026-7Fall\Carolina Data Challenge 2026\Graduate_Dataset\all_sources\028_FDX\con28m.12.csv.gz","1295"
"D:\胡溪筼\Documents\2026-7Fall\Carolina Data Challenge 2026\Graduate_Dataset\all_sources\028_FDX\con28m.2.csv.gz","1286"
"D:\胡溪筼\Documents\2026-7Fall\Carolina Data Challenge 2026\Graduate_Dataset\all_sources\028_FDX\con28m.3.csv.gz","1291"
"D:\胡溪筼\Documents\2026-7Fall\Carolina Data Challenge 2026\Graduate_Dataset\all_sources\028_FDX\con28m.4.csv.gz","1293"
"D:\胡溪筼\Documents\2026-7Fall\Carolina Data Challenge 2026\Graduate_Dataset\all_sources\028_FDX\con28m.5.csv.gz","1286"
"D:\胡溪筼\Documents\2026-7Fall\Carolina Data Challenge 2026\Graduate_Dataset\all_sources\028_FDX\con28m.6.csv.gz","1290"
"D:\胡溪筼\Documents\2026-7Fall\Carolina Data Challenge 2026\Graduate_Dataset\all_sources\028_FDX\con28m.7.csv.gz","1289"
"D:\胡溪筼\Documents\2026-7Fall\Carolina Data Challenge 2026\Graduate_Dataset\all_sources\028_FDX\con28m.8.csv.gz","1287"
"D:\胡溪筼\Documents\2026-7Fall\Carolina Data Challenge 2026\Graduate_Dataset\all_sources\028_FDX\con28m.9.csv.gz","1285"
"D:\胡溪筼\Documents\2026-7Fall\Carolina Data Challenge 2026\Graduate_Dataset\all_sources\028_FDX\con28m.csv.gz","1933"
"D:\胡溪筼\Documents\2026-7Fall\Carolina Data Challenge 2026\Graduate_Dataset\all_sources\028_FDX\con28m.s.csv.gz","1289"
"D:\胡溪筼\Documents\2026-7Fall\Carolina Data Challenge 2026\Graduate_Dataset\all_sources\028_FDX\con28n.csv.gz","1424"
"D:\胡溪筼\Documents\2026-7Fall\Carolina Data Challenge 2026\Graduate_Dataset\all_sources\028_FDX\con28w.1.csv.gz","1135"
"D:\胡溪筼\Documents\2026-7Fall\Carolina Data Challenge 2026\Graduate_Dataset\all_sources\028_FDX\con28w.10.csv.gz","1109"
"D:\胡溪筼\Documents\2026-7Fall\Carolina Data Challenge 2026\Graduate_Dataset\all_sources\028_FDX\con28w.11.csv.gz","1137"
"D:\胡溪筼\Documents\2026-7Fall\Carolina Data Challenge 2026\Graduate_Dataset\all_sources\028_FDX\con28w.12.csv.gz","1131"
"D:\胡溪筼\Documents\2026-7Fall\Carolina Data Challenge 2026\Graduate_Dataset\all_sources\028_FDX\con28w.2.csv.gz","1134"
"D:\胡溪筼\Documents\2026-7Fall\Carolina Data Challenge 2026\Graduate_Dataset\all_sources\028_FDX\con28w.3.csv.gz","1137"
"D:\胡溪筼\Documents\2026-7Fall\Carolina Data Challenge 2026\Graduate_Dataset\all_sources\028_FDX\con28w.4.csv.gz","1127"
"D:\胡溪筼\Documents\2026-7Fall\Carolina Data Challenge 2026\Graduate_Dataset\all_sources\028_FDX\con28w.5.csv.gz","1137"
"D:\胡溪筼\Documents\2026-7Fall\Carolina Data Challenge 2026\Graduate_Dataset\all_sources\028_FDX\con28w.6.csv.gz","1143"
"D:\胡溪筼\Documents\2026-7Fall\Carolina Data Challenge 2026\Graduate_Dataset\all_sources\028_FDX\con28w.7.csv.gz","1119"
"D:\胡溪筼\Documents\2026-7Fall\Carolina Data Challenge 2026\Graduate_Dataset\all_sources\028_FDX\con28w.8.csv.gz","1119"
"D:\胡溪筼\Documents\2026-7Fall\Carolina Data Challenge 2026\Graduate_Dataset\all_sources\028_FDX\con28w.9.csv.gz","1136"
"D:\胡溪筼\Documents\2026-7Fall\Carolina Data Challenge 2026\Graduate_Dataset\all_sources\028_FDX\con28w.csv.gz","1915"
"D:\胡溪筼\Documents\2026-7Fall\Carolina Data Challenge 2026\Graduate_Dataset\all_sources\028_FDX\con28w.s.csv.gz","1141"
"D:\胡溪筼\Documents\2026-7Fall\Carolina Data Challenge 2026\Graduate_Dataset\all_sources\028_FDX\con29.1.csv.gz","530"
"D:\胡溪筼\Documents\2026-7Fall\Carolina Data Challenge 2026\Graduate_Dataset\all_sources\028_FDX\con29.10.csv.gz","536"
"D:\胡溪筼\Documents\2026-7Fall\Carolina Data Challenge 2026\Graduate_Dataset\all_sources\028_FDX\con29.11.csv.gz","536"
"D:\胡溪筼\Documents\2026-7Fall\Carolina Data Challenge 2026\Graduate_Dataset\all_sources\028_FDX\con29.12.csv.gz","539"
"D:\胡溪筼\Documents\2026-7Fall\Carolina Data Challenge 2026\Graduate_Dataset\all_sources\028_FDX\con29.2.csv.gz","538"
"D:\胡溪筼\Documents\2026-7Fall\Carolina Data Challenge 2026\Graduate_Dataset\all_sources\028_FDX\con29.3.csv.gz","539"
"D:\胡溪筼\Documents\2026-7Fall\Carolina Data Challenge 2026\Graduate_Dataset\all_sources\028_FDX\con29.4.csv.gz","533"
"D:\胡溪筼\Documents\2026-7Fall\Carolina Data Challenge 2026\Graduate_Dataset\all_sources\028_FDX\con29.5.csv.gz","540"
"D:\胡溪筼\Documents\2026-7Fall\Carolina Data Challenge 2026\Graduate_Dataset\all_sources\028_FDX\con29.6.csv.gz","539"
"D:\胡溪筼\Documents\2026-7Fall\Carolina Data Challenge 2026\Graduate_Dataset\all_sources\028_FDX\con29.7.csv.gz","534"
"D:\胡溪筼\Documents\2026-7Fall\Carolina Data Challenge 2026\Graduate_Dataset\all_sources\028_FDX\con29.8.csv.gz","537"
"D:\胡溪筼\Documents\2026-7Fall\Carolina Data Challenge 2026\Graduate_Dataset\all_sources\028_FDX\con29.9.csv.gz","539"
"D:\胡溪筼\Documents\2026-7Fall\Carolina Data Challenge 2026\Graduate_Dataset\all_sources\028_FDX\con29.csv.gz","1916"
"D:\胡溪筼\Documents\2026-7Fall\Carolina Data Challenge 2026\Graduate_Dataset\all_sources\028_FDX\con29.s.csv.gz","538"
"D:\胡溪筼\Documents\2026-7Fall\Carolina Data Challenge 2026\Graduate_Dataset\all_sources\028_FDX\con2a.1.csv.gz","1029"
"D:\胡溪筼\Documents\2026-7Fall\Carolina Data Challenge 2026\Graduate_Dataset\all_sources\028_FDX\con2a.10.csv.gz","1005"
"D:\胡溪筼\Documents\2026-7Fall\Carolina Data Challenge 2026\Graduate_Dataset\all_sources\028_FDX\con2a.11.csv.gz","1027"
"D:\胡溪筼\Documents\2026-7Fall\Carolina Data Challenge 2026\Graduate_Dataset\all_sources\028_FDX\con2a.12.csv.gz","1025"
"D:\胡溪筼\Documents\2026-7Fall\Carolina Data Challenge 2026\Graduate_Dataset\all_sources\028_FDX\con2a.2.csv.gz","1023"
"D:\胡溪筼\Documents\2026-7Fall\Carolina Data Challenge 2026\Graduate_Dataset\all_sources\028_FDX\con2a.3.csv.gz","1022"
"D:\胡溪筼\Documents\2026-7Fall\Carolina Data Challenge 2026\Graduate_Dataset\all_sources\028_FDX\con2a.4.csv.gz","1026"
"D:\胡溪筼\Documents\2026-7Fall\Carolina Data Challenge 2026\Graduate_Dataset\all_sources\028_FDX\con2a.5.csv.gz","1030"
"D:\胡溪筼\Documents\2026-7Fall\Carolina Data Challenge 2026\Graduate_Dataset\all_sources\028_FDX\con2a.6.csv.gz","1032"
"D:\胡溪筼\Documents\2026-7Fall\Carolina Data Challenge 2026\Graduate_Dataset\all_sources\028_FDX\con2a.7.csv.gz","1011"
"D:\胡溪筼\Documents\2026-7Fall\Carolina Data Challenge 2026\Graduate_Dataset\all_sources\028_FDX\con2a.8.csv.gz","1012"
"D:\胡溪筼\Documents\2026-7Fall\Carolina Data Challenge 2026\Graduate_Dataset\all_sources\028_FDX\con2a.9.csv.gz","1025"
"D:\胡溪筼\Documents\2026-7Fall\Carolina Data Challenge 2026\Graduate_Dataset\all_sources\028_FDX\con2a.csv.gz","1917"
"D:\胡溪筼\Documents\2026-7Fall\Carolina Data Challenge 2026\Graduate_Dataset\all_sources\028_FDX\con2a.s.csv.gz","1032"
"D:\胡溪筼\Documents\2026-7Fall\Carolina Data Challenge 2026\Graduate_Dataset\all_sources\028_FDX\con2b.1.csv.gz","465"
"D:\胡溪筼\Documents\2026-7Fall\Carolina Data Challenge 2026\Graduate_Dataset\all_sources\028_FDX\con2b.10.csv.gz","465"
"D:\胡溪筼\Documents\2026-7Fall\Carolina Data Challenge 2026\Graduate_Dataset\all_sources\028_FDX\con2b.11.csv.gz","466"
"D:\胡溪筼\Documents\2026-7Fall\Carolina Data Challenge 2026\Graduate_Dataset\all_sources\028_FDX\con2b.12.csv.gz","464"
"D:\胡溪筼\Documents\2026-7Fall\Carolina Data Challenge 2026\Graduate_Dataset\all_sources\028_FDX\con2b.2.csv.gz","460"
"D:\胡溪筼\Documents\2026-7Fall\Carolina Data Challenge 2026\Graduate_Dataset\all_sources\028_FDX\con2b.3.csv.gz","466"
"D:\胡溪筼\Documents\2026-7Fall\Carolina Data Challenge 2026\Graduate_Dataset\all_sources\028_FDX\con2b.4.csv.gz","462"
"D:\胡溪筼\Documents\2026-7Fall\Carolina Data Challenge 2026\Graduate_Dataset\all_sources\028_FDX\con2b.5.csv.gz","461"
"D:\胡溪筼\Documents\2026-7Fall\Carolina Data Challenge 2026\Graduate_Dataset\all_sources\028_FDX\con2b.6.csv.gz","465"
"D:\胡溪筼\Documents\2026-7Fall\Carolina Data Challenge 2026\Graduate_Dataset\all_sources\028_FDX\con2b.7.csv.gz","444"
"D:\胡溪筼\Documents\2026-7Fall\Carolina Data Challenge 2026\Graduate_Dataset\all_sources\028_FDX\con2b.8.csv.gz","440"
"D:\胡溪筼\Documents\2026-7Fall\Carolina Data Challenge 2026\Graduate_Dataset\all_sources\028_FDX\con2b.9.csv.gz","463"
"D:\胡溪筼\Documents\2026-7Fall\Carolina Data Challenge 2026\Graduate_Dataset\all_sources\028_FDX\con2b.csv.gz","1907"
"D:\胡溪筼\Documents\2026-7Fall\Carolina Data Challenge 2026\Graduate_Dataset\all_sources\028_FDX\con2b.s.csv.gz","465"
"D:\胡溪筼\Documents\2026-7Fall\Carolina Data Challenge 2026\Graduate_Dataset\all_sources\028_FDX\con2c.1.csv.gz","224"
"D:\胡溪筼\Documents\2026-7Fall\Carolina Data Challenge 2026\Graduate_Dataset\all_sources\028_FDX\con2c.10.csv.gz","228"
"D:\胡溪筼\Documents\2026-7Fall\Carolina Data Challenge 2026\Graduate_Dataset\all_sources\028_FDX\con2c.11.csv.gz","227"
"D:\胡溪筼\Documents\2026-7Fall\Carolina Data Challenge 2026\Graduate_Dataset\all_sources\028_FDX\con2c.12.csv.gz","228"
"D:\胡溪筼\Documents\2026-7Fall\Carolina Data Challenge 2026\Graduate_Dataset\all_sources\028_FDX\con2c.2.csv.gz","223"
"D:\胡溪筼\Documents\2026-7Fall\Carolina Data Challenge 2026\Graduate_Dataset\all_sources\028_FDX\con2c.3.csv.gz","226"
"D:\胡溪筼\Documents\2026-7Fall\Carolina Data Challenge 2026\Graduate_Dataset\all_sources\028_FDX\con2c.4.csv.gz","226"
"D:\胡溪筼\Documents\2026-7Fall\Carolina Data Challenge 2026\Graduate_Dataset\all_sources\028_FDX\con2c.5.csv.gz","227"
"D:\胡溪筼\Documents\2026-7Fall\Carolina Data Challenge 2026\Graduate_Dataset\all_sources\028_FDX\con2c.6.csv.gz","228"
"D:\胡溪筼\Documents\2026-7Fall\Carolina Data Challenge 2026\Graduate_Dataset\all_sources\028_FDX\con2c.7.csv.gz","226"
"D:\胡溪筼\Documents\2026-7Fall\Carolina Data Challenge 2026\Graduate_Dataset\all_sources\028_FDX\con2c.8.csv.gz","227"
"D:\胡溪筼\Documents\2026-7Fall\Carolina Data Challenge 2026\Graduate_Dataset\all_sources\028_FDX\con2c.9.csv.gz","225"
"D:\胡溪筼\Documents\2026-7Fall\Carolina Data Challenge 2026\Graduate_Dataset\all_sources\028_FDX\con2c.csv.gz","1916"
"D:\胡溪筼\Documents\2026-7Fall\Carolina Data Challenge 2026\Graduate_Dataset\all_sources\028_FDX\con2c.s.csv.gz","228"
"D:\胡溪筼\Documents\2026-7Fall\Carolina Data Challenge 2026\Graduate_Dataset\all_sources\028_FDX\con2d.1.csv.gz","487"
"D:\胡溪筼\Documents\2026-7Fall\Carolina Data Challenge 2026\Graduate_Dataset\all_sources\028_FDX\con2d.10.csv.gz","485"
"D:\胡溪筼\Documents\2026-7Fall\Carolina Data Challenge 2026\Graduate_Dataset\all_sources\028_FDX\con2d.11.csv.gz","483"
"D:\胡溪筼\Documents\2026-7Fall\Carolina Data Challenge 2026\Graduate_Dataset\all_sources\028_FDX\con2d.12.csv.gz","483"
"D:\胡溪筼\Documents\2026-7Fall\Carolina Data Challenge 2026\Graduate_Dataset\all_sources\028_FDX\con2d.2.csv.gz","488"
"D:\胡溪筼\Documents\2026-7Fall\Carolina Data Challenge 2026\Graduate_Dataset\all_sources\028_FDX\con2d.3.csv.gz","488"
"D:\胡溪筼\Documents\2026-7Fall\Carolina Data Challenge 2026\Graduate_Dataset\all_sources\028_FDX\con2d.4.csv.gz","483"
"D:\胡溪筼\Documents\2026-7Fall\Carolina Data Challenge 2026\Graduate_Dataset\all_sources\028_FDX\con2d.5.csv.gz","481"
"D:\胡溪筼\Documents\2026-7Fall\Carolina Data Challenge 2026\Graduate_Dataset\all_sources\028_FDX\con2d.6.csv.gz","480"
"D:\胡溪筼\Documents\2026-7Fall\Carolina Data Challenge 2026\Graduate_Dataset\all_sources\028_FDX\con2d.7.csv.gz","483"
"D:\胡溪筼\Documents\2026-7Fall\Carolina Data Challenge 2026\Graduate_Dataset\all_sources\028_FDX\con2d.8.csv.gz","485"
"D:\胡溪筼\Documents\2026-7Fall\Carolina Data Challenge 2026\Graduate_Dataset\all_sources\028_FDX\con2d.9.csv.gz","481"
"D:\胡溪筼\Documents\2026-7Fall\Carolina Data Challenge 2026\Graduate_Dataset\all_sources\028_FDX\con2d.csv.gz","1915"
"D:\胡溪筼\Documents\2026-7Fall\Carolina Data Challenge 2026\Graduate_Dataset\all_sources\028_FDX\con2d.s.csv.gz","489"
"D:\胡溪筼\Documents\2026-7Fall\Carolina Data Challenge 2026\Graduate_Dataset\all_sources\028_FDX\con2e.1.csv.gz","170"
"D:\胡溪筼\Documents\2026-7Fall\Carolina Data Challenge 2026\Graduate_Dataset\all_sources\028_FDX\con2e.10.csv.gz","169"
"D:\胡溪筼\Documents\2026-7Fall\Carolina Data Challenge 2026\Graduate_Dataset\all_sources\028_FDX\con2e.11.csv.gz","170"
"D:\胡溪筼\Documents\2026-7Fall\Carolina Data Challenge 2026\Graduate_Dataset\all_sources\028_FDX\con2e.12.csv.gz","170"
"D:\胡溪筼\Documents\2026-7Fall\Carolina Data Challenge 2026\Graduate_Dataset\all_sources\028_FDX\con2e.2.csv.gz","167"
"D:\胡溪筼\Documents\2026-7Fall\Carolina Data Challenge 2026\Graduate_Dataset\all_sources\028_FDX\con2e.3.csv.gz","169"
"D:\胡溪筼\Documents\2026-7Fall\Carolina Data Challenge 2026\Graduate_Dataset\all_sources\028_FDX\con2e.4.csv.gz","169"
"D:\胡溪筼\Documents\2026-7Fall\Carolina Data Challenge 2026\Graduate_Dataset\all_sources\028_FDX\con2e.5.csv.gz","167"
"D:\胡溪筼\Documents\2026-7Fall\Carolina Data Challenge 2026\Graduate_Dataset\all_sources\028_FDX\con2e.6.csv.gz","167"
"D:\胡溪筼\Documents\2026-7Fall\Carolina Data Challenge 2026\Graduate_Dataset\all_sources\028_FDX\con2e.7.csv.gz","169"
"D:\胡溪筼\Documents\2026-7Fall\Carolina Data Challenge 2026\Graduate_Dataset\all_sources\028_FDX\con2e.8.csv.gz","169"
"D:\胡溪筼\Documents\2026-7Fall\Carolina Data Challenge 2026\Graduate_Dataset\all_sources\028_FDX\con2e.9.csv.gz","169"
"D:\胡溪筼\Documents\2026-7Fall\Carolina Data Challenge 2026\Graduate_Dataset\all_sources\028_FDX\con2e.csv.gz","1914"
"D:\胡溪筼\Documents\2026-7Fall\Carolina Data Challenge 2026\Graduate_Dataset\all_sources\028_FDX\con2e.s.csv.gz","170"
"D:\胡溪筼\Documents\2026-7Fall\Carolina Data Challenge 2026\Graduate_Dataset\all_sources\028_FDX\con2f.1.csv.gz","240"
"D:\胡溪筼\Documents\2026-7Fall\Carolina Data Challenge 2026\Graduate_Dataset\all_sources\028_FDX\con2f.10.csv.gz","243"
"D:\胡溪筼\Documents\2026-7Fall\Carolina Data Challenge 2026\Graduate_Dataset\all_sources\028_FDX\con2f.11.csv.gz","244"
"D:\胡溪筼\Documents\2026-7Fall\Carolina Data Challenge 2026\Graduate_Dataset\all_sources\028_FDX\con2f.12.csv.gz","245"
"D:\胡溪筼\Documents\2026-7Fall\Carolina Data Challenge 2026\Graduate_Dataset\all_sources\028_FDX\con2f.2.csv.gz","243"
"D:\胡溪筼\Documents\2026-7Fall\Carolina Data Challenge 2026\Graduate_Dataset\all_sources\028_FDX\con2f.3.csv.gz","242"
"D:\胡溪筼\Documents\2026-7Fall\Carolina Data Challenge 2026\Graduate_Dataset\all_sources\028_FDX\con2f.4.csv.gz","241"
"D:\胡溪筼\Documents\2026-7Fall\Carolina Data Challenge 2026\Graduate_Dataset\all_sources\028_FDX\con2f.5.csv.gz","242"
"D:\胡溪筼\Documents\2026-7Fall\Carolina Data Challenge 2026\Graduate_Dataset\all_sources\028_FDX\con2f.6.csv.gz","246"
"D:\胡溪筼\Documents\2026-7Fall\Carolina Data Challenge 2026\Graduate_Dataset\all_sources\028_FDX\con2f.7.csv.gz","242"
"D:\胡溪筼\Documents\2026-7Fall\Carolina Data Challenge 2026\Graduate_Dataset\all_sources\028_FDX\con2f.8.csv.gz","245"
"D:\胡溪筼\Documents\2026-7Fall\Carolina Data Challenge 2026\Graduate_Dataset\all_sources\028_FDX\con2f.9.csv.gz","241"
"D:\胡溪筼\Documents\2026-7Fall\Carolina Data Challenge 2026\Graduate_Dataset\all_sources\028_FDX\con2f.csv.gz","1916"
"D:\胡溪筼\Documents\2026-7Fall\Carolina Data Challenge 2026\Graduate_Dataset\all_sources\028_FDX\con2f.s.csv.gz","244"
"D:\胡溪筼\Documents\2026-7Fall\Carolina Data Challenge 2026\Graduate_Dataset\all_sources\028_FDX\con2g.1.csv.gz","453"
"D:\胡溪筼\Documents\2026-7Fall\Carolina Data Challenge 2026\Graduate_Dataset\all_sources\028_FDX\con2g.10.csv.gz","457"
"D:\胡溪筼\Documents\2026-7Fall\Carolina Data Challenge 2026\Graduate_Dataset\all_sources\028_FDX\con2g.11.csv.gz","455"
"D:\胡溪筼\Documents\2026-7Fall\Carolina Data Challenge 2026\Graduate_Dataset\all_sources\028_FDX\con2g.12.csv.gz","458"
"D:\胡溪筼\Documents\2026-7Fall\Carolina Data Challenge 2026\Graduate_Dataset\all_sources\028_FDX\con2g.2.csv.gz","455"
"D:\胡溪筼\Documents\2026-7Fall\Carolina Data Challenge 2026\Graduate_Dataset\all_sources\028_FDX\con2g.3.csv.gz","451"
"D:\胡溪筼\Documents\2026-7Fall\Carolina Data Challenge 2026\Graduate_Dataset\all_sources\028_FDX\con2g.4.csv.gz","442"
"D:\胡溪筼\Documents\2026-7Fall\Carolina Data Challenge 2026\Graduate_Dataset\all_sources\028_FDX\con2g.5.csv.gz","454"
"D:\胡溪筼\Documents\2026-7Fall\Carolina Data Challenge 2026\Graduate_Dataset\all_sources\028_FDX\con2g.6.csv.gz","457"
"D:\胡溪筼\Documents\2026-7Fall\Carolina Data Challenge 2026\Graduate_Dataset\all_sources\028_FDX\con2g.7.csv.gz","450"
"D:\胡溪筼\Documents\2026-7Fall\Carolina Data Challenge 2026\Graduate_Dataset\all_sources\028_FDX\con2g.8.csv.gz","453"
"D:\胡溪筼\Documents\2026-7Fall\Carolina Data Challenge 2026\Graduate_Dataset\all_sources\028_FDX\con2g.9.csv.gz","450"
"D:\胡溪筼\Documents\2026-7Fall\Carolina Data Challenge 2026\Graduate_Dataset\all_sources\028_FDX\con2g.csv.gz","1904"
"D:\胡溪筼\Documents\2026-7Fall\Carolina Data Challenge 2026\Graduate_Dataset\all_sources\028_FDX\con2g.s.csv.gz","453"
"D:\胡溪筼\Documents\2026-7Fall\Carolina Data Challenge 2026\Graduate_Dataset\all_sources\028_FDX\con30a.1.csv.gz","1855"
"D:\胡溪筼\Documents\2026-7Fall\Carolina Data Challenge 2026\Graduate_Dataset\all_sources\028_FDX\con30a.10.csv.gz","1831"
"D:\胡溪筼\Documents\2026-7Fall\Carolina Data Challenge 2026\Graduate_Dataset\all_sources\028_FDX\con30a.11.csv.gz","1848"
"D:\胡溪筼\Documents\2026-7Fall\Carolina Data Challenge 2026\Graduate_Dataset\all_sources\028_FDX\con30a.12.csv.gz","1855"
"D:\胡溪筼\Documents\2026-7Fall\Carolina Data Challenge 2026\Graduate_Dataset\all_sources\028_FDX\con30a.2.csv.gz","1849"
"D:\胡溪筼\Documents\2026-7Fall\Carolina Data Challenge 2026\Graduate_Dataset\all_sources\028_FDX\con30a.3.csv.gz","1861"
"D:\胡溪筼\Documents\2026-7Fall\Carolina Data Challenge 2026\Graduate_Dataset\all_sources\028_FDX\con30a.4.csv.gz","1850"
"D:\胡溪筼\Documents\2026-7Fall\Carolina Data Challenge 2026\Graduate_Dataset\all_sources\028_FDX\con30a.5.csv.gz","1849"
"D:\胡溪筼\Documents\2026-7Fall\Carolina Data Challenge 2026\Graduate_Dataset\all_sources\028_FDX\con30a.6.csv.gz","1853"
"D:\胡溪筼\Documents\2026-7Fall\Carolina Data Challenge 2026\Graduate_Dataset\all_sources\028_FDX\con30a.7.csv.gz","1831"
"D:\胡溪筼\Documents\2026-7Fall\Carolina Data Challenge 2026\Graduate_Dataset\all_sources\028_FDX\con30a.8.csv.gz","1840"
"D:\胡溪筼\Documents\2026-7Fall\Carolina Data Challenge 2026\Graduate_Dataset\all_sources\028_FDX\con30a.9.csv.gz","1846"
"D:\胡溪筼\Documents\2026-7Fall\Carolina Data Challenge 2026\Graduate_Dataset\all_sources\028_FDX\con30a.csv.gz","1930"
"D:\胡溪筼\Documents\2026-7Fall\Carolina Data Challenge 2026\Graduate_Dataset\all_sources\028_FDX\con30a.s.csv.gz","1839"
"D:\胡溪筼\Documents\2026-7Fall\Carolina Data Challenge 2026\Graduate_Dataset\all_sources\028_FDX\con30b.1.csv.gz","1845"
"D:\胡溪筼\Documents\2026-7Fall\Carolina Data Challenge 2026\Graduate_Dataset\all_sources\028_FDX\con30b.10.csv.gz","1829"
"D:\胡溪筼\Documents\2026-7Fall\Carolina Data Challenge 2026\Graduate_Dataset\all_sources\028_FDX\con30b.11.csv.gz","1842"
"D:\胡溪筼\Documents\2026-7Fall\Carolina Data Challenge 2026\Graduate_Dataset\all_sources\028_FDX\con30b.12.csv.gz","1870"
"D:\胡溪筼\Documents\2026-7Fall\Carolina Data Challenge 2026\Graduate_Dataset\all_sources\028_FDX\con30b.2.csv.gz","1840"
"D:\胡溪筼\Documents\2026-7Fall\Carolina Data Challenge 2026\Graduate_Dataset\all_sources\028_FDX\con30b.3.csv.gz","1844"
"D:\胡溪筼\Documents\2026-7Fall\Carolina Data Challenge 2026\Graduate_Dataset\all_sources\028_FDX\con30b.4.csv.gz","1848"
"D:\胡溪筼\Documents\2026-7Fall\Carolina Data Challenge 2026\Graduate_Dataset\all_sources\028_FDX\con30b.5.csv.gz","1842"
"D:\胡溪筼\Documents\2026-7Fall\Carolina Data Challenge 2026\Graduate_Dataset\all_sources\028_FDX\con30b.6.csv.gz","1840"
"D:\胡溪筼\Documents\2026-7Fall\Carolina Data Challenge 2026\Graduate_Dataset\all_sources\028_FDX\con30b.7.csv.gz","1834"
"D:\胡溪筼\Documents\2026-7Fall\Carolina Data Challenge 2026\Graduate_Dataset\all_sources\028_FDX\con30b.8.csv.gz","1846"
"D:\胡溪筼\Documents\2026-7Fall\Carolina Data Challenge 2026\Graduate_Dataset\all_sources\028_FDX\con30b.9.csv.gz","1845"
"D:\胡溪筼\Documents\2026-7Fall\Carolina Data Challenge 2026\Graduate_Dataset\all_sources\028_FDX\con30b.csv.gz","1917"
"D:\胡溪筼\Documents\2026-7Fall\Carolina Data Challenge 2026\Graduate_Dataset\all_sources\028_FDX\con30b.s.csv.gz","1828"
"D:\胡溪筼\Documents\2026-7Fall\Carolina Data Challenge 2026\Graduate_Dataset\all_sources\028_FDX\con30c.1.csv.gz","1923"
"D:\胡溪筼\Documents\2026-7Fall\Carolina Data Challenge 2026\Graduate_Dataset\all_sources\028_FDX\con30c.10.csv.gz","1880"
"D:\胡溪筼\Documents\2026-7Fall\Carolina Data Challenge 2026\Graduate_Dataset\all_sources\028_FDX\con30c.11.csv.gz","1901"
"D:\胡溪筼\Documents\2026-7Fall\Carolina Data Challenge 2026\Graduate_Dataset\all_sources\028_FDX\con30c.12.csv.gz","1915"
"D:\胡溪筼\Documents\2026-7Fall\Carolina Data Challenge 2026\Graduate_Dataset\all_sources\028_FDX\con30c.2.csv.gz","1917"
"D:\胡溪筼\Documents\2026-7Fall\Carolina Data Challenge 2026\Graduate_Dataset\all_sources\028_FDX\con30c.3.csv.gz","1906"
"D:\胡溪筼\Documents\2026-7Fall\Carolina Data Challenge 2026\Graduate_Dataset\all_sources\028_FDX\con30c.4.csv.gz","1912"
"D:\胡溪筼\Documents\2026-7Fall\Carolina Data Challenge 2026\Graduate_Dataset\all_sources\028_FDX\con30c.5.csv.gz","1910"
"D:\胡溪筼\Documents\2026-7Fall\Carolina Data Challenge 2026\Graduate_Dataset\all_sources\028_FDX\con30c.6.csv.gz","1900"
"D:\胡溪筼\Documents\2026-7Fall\Carolina Data Challenge 2026\Graduate_Dataset\all_sources\028_FDX\con30c.7.csv.gz","1895"
"D:\胡溪筼\Documents\2026-7Fall\Carolina Data Challenge 2026\Graduate_Dataset\all_sources\028_FDX\con30c.8.csv.gz","1884"
"D:\胡溪筼\Documents\2026-7Fall\Carolina Data Challenge 2026\Graduate_Dataset\all_sources\028_FDX\con30c.9.csv.gz","1895"
"D:\胡溪筼\Documents\2026-7Fall\Carolina Data Challenge 2026\Graduate_Dataset\all_sources\028_FDX\con30c.csv.gz","1923"
"D:\胡溪筼\Documents\2026-7Fall\Carolina Data Challenge 2026\Graduate_Dataset\all_sources\028_FDX\con30c.s.csv.gz","1874"
"D:\胡溪筼\Documents\2026-7Fall\Carolina Data Challenge 2026\Graduate_Dataset\all_sources\028_FDX\con30d.1.csv.gz","1861"
"D:\胡溪筼\Documents\2026-7Fall\Carolina Data Challenge 2026\Graduate_Dataset\all_sources\028_FDX\con30d.10.csv.gz","1835"
"D:\胡溪筼\Documents\2026-7Fall\Carolina Data Challenge 2026\Graduate_Dataset\all_sources\028_FDX\con30d.11.csv.gz","1850"
"D:\胡溪筼\Documents\2026-7Fall\Carolina Data Challenge 2026\Graduate_Dataset\all_sources\028_FDX\con30d.12.csv.gz","1847"
"D:\胡溪筼\Documents\2026-7Fall\Carolina Data Challenge 2026\Graduate_Dataset\all_sources\028_FDX\con30d.2.csv.gz","1860"
"D:\胡溪筼\Documents\2026-7Fall\Carolina Data Challenge 2026\Graduate_Dataset\all_sources\028_FDX\con30d.3.csv.gz","1860"
"D:\胡溪筼\Documents\2026-7Fall\Carolina Data Challenge 2026\Graduate_Dataset\all_sources\028_FDX\con30d.4.csv.gz","1855"
"D:\胡溪筼\Documents\2026-7Fall\Carolina Data Challenge 2026\Graduate_Dataset\all_sources\028_FDX\con30d.5.csv.gz","1845"
"D:\胡溪筼\Documents\2026-7Fall\Carolina Data Challenge 2026\Graduate_Dataset\all_sources\028_FDX\con30d.6.csv.gz","1855"
"D:\胡溪筼\Documents\2026-7Fall\Carolina Data Challenge 2026\Graduate_Dataset\all_sources\028_FDX\con30d.7.csv.gz","1838"
"D:\胡溪筼\Documents\2026-7Fall\Carolina Data Challenge 2026\Graduate_Dataset\all_sources\028_FDX\con30d.8.csv.gz","1841"
"D:\胡溪筼\Documents\2026-7Fall\Carolina Data Challenge 2026\Graduate_Dataset\all_sources\028_FDX\con30d.9.csv.gz","1854"
"D:\胡溪筼\Documents\2026-7Fall\Carolina Data Challenge 2026\Graduate_Dataset\all_sources\028_FDX\con30d.csv.gz","1927"
"D:\胡溪筼\Documents\2026-7Fall\Carolina Data Challenge 2026\Graduate_Dataset\all_sources\028_FDX\con30d.s.csv.gz","1842"
"D:\胡溪筼\Documents\2026-7Fall\Carolina Data Challenge 2026\Graduate_Dataset\all_sources\028_FDX\con30e.1.csv.gz","1788"
"D:\胡溪筼\Documents\2026-7Fall\Carolina Data Challenge 2026\Graduate_Dataset\all_sources\028_FDX\con30e.10.csv.gz","1779"
"D:\胡溪筼\Documents\2026-7Fall\Carolina Data Challenge 2026\Graduate_Dataset\all_sources\028_FDX\con30e.11.csv.gz","1779"
"D:\胡溪筼\Documents\2026-7Fall\Carolina Data Challenge 2026\Graduate_Dataset\all_sources\028_FDX\con30e.12.csv.gz","1794"
"D:\胡溪筼\Documents\2026-7Fall\Carolina Data Challenge 2026\Graduate_Dataset\all_sources\028_FDX\con30e.2.csv.gz","1786"
"D:\胡溪筼\Documents\2026-7Fall\Carolina Data Challenge 2026\Graduate_Dataset\all_sources\028_FDX\con30e.3.csv.gz","1797"
"D:\胡溪筼\Documents\2026-7Fall\Carolina Data Challenge 2026\Graduate_Dataset\all_sources\028_FDX\con30e.4.csv.gz","1778"
"D:\胡溪筼\Documents\2026-7Fall\Carolina Data Challenge 2026\Graduate_Dataset\all_sources\028_FDX\con30e.5.csv.gz","1785"
"D:\胡溪筼\Documents\2026-7Fall\Carolina Data Challenge 2026\Graduate_Dataset\all_sources\028_FDX\con30e.6.csv.gz","1788"
"D:\胡溪筼\Documents\2026-7Fall\Carolina Data Challenge 2026\Graduate_Dataset\all_sources\028_FDX\con30e.7.csv.gz","1778"
"D:\胡溪筼\Documents\2026-7Fall\Carolina Data Challenge 2026\Graduate_Dataset\all_sources\028_FDX\con30e.8.csv.gz","1765"
"D:\胡溪筼\Documents\2026-7Fall\Carolina Data Challenge 2026\Graduate_Dataset\all_sources\028_FDX\con30e.9.csv.gz","1786"
"D:\胡溪筼\Documents\2026-7Fall\Carolina Data Challenge 2026\Graduate_Dataset\all_sources\028_FDX\con30e.csv.gz","1918"
"D:\胡溪筼\Documents\2026-7Fall\Carolina Data Challenge 2026\Graduate_Dataset\all_sources\028_FDX\con30e.s.csv.gz","1787"
"D:\胡溪筼\Documents\2026-7Fall\Carolina Data Challenge 2026\Graduate_Dataset\all_sources\028_FDX\con30f.1.csv.gz","552"
"D:\胡溪筼\Documents\2026-7Fall\Carolina Data Challenge 2026\Graduate_Dataset\all_sources\028_FDX\con30f.10.csv.gz","528"
"D:\胡溪筼\Documents\2026-7Fall\Carolina Data Challenge 2026\Graduate_Dataset\all_sources\028_FDX\con30f.11.csv.gz","557"
"D:\胡溪筼\Documents\2026-7Fall\Carolina Data Challenge 2026\Graduate_Dataset\all_sources\028_FDX\con30f.12.csv.gz","549"
"D:\胡溪筼\Documents\2026-7Fall\Carolina Data Challenge 2026\Graduate_Dataset\all_sources\028_FDX\con30f.2.csv.gz","550"
"D:\胡溪筼\Documents\2026-7Fall\Carolina Data Challenge 2026\Graduate_Dataset\all_sources\028_FDX\con30f.3.csv.gz","553"
"D:\胡溪筼\Documents\2026-7Fall\Carolina Data Challenge 2026\Graduate_Dataset\all_sources\028_FDX\con30f.4.csv.gz","546"
"D:\胡溪筼\Documents\2026-7Fall\Carolina Data Challenge 2026\Graduate_Dataset\all_sources\028_FDX\con30f.5.csv.gz","554"
"D:\胡溪筼\Documents\2026-7Fall\Carolina Data Challenge 2026\Graduate_Dataset\all_sources\028_FDX\con30f.6.csv.gz","552"
"D:\胡溪筼\Documents\2026-7Fall\Carolina Data Challenge 2026\Graduate_Dataset\all_sources\028_FDX\con30f.7.csv.gz","537"
"D:\胡溪筼\Documents\2026-7Fall\Carolina Data Challenge 2026\Graduate_Dataset\all_sources\028_FDX\con30f.8.csv.gz","528"
"D:\胡溪筼\Documents\2026-7Fall\Carolina Data Challenge 2026\Graduate_Dataset\all_sources\028_FDX\con30f.9.csv.gz","548"
"D:\胡溪筼\Documents\2026-7Fall\Carolina Data Challenge 2026\Graduate_Dataset\all_sources\028_FDX\con30f.csv.gz","1895"
"D:\胡溪筼\Documents\2026-7Fall\Carolina Data Challenge 2026\Graduate_Dataset\all_sources\028_FDX\con30f.s.csv.gz","554"
"D:\胡溪筼\Documents\2026-7Fall\Carolina Data Challenge 2026\Graduate_Dataset\all_sources\028_FDX\con30g.1.csv.gz","1553"
"D:\胡溪筼\Documents\2026-7Fall\Carolina Data Challenge 2026\Graduate_Dataset\all_sources\028_FDX\con30g.10.csv.gz","1526"
"D:\胡溪筼\Documents\2026-7Fall\Carolina Data Challenge 2026\Graduate_Dataset\all_sources\028_FDX\con30g.11.csv.gz","1554"
"D:\胡溪筼\Documents\2026-7Fall\Carolina Data Challenge 2026\Graduate_Dataset\all_sources\028_FDX\con30g.12.csv.gz","1551"
"D:\胡溪筼\Documents\2026-7Fall\Carolina Data Challenge 2026\Graduate_Dataset\all_sources\028_FDX\con30g.2.csv.gz","1547"
"D:\胡溪筼\Documents\2026-7Fall\Carolina Data Challenge 2026\Graduate_Dataset\all_sources\028_FDX\con30g.3.csv.gz","1555"
"D:\胡溪筼\Documents\2026-7Fall\Carolina Data Challenge 2026\Graduate_Dataset\all_sources\028_FDX\con30g.4.csv.gz","1554"
"D:\胡溪筼\Documents\2026-7Fall\Carolina Data Challenge 2026\Graduate_Dataset\all_sources\028_FDX\con30g.5.csv.gz","1558"
"D:\胡溪筼\Documents\2026-7Fall\Carolina Data Challenge 2026\Graduate_Dataset\all_sources\028_FDX\con30g.6.csv.gz","1556"
"D:\胡溪筼\Documents\2026-7Fall\Carolina Data Challenge 2026\Graduate_Dataset\all_sources\028_FDX\con30g.7.csv.gz","1532"
"D:\胡溪筼\Documents\2026-7Fall\Carolina Data Challenge 2026\Graduate_Dataset\all_sources\028_FDX\con30g.8.csv.gz","1528"
"D:\胡溪筼\Documents\2026-7Fall\Carolina Data Challenge 2026\Graduate_Dataset\all_sources\028_FDX\con30g.9.csv.gz","1551"
"D:\胡溪筼\Documents\2026-7Fall\Carolina Data Challenge 2026\Graduate_Dataset\all_sources\028_FDX\con30g.csv.gz","1925"
"D:\胡溪筼\Documents\2026-7Fall\Carolina Data Challenge 2026\Graduate_Dataset\all_sources\028_FDX\con30g.s.csv.gz","1540"
"D:\胡溪筼\Documents\2026-7Fall\Carolina Data Challenge 2026\Graduate_Dataset\all_sources\028_FDX\con30h.1.csv.gz","1067"
"D:\胡溪筼\Documents\2026-7Fall\Carolina Data Challenge 2026\Graduate_Dataset\all_sources\028_FDX\con30h.10.csv.gz","1046"
"D:\胡溪筼\Documents\2026-7Fall\Carolina Data Challenge 2026\Graduate_Dataset\all_sources\028_FDX\con30h.11.csv.gz","1062"
"D:\胡溪筼\Documents\2026-7Fall\Carolina Data Challenge 2026\Graduate_Dataset\all_sources\028_FDX\con30h.12.csv.gz","1067"
"D:\胡溪筼\Documents\2026-7Fall\Carolina Data Challenge 2026\Graduate_Dataset\all_sources\028_FDX\con30h.2.csv.gz","1069"
"D:\胡溪筼\Documents\2026-7Fall\Carolina Data Challenge 2026\Graduate_Dataset\all_sources\028_FDX\con30h.3.csv.gz","1079"
"D:\胡溪筼\Documents\2026-7Fall\Carolina Data Challenge 2026\Graduate_Dataset\all_sources\028_FDX\con30h.4.csv.gz","1071"
"D:\胡溪筼\Documents\2026-7Fall\Carolina Data Challenge 2026\Graduate_Dataset\all_sources\028_FDX\con30h.5.csv.gz","1075"
"D:\胡溪筼\Documents\2026-7Fall\Carolina Data Challenge 2026\Graduate_Dataset\all_sources\028_FDX\con30h.6.csv.gz","1065"
"D:\胡溪筼\Documents\2026-7Fall\Carolina Data Challenge 2026\Graduate_Dataset\all_sources\028_FDX\con30h.7.csv.gz","1046"
"D:\胡溪筼\Documents\2026-7Fall\Carolina Data Challenge 2026\Graduate_Dataset\all_sources\028_FDX\con30h.8.csv.gz","1047"
"D:\胡溪筼\Documents\2026-7Fall\Carolina Data Challenge 2026\Graduate_Dataset\all_sources\028_FDX\con30h.9.csv.gz","1066"
"D:\胡溪筼\Documents\2026-7Fall\Carolina Data Challenge 2026\Graduate_Dataset\all_sources\028_FDX\con30h.csv.gz","1910"
"D:\胡溪筼\Documents\2026-7Fall\Carolina Data Challenge 2026\Graduate_Dataset\all_sources\028_FDX\con30h.s.csv.gz","1068"
"D:\胡溪筼\Documents\2026-7Fall\Carolina Data Challenge 2026\Graduate_Dataset\all_sources\028_FDX\con31a.1.csv.gz","1357"
"D:\胡溪筼\Documents\2026-7Fall\Carolina Data Challenge 2026\Graduate_Dataset\all_sources\028_FDX\con31a.10.csv.gz","1347"
"D:\胡溪筼\Documents\2026-7Fall\Carolina Data Challenge 2026\Graduate_Dataset\all_sources\028_FDX\con31a.11.csv.gz","1356"
"D:\胡溪筼\Documents\2026-7Fall\Carolina Data Challenge 2026\Graduate_Dataset\all_sources\028_FDX\con31a.12.csv.gz","1371"
"D:\胡溪筼\Documents\2026-7Fall\Carolina Data Challenge 2026\Graduate_Dataset\all_sources\028_FDX\con31a.2.csv.gz","1377"
"D:\胡溪筼\Documents\2026-7Fall\Carolina Data Challenge 2026\Graduate_Dataset\all_sources\028_FDX\con31a.3.csv.gz","1372"
"D:\胡溪筼\Documents\2026-7Fall\Carolina Data Challenge 2026\Graduate_Dataset\all_sources\028_FDX\con31a.4.csv.gz","1365"
"D:\胡溪筼\Documents\2026-7Fall\Carolina Data Challenge 2026\Graduate_Dataset\all_sources\028_FDX\con31a.5.csv.gz","1362"
"D:\胡溪筼\Documents\2026-7Fall\Carolina Data Challenge 2026\Graduate_Dataset\all_sources\028_FDX\con31a.6.csv.gz","1371"
"D:\胡溪筼\Documents\2026-7Fall\Carolina Data Challenge 2026\Graduate_Dataset\all_sources\028_FDX\con31a.7.csv.gz","1343"
"D:\胡溪筼\Documents\2026-7Fall\Carolina Data Challenge 2026\Graduate_Dataset\all_sources\028_FDX\con31a.8.csv.gz","1354"
"D:\胡溪筼\Documents\2026-7Fall\Carolina Data Challenge 2026\Graduate_Dataset\all_sources\028_FDX\con31a.9.csv.gz","1364"
"D:\胡溪筼\Documents\2026-7Fall\Carolina Data Challenge 2026\Graduate_Dataset\all_sources\028_FDX\con31a.csv.gz","1918"
"D:\胡溪筼\Documents\2026-7Fall\Carolina Data Challenge 2026\Graduate_Dataset\all_sources\028_FDX\con31a.s.csv.gz","1366"
"D:\胡溪筼\Documents\2026-7Fall\Carolina Data Challenge 2026\Graduate_Dataset\all_sources\028_FDX\con31b.1.csv.gz","1004"
"D:\胡溪筼\Documents\2026-7Fall\Carolina Data Challenge 2026\Graduate_Dataset\all_sources\028_FDX\con31b.10.csv.gz","1009"
"D:\胡溪筼\Documents\2026-7Fall\Carolina Data Challenge 2026\Graduate_Dataset\all_sources\028_FDX\con31b.11.csv.gz","1010"
"D:\胡溪筼\Documents\2026-7Fall\Carolina Data Challenge 2026\Graduate_Dataset\all_sources\028_FDX\con31b.12.csv.gz","1006"
"D:\胡溪筼\Documents\2026-7Fall\Carolina Data Challenge 2026\Graduate_Dataset\all_sources\028_FDX\con31b.2.csv.gz","1004"
"D:\胡溪筼\Documents\2026-7Fall\Carolina Data Challenge 2026\Graduate_Dataset\all_sources\028_FDX\con31b.3.csv.gz","1011"
"D:\胡溪筼\Documents\2026-7Fall\Carolina Data Challenge 2026\Graduate_Dataset\all_sources\028_FDX\con31b.4.csv.gz","1005"
"D:\胡溪筼\Documents\2026-7Fall\Carolina Data Challenge 2026\Graduate_Dataset\all_sources\028_FDX\con31b.5.csv.gz","1004"
"D:\胡溪筼\Documents\2026-7Fall\Carolina Data Challenge 2026\Graduate_Dataset\all_sources\028_FDX\con31b.6.csv.gz","1021"
"D:\胡溪筼\Documents\2026-7Fall\Carolina Data Challenge 2026\Graduate_Dataset\all_sources\028_FDX\con31b.7.csv.gz","1003"
"D:\胡溪筼\Documents\2026-7Fall\Carolina Data Challenge 2026\Graduate_Dataset\all_sources\028_FDX\con31b.8.csv.gz","1008"
"D:\胡溪筼\Documents\2026-7Fall\Carolina Data Challenge 2026\Graduate_Dataset\all_sources\028_FDX\con31b.9.csv.gz","994"
"D:\胡溪筼\Documents\2026-7Fall\Carolina Data Challenge 2026\Graduate_Dataset\all_sources\028_FDX\con31b.csv.gz","1901"
"D:\胡溪筼\Documents\2026-7Fall\Carolina Data Challenge 2026\Graduate_Dataset\all_sources\028_FDX\con31b.s.csv.gz","1016"
"D:\胡溪筼\Documents\2026-7Fall\Carolina Data Challenge 2026\Graduate_Dataset\all_sources\028_FDX\con31c.1.csv.gz","300"
"D:\胡溪筼\Documents\2026-7Fall\Carolina Data Challenge 2026\Graduate_Dataset\all_sources\028_FDX\con31c.10.csv.gz","299"
"D:\胡溪筼\Documents\2026-7Fall\Carolina Data Challenge 2026\Graduate_Dataset\all_sources\028_FDX\con31c.11.csv.gz","304"
"D:\胡溪筼\Documents\2026-7Fall\Carolina Data Challenge 2026\Graduate_Dataset\all_sources\028_FDX\con31c.12.csv.gz","303"
"D:\胡溪筼\Documents\2026-7Fall\Carolina Data Challenge 2026\Graduate_Dataset\all_sources\028_FDX\con31c.2.csv.gz","302"
"D:\胡溪筼\Documents\2026-7Fall\Carolina Data Challenge 2026\Graduate_Dataset\all_sources\028_FDX\con31c.3.csv.gz","302"
"D:\胡溪筼\Documents\2026-7Fall\Carolina Data Challenge 2026\Graduate_Dataset\all_sources\028_FDX\con31c.4.csv.gz","300"
"D:\胡溪筼\Documents\2026-7Fall\Carolina Data Challenge 2026\Graduate_Dataset\all_sources\028_FDX\con31c.5.csv.gz","304"
"D:\胡溪筼\Documents\2026-7Fall\Carolina Data Challenge 2026\Graduate_Dataset\all_sources\028_FDX\con31c.6.csv.gz","301"
"D:\胡溪筼\Documents\2026-7Fall\Carolina Data Challenge 2026\Graduate_Dataset\all_sources\028_FDX\con31c.7.csv.gz","299"
"D:\胡溪筼\Documents\2026-7Fall\Carolina Data Challenge 2026\Graduate_Dataset\all_sources\028_FDX\con31c.8.csv.gz","299"
"D:\胡溪筼\Documents\2026-7Fall\Carolina Data Challenge 2026\Graduate_Dataset\all_sources\028_FDX\con31c.9.csv.gz","300"
"D:\胡溪筼\Documents\2026-7Fall\Carolina Data Challenge 2026\Graduate_Dataset\all_sources\028_FDX\con31c.csv.gz","1912"
"D:\胡溪筼\Documents\2026-7Fall\Carolina Data Challenge 2026\Graduate_Dataset\all_sources\028_FDX\con31c.s.csv.gz","300"
"D:\胡溪筼\Documents\2026-7Fall\Carolina Data Challenge 2026\Graduate_Dataset\all_sources\028_FDX\con31d.1.csv.gz","959"
"D:\胡溪筼\Documents\2026-7Fall\Carolina Data Challenge 2026\Graduate_Dataset\all_sources\028_FDX\con31d.10.csv.gz","951"
"D:\胡溪筼\Documents\2026-7Fall\Carolina Data Challenge 2026\Graduate_Dataset\all_sources\028_FDX\con31d.11.csv.gz","964"
"D:\胡溪筼\Documents\2026-7Fall\Carolina Data Challenge 2026\Graduate_Dataset\all_sources\028_FDX\con31d.12.csv.gz","962"
"D:\胡溪筼\Documents\2026-7Fall\Carolina Data Challenge 2026\Graduate_Dataset\all_sources\028_FDX\con31d.2.csv.gz","968"
"D:\胡溪筼\Documents\2026-7Fall\Carolina Data Challenge 2026\Graduate_Dataset\all_sources\028_FDX\con31d.3.csv.gz","969"
"D:\胡溪筼\Documents\2026-7Fall\Carolina Data Challenge 2026\Graduate_Dataset\all_sources\028_FDX\con31d.4.csv.gz","965"
"D:\胡溪筼\Documents\2026-7Fall\Carolina Data Challenge 2026\Graduate_Dataset\all_sources\028_FDX\con31d.5.csv.gz","968"
"D:\胡溪筼\Documents\2026-7Fall\Carolina Data Challenge 2026\Graduate_Dataset\all_sources\028_FDX\con31d.6.csv.gz","975"
"D:\胡溪筼\Documents\2026-7Fall\Carolina Data Challenge 2026\Graduate_Dataset\all_sources\028_FDX\con31d.7.csv.gz","961"
"D:\胡溪筼\Documents\2026-7Fall\Carolina Data Challenge 2026\Graduate_Dataset\all_sources\028_FDX\con31d.8.csv.gz","967"
"D:\胡溪筼\Documents\2026-7Fall\Carolina Data Challenge 2026\Graduate_Dataset\all_sources\028_FDX\con31d.9.csv.gz","960"
"D:\胡溪筼\Documents\2026-7Fall\Carolina Data Challenge 2026\Graduate_Dataset\all_sources\028_FDX\con31d.csv.gz","1910"
"D:\胡溪筼\Documents\2026-7Fall\Carolina Data Challenge 2026\Graduate_Dataset\all_sources\028_FDX\con31d.s.csv.gz","974"
"D:\胡溪筼\Documents\2026-7Fall\Carolina Data Challenge 2026\Graduate_Dataset\all_sources\028_FDX\con31e.csv.gz","1914"
"D:\胡溪筼\Documents\2026-7Fall\Carolina Data Challenge 2026\Graduate_Dataset\all_sources\028_FDX\con31f.1.csv.gz","413"
"D:\胡溪筼\Documents\2026-7Fall\Carolina Data Challenge 2026\Graduate_Dataset\all_sources\028_FDX\con31f.10.csv.gz","413"
"D:\胡溪筼\Documents\2026-7Fall\Carolina Data Challenge 2026\Graduate_Dataset\all_sources\028_FDX\con31f.11.csv.gz","417"
"D:\胡溪筼\Documents\2026-7Fall\Carolina Data Challenge 2026\Graduate_Dataset\all_sources\028_FDX\con31f.12.csv.gz","416"
"D:\胡溪筼\Documents\2026-7Fall\Carolina Data Challenge 2026\Graduate_Dataset\all_sources\028_FDX\con31f.2.csv.gz","410"
"D:\胡溪筼\Documents\2026-7Fall\Carolina Data Challenge 2026\Graduate_Dataset\all_sources\028_FDX\con31f.3.csv.gz","422"
"D:\胡溪筼\Documents\2026-7Fall\Carolina Data Challenge 2026\Graduate_Dataset\all_sources\028_FDX\con31f.4.csv.gz","413"
"D:\胡溪筼\Documents\2026-7Fall\Carolina Data Challenge 2026\Graduate_Dataset\all_sources\028_FDX\con31f.5.csv.gz","418"
"D:\胡溪筼\Documents\2026-7Fall\Carolina Data Challenge 2026\Graduate_Dataset\all_sources\028_FDX\con31f.6.csv.gz","416"
"D:\胡溪筼\Documents\2026-7Fall\Carolina Data Challenge 2026\Graduate_Dataset\all_sources\028_FDX\con31f.7.csv.gz","417"
"D:\胡溪筼\Documents\2026-7Fall\Carolina Data Challenge 2026\Graduate_Dataset\all_sources\028_FDX\con31f.8.csv.gz","409"
"D:\胡溪筼\Documents\2026-7Fall\Carolina Data Challenge 2026\Graduate_Dataset\all_sources\028_FDX\con31f.9.csv.gz","410"
"D:\胡溪筼\Documents\2026-7Fall\Carolina Data Challenge 2026\Graduate_Dataset\all_sources\028_FDX\con31f.csv.gz","1918"
"D:\胡溪筼\Documents\2026-7Fall\Carolina Data Challenge 2026\Graduate_Dataset\all_sources\028_FDX\con31f.s.csv.gz","422"
"D:\胡溪筼\Documents\2026-7Fall\Carolina Data Challenge 2026\Graduate_Dataset\all_sources\028_FDX\con31g.csv.gz","1903"
"D:\胡溪筼\Documents\2026-7Fall\Carolina Data Challenge 2026\Graduate_Dataset\all_sources\028_FDX\con31h.1.csv.gz","601"
"D:\胡溪筼\Documents\2026-7Fall\Carolina Data Challenge 2026\Graduate_Dataset\all_sources\028_FDX\con31h.10.csv.gz","584"
"D:\胡溪筼\Documents\2026-7Fall\Carolina Data Challenge 2026\Graduate_Dataset\all_sources\028_FDX\con31h.11.csv.gz","602"
"D:\胡溪筼\Documents\2026-7Fall\Carolina Data Challenge 2026\Graduate_Dataset\all_sources\028_FDX\con31h.12.csv.gz","598"
"D:\胡溪筼\Documents\2026-7Fall\Carolina Data Challenge 2026\Graduate_Dataset\all_sources\028_FDX\con31h.2.csv.gz","593"
"D:\胡溪筼\Documents\2026-7Fall\Carolina Data Challenge 2026\Graduate_Dataset\all_sources\028_FDX\con31h.3.csv.gz","591"
"D:\胡溪筼\Documents\2026-7Fall\Carolina Data Challenge 2026\Graduate_Dataset\all_sources\028_FDX\con31h.4.csv.gz","599"
"D:\胡溪筼\Documents\2026-7Fall\Carolina Data Challenge 2026\Graduate_Dataset\all_sources\028_FDX\con31h.5.csv.gz","602"
"D:\胡溪筼\Documents\2026-7Fall\Carolina Data Challenge 2026\Graduate_Dataset\all_sources\028_FDX\con31h.6.csv.gz","605"
"D:\胡溪筼\Documents\2026-7Fall\Carolina Data Challenge 2026\Graduate_Dataset\all_sources\028_FDX\con31h.7.csv.gz","596"
"D:\胡溪筼\Documents\2026-7Fall\Carolina Data Challenge 2026\Graduate_Dataset\all_sources\028_FDX\con31h.8.csv.gz","598"
"D:\胡溪筼\Documents\2026-7Fall\Carolina Data Challenge 2026\Graduate_Dataset\all_sources\028_FDX\con31h.9.csv.gz","594"
"D:\胡溪筼\Documents\2026-7Fall\Carolina Data Challenge 2026\Graduate_Dataset\all_sources\028_FDX\con31h.csv.gz","1909"
"D:\胡溪筼\Documents\2026-7Fall\Carolina Data Challenge 2026\Graduate_Dataset\all_sources\028_FDX\con31h.s.csv.gz","601"
"D:\胡溪筼\Documents\2026-7Fall\Carolina Data Challenge 2026\Graduate_Dataset\all_sources\028_FDX\con32a.1.csv.gz","1118"
"D:\胡溪筼\Documents\2026-7Fall\Carolina Data Challenge 2026\Graduate_Dataset\all_sources\028_FDX\con32a.10.csv.gz","1095"
"D:\胡溪筼\Documents\2026-7Fall\Carolina Data Challenge 2026\Graduate_Dataset\all_sources\028_FDX\con32a.11.csv.gz","1114"
"D:\胡溪筼\Documents\2026-7Fall\Carolina Data Challenge 2026\Graduate_Dataset\all_sources\028_FDX\con32a.12.csv.gz","1119"
"D:\胡溪筼\Documents\2026-7Fall\Carolina Data Challenge 2026\Graduate_Dataset\all_sources\028_FDX\con32a.2.csv.gz","1122"
"D:\胡溪筼\Documents\2026-7Fall\Carolina Data Challenge 2026\Graduate_Dataset\all_sources\028_FDX\con32a.3.csv.gz","1124"
"D:\胡溪筼\Documents\2026-7Fall\Carolina Data Challenge 2026\Graduate_Dataset\all_sources\028_FDX\con32a.4.csv.gz","1111"
"D:\胡溪筼\Documents\2026-7Fall\Carolina Data Challenge 2026\Graduate_Dataset\all_sources\028_FDX\con32a.5.csv.gz","1117"
"D:\胡溪筼\Documents\2026-7Fall\Carolina Data Challenge 2026\Graduate_Dataset\all_sources\028_FDX\con32a.6.csv.gz","1125"
"D:\胡溪筼\Documents\2026-7Fall\Carolina Data Challenge 2026\Graduate_Dataset\all_sources\028_FDX\con32a.7.csv.gz","1096"
"D:\胡溪筼\Documents\2026-7Fall\Carolina Data Challenge 2026\Graduate_Dataset\all_sources\028_FDX\con32a.8.csv.gz","1113"
"D:\胡溪筼\Documents\2026-7Fall\Carolina Data Challenge 2026\Graduate_Dataset\all_sources\028_FDX\con32a.9.csv.gz","1113"
"D:\胡溪筼\Documents\2026-7Fall\Carolina Data Challenge 2026\Graduate_Dataset\all_sources\028_FDX\con32a.csv.gz","1909"
"D:\胡溪筼\Documents\2026-7Fall\Carolina Data Challenge 2026\Graduate_Dataset\all_sources\028_FDX\con32a.s.csv.gz","1114"
"D:\胡溪筼\Documents\2026-7Fall\Carolina Data Challenge 2026\Graduate_Dataset\all_sources\028_FDX\con32b.csv.gz","1910"
"D:\胡溪筼\Documents\2026-7Fall\Carolina Data Challenge 2026\Graduate_Dataset\all_sources\028_FDX\con32c.csv.gz","1881"
"D:\胡溪筼\Documents\2026-7Fall\Carolina Data Challenge 2026\Graduate_Dataset\all_sources\028_FDX\con32d.csv.gz","1904"
"D:\胡溪筼\Documents\2026-7Fall\Carolina Data Challenge 2026\Graduate_Dataset\all_sources\028_FDX\con32e.csv.gz","1791"
"D:\胡溪筼\Documents\2026-7Fall\Carolina Data Challenge 2026\Graduate_Dataset\all_sources\028_FDX\con32f.csv.gz","1865"
"D:\胡溪筼\Documents\2026-7Fall\Carolina Data Challenge 2026\Graduate_Dataset\all_sources\028_FDX\con32g.csv.gz","1864"
"D:\胡溪筼\Documents\2026-7Fall\Carolina Data Challenge 2026\Graduate_Dataset\all_sources\028_FDX\con32h.1.csv.gz","123"
"D:\胡溪筼\Documents\2026-7Fall\Carolina Data Challenge 2026\Graduate_Dataset\all_sources\028_FDX\con32h.10.csv.gz","123"
"D:\胡溪筼\Documents\2026-7Fall\Carolina Data Challenge 2026\Graduate_Dataset\all_sources\028_FDX\con32h.11.csv.gz","124"
"D:\胡溪筼\Documents\2026-7Fall\Carolina Data Challenge 2026\Graduate_Dataset\all_sources\028_FDX\con32h.12.csv.gz","122"
"D:\胡溪筼\Documents\2026-7Fall\Carolina Data Challenge 2026\Graduate_Dataset\all_sources\028_FDX\con32h.2.csv.gz","123"
"D:\胡溪筼\Documents\2026-7Fall\Carolina Data Challenge 2026\Graduate_Dataset\all_sources\028_FDX\con32h.3.csv.gz","110"
"D:\胡溪筼\Documents\2026-7Fall\Carolina Data Challenge 2026\Graduate_Dataset\all_sources\028_FDX\con32h.4.csv.gz","121"
"D:\胡溪筼\Documents\2026-7Fall\Carolina Data Challenge 2026\Graduate_Dataset\all_sources\028_FDX\con32h.5.csv.gz","122"
"D:\胡溪筼\Documents\2026-7Fall\Carolina Data Challenge 2026\Graduate_Dataset\all_sources\028_FDX\con32h.6.csv.gz","123"
"D:\胡溪筼\Documents\2026-7Fall\Carolina Data Challenge 2026\Graduate_Dataset\all_sources\028_FDX\con32h.7.csv.gz","123"
"D:\胡溪筼\Documents\2026-7Fall\Carolina Data Challenge 2026\Graduate_Dataset\all_sources\028_FDX\con32h.8.csv.gz","121"
"D:\胡溪筼\Documents\2026-7Fall\Carolina Data Challenge 2026\Graduate_Dataset\all_sources\028_FDX\con32h.9.csv.gz","123"
"D:\胡溪筼\Documents\2026-7Fall\Carolina Data Challenge 2026\Graduate_Dataset\all_sources\028_FDX\con32h.csv.gz","1901"
"D:\胡溪筼\Documents\2026-7Fall\Carolina Data Challenge 2026\Graduate_Dataset\all_sources\028_FDX\con32h.s.csv.gz","123"
"D:\胡溪筼\Documents\2026-7Fall\Carolina Data Challenge 2026\Graduate_Dataset\all_sources\028_FDX\con3a.1.csv.gz","741"
"D:\胡溪筼\Documents\2026-7Fall\Carolina Data Challenge 2026\Graduate_Dataset\all_sources\028_FDX\con3a.10.csv.gz","742"
"D:\胡溪筼\Documents\2026-7Fall\Carolina Data Challenge 2026\Graduate_Dataset\all_sources\028_FDX\con3a.11.csv.gz","748"
"D:\胡溪筼\Documents\2026-7Fall\Carolina Data Challenge 2026\Graduate_Dataset\all_sources\028_FDX\con3a.12.csv.gz","743"
"D:\胡溪筼\Documents\2026-7Fall\Carolina Data Challenge 2026\Graduate_Dataset\all_sources\028_FDX\con3a.2.csv.gz","745"
"D:\胡溪筼\Documents\2026-7Fall\Carolina Data Challenge 2026\Graduate_Dataset\all_sources\028_FDX\con3a.3.csv.gz","741"
"D:\胡溪筼\Documents\2026-7Fall\Carolina Data Challenge 2026\Graduate_Dataset\all_sources\028_FDX\con3a.4.csv.gz","739"
"D:\胡溪筼\Documents\2026-7Fall\Carolina Data Challenge 2026\Graduate_Dataset\all_sources\028_FDX\con3a.5.csv.gz","742"
"D:\胡溪筼\Documents\2026-7Fall\Carolina Data Challenge 2026\Graduate_Dataset\all_sources\028_FDX\con3a.6.csv.gz","753"
"D:\胡溪筼\Documents\2026-7Fall\Carolina Data Challenge 2026\Graduate_Dataset\all_sources\028_FDX\con3a.7.csv.gz","748"
"D:\胡溪筼\Documents\2026-7Fall\Carolina Data Challenge 2026\Graduate_Dataset\all_sources\028_FDX\con3a.8.csv.gz","749"
"D:\胡溪筼\Documents\2026-7Fall\Carolina Data Challenge 2026\Graduate_Dataset\all_sources\028_FDX\con3a.9.csv.gz","745"
"D:\胡溪筼\Documents\2026-7Fall\Carolina Data Challenge 2026\Graduate_Dataset\all_sources\028_FDX\con3a.csv.gz","1931"
"D:\胡溪筼\Documents\2026-7Fall\Carolina Data Challenge 2026\Graduate_Dataset\all_sources\028_FDX\con3a.s.csv.gz","747"
"D:\胡溪筼\Documents\2026-7Fall\Carolina Data Challenge 2026\Graduate_Dataset\all_sources\028_FDX\con3b.csv.gz","1839"
"D:\胡溪筼\Documents\2026-7Fall\Carolina Data Challenge 2026\Graduate_Dataset\all_sources\028_FDX\con3c.csv.gz","1799"
"D:\胡溪筼\Documents\2026-7Fall\Carolina Data Challenge 2026\Graduate_Dataset\all_sources\028_FDX\con3d.csv.gz","1912"
"D:\胡溪筼\Documents\2026-7Fall\Carolina Data Challenge 2026\Graduate_Dataset\all_sources\028_FDX\con3e.csv.gz","1854"
"D:\胡溪筼\Documents\2026-7Fall\Carolina Data Challenge 2026\Graduate_Dataset\all_sources\028_FDX\con3f.csv.gz","1830"
"D:\胡溪筼\Documents\2026-7Fall\Carolina Data Challenge 2026\Graduate_Dataset\all_sources\028_FDX\con3g.csv.gz","1880"
"D:\胡溪筼\Documents\2026-7Fall\Carolina Data Challenge 2026\Graduate_Dataset\all_sources\028_FDX\con4.1.csv.gz","710"
"D:\胡溪筼\Documents\2026-7Fall\Carolina Data Challenge 2026\Graduate_Dataset\all_sources\028_FDX\con4.10.csv.gz","712"
"D:\胡溪筼\Documents\2026-7Fall\Carolina Data Challenge 2026\Graduate_Dataset\all_sources\028_FDX\con4.11.csv.gz","707"
"D:\胡溪筼\Documents\2026-7Fall\Carolina Data Challenge 2026\Graduate_Dataset\all_sources\028_FDX\con4.12.csv.gz","710"
"D:\胡溪筼\Documents\2026-7Fall\Carolina Data Challenge 2026\Graduate_Dataset\all_sources\028_FDX\con4.2.csv.gz","706"
"D:\胡溪筼\Documents\2026-7Fall\Carolina Data Challenge 2026\Graduate_Dataset\all_sources\028_FDX\con4.3.csv.gz","705"
"D:\胡溪筼\Documents\2026-7Fall\Carolina Data Challenge 2026\Graduate_Dataset\all_sources\028_FDX\con4.4.csv.gz","710"
"D:\胡溪筼\Documents\2026-7Fall\Carolina Data Challenge 2026\Graduate_Dataset\all_sources\028_FDX\con4.5.csv.gz","705"
"D:\胡溪筼\Documents\2026-7Fall\Carolina Data Challenge 2026\Graduate_Dataset\all_sources\028_FDX\con4.6.csv.gz","710"
"D:\胡溪筼\Documents\2026-7Fall\Carolina Data Challenge 2026\Graduate_Dataset\all_sources\028_FDX\con4.7.csv.gz","705"
"D:\胡溪筼\Documents\2026-7Fall\Carolina Data Challenge 2026\Graduate_Dataset\all_sources\028_FDX\con4.8.csv.gz","710"
"D:\胡溪筼\Documents\2026-7Fall\Carolina Data Challenge 2026\Graduate_Dataset\all_sources\028_FDX\con4.9.csv.gz","697"
"D:\胡溪筼\Documents\2026-7Fall\Carolina Data Challenge 2026\Graduate_Dataset\all_sources\028_FDX\con4.csv.gz","1902"
"D:\胡溪筼\Documents\2026-7Fall\Carolina Data Challenge 2026\Graduate_Dataset\all_sources\028_FDX\con4.s.csv.gz","712"
"D:\胡溪筼\Documents\2026-7Fall\Carolina Data Challenge 2026\Graduate_Dataset\all_sources\028_FDX\con5a.1.csv.gz","123"
"D:\胡溪筼\Documents\2026-7Fall\Carolina Data Challenge 2026\Graduate_Dataset\all_sources\028_FDX\con5a.10.csv.gz","124"
"D:\胡溪筼\Documents\2026-7Fall\Carolina Data Challenge 2026\Graduate_Dataset\all_sources\028_FDX\con5a.11.csv.gz","124"
"D:\胡溪筼\Documents\2026-7Fall\Carolina Data Challenge 2026\Graduate_Dataset\all_sources\028_FDX\con5a.12.csv.gz","125"
"D:\胡溪筼\Documents\2026-7Fall\Carolina Data Challenge 2026\Graduate_Dataset\all_sources\028_FDX\con5a.2.csv.gz","122"
"D:\胡溪筼\Documents\2026-7Fall\Carolina Data Challenge 2026\Graduate_Dataset\all_sources\028_FDX\con5a.3.csv.gz","121"
"D:\胡溪筼\Documents\2026-7Fall\Carolina Data Challenge 2026\Graduate_Dataset\all_sources\028_FDX\con5a.4.csv.gz","124"
"D:\胡溪筼\Documents\2026-7Fall\Carolina Data Challenge 2026\Graduate_Dataset\all_sources\028_FDX\con5a.5.csv.gz","122"
"D:\胡溪筼\Documents\2026-7Fall\Carolina Data Challenge 2026\Graduate_Dataset\all_sources\028_FDX\con5a.6.csv.gz","124"
"D:\胡溪筼\Documents\2026-7Fall\Carolina Data Challenge 2026\Graduate_Dataset\all_sources\028_FDX\con5a.7.csv.gz","124"
"D:\胡溪筼\Documents\2026-7Fall\Carolina Data Challenge 2026\Graduate_Dataset\all_sources\028_FDX\con5a.8.csv.gz","124"
"D:\胡溪筼\Documents\2026-7Fall\Carolina Data Challenge 2026\Graduate_Dataset\all_sources\028_FDX\con5a.9.csv.gz","124"
"D:\胡溪筼\Documents\2026-7Fall\Carolina Data Challenge 2026\Graduate_Dataset\all_sources\028_FDX\con5a.csv.gz","1902"
"D:\胡溪筼\Documents\2026-7Fall\Carolina Data Challenge 2026\Graduate_Dataset\all_sources\028_FDX\con5a.s.csv.gz","124"
"D:\胡溪筼\Documents\2026-7Fall\Carolina Data Challenge 2026\Graduate_Dataset\all_sources\028_FDX\con5b.1.csv.gz","354"
"D:\胡溪筼\Documents\2026-7Fall\Carolina Data Challenge 2026\Graduate_Dataset\all_sources\028_FDX\con5b.10.csv.gz","354"
"D:\胡溪筼\Documents\2026-7Fall\Carolina Data Challenge 2026\Graduate_Dataset\all_sources\028_FDX\con5b.11.csv.gz","352"
"D:\胡溪筼\Documents\2026-7Fall\Carolina Data Challenge 2026\Graduate_Dataset\all_sources\028_FDX\con5b.12.csv.gz","351"
"D:\胡溪筼\Documents\2026-7Fall\Carolina Data Challenge 2026\Graduate_Dataset\all_sources\028_FDX\con5b.2.csv.gz","354"
"D:\胡溪筼\Documents\2026-7Fall\Carolina Data Challenge 2026\Graduate_Dataset\all_sources\028_FDX\con5b.3.csv.gz","350"
"D:\胡溪筼\Documents\2026-7Fall\Carolina Data Challenge 2026\Graduate_Dataset\all_sources\028_FDX\con5b.4.csv.gz","348"
"D:\胡溪筼\Documents\2026-7Fall\Carolina Data Challenge 2026\Graduate_Dataset\all_sources\028_FDX\con5b.5.csv.gz","347"
"D:\胡溪筼\Documents\2026-7Fall\Carolina Data Challenge 2026\Graduate_Dataset\all_sources\028_FDX\con5b.6.csv.gz","357"
"D:\胡溪筼\Documents\2026-7Fall\Carolina Data Challenge 2026\Graduate_Dataset\all_sources\028_FDX\con5b.7.csv.gz","348"
"D:\胡溪筼\Documents\2026-7Fall\Carolina Data Challenge 2026\Graduate_Dataset\all_sources\028_FDX\con5b.8.csv.gz","355"
"D:\胡溪筼\Documents\2026-7Fall\Carolina Data Challenge 2026\Graduate_Dataset\all_sources\028_FDX\con5b.9.csv.gz","346"
"D:\胡溪筼\Documents\2026-7Fall\Carolina Data Challenge 2026\Graduate_Dataset\all_sources\028_FDX\con5b.csv.gz","1915"
"D:\胡溪筼\Documents\2026-7Fall\Carolina Data Challenge 2026\Graduate_Dataset\all_sources\028_FDX\con5b.s.csv.gz","355"
"D:\胡溪筼\Documents\2026-7Fall\Carolina Data Challenge 2026\Graduate_Dataset\all_sources\028_FDX\con6.csv.gz","1894"
"D:\胡溪筼\Documents\2026-7Fall\Carolina Data Challenge 2026\Graduate_Dataset\all_sources\028_FDX\con7.csv.gz","1908"
"D:\胡溪筼\Documents\2026-7Fall\Carolina Data Challenge 2026\Graduate_Dataset\all_sources\028_FDX\con8.1.csv.gz","496"
"D:\胡溪筼\Documents\2026-7Fall\Carolina Data Challenge 2026\Graduate_Dataset\all_sources\028_FDX\con8.10.csv.gz","500"
"D:\胡溪筼\Documents\2026-7Fall\Carolina Data Challenge 2026\Graduate_Dataset\all_sources\028_FDX\con8.11.csv.gz","501"
"D:\胡溪筼\Documents\2026-7Fall\Carolina Data Challenge 2026\Graduate_Dataset\all_sources\028_FDX\con8.12.csv.gz","501"
"D:\胡溪筼\Documents\2026-7Fall\Carolina Data Challenge 2026\Graduate_Dataset\all_sources\028_FDX\con8.2.csv.gz","499"
"D:\胡溪筼\Documents\2026-7Fall\Carolina Data Challenge 2026\Graduate_Dataset\all_sources\028_FDX\con8.3.csv.gz","503"
"D:\胡溪筼\Documents\2026-7Fall\Carolina Data Challenge 2026\Graduate_Dataset\all_sources\028_FDX\con8.4.csv.gz","499"
"D:\胡溪筼\Documents\2026-7Fall\Carolina Data Challenge 2026\Graduate_Dataset\all_sources\028_FDX\con8.5.csv.gz","498"
"D:\胡溪筼\Documents\2026-7Fall\Carolina Data Challenge 2026\Graduate_Dataset\all_sources\028_FDX\con8.6.csv.gz","503"
"D:\胡溪筼\Documents\2026-7Fall\Carolina Data Challenge 2026\Graduate_Dataset\all_sources\028_FDX\con8.7.csv.gz","497"
"D:\胡溪筼\Documents\2026-7Fall\Carolina Data Challenge 2026\Graduate_Dataset\all_sources\028_FDX\con8.8.csv.gz","501"
"D:\胡溪筼\Documents\2026-7Fall\Carolina Data Challenge 2026\Graduate_Dataset\all_sources\028_FDX\con8.9.csv.gz","496"
"D:\胡溪筼\Documents\2026-7Fall\Carolina Data Challenge 2026\Graduate_Dataset\all_sources\028_FDX\con8.csv.gz","1916"
"D:\胡溪筼\Documents\2026-7Fall\Carolina Data Challenge 2026\Graduate_Dataset\all_sources\028_FDX\con9a.1.csv.gz","3207"
"D:\胡溪筼\Documents\2026-7Fall\Carolina Data Challenge 2026\Graduate_Dataset\all_sources\028_FDX\con9a.10.csv.gz","3189"
"D:\胡溪筼\Documents\2026-7Fall\Carolina Data Challenge 2026\Graduate_Dataset\all_sources\028_FDX\con9a.11.csv.gz","3182"
"D:\胡溪筼\Documents\2026-7Fall\Carolina Data Challenge 2026\Graduate_Dataset\all_sources\028_FDX\con9a.12.csv.gz","3195"
"D:\胡溪筼\Documents\2026-7Fall\Carolina Data Challenge 2026\Graduate_Dataset\all_sources\028_FDX\con9a.2.csv.gz","3189"
"D:\胡溪筼\Documents\2026-7Fall\Carolina Data Challenge 2026\Graduate_Dataset\all_sources\028_FDX\con9a.3.csv.gz","3118"
"D:\胡溪筼\Documents\2026-7Fall\Carolina Data Challenge 2026\Graduate_Dataset\all_sources\028_FDX\con9a.4.csv.gz","3214"
"D:\胡溪筼\Documents\2026-7Fall\Carolina Data Challenge 2026\Graduate_Dataset\all_sources\028_FDX\con9a.5.csv.gz","3229"
"D:\胡溪筼\Documents\2026-7Fall\Carolina Data Challenge 2026\Graduate_Dataset\all_sources\028_FDX\con9a.6.csv.gz","3198"
"D:\胡溪筼\Documents\2026-7Fall\Carolina Data Challenge 2026\Graduate_Dataset\all_sources\028_FDX\con9a.7.csv.gz","3200"
"D:\胡溪筼\Documents\2026-7Fall\Carolina Data Challenge 2026\Graduate_Dataset\all_sources\028_FDX\con9a.8.csv.gz","3189"
"D:\胡溪筼\Documents\2026-7Fall\Carolina Data Challenge 2026\Graduate_Dataset\all_sources\028_FDX\con9a.9.csv.gz","3176"
"D:\胡溪筼\Documents\2026-7Fall\Carolina Data Challenge 2026\Graduate_Dataset\all_sources\028_FDX\con9a.csv.gz","3244"
"D:\胡溪筼\Documents\2026-7Fall\Carolina Data Challenge 2026\Graduate_Dataset\all_sources\028_FDX\con9b.1.csv.gz","1971"
"D:\胡溪筼\Documents\2026-7Fall\Carolina Data Challenge 2026\Graduate_Dataset\all_sources\028_FDX\con9b.10.csv.gz","1960"
"D:\胡溪筼\Documents\2026-7Fall\Carolina Data Challenge 2026\Graduate_Dataset\all_sources\028_FDX\con9b.11.csv.gz","1964"
"D:\胡溪筼\Documents\2026-7Fall\Carolina Data Challenge 2026\Graduate_Dataset\all_sources\028_FDX\con9b.12.csv.gz","1982"
"D:\胡溪筼\Documents\2026-7Fall\Carolina Data Challenge 2026\Graduate_Dataset\all_sources\028_FDX\con9b.2.csv.gz","1962"
"D:\胡溪筼\Documents\2026-7Fall\Carolina Data Challenge 2026\Graduate_Dataset\all_sources\028_FDX\con9b.3.csv.gz","1974"
"D:\胡溪筼\Documents\2026-7Fall\Carolina Data Challenge 2026\Graduate_Dataset\all_sources\028_FDX\con9b.4.csv.gz","1973"
"D:\胡溪筼\Documents\2026-7Fall\Carolina Data Challenge 2026\Graduate_Dataset\all_sources\028_FDX\con9b.5.csv.gz","1978"
"D:\胡溪筼\Documents\2026-7Fall\Carolina Data Challenge 2026\Graduate_Dataset\all_sources\028_FDX\con9b.6.csv.gz","1988"
"D:\胡溪筼\Documents\2026-7Fall\Carolina Data Challenge 2026\Graduate_Dataset\all_sources\028_FDX\con9b.7.csv.gz","1954"
"D:\胡溪筼\Documents\2026-7Fall\Carolina Data Challenge 2026\Graduate_Dataset\all_sources\028_FDX\con9b.8.csv.gz","1950"
"D:\胡溪筼\Documents\2026-7Fall\Carolina Data Challenge 2026\Graduate_Dataset\all_sources\028_FDX\con9b.9.csv.gz","1972"
"D:\胡溪筼\Documents\2026-7Fall\Carolina Data Challenge 2026\Graduate_Dataset\all_sources\028_FDX\con9b.csv.gz","2322"
"D:\胡溪筼\Documents\2026-7Fall\Carolina Data Challenge 2026\Graduate_Dataset\all_sources\028_FDX\dig.acc.1.csv.gz","2360"
"D:\胡溪筼\Documents\2026-7Fall\Carolina Data Challenge 2026\Graduate_Dataset\all_sources\028_FDX\dig.acc.10.csv.gz","2329"
"D:\胡溪筼\Documents\2026-7Fall\Carolina Data Challenge 2026\Graduate_Dataset\all_sources\028_FDX\dig.acc.11.csv.gz","2352"
"D:\胡溪筼\Documents\2026-7Fall\Carolina Data Challenge 2026\Graduate_Dataset\all_sources\028_FDX\dig.acc.12.csv.gz","2343"
"D:\胡溪筼\Documents\2026-7Fall\Carolina Data Challenge 2026\Graduate_Dataset\all_sources\028_FDX\dig.acc.2.csv.gz","2352"
"D:\胡溪筼\Documents\2026-7Fall\Carolina Data Challenge 2026\Graduate_Dataset\all_sources\028_FDX\dig.acc.3.csv.gz","2362"
"D:\胡溪筼\Documents\2026-7Fall\Carolina Data Challenge 2026\Graduate_Dataset\all_sources\028_FDX\dig.acc.4.csv.gz","2362"
"D:\胡溪筼\Documents\2026-7Fall\Carolina Data Challenge 2026\Graduate_Dataset\all_sources\028_FDX\dig.acc.5.csv.gz","2336"
"D:\胡溪筼\Documents\2026-7Fall\Carolina Data Challenge 2026\Graduate_Dataset\all_sources\028_FDX\dig.acc.6.csv.gz","2359"
"D:\胡溪筼\Documents\2026-7Fall\Carolina Data Challenge 2026\Graduate_Dataset\all_sources\028_FDX\dig.acc.7.csv.gz","2325"
"D:\胡溪筼\Documents\2026-7Fall\Carolina Data Challenge 2026\Graduate_Dataset\all_sources\028_FDX\dig.acc.8.csv.gz","2340"
"D:\胡溪筼\Documents\2026-7Fall\Carolina Data Challenge 2026\Graduate_Dataset\all_sources\028_FDX\dig.acc.9.csv.gz","2352"
"D:\胡溪筼\Documents\2026-7Fall\Carolina Data Challenge 2026\Graduate_Dataset\all_sources\028_FDX\dig.acc.csv.gz","2392"
"D:\胡溪筼\Documents\2026-7Fall\Carolina Data Challenge 2026\Graduate_Dataset\all_sources\028_FDX\fh1.1.csv.gz","3601"
"D:\胡溪筼\Documents\2026-7Fall\Carolina Data Challenge 2026\Graduate_Dataset\all_sources\028_FDX\fh1.10.csv.gz","2063"
"D:\胡溪筼\Documents\2026-7Fall\Carolina Data Challenge 2026\Graduate_Dataset\all_sources\028_FDX\fh1.11.csv.gz","3590"
"D:\胡溪筼\Documents\2026-7Fall\Carolina Data Challenge 2026\Graduate_Dataset\all_sources\028_FDX\fh1.12.csv.gz","3580"
"D:\胡溪筼\Documents\2026-7Fall\Carolina Data Challenge 2026\Graduate_Dataset\all_sources\028_FDX\fh1.2.csv.gz","3599"
"D:\胡溪筼\Documents\2026-7Fall\Carolina Data Challenge 2026\Graduate_Dataset\all_sources\028_FDX\fh1.3.csv.gz","3589"
"D:\胡溪筼\Documents\2026-7Fall\Carolina Data Challenge 2026\Graduate_Dataset\all_sources\028_FDX\fh1.4.csv.gz","3593"
"D:\胡溪筼\Documents\2026-7Fall\Carolina Data Challenge 2026\Graduate_Dataset\all_sources\028_FDX\fh1.5.csv.gz","3618"
"D:\胡溪筼\Documents\2026-7Fall\Carolina Data Challenge 2026\Graduate_Dataset\all_sources\028_FDX\fh1.6.csv.gz","3596"
"D:\胡溪筼\Documents\2026-7Fall\Carolina Data Challenge 2026\Graduate_Dataset\all_sources\028_FDX\fh1.7.csv.gz","3585"
"D:\胡溪筼\Documents\2026-7Fall\Carolina Data Challenge 2026\Graduate_Dataset\all_sources\028_FDX\fh1.8.csv.gz","3586"
"D:\胡溪筼\Documents\2026-7Fall\Carolina Data Challenge 2026\Graduate_Dataset\all_sources\028_FDX\fh1.9.csv.gz","2090"
"D:\胡溪筼\Documents\2026-7Fall\Carolina Data Challenge 2026\Graduate_Dataset\all_sources\028_FDX\fh1.csv.gz","3828"
"D:\胡溪筼\Documents\2026-7Fall\Carolina Data Challenge 2026\Graduate_Dataset\all_sources\028_FDX\fh1.fh2.1.csv.gz","3837"
"D:\胡溪筼\Documents\2026-7Fall\Carolina Data Challenge 2026\Graduate_Dataset\all_sources\028_FDX\fh1.fh2.10.csv.gz","2197"
"D:\胡溪筼\Documents\2026-7Fall\Carolina Data Challenge 2026\Graduate_Dataset\all_sources\028_FDX\fh1.fh2.11.csv.gz","3834"
"D:\胡溪筼\Documents\2026-7Fall\Carolina Data Challenge 2026\Graduate_Dataset\all_sources\028_FDX\fh1.fh2.12.csv.gz","3838"
"D:\胡溪筼\Documents\2026-7Fall\Carolina Data Challenge 2026\Graduate_Dataset\all_sources\028_FDX\fh1.fh2.2.csv.gz","3867"
"D:\胡溪筼\Documents\2026-7Fall\Carolina Data Challenge 2026\Graduate_Dataset\all_sources\028_FDX\fh1.fh2.3.csv.gz","3884"
"D:\胡溪筼\Documents\2026-7Fall\Carolina Data Challenge 2026\Graduate_Dataset\all_sources\028_FDX\fh1.fh2.4.csv.gz","3866"
"D:\胡溪筼\Documents\2026-7Fall\Carolina Data Challenge 2026\Graduate_Dataset\all_sources\028_FDX\fh1.fh2.5.csv.gz","3870"
"D:\胡溪筼\Documents\2026-7Fall\Carolina Data Challenge 2026\Graduate_Dataset\all_sources\028_FDX\fh1.fh2.6.csv.gz","3867"
"D:\胡溪筼\Documents\2026-7Fall\Carolina Data Challenge 2026\Graduate_Dataset\all_sources\028_FDX\fh1.fh2.7.csv.gz","3838"
"D:\胡溪筼\Documents\2026-7Fall\Carolina Data Challenge 2026\Graduate_Dataset\all_sources\028_FDX\fh1.fh2.8.csv.gz","3851"
"D:\胡溪筼\Documents\2026-7Fall\Carolina Data Challenge 2026\Graduate_Dataset\all_sources\028_FDX\fh1.fh2.9.csv.gz","2226"
"D:\胡溪筼\Documents\2026-7Fall\Carolina Data Challenge 2026\Graduate_Dataset\all_sources\028_FDX\fh1.fh2.csv.gz","3843"
"D:\胡溪筼\Documents\2026-7Fall\Carolina Data Challenge 2026\Graduate_Dataset\all_sources\028_FDX\fh2.1.csv.gz","3773"
"D:\胡溪筼\Documents\2026-7Fall\Carolina Data Challenge 2026\Graduate_Dataset\all_sources\028_FDX\fh2.10.csv.gz","2137"
"D:\胡溪筼\Documents\2026-7Fall\Carolina Data Challenge 2026\Graduate_Dataset\all_sources\028_FDX\fh2.11.csv.gz","3767"
"D:\胡溪筼\Documents\2026-7Fall\Carolina Data Challenge 2026\Graduate_Dataset\all_sources\028_FDX\fh2.12.csv.gz","3766"
"D:\胡溪筼\Documents\2026-7Fall\Carolina Data Challenge 2026\Graduate_Dataset\all_sources\028_FDX\fh2.2.csv.gz","3765"
"D:\胡溪筼\Documents\2026-7Fall\Carolina Data Challenge 2026\Graduate_Dataset\all_sources\028_FDX\fh2.3.csv.gz","3787"
"D:\胡溪筼\Documents\2026-7Fall\Carolina Data Challenge 2026\Graduate_Dataset\all_sources\028_FDX\fh2.4.csv.gz","3763"
"D:\胡溪筼\Documents\2026-7Fall\Carolina Data Challenge 2026\Graduate_Dataset\all_sources\028_FDX\fh2.5.csv.gz","3773"
"D:\胡溪筼\Documents\2026-7Fall\Carolina Data Challenge 2026\Graduate_Dataset\all_sources\028_FDX\fh2.6.csv.gz","3788"
"D:\胡溪筼\Documents\2026-7Fall\Carolina Data Challenge 2026\Graduate_Dataset\all_sources\028_FDX\fh2.7.csv.gz","3744"
"D:\胡溪筼\Documents\2026-7Fall\Carolina Data Challenge 2026\Graduate_Dataset\all_sources\028_FDX\fh2.8.csv.gz","3770"
"D:\胡溪筼\Documents\2026-7Fall\Carolina Data Challenge 2026\Graduate_Dataset\all_sources\028_FDX\fh2.9.csv.gz","2168"
"D:\胡溪筼\Documents\2026-7Fall\Carolina Data Challenge 2026\Graduate_Dataset\all_sources\028_FDX\fh2.csv.gz","3839"
"D:\胡溪筼\Documents\2026-7Fall\Carolina Data Challenge 2026\Graduate_Dataset\all_sources\028_FDX\fh2a.1.csv.gz","1457"
"D:\胡溪筼\Documents\2026-7Fall\Carolina Data Challenge 2026\Graduate_Dataset\all_sources\028_FDX\fh2a.10.csv.gz","1429"
"D:\胡溪筼\Documents\2026-7Fall\Carolina Data Challenge 2026\Graduate_Dataset\all_sources\028_FDX\fh2a.11.csv.gz","1445"
"D:\胡溪筼\Documents\2026-7Fall\Carolina Data Challenge 2026\Graduate_Dataset\all_sources\028_FDX\fh2a.12.csv.gz","1454"
"D:\胡溪筼\Documents\2026-7Fall\Carolina Data Challenge 2026\Graduate_Dataset\all_sources\028_FDX\fh2a.2.csv.gz","1451"
"D:\胡溪筼\Documents\2026-7Fall\Carolina Data Challenge 2026\Graduate_Dataset\all_sources\028_FDX\fh2a.3.csv.gz","1452"
"D:\胡溪筼\Documents\2026-7Fall\Carolina Data Challenge 2026\Graduate_Dataset\all_sources\028_FDX\fh2a.4.csv.gz","1452"
"D:\胡溪筼\Documents\2026-7Fall\Carolina Data Challenge 2026\Graduate_Dataset\all_sources\028_FDX\fh2a.5.csv.gz","1446"
"D:\胡溪筼\Documents\2026-7Fall\Carolina Data Challenge 2026\Graduate_Dataset\all_sources\028_FDX\fh2a.6.csv.gz","1455"
"D:\胡溪筼\Documents\2026-7Fall\Carolina Data Challenge 2026\Graduate_Dataset\all_sources\028_FDX\fh2a.7.csv.gz","1441"
"D:\胡溪筼\Documents\2026-7Fall\Carolina Data Challenge 2026\Graduate_Dataset\all_sources\028_FDX\fh2a.8.csv.gz","1434"
"D:\胡溪筼\Documents\2026-7Fall\Carolina Data Challenge 2026\Graduate_Dataset\all_sources\028_FDX\fh2a.9.csv.gz","1454"
"D:\胡溪筼\Documents\2026-7Fall\Carolina Data Challenge 2026\Graduate_Dataset\all_sources\028_FDX\fh2a.csv.gz","2205"
"D:\胡溪筼\Documents\2026-7Fall\Carolina Data Challenge 2026\Graduate_Dataset\all_sources\028_FDX\fiaccount.t.d.1.csv.gz","10810"
"D:\胡溪筼\Documents\2026-7Fall\Carolina Data Challenge 2026\Graduate_Dataset\all_sources\028_FDX\fiaccount.t.d.10.csv.gz","3201"
"D:\胡溪筼\Documents\2026-7Fall\Carolina Data Challenge 2026\Graduate_Dataset\all_sources\028_FDX\fiaccount.t.d.11.csv.gz","10674"
"D:\胡溪筼\Documents\2026-7Fall\Carolina Data Challenge 2026\Graduate_Dataset\all_sources\028_FDX\fiaccount.t.d.12.csv.gz","10520"
"D:\胡溪筼\Documents\2026-7Fall\Carolina Data Challenge 2026\Graduate_Dataset\all_sources\028_FDX\fiaccount.t.d.2.csv.gz","10788"
"D:\胡溪筼\Documents\2026-7Fall\Carolina Data Challenge 2026\Graduate_Dataset\all_sources\028_FDX\fiaccount.t.d.3.csv.gz","10625"
"D:\胡溪筼\Documents\2026-7Fall\Carolina Data Challenge 2026\Graduate_Dataset\all_sources\028_FDX\fiaccount.t.d.4.csv.gz","10814"
"D:\胡溪筼\Documents\2026-7Fall\Carolina Data Challenge 2026\Graduate_Dataset\all_sources\028_FDX\fiaccount.t.d.5.csv.gz","10630"
"D:\胡溪筼\Documents\2026-7Fall\Carolina Data Challenge 2026\Graduate_Dataset\all_sources\028_FDX\fiaccount.t.d.6.csv.gz","10801"
"D:\胡溪筼\Documents\2026-7Fall\Carolina Data Challenge 2026\Graduate_Dataset\all_sources\028_FDX\fiaccount.t.d.7.csv.gz","10666"
"D:\胡溪筼\Documents\2026-7Fall\Carolina Data Challenge 2026\Graduate_Dataset\all_sources\028_FDX\fiaccount.t.d.8.csv.gz","10549"
"D:\胡溪筼\Documents\2026-7Fall\Carolina Data Challenge 2026\Graduate_Dataset\all_sources\028_FDX\fiaccount.t.d.9.csv.gz","3187"
"D:\胡溪筼\Documents\2026-7Fall\Carolina Data Challenge 2026\Graduate_Dataset\all_sources\028_FDX\fiaccount.t.d.csv.gz","11278"
"D:\胡溪筼\Documents\2026-7Fall\Carolina Data Challenge 2026\Graduate_Dataset\all_sources\028_FDX\fin10.1.csv.gz","5366"
"D:\胡溪筼\Documents\2026-7Fall\Carolina Data Challenge 2026\Graduate_Dataset\all_sources\028_FDX\fin10.10.csv.gz","971"
"D:\胡溪筼\Documents\2026-7Fall\Carolina Data Challenge 2026\Graduate_Dataset\all_sources\028_FDX\fin10.11.csv.gz","5251"
"D:\胡溪筼\Documents\2026-7Fall\Carolina Data Challenge 2026\Graduate_Dataset\all_sources\028_FDX\fin10.12.csv.gz","5277"
"D:\胡溪筼\Documents\2026-7Fall\Carolina Data Challenge 2026\Graduate_Dataset\all_sources\028_FDX\fin10.2.csv.gz","5322"
"D:\胡溪筼\Documents\2026-7Fall\Carolina Data Challenge 2026\Graduate_Dataset\all_sources\028_FDX\fin10.3.csv.gz","5343"
"D:\胡溪筼\Documents\2026-7Fall\Carolina Data Challenge 2026\Graduate_Dataset\all_sources\028_FDX\fin10.4.csv.gz","5349"
"D:\胡溪筼\Documents\2026-7Fall\Carolina Data Challenge 2026\Graduate_Dataset\all_sources\028_FDX\fin10.5.csv.gz","5366"
"D:\胡溪筼\Documents\2026-7Fall\Carolina Data Challenge 2026\Graduate_Dataset\all_sources\028_FDX\fin10.6.csv.gz","5339"
"D:\胡溪筼\Documents\2026-7Fall\Carolina Data Challenge 2026\Graduate_Dataset\all_sources\028_FDX\fin10.7.csv.gz","5318"
"D:\胡溪筼\Documents\2026-7Fall\Carolina Data Challenge 2026\Graduate_Dataset\all_sources\028_FDX\fin10.8.csv.gz","5295"
"D:\胡溪筼\Documents\2026-7Fall\Carolina Data Challenge 2026\Graduate_Dataset\all_sources\028_FDX\fin10.9.csv.gz","966"
"D:\胡溪筼\Documents\2026-7Fall\Carolina Data Challenge 2026\Graduate_Dataset\all_sources\028_FDX\fin10.csv.gz","10907"
"D:\胡溪筼\Documents\2026-7Fall\Carolina Data Challenge 2026\Graduate_Dataset\all_sources\028_FDX\fin11a.1.csv.gz","808"
"D:\胡溪筼\Documents\2026-7Fall\Carolina Data Challenge 2026\Graduate_Dataset\all_sources\028_FDX\fin11a.10.csv.gz","816"
"D:\胡溪筼\Documents\2026-7Fall\Carolina Data Challenge 2026\Graduate_Dataset\all_sources\028_FDX\fin11a.11.csv.gz","807"
"D:\胡溪筼\Documents\2026-7Fall\Carolina Data Challenge 2026\Graduate_Dataset\all_sources\028_FDX\fin11a.12.csv.gz","813"
"D:\胡溪筼\Documents\2026-7Fall\Carolina Data Challenge 2026\Graduate_Dataset\all_sources\028_FDX\fin11a.2.csv.gz","816"
"D:\胡溪筼\Documents\2026-7Fall\Carolina Data Challenge 2026\Graduate_Dataset\all_sources\028_FDX\fin11a.3.csv.gz","812"
"D:\胡溪筼\Documents\2026-7Fall\Carolina Data Challenge 2026\Graduate_Dataset\all_sources\028_FDX\fin11a.4.csv.gz","806"
"D:\胡溪筼\Documents\2026-7Fall\Carolina Data Challenge 2026\Graduate_Dataset\all_sources\028_FDX\fin11a.5.csv.gz","807"
"D:\胡溪筼\Documents\2026-7Fall\Carolina Data Challenge 2026\Graduate_Dataset\all_sources\028_FDX\fin11a.6.csv.gz","812"
"D:\胡溪筼\Documents\2026-7Fall\Carolina Data Challenge 2026\Graduate_Dataset\all_sources\028_FDX\fin11a.7.csv.gz","805"
"D:\胡溪筼\Documents\2026-7Fall\Carolina Data Challenge 2026\Graduate_Dataset\all_sources\028_FDX\fin11a.8.csv.gz","803"
"D:\胡溪筼\Documents\2026-7Fall\Carolina Data Challenge 2026\Graduate_Dataset\all_sources\028_FDX\fin11a.9.csv.gz","813"
"D:\胡溪筼\Documents\2026-7Fall\Carolina Data Challenge 2026\Graduate_Dataset\all_sources\028_FDX\fin11a.csv.gz","1585"
"D:\胡溪筼\Documents\2026-7Fall\Carolina Data Challenge 2026\Graduate_Dataset\all_sources\028_FDX\fin11a.s.csv.gz","810"
"D:\胡溪筼\Documents\2026-7Fall\Carolina Data Challenge 2026\Graduate_Dataset\all_sources\028_FDX\fin11b.1.csv.gz","961"
"D:\胡溪筼\Documents\2026-7Fall\Carolina Data Challenge 2026\Graduate_Dataset\all_sources\028_FDX\fin11b.10.csv.gz","948"
"D:\胡溪筼\Documents\2026-7Fall\Carolina Data Challenge 2026\Graduate_Dataset\all_sources\028_FDX\fin11b.11.csv.gz","950"
"D:\胡溪筼\Documents\2026-7Fall\Carolina Data Challenge 2026\Graduate_Dataset\all_sources\028_FDX\fin11b.12.csv.gz","953"
"D:\胡溪筼\Documents\2026-7Fall\Carolina Data Challenge 2026\Graduate_Dataset\all_sources\028_FDX\fin11b.2.csv.gz","938"
"D:\胡溪筼\Documents\2026-7Fall\Carolina Data Challenge 2026\Graduate_Dataset\all_sources\028_FDX\fin11b.3.csv.gz","949"
"D:\胡溪筼\Documents\2026-7Fall\Carolina Data Challenge 2026\Graduate_Dataset\all_sources\028_FDX\fin11b.4.csv.gz","956"
"D:\胡溪筼\Documents\2026-7Fall\Carolina Data Challenge 2026\Graduate_Dataset\all_sources\028_FDX\fin11b.5.csv.gz","958"
"D:\胡溪筼\Documents\2026-7Fall\Carolina Data Challenge 2026\Graduate_Dataset\all_sources\028_FDX\fin11b.6.csv.gz","950"
"D:\胡溪筼\Documents\2026-7Fall\Carolina Data Challenge 2026\Graduate_Dataset\all_sources\028_FDX\fin11b.7.csv.gz","953"
"D:\胡溪筼\Documents\2026-7Fall\Carolina Data Challenge 2026\Graduate_Dataset\all_sources\028_FDX\fin11b.8.csv.gz","952"
"D:\胡溪筼\Documents\2026-7Fall\Carolina Data Challenge 2026\Graduate_Dataset\all_sources\028_FDX\fin11b.9.csv.gz","949"
"D:\胡溪筼\Documents\2026-7Fall\Carolina Data Challenge 2026\Graduate_Dataset\all_sources\028_FDX\fin11b.csv.gz","1579"
"D:\胡溪筼\Documents\2026-7Fall\Carolina Data Challenge 2026\Graduate_Dataset\all_sources\028_FDX\fin11b.s.csv.gz","957"
"D:\胡溪筼\Documents\2026-7Fall\Carolina Data Challenge 2026\Graduate_Dataset\all_sources\028_FDX\fin11c.1.csv.gz","659"
"D:\胡溪筼\Documents\2026-7Fall\Carolina Data Challenge 2026\Graduate_Dataset\all_sources\028_FDX\fin11c.10.csv.gz","664"
"D:\胡溪筼\Documents\2026-7Fall\Carolina Data Challenge 2026\Graduate_Dataset\all_sources\028_FDX\fin11c.11.csv.gz","662"
"D:\胡溪筼\Documents\2026-7Fall\Carolina Data Challenge 2026\Graduate_Dataset\all_sources\028_FDX\fin11c.12.csv.gz","659"
"D:\胡溪筼\Documents\2026-7Fall\Carolina Data Challenge 2026\Graduate_Dataset\all_sources\028_FDX\fin11c.2.csv.gz","656"
"D:\胡溪筼\Documents\2026-7Fall\Carolina Data Challenge 2026\Graduate_Dataset\all_sources\028_FDX\fin11c.3.csv.gz","667"
"D:\胡溪筼\Documents\2026-7Fall\Carolina Data Challenge 2026\Graduate_Dataset\all_sources\028_FDX\fin11c.4.csv.gz","662"
"D:\胡溪筼\Documents\2026-7Fall\Carolina Data Challenge 2026\Graduate_Dataset\all_sources\028_FDX\fin11c.5.csv.gz","660"
"D:\胡溪筼\Documents\2026-7Fall\Carolina Data Challenge 2026\Graduate_Dataset\all_sources\028_FDX\fin11c.6.csv.gz","662"
"D:\胡溪筼\Documents\2026-7Fall\Carolina Data Challenge 2026\Graduate_Dataset\all_sources\028_FDX\fin11c.7.csv.gz","659"
"D:\胡溪筼\Documents\2026-7Fall\Carolina Data Challenge 2026\Graduate_Dataset\all_sources\028_FDX\fin11c.8.csv.gz","656"
"D:\胡溪筼\Documents\2026-7Fall\Carolina Data Challenge 2026\Graduate_Dataset\all_sources\028_FDX\fin11c.9.csv.gz","662"
"D:\胡溪筼\Documents\2026-7Fall\Carolina Data Challenge 2026\Graduate_Dataset\all_sources\028_FDX\fin11c.csv.gz","1571"
"D:\胡溪筼\Documents\2026-7Fall\Carolina Data Challenge 2026\Graduate_Dataset\all_sources\028_FDX\fin11d.1.csv.gz","1116"
"D:\胡溪筼\Documents\2026-7Fall\Carolina Data Challenge 2026\Graduate_Dataset\all_sources\028_FDX\fin11d.10.csv.gz","1121"
"D:\胡溪筼\Documents\2026-7Fall\Carolina Data Challenge 2026\Graduate_Dataset\all_sources\028_FDX\fin11d.11.csv.gz","1124"
"D:\胡溪筼\Documents\2026-7Fall\Carolina Data Challenge 2026\Graduate_Dataset\all_sources\028_FDX\fin11d.12.csv.gz","1124"
"D:\胡溪筼\Documents\2026-7Fall\Carolina Data Challenge 2026\Graduate_Dataset\all_sources\028_FDX\fin11d.2.csv.gz","1114"
"D:\胡溪筼\Documents\2026-7Fall\Carolina Data Challenge 2026\Graduate_Dataset\all_sources\028_FDX\fin11d.3.csv.gz","1117"
"D:\胡溪筼\Documents\2026-7Fall\Carolina Data Challenge 2026\Graduate_Dataset\all_sources\028_FDX\fin11d.4.csv.gz","1123"
"D:\胡溪筼\Documents\2026-7Fall\Carolina Data Challenge 2026\Graduate_Dataset\all_sources\028_FDX\fin11d.5.csv.gz","1122"
"D:\胡溪筼\Documents\2026-7Fall\Carolina Data Challenge 2026\Graduate_Dataset\all_sources\028_FDX\fin11d.6.csv.gz","1119"
"D:\胡溪筼\Documents\2026-7Fall\Carolina Data Challenge 2026\Graduate_Dataset\all_sources\028_FDX\fin11d.7.csv.gz","1128"
"D:\胡溪筼\Documents\2026-7Fall\Carolina Data Challenge 2026\Graduate_Dataset\all_sources\028_FDX\fin11d.8.csv.gz","1121"
"D:\胡溪筼\Documents\2026-7Fall\Carolina Data Challenge 2026\Graduate_Dataset\all_sources\028_FDX\fin11d.9.csv.gz","1122"
"D:\胡溪筼\Documents\2026-7Fall\Carolina Data Challenge 2026\Graduate_Dataset\all_sources\028_FDX\fin11d.csv.gz","1596"
"D:\胡溪筼\Documents\2026-7Fall\Carolina Data Challenge 2026\Graduate_Dataset\all_sources\028_FDX\fin11d.s.csv.gz","1127"
"D:\胡溪筼\Documents\2026-7Fall\Carolina Data Challenge 2026\Graduate_Dataset\all_sources\028_FDX\fin11e.1.csv.gz","1349"
"D:\胡溪筼\Documents\2026-7Fall\Carolina Data Challenge 2026\Graduate_Dataset\all_sources\028_FDX\fin11e.10.csv.gz","1348"
"D:\胡溪筼\Documents\2026-7Fall\Carolina Data Challenge 2026\Graduate_Dataset\all_sources\028_FDX\fin11e.11.csv.gz","1358"
"D:\胡溪筼\Documents\2026-7Fall\Carolina Data Challenge 2026\Graduate_Dataset\all_sources\028_FDX\fin11e.12.csv.gz","1360"
"D:\胡溪筼\Documents\2026-7Fall\Carolina Data Challenge 2026\Graduate_Dataset\all_sources\028_FDX\fin11e.2.csv.gz","1352"
"D:\胡溪筼\Documents\2026-7Fall\Carolina Data Challenge 2026\Graduate_Dataset\all_sources\028_FDX\fin11e.3.csv.gz","1368"
"D:\胡溪筼\Documents\2026-7Fall\Carolina Data Challenge 2026\Graduate_Dataset\all_sources\028_FDX\fin11e.4.csv.gz","1336"
"D:\胡溪筼\Documents\2026-7Fall\Carolina Data Challenge 2026\Graduate_Dataset\all_sources\028_FDX\fin11e.5.csv.gz","1354"
"D:\胡溪筼\Documents\2026-7Fall\Carolina Data Challenge 2026\Graduate_Dataset\all_sources\028_FDX\fin11e.6.csv.gz","1362"
"D:\胡溪筼\Documents\2026-7Fall\Carolina Data Challenge 2026\Graduate_Dataset\all_sources\028_FDX\fin11e.7.csv.gz","1348"
"D:\胡溪筼\Documents\2026-7Fall\Carolina Data Challenge 2026\Graduate_Dataset\all_sources\028_FDX\fin11e.8.csv.gz","1341"
"D:\胡溪筼\Documents\2026-7Fall\Carolina Data Challenge 2026\Graduate_Dataset\all_sources\028_FDX\fin11e.9.csv.gz","1348"
"D:\胡溪筼\Documents\2026-7Fall\Carolina Data Challenge 2026\Graduate_Dataset\all_sources\028_FDX\fin11e.csv.gz","1569"
"D:\胡溪筼\Documents\2026-7Fall\Carolina Data Challenge 2026\Graduate_Dataset\all_sources\028_FDX\fin11e.s.csv.gz","1372"
"D:\胡溪筼\Documents\2026-7Fall\Carolina Data Challenge 2026\Graduate_Dataset\all_sources\028_FDX\fin11f.1.csv.gz","716"
"D:\胡溪筼\Documents\2026-7Fall\Carolina Data Challenge 2026\Graduate_Dataset\all_sources\028_FDX\fin11f.10.csv.gz","713"
"D:\胡溪筼\Documents\2026-7Fall\Carolina Data Challenge 2026\Graduate_Dataset\all_sources\028_FDX\fin11f.11.csv.gz","712"
"D:\胡溪筼\Documents\2026-7Fall\Carolina Data Challenge 2026\Graduate_Dataset\all_sources\028_FDX\fin11f.12.csv.gz","723"
"D:\胡溪筼\Documents\2026-7Fall\Carolina Data Challenge 2026\Graduate_Dataset\all_sources\028_FDX\fin11f.2.csv.gz","713"
"D:\胡溪筼\Documents\2026-7Fall\Carolina Data Challenge 2026\Graduate_Dataset\all_sources\028_FDX\fin11f.3.csv.gz","716"
"D:\胡溪筼\Documents\2026-7Fall\Carolina Data Challenge 2026\Graduate_Dataset\all_sources\028_FDX\fin11f.4.csv.gz","708"
"D:\胡溪筼\Documents\2026-7Fall\Carolina Data Challenge 2026\Graduate_Dataset\all_sources\028_FDX\fin11f.5.csv.gz","711"
"D:\胡溪筼\Documents\2026-7Fall\Carolina Data Challenge 2026\Graduate_Dataset\all_sources\028_FDX\fin11f.6.csv.gz","716"
"D:\胡溪筼\Documents\2026-7Fall\Carolina Data Challenge 2026\Graduate_Dataset\all_sources\028_FDX\fin11f.7.csv.gz","711"
"D:\胡溪筼\Documents\2026-7Fall\Carolina Data Challenge 2026\Graduate_Dataset\all_sources\028_FDX\fin11f.8.csv.gz","715"
"D:\胡溪筼\Documents\2026-7Fall\Carolina Data Challenge 2026\Graduate_Dataset\all_sources\028_FDX\fin11f.9.csv.gz","709"
"D:\胡溪筼\Documents\2026-7Fall\Carolina Data Challenge 2026\Graduate_Dataset\all_sources\028_FDX\fin11f.csv.gz","1589"
"D:\胡溪筼\Documents\2026-7Fall\Carolina Data Challenge 2026\Graduate_Dataset\all_sources\028_FDX\fin11f.s.csv.gz","717"
"D:\胡溪筼\Documents\2026-7Fall\Carolina Data Challenge 2026\Graduate_Dataset\all_sources\028_FDX\fin11_0.csv.gz","1522"
"D:\胡溪筼\Documents\2026-7Fall\Carolina Data Challenge 2026\Graduate_Dataset\all_sources\028_FDX\fin11_1.1.csv.gz","300"
"D:\胡溪筼\Documents\2026-7Fall\Carolina Data Challenge 2026\Graduate_Dataset\all_sources\028_FDX\fin11_1.10.csv.gz","303"
"D:\胡溪筼\Documents\2026-7Fall\Carolina Data Challenge 2026\Graduate_Dataset\all_sources\028_FDX\fin11_1.11.csv.gz","299"
"D:\胡溪筼\Documents\2026-7Fall\Carolina Data Challenge 2026\Graduate_Dataset\all_sources\028_FDX\fin11_1.12.csv.gz","304"
"D:\胡溪筼\Documents\2026-7Fall\Carolina Data Challenge 2026\Graduate_Dataset\all_sources\028_FDX\fin11_1.2.csv.gz","298"
"D:\胡溪筼\Documents\2026-7Fall\Carolina Data Challenge 2026\Graduate_Dataset\all_sources\028_FDX\fin11_1.3.csv.gz","304"
"D:\胡溪筼\Documents\2026-7Fall\Carolina Data Challenge 2026\Graduate_Dataset\all_sources\028_FDX\fin11_1.4.csv.gz","299"
"D:\胡溪筼\Documents\2026-7Fall\Carolina Data Challenge 2026\Graduate_Dataset\all_sources\028_FDX\fin11_1.5.csv.gz","295"
"D:\胡溪筼\Documents\2026-7Fall\Carolina Data Challenge 2026\Graduate_Dataset\all_sources\028_FDX\fin11_1.6.csv.gz","303"
"D:\胡溪筼\Documents\2026-7Fall\Carolina Data Challenge 2026\Graduate_Dataset\all_sources\028_FDX\fin11_1.7.csv.gz","300"
"D:\胡溪筼\Documents\2026-7Fall\Carolina Data Challenge 2026\Graduate_Dataset\all_sources\028_FDX\fin11_1.8.csv.gz","299"
"D:\胡溪筼\Documents\2026-7Fall\Carolina Data Challenge 2026\Graduate_Dataset\all_sources\028_FDX\fin11_1.9.csv.gz","296"
"D:\胡溪筼\Documents\2026-7Fall\Carolina Data Challenge 2026\Graduate_Dataset\all_sources\028_FDX\fin11_1.csv.gz","1588"
"D:\胡溪筼\Documents\2026-7Fall\Carolina Data Challenge 2026\Graduate_Dataset\all_sources\028_FDX\fin11_1.s.csv.gz","301"
"D:\胡溪筼\Documents\2026-7Fall\Carolina Data Challenge 2026\Graduate_Dataset\all_sources\028_FDX\fin11_2a.1.csv.gz","1137"
"D:\胡溪筼\Documents\2026-7Fall\Carolina Data Challenge 2026\Graduate_Dataset\all_sources\028_FDX\fin11_2a.10.csv.gz","1139"
"D:\胡溪筼\Documents\2026-7Fall\Carolina Data Challenge 2026\Graduate_Dataset\all_sources\028_FDX\fin11_2a.11.csv.gz","1135"
"D:\胡溪筼\Documents\2026-7Fall\Carolina Data Challenge 2026\Graduate_Dataset\all_sources\028_FDX\fin11_2a.12.csv.gz","1131"
"D:\胡溪筼\Documents\2026-7Fall\Carolina Data Challenge 2026\Graduate_Dataset\all_sources\028_FDX\fin11_2a.2.csv.gz","1141"
"D:\胡溪筼\Documents\2026-7Fall\Carolina Data Challenge 2026\Graduate_Dataset\all_sources\028_FDX\fin11_2a.3.csv.gz","1143"
"D:\胡溪筼\Documents\2026-7Fall\Carolina Data Challenge 2026\Graduate_Dataset\all_sources\028_FDX\fin11_2a.4.csv.gz","1138"
"D:\胡溪筼\Documents\2026-7Fall\Carolina Data Challenge 2026\Graduate_Dataset\all_sources\028_FDX\fin11_2a.5.csv.gz","1142"
"D:\胡溪筼\Documents\2026-7Fall\Carolina Data Challenge 2026\Graduate_Dataset\all_sources\028_FDX\fin11_2a.6.csv.gz","1128"
"D:\胡溪筼\Documents\2026-7Fall\Carolina Data Challenge 2026\Graduate_Dataset\all_sources\028_FDX\fin11_2a.7.csv.gz","1142"
"D:\胡溪筼\Documents\2026-7Fall\Carolina Data Challenge 2026\Graduate_Dataset\all_sources\028_FDX\fin11_2a.8.csv.gz","1136"
"D:\胡溪筼\Documents\2026-7Fall\Carolina Data Challenge 2026\Graduate_Dataset\all_sources\028_FDX\fin11_2a.9.csv.gz","1134"
"D:\胡溪筼\Documents\2026-7Fall\Carolina Data Challenge 2026\Graduate_Dataset\all_sources\028_FDX\fin11_2a.csv.gz","1594"
"D:\胡溪筼\Documents\2026-7Fall\Carolina Data Challenge 2026\Graduate_Dataset\all_sources\028_FDX\fin11_2a.s.csv.gz","1142"
"D:\胡溪筼\Documents\2026-7Fall\Carolina Data Challenge 2026\Graduate_Dataset\all_sources\028_FDX\fin13alm.1.csv.gz","655"
"D:\胡溪筼\Documents\2026-7Fall\Carolina Data Challenge 2026\Graduate_Dataset\all_sources\028_FDX\fin13alm.10.csv.gz","654"
"D:\胡溪筼\Documents\2026-7Fall\Carolina Data Challenge 2026\Graduate_Dataset\all_sources\028_FDX\fin13alm.11.csv.gz","660"
"D:\胡溪筼\Documents\2026-7Fall\Carolina Data Challenge 2026\Graduate_Dataset\all_sources\028_FDX\fin13alm.12.csv.gz","664"
"D:\胡溪筼\Documents\2026-7Fall\Carolina Data Challenge 2026\Graduate_Dataset\all_sources\028_FDX\fin13alm.2.csv.gz","652"
"D:\胡溪筼\Documents\2026-7Fall\Carolina Data Challenge 2026\Graduate_Dataset\all_sources\028_FDX\fin13alm.3.csv.gz","659"
"D:\胡溪筼\Documents\2026-7Fall\Carolina Data Challenge 2026\Graduate_Dataset\all_sources\028_FDX\fin13alm.4.csv.gz","652"
"D:\胡溪筼\Documents\2026-7Fall\Carolina Data Challenge 2026\Graduate_Dataset\all_sources\028_FDX\fin13alm.5.csv.gz","655"
"D:\胡溪筼\Documents\2026-7Fall\Carolina Data Challenge 2026\Graduate_Dataset\all_sources\028_FDX\fin13alm.6.csv.gz","660"
"D:\胡溪筼\Documents\2026-7Fall\Carolina Data Challenge 2026\Graduate_Dataset\all_sources\028_FDX\fin13alm.7.csv.gz","645"
"D:\胡溪筼\Documents\2026-7Fall\Carolina Data Challenge 2026\Graduate_Dataset\all_sources\028_FDX\fin13alm.8.csv.gz","638"
"D:\胡溪筼\Documents\2026-7Fall\Carolina Data Challenge 2026\Graduate_Dataset\all_sources\028_FDX\fin13alm.9.csv.gz","660"
"D:\胡溪筼\Documents\2026-7Fall\Carolina Data Challenge 2026\Graduate_Dataset\all_sources\028_FDX\fin13alm.csv.gz","909"
"D:\胡溪筼\Documents\2026-7Fall\Carolina Data Challenge 2026\Graduate_Dataset\all_sources\028_FDX\fin13am.1.csv.gz","659"
"D:\胡溪筼\Documents\2026-7Fall\Carolina Data Challenge 2026\Graduate_Dataset\all_sources\028_FDX\fin13am.10.csv.gz","632"
"D:\胡溪筼\Documents\2026-7Fall\Carolina Data Challenge 2026\Graduate_Dataset\all_sources\028_FDX\fin13am.11.csv.gz","658"
"D:\胡溪筼\Documents\2026-7Fall\Carolina Data Challenge 2026\Graduate_Dataset\all_sources\028_FDX\fin13am.12.csv.gz","654"
"D:\胡溪筼\Documents\2026-7Fall\Carolina Data Challenge 2026\Graduate_Dataset\all_sources\028_FDX\fin13am.2.csv.gz","648"
"D:\胡溪筼\Documents\2026-7Fall\Carolina Data Challenge 2026\Graduate_Dataset\all_sources\028_FDX\fin13am.3.csv.gz","657"
"D:\胡溪筼\Documents\2026-7Fall\Carolina Data Challenge 2026\Graduate_Dataset\all_sources\028_FDX\fin13am.4.csv.gz","654"
"D:\胡溪筼\Documents\2026-7Fall\Carolina Data Challenge 2026\Graduate_Dataset\all_sources\028_FDX\fin13am.5.csv.gz","657"
"D:\胡溪筼\Documents\2026-7Fall\Carolina Data Challenge 2026\Graduate_Dataset\all_sources\028_FDX\fin13am.6.csv.gz","648"
"D:\胡溪筼\Documents\2026-7Fall\Carolina Data Challenge 2026\Graduate_Dataset\all_sources\028_FDX\fin13am.7.csv.gz","638"
"D:\胡溪筼\Documents\2026-7Fall\Carolina Data Challenge 2026\Graduate_Dataset\all_sources\028_FDX\fin13am.8.csv.gz","631"
"D:\胡溪筼\Documents\2026-7Fall\Carolina Data Challenge 2026\Graduate_Dataset\all_sources\028_FDX\fin13am.9.csv.gz","656"
"D:\胡溪筼\Documents\2026-7Fall\Carolina Data Challenge 2026\Graduate_Dataset\all_sources\028_FDX\fin13am.csv.gz","897"
"D:\胡溪筼\Documents\2026-7Fall\Carolina Data Challenge 2026\Graduate_Dataset\all_sources\028_FDX\fin13an.csv.gz","900"
"D:\胡溪筼\Documents\2026-7Fall\Carolina Data Challenge 2026\Graduate_Dataset\all_sources\028_FDX\fin13aw.1.csv.gz","376"
"D:\胡溪筼\Documents\2026-7Fall\Carolina Data Challenge 2026\Graduate_Dataset\all_sources\028_FDX\fin13aw.10.csv.gz","378"
"D:\胡溪筼\Documents\2026-7Fall\Carolina Data Challenge 2026\Graduate_Dataset\all_sources\028_FDX\fin13aw.11.csv.gz","378"
"D:\胡溪筼\Documents\2026-7Fall\Carolina Data Challenge 2026\Graduate_Dataset\all_sources\028_FDX\fin13aw.12.csv.gz","373"
"D:\胡溪筼\Documents\2026-7Fall\Carolina Data Challenge 2026\Graduate_Dataset\all_sources\028_FDX\fin13aw.2.csv.gz","370"
"D:\胡溪筼\Documents\2026-7Fall\Carolina Data Challenge 2026\Graduate_Dataset\all_sources\028_FDX\fin13aw.3.csv.gz","373"
"D:\胡溪筼\Documents\2026-7Fall\Carolina Data Challenge 2026\Graduate_Dataset\all_sources\028_FDX\fin13aw.4.csv.gz","374"
"D:\胡溪筼\Documents\2026-7Fall\Carolina Data Challenge 2026\Graduate_Dataset\all_sources\028_FDX\fin13aw.5.csv.gz","374"
"D:\胡溪筼\Documents\2026-7Fall\Carolina Data Challenge 2026\Graduate_Dataset\all_sources\028_FDX\fin13aw.6.csv.gz","370"
"D:\胡溪筼\Documents\2026-7Fall\Carolina Data Challenge 2026\Graduate_Dataset\all_sources\028_FDX\fin13aw.7.csv.gz","371"
"D:\胡溪筼\Documents\2026-7Fall\Carolina Data Challenge 2026\Graduate_Dataset\all_sources\028_FDX\fin13aw.8.csv.gz","373"
"D:\胡溪筼\Documents\2026-7Fall\Carolina Data Challenge 2026\Graduate_Dataset\all_sources\028_FDX\fin13aw.9.csv.gz","374"
"D:\胡溪筼\Documents\2026-7Fall\Carolina Data Challenge 2026\Graduate_Dataset\all_sources\028_FDX\fin13aw.csv.gz","911"
"D:\胡溪筼\Documents\2026-7Fall\Carolina Data Challenge 2026\Graduate_Dataset\all_sources\028_FDX\fin13blm.1.csv.gz","649"
"D:\胡溪筼\Documents\2026-7Fall\Carolina Data Challenge 2026\Graduate_Dataset\all_sources\028_FDX\fin13blm.10.csv.gz","641"
"D:\胡溪筼\Documents\2026-7Fall\Carolina Data Challenge 2026\Graduate_Dataset\all_sources\028_FDX\fin13blm.11.csv.gz","656"
"D:\胡溪筼\Documents\2026-7Fall\Carolina Data Challenge 2026\Graduate_Dataset\all_sources\028_FDX\fin13blm.12.csv.gz","661"
"D:\胡溪筼\Documents\2026-7Fall\Carolina Data Challenge 2026\Graduate_Dataset\all_sources\028_FDX\fin13blm.2.csv.gz","656"
"D:\胡溪筼\Documents\2026-7Fall\Carolina Data Challenge 2026\Graduate_Dataset\all_sources\028_FDX\fin13blm.3.csv.gz","658"
"D:\胡溪筼\Documents\2026-7Fall\Carolina Data Challenge 2026\Graduate_Dataset\all_sources\028_FDX\fin13blm.4.csv.gz","658"
"D:\胡溪筼\Documents\2026-7Fall\Carolina Data Challenge 2026\Graduate_Dataset\all_sources\028_FDX\fin13blm.5.csv.gz","658"
"D:\胡溪筼\Documents\2026-7Fall\Carolina Data Challenge 2026\Graduate_Dataset\all_sources\028_FDX\fin13blm.6.csv.gz","658"
"D:\胡溪筼\Documents\2026-7Fall\Carolina Data Challenge 2026\Graduate_Dataset\all_sources\028_FDX\fin13blm.7.csv.gz","630"
"D:\胡溪筼\Documents\2026-7Fall\Carolina Data Challenge 2026\Graduate_Dataset\all_sources\028_FDX\fin13blm.8.csv.gz","632"
"D:\胡溪筼\Documents\2026-7Fall\Carolina Data Challenge 2026\Graduate_Dataset\all_sources\028_FDX\fin13blm.9.csv.gz","652"
"D:\胡溪筼\Documents\2026-7Fall\Carolina Data Challenge 2026\Graduate_Dataset\all_sources\028_FDX\fin13blm.csv.gz","909"
"D:\胡溪筼\Documents\2026-7Fall\Carolina Data Challenge 2026\Graduate_Dataset\all_sources\028_FDX\fin13bm.1.csv.gz","613"
"D:\胡溪筼\Documents\2026-7Fall\Carolina Data Challenge 2026\Graduate_Dataset\all_sources\028_FDX\fin13bm.10.csv.gz","590"
"D:\胡溪筼\Documents\2026-7Fall\Carolina Data Challenge 2026\Graduate_Dataset\all_sources\028_FDX\fin13bm.11.csv.gz","619"
"D:\胡溪筼\Documents\2026-7Fall\Carolina Data Challenge 2026\Graduate_Dataset\all_sources\028_FDX\fin13bm.12.csv.gz","615"
"D:\胡溪筼\Documents\2026-7Fall\Carolina Data Challenge 2026\Graduate_Dataset\all_sources\028_FDX\fin13bm.2.csv.gz","604"
"D:\胡溪筼\Documents\2026-7Fall\Carolina Data Challenge 2026\Graduate_Dataset\all_sources\028_FDX\fin13bm.3.csv.gz","605"
"D:\胡溪筼\Documents\2026-7Fall\Carolina Data Challenge 2026\Graduate_Dataset\all_sources\028_FDX\fin13bm.4.csv.gz","608"
"D:\胡溪筼\Documents\2026-7Fall\Carolina Data Challenge 2026\Graduate_Dataset\all_sources\028_FDX\fin13bm.5.csv.gz","617"
"D:\胡溪筼\Documents\2026-7Fall\Carolina Data Challenge 2026\Graduate_Dataset\all_sources\028_FDX\fin13bm.6.csv.gz","613"
"D:\胡溪筼\Documents\2026-7Fall\Carolina Data Challenge 2026\Graduate_Dataset\all_sources\028_FDX\fin13bm.7.csv.gz","592"
"D:\胡溪筼\Documents\2026-7Fall\Carolina Data Challenge 2026\Graduate_Dataset\all_sources\028_FDX\fin13bm.8.csv.gz","589"
"D:\胡溪筼\Documents\2026-7Fall\Carolina Data Challenge 2026\Graduate_Dataset\all_sources\028_FDX\fin13bm.9.csv.gz","612"
"D:\胡溪筼\Documents\2026-7Fall\Carolina Data Challenge 2026\Graduate_Dataset\all_sources\028_FDX\fin13bm.csv.gz","902"
"D:\胡溪筼\Documents\2026-7Fall\Carolina Data Challenge 2026\Graduate_Dataset\all_sources\028_FDX\fin13bn.csv.gz","899"
"D:\胡溪筼\Documents\2026-7Fall\Carolina Data Challenge 2026\Graduate_Dataset\all_sources\028_FDX\fin13bw.1.csv.gz","297"
"D:\胡溪筼\Documents\2026-7Fall\Carolina Data Challenge 2026\Graduate_Dataset\all_sources\028_FDX\fin13bw.10.csv.gz","295"
"D:\胡溪筼\Documents\2026-7Fall\Carolina Data Challenge 2026\Graduate_Dataset\all_sources\028_FDX\fin13bw.11.csv.gz","296"
"D:\胡溪筼\Documents\2026-7Fall\Carolina Data Challenge 2026\Graduate_Dataset\all_sources\028_FDX\fin13bw.12.csv.gz","293"
"D:\胡溪筼\Documents\2026-7Fall\Carolina Data Challenge 2026\Graduate_Dataset\all_sources\028_FDX\fin13bw.2.csv.gz","296"
"D:\胡溪筼\Documents\2026-7Fall\Carolina Data Challenge 2026\Graduate_Dataset\all_sources\028_FDX\fin13bw.3.csv.gz","297"
"D:\胡溪筼\Documents\2026-7Fall\Carolina Data Challenge 2026\Graduate_Dataset\all_sources\028_FDX\fin13bw.4.csv.gz","293"
"D:\胡溪筼\Documents\2026-7Fall\Carolina Data Challenge 2026\Graduate_Dataset\all_sources\028_FDX\fin13bw.5.csv.gz","296"
"D:\胡溪筼\Documents\2026-7Fall\Carolina Data Challenge 2026\Graduate_Dataset\all_sources\028_FDX\fin13bw.6.csv.gz","294"
"D:\胡溪筼\Documents\2026-7Fall\Carolina Data Challenge 2026\Graduate_Dataset\all_sources\028_FDX\fin13bw.7.csv.gz","291"
"D:\胡溪筼\Documents\2026-7Fall\Carolina Data Challenge 2026\Graduate_Dataset\all_sources\028_FDX\fin13bw.8.csv.gz","295"
"D:\胡溪筼\Documents\2026-7Fall\Carolina Data Challenge 2026\Graduate_Dataset\all_sources\028_FDX\fin13bw.9.csv.gz","297"
"D:\胡溪筼\Documents\2026-7Fall\Carolina Data Challenge 2026\Graduate_Dataset\all_sources\028_FDX\fin13bw.csv.gz","911"
"D:\胡溪筼\Documents\2026-7Fall\Carolina Data Challenge 2026\Graduate_Dataset\all_sources\028_FDX\fin13clm.1.csv.gz","632"
"D:\胡溪筼\Documents\2026-7Fall\Carolina Data Challenge 2026\Graduate_Dataset\all_sources\028_FDX\fin13clm.10.csv.gz","635"
"D:\胡溪筼\Documents\2026-7Fall\Carolina Data Challenge 2026\Graduate_Dataset\all_sources\028_FDX\fin13clm.11.csv.gz","638"
"D:\胡溪筼\Documents\2026-7Fall\Carolina Data Challenge 2026\Graduate_Dataset\all_sources\028_FDX\fin13clm.12.csv.gz","638"
"D:\胡溪筼\Documents\2026-7Fall\Carolina Data Challenge 2026\Graduate_Dataset\all_sources\028_FDX\fin13clm.2.csv.gz","639"
"D:\胡溪筼\Documents\2026-7Fall\Carolina Data Challenge 2026\Graduate_Dataset\all_sources\028_FDX\fin13clm.3.csv.gz","634"
"D:\胡溪筼\Documents\2026-7Fall\Carolina Data Challenge 2026\Graduate_Dataset\all_sources\028_FDX\fin13clm.4.csv.gz","636"
"D:\胡溪筼\Documents\2026-7Fall\Carolina Data Challenge 2026\Graduate_Dataset\all_sources\028_FDX\fin13clm.5.csv.gz","636"
"D:\胡溪筼\Documents\2026-7Fall\Carolina Data Challenge 2026\Graduate_Dataset\all_sources\028_FDX\fin13clm.6.csv.gz","635"
"D:\胡溪筼\Documents\2026-7Fall\Carolina Data Challenge 2026\Graduate_Dataset\all_sources\028_FDX\fin13clm.7.csv.gz","613"
"D:\胡溪筼\Documents\2026-7Fall\Carolina Data Challenge 2026\Graduate_Dataset\all_sources\028_FDX\fin13clm.8.csv.gz","618"
"D:\胡溪筼\Documents\2026-7Fall\Carolina Data Challenge 2026\Graduate_Dataset\all_sources\028_FDX\fin13clm.9.csv.gz","635"
"D:\胡溪筼\Documents\2026-7Fall\Carolina Data Challenge 2026\Graduate_Dataset\all_sources\028_FDX\fin13clm.csv.gz","909"
"D:\胡溪筼\Documents\2026-7Fall\Carolina Data Challenge 2026\Graduate_Dataset\all_sources\028_FDX\fin13cm.1.csv.gz","566"
"D:\胡溪筼\Documents\2026-7Fall\Carolina Data Challenge 2026\Graduate_Dataset\all_sources\028_FDX\fin13cm.10.csv.gz","541"
"D:\胡溪筼\Documents\2026-7Fall\Carolina Data Challenge 2026\Graduate_Dataset\all_sources\028_FDX\fin13cm.11.csv.gz","565"
"D:\胡溪筼\Documents\2026-7Fall\Carolina Data Challenge 2026\Graduate_Dataset\all_sources\028_FDX\fin13cm.12.csv.gz","562"
"D:\胡溪筼\Documents\2026-7Fall\Carolina Data Challenge 2026\Graduate_Dataset\all_sources\028_FDX\fin13cm.2.csv.gz","553"
"D:\胡溪筼\Documents\2026-7Fall\Carolina Data Challenge 2026\Graduate_Dataset\all_sources\028_FDX\fin13cm.3.csv.gz","561"
"D:\胡溪筼\Documents\2026-7Fall\Carolina Data Challenge 2026\Graduate_Dataset\all_sources\028_FDX\fin13cm.4.csv.gz","564"
"D:\胡溪筼\Documents\2026-7Fall\Carolina Data Challenge 2026\Graduate_Dataset\all_sources\028_FDX\fin13cm.5.csv.gz","561"
"D:\胡溪筼\Documents\2026-7Fall\Carolina Data Challenge 2026\Graduate_Dataset\all_sources\028_FDX\fin13cm.6.csv.gz","562"
"D:\胡溪筼\Documents\2026-7Fall\Carolina Data Challenge 2026\Graduate_Dataset\all_sources\028_FDX\fin13cm.7.csv.gz","547"
"D:\胡溪筼\Documents\2026-7Fall\Carolina Data Challenge 2026\Graduate_Dataset\all_sources\028_FDX\fin13cm.8.csv.gz","542"
"D:\胡溪筼\Documents\2026-7Fall\Carolina Data Challenge 2026\Graduate_Dataset\all_sources\028_FDX\fin13cm.9.csv.gz","565"
"D:\胡溪筼\Documents\2026-7Fall\Carolina Data Challenge 2026\Graduate_Dataset\all_sources\028_FDX\fin13cm.csv.gz","900"
"D:\胡溪筼\Documents\2026-7Fall\Carolina Data Challenge 2026\Graduate_Dataset\all_sources\028_FDX\fin13cn.csv.gz","900"
"D:\胡溪筼\Documents\2026-7Fall\Carolina Data Challenge 2026\Graduate_Dataset\all_sources\028_FDX\fin13cw.1.csv.gz","421"
"D:\胡溪筼\Documents\2026-7Fall\Carolina Data Challenge 2026\Graduate_Dataset\all_sources\028_FDX\fin13cw.10.csv.gz","421"
"D:\胡溪筼\Documents\2026-7Fall\Carolina Data Challenge 2026\Graduate_Dataset\all_sources\028_FDX\fin13cw.11.csv.gz","422"
"D:\胡溪筼\Documents\2026-7Fall\Carolina Data Challenge 2026\Graduate_Dataset\all_sources\028_FDX\fin13cw.12.csv.gz","425"
"D:\胡溪筼\Documents\2026-7Fall\Carolina Data Challenge 2026\Graduate_Dataset\all_sources\028_FDX\fin13cw.2.csv.gz","422"
"D:\胡溪筼\Documents\2026-7Fall\Carolina Data Challenge 2026\Graduate_Dataset\all_sources\028_FDX\fin13cw.3.csv.gz","419"
"D:\胡溪筼\Documents\2026-7Fall\Carolina Data Challenge 2026\Graduate_Dataset\all_sources\028_FDX\fin13cw.4.csv.gz","419"
"D:\胡溪筼\Documents\2026-7Fall\Carolina Data Challenge 2026\Graduate_Dataset\all_sources\028_FDX\fin13cw.5.csv.gz","417"
"D:\胡溪筼\Documents\2026-7Fall\Carolina Data Challenge 2026\Graduate_Dataset\all_sources\028_FDX\fin13cw.6.csv.gz","423"
"D:\胡溪筼\Documents\2026-7Fall\Carolina Data Challenge 2026\Graduate_Dataset\all_sources\028_FDX\fin13cw.7.csv.gz","423"
"D:\胡溪筼\Documents\2026-7Fall\Carolina Data Challenge 2026\Graduate_Dataset\all_sources\028_FDX\fin13cw.8.csv.gz","421"
"D:\胡溪筼\Documents\2026-7Fall\Carolina Data Challenge 2026\Graduate_Dataset\all_sources\028_FDX\fin13cw.9.csv.gz","422"
"D:\胡溪筼\Documents\2026-7Fall\Carolina Data Challenge 2026\Graduate_Dataset\all_sources\028_FDX\fin13cw.csv.gz","914"
"D:\胡溪筼\Documents\2026-7Fall\Carolina Data Challenge 2026\Graduate_Dataset\all_sources\028_FDX\fin13e.1.csv.gz","538"
"D:\胡溪筼\Documents\2026-7Fall\Carolina Data Challenge 2026\Graduate_Dataset\all_sources\028_FDX\fin13e.10.csv.gz","515"
"D:\胡溪筼\Documents\2026-7Fall\Carolina Data Challenge 2026\Graduate_Dataset\all_sources\028_FDX\fin13e.11.csv.gz","537"
"D:\胡溪筼\Documents\2026-7Fall\Carolina Data Challenge 2026\Graduate_Dataset\all_sources\028_FDX\fin13e.12.csv.gz","535"
"D:\胡溪筼\Documents\2026-7Fall\Carolina Data Challenge 2026\Graduate_Dataset\all_sources\028_FDX\fin13e.2.csv.gz","533"
"D:\胡溪筼\Documents\2026-7Fall\Carolina Data Challenge 2026\Graduate_Dataset\all_sources\028_FDX\fin13e.3.csv.gz","538"
"D:\胡溪筼\Documents\2026-7Fall\Carolina Data Challenge 2026\Graduate_Dataset\all_sources\028_FDX\fin13e.4.csv.gz","534"
"D:\胡溪筼\Documents\2026-7Fall\Carolina Data Challenge 2026\Graduate_Dataset\all_sources\028_FDX\fin13e.5.csv.gz","533"
"D:\胡溪筼\Documents\2026-7Fall\Carolina Data Challenge 2026\Graduate_Dataset\all_sources\028_FDX\fin13e.6.csv.gz","528"
"D:\胡溪筼\Documents\2026-7Fall\Carolina Data Challenge 2026\Graduate_Dataset\all_sources\028_FDX\fin13e.7.csv.gz","536"
"D:\胡溪筼\Documents\2026-7Fall\Carolina Data Challenge 2026\Graduate_Dataset\all_sources\028_FDX\fin13e.8.csv.gz","531"
"D:\胡溪筼\Documents\2026-7Fall\Carolina Data Challenge 2026\Graduate_Dataset\all_sources\028_FDX\fin13e.9.csv.gz","536"
"D:\胡溪筼\Documents\2026-7Fall\Carolina Data Challenge 2026\Graduate_Dataset\all_sources\028_FDX\fin13e.csv.gz","906"
"D:\胡溪筼\Documents\2026-7Fall\Carolina Data Challenge 2026\Graduate_Dataset\all_sources\028_FDX\fin13f.1.csv.gz","408"
"D:\胡溪筼\Documents\2026-7Fall\Carolina Data Challenge 2026\Graduate_Dataset\all_sources\028_FDX\fin13f.10.csv.gz","412"
"D:\胡溪筼\Documents\2026-7Fall\Carolina Data Challenge 2026\Graduate_Dataset\all_sources\028_FDX\fin13f.11.csv.gz","412"
"D:\胡溪筼\Documents\2026-7Fall\Carolina Data Challenge 2026\Graduate_Dataset\all_sources\028_FDX\fin13f.12.csv.gz","411"
"D:\胡溪筼\Documents\2026-7Fall\Carolina Data Challenge 2026\Graduate_Dataset\all_sources\028_FDX\fin13f.2.csv.gz","405"
"D:\胡溪筼\Documents\2026-7Fall\Carolina Data Challenge 2026\Graduate_Dataset\all_sources\028_FDX\fin13f.3.csv.gz","410"
"D:\胡溪筼\Documents\2026-7Fall\Carolina Data Challenge 2026\Graduate_Dataset\all_sources\028_FDX\fin13f.4.csv.gz","411"
"D:\胡溪筼\Documents\2026-7Fall\Carolina Data Challenge 2026\Graduate_Dataset\all_sources\028_FDX\fin13f.5.csv.gz","411"
"D:\胡溪筼\Documents\2026-7Fall\Carolina Data Challenge 2026\Graduate_Dataset\all_sources\028_FDX\fin13f.6.csv.gz","411"
"D:\胡溪筼\Documents\2026-7Fall\Carolina Data Challenge 2026\Graduate_Dataset\all_sources\028_FDX\fin13f.7.csv.gz","404"
"D:\胡溪筼\Documents\2026-7Fall\Carolina Data Challenge 2026\Graduate_Dataset\all_sources\028_FDX\fin13f.8.csv.gz","409"
"D:\胡溪筼\Documents\2026-7Fall\Carolina Data Challenge 2026\Graduate_Dataset\all_sources\028_FDX\fin13f.9.csv.gz","408"
"D:\胡溪筼\Documents\2026-7Fall\Carolina Data Challenge 2026\Graduate_Dataset\all_sources\028_FDX\fin13f.csv.gz","908"
"D:\胡溪筼\Documents\2026-7Fall\Carolina Data Challenge 2026\Graduate_Dataset\all_sources\028_FDX\fin13f_1.1.csv.gz","172"
"D:\胡溪筼\Documents\2026-7Fall\Carolina Data Challenge 2026\Graduate_Dataset\all_sources\028_FDX\fin13f_1.10.csv.gz","172"
"D:\胡溪筼\Documents\2026-7Fall\Carolina Data Challenge 2026\Graduate_Dataset\all_sources\028_FDX\fin13f_1.11.csv.gz","171"
"D:\胡溪筼\Documents\2026-7Fall\Carolina Data Challenge 2026\Graduate_Dataset\all_sources\028_FDX\fin13f_1.12.csv.gz","173"
"D:\胡溪筼\Documents\2026-7Fall\Carolina Data Challenge 2026\Graduate_Dataset\all_sources\028_FDX\fin13f_1.2.csv.gz","171"
"D:\胡溪筼\Documents\2026-7Fall\Carolina Data Challenge 2026\Graduate_Dataset\all_sources\028_FDX\fin13f_1.3.csv.gz","172"
"D:\胡溪筼\Documents\2026-7Fall\Carolina Data Challenge 2026\Graduate_Dataset\all_sources\028_FDX\fin13f_1.4.csv.gz","171"
"D:\胡溪筼\Documents\2026-7Fall\Carolina Data Challenge 2026\Graduate_Dataset\all_sources\028_FDX\fin13f_1.5.csv.gz","170"
"D:\胡溪筼\Documents\2026-7Fall\Carolina Data Challenge 2026\Graduate_Dataset\all_sources\028_FDX\fin13f_1.6.csv.gz","170"
"D:\胡溪筼\Documents\2026-7Fall\Carolina Data Challenge 2026\Graduate_Dataset\all_sources\028_FDX\fin13f_1.7.csv.gz","169"
"D:\胡溪筼\Documents\2026-7Fall\Carolina Data Challenge 2026\Graduate_Dataset\all_sources\028_FDX\fin13f_1.8.csv.gz","172"
"D:\胡溪筼\Documents\2026-7Fall\Carolina Data Challenge 2026\Graduate_Dataset\all_sources\028_FDX\fin13f_1.9.csv.gz","171"
"D:\胡溪筼\Documents\2026-7Fall\Carolina Data Challenge 2026\Graduate_Dataset\all_sources\028_FDX\fin13f_1.csv.gz","906"
"D:\胡溪筼\Documents\2026-7Fall\Carolina Data Challenge 2026\Graduate_Dataset\all_sources\028_FDX\fin13_1a.1.csv.gz","638"
"D:\胡溪筼\Documents\2026-7Fall\Carolina Data Challenge 2026\Graduate_Dataset\all_sources\028_FDX\fin13_1a.10.csv.gz","618"
"D:\胡溪筼\Documents\2026-7Fall\Carolina Data Challenge 2026\Graduate_Dataset\all_sources\028_FDX\fin13_1a.11.csv.gz","638"
"D:\胡溪筼\Documents\2026-7Fall\Carolina Data Challenge 2026\Graduate_Dataset\all_sources\028_FDX\fin13_1a.12.csv.gz","636"
"D:\胡溪筼\Documents\2026-7Fall\Carolina Data Challenge 2026\Graduate_Dataset\all_sources\028_FDX\fin13_1a.2.csv.gz","642"
"D:\胡溪筼\Documents\2026-7Fall\Carolina Data Challenge 2026\Graduate_Dataset\all_sources\028_FDX\fin13_1a.3.csv.gz","642"
"D:\胡溪筼\Documents\2026-7Fall\Carolina Data Challenge 2026\Graduate_Dataset\all_sources\028_FDX\fin13_1a.4.csv.gz","631"
"D:\胡溪筼\Documents\2026-7Fall\Carolina Data Challenge 2026\Graduate_Dataset\all_sources\028_FDX\fin13_1a.5.csv.gz","643"
"D:\胡溪筼\Documents\2026-7Fall\Carolina Data Challenge 2026\Graduate_Dataset\all_sources\028_FDX\fin13_1a.6.csv.gz","639"
"D:\胡溪筼\Documents\2026-7Fall\Carolina Data Challenge 2026\Graduate_Dataset\all_sources\028_FDX\fin13_1a.7.csv.gz","623"
"D:\胡溪筼\Documents\2026-7Fall\Carolina Data Challenge 2026\Graduate_Dataset\all_sources\028_FDX\fin13_1a.8.csv.gz","616"
"D:\胡溪筼\Documents\2026-7Fall\Carolina Data Challenge 2026\Graduate_Dataset\all_sources\028_FDX\fin13_1a.9.csv.gz","634"
"D:\胡溪筼\Documents\2026-7Fall\Carolina Data Challenge 2026\Graduate_Dataset\all_sources\028_FDX\fin13_1a.csv.gz","906"
"D:\胡溪筼\Documents\2026-7Fall\Carolina Data Challenge 2026\Graduate_Dataset\all_sources\028_FDX\fin13_1b.1.csv.gz","457"
"D:\胡溪筼\Documents\2026-7Fall\Carolina Data Challenge 2026\Graduate_Dataset\all_sources\028_FDX\fin13_1b.10.csv.gz","460"
"D:\胡溪筼\Documents\2026-7Fall\Carolina Data Challenge 2026\Graduate_Dataset\all_sources\028_FDX\fin13_1b.11.csv.gz","459"
"D:\胡溪筼\Documents\2026-7Fall\Carolina Data Challenge 2026\Graduate_Dataset\all_sources\028_FDX\fin13_1b.12.csv.gz","462"
"D:\胡溪筼\Documents\2026-7Fall\Carolina Data Challenge 2026\Graduate_Dataset\all_sources\028_FDX\fin13_1b.2.csv.gz","457"
"D:\胡溪筼\Documents\2026-7Fall\Carolina Data Challenge 2026\Graduate_Dataset\all_sources\028_FDX\fin13_1b.3.csv.gz","455"
"D:\胡溪筼\Documents\2026-7Fall\Carolina Data Challenge 2026\Graduate_Dataset\all_sources\028_FDX\fin13_1b.4.csv.gz","460"
"D:\胡溪筼\Documents\2026-7Fall\Carolina Data Challenge 2026\Graduate_Dataset\all_sources\028_FDX\fin13_1b.5.csv.gz","463"
"D:\胡溪筼\Documents\2026-7Fall\Carolina Data Challenge 2026\Graduate_Dataset\all_sources\028_FDX\fin13_1b.6.csv.gz","459"
"D:\胡溪筼\Documents\2026-7Fall\Carolina Data Challenge 2026\Graduate_Dataset\all_sources\028_FDX\fin13_1b.7.csv.gz","440"
"D:\胡溪筼\Documents\2026-7Fall\Carolina Data Challenge 2026\Graduate_Dataset\all_sources\028_FDX\fin13_1b.8.csv.gz","439"
"D:\胡溪筼\Documents\2026-7Fall\Carolina Data Challenge 2026\Graduate_Dataset\all_sources\028_FDX\fin13_1b.9.csv.gz","456"
"D:\胡溪筼\Documents\2026-7Fall\Carolina Data Challenge 2026\Graduate_Dataset\all_sources\028_FDX\fin13_1b.csv.gz","906"
"D:\胡溪筼\Documents\2026-7Fall\Carolina Data Challenge 2026\Graduate_Dataset\all_sources\028_FDX\fin14a.1.csv.gz","572"
"D:\胡溪筼\Documents\2026-7Fall\Carolina Data Challenge 2026\Graduate_Dataset\all_sources\028_FDX\fin14a.10.csv.gz","572"
"D:\胡溪筼\Documents\2026-7Fall\Carolina Data Challenge 2026\Graduate_Dataset\all_sources\028_FDX\fin14a.11.csv.gz","576"
"D:\胡溪筼\Documents\2026-7Fall\Carolina Data Challenge 2026\Graduate_Dataset\all_sources\028_FDX\fin14a.12.csv.gz","575"
"D:\胡溪筼\Documents\2026-7Fall\Carolina Data Challenge 2026\Graduate_Dataset\all_sources\028_FDX\fin14a.2.csv.gz","574"
"D:\胡溪筼\Documents\2026-7Fall\Carolina Data Challenge 2026\Graduate_Dataset\all_sources\028_FDX\fin14a.3.csv.gz","569"
"D:\胡溪筼\Documents\2026-7Fall\Carolina Data Challenge 2026\Graduate_Dataset\all_sources\028_FDX\fin14a.4.csv.gz","572"
"D:\胡溪筼\Documents\2026-7Fall\Carolina Data Challenge 2026\Graduate_Dataset\all_sources\028_FDX\fin14a.5.csv.gz","572"
"D:\胡溪筼\Documents\2026-7Fall\Carolina Data Challenge 2026\Graduate_Dataset\all_sources\028_FDX\fin14a.6.csv.gz","569"
"D:\胡溪筼\Documents\2026-7Fall\Carolina Data Challenge 2026\Graduate_Dataset\all_sources\028_FDX\fin14a.7.csv.gz","572"
"D:\胡溪筼\Documents\2026-7Fall\Carolina Data Challenge 2026\Graduate_Dataset\all_sources\028_FDX\fin14a.8.csv.gz","571"
"D:\胡溪筼\Documents\2026-7Fall\Carolina Data Challenge 2026\Graduate_Dataset\all_sources\028_FDX\fin14a.9.csv.gz","571"
"D:\胡溪筼\Documents\2026-7Fall\Carolina Data Challenge 2026\Graduate_Dataset\all_sources\028_FDX\fin14a.csv.gz","904"
"D:\胡溪筼\Documents\2026-7Fall\Carolina Data Challenge 2026\Graduate_Dataset\all_sources\028_FDX\fin14b.1.csv.gz","547"
"D:\胡溪筼\Documents\2026-7Fall\Carolina Data Challenge 2026\Graduate_Dataset\all_sources\028_FDX\fin14b.10.csv.gz","558"
"D:\胡溪筼\Documents\2026-7Fall\Carolina Data Challenge 2026\Graduate_Dataset\all_sources\028_FDX\fin14b.11.csv.gz","555"
"D:\胡溪筼\Documents\2026-7Fall\Carolina Data Challenge 2026\Graduate_Dataset\all_sources\028_FDX\fin14b.12.csv.gz","552"
"D:\胡溪筼\Documents\2026-7Fall\Carolina Data Challenge 2026\Graduate_Dataset\all_sources\028_FDX\fin14b.2.csv.gz","549"
"D:\胡溪筼\Documents\2026-7Fall\Carolina Data Challenge 2026\Graduate_Dataset\all_sources\028_FDX\fin14b.3.csv.gz","550"
"D:\胡溪筼\Documents\2026-7Fall\Carolina Data Challenge 2026\Graduate_Dataset\all_sources\028_FDX\fin14b.4.csv.gz","551"
"D:\胡溪筼\Documents\2026-7Fall\Carolina Data Challenge 2026\Graduate_Dataset\all_sources\028_FDX\fin14b.5.csv.gz","554"
"D:\胡溪筼\Documents\2026-7Fall\Carolina Data Challenge 2026\Graduate_Dataset\all_sources\028_FDX\fin14b.6.csv.gz","555"
"D:\胡溪筼\Documents\2026-7Fall\Carolina Data Challenge 2026\Graduate_Dataset\all_sources\028_FDX\fin14b.7.csv.gz","555"
"D:\胡溪筼\Documents\2026-7Fall\Carolina Data Challenge 2026\Graduate_Dataset\all_sources\028_FDX\fin14b.8.csv.gz","551"
"D:\胡溪筼\Documents\2026-7Fall\Carolina Data Challenge 2026\Graduate_Dataset\all_sources\028_FDX\fin14b.9.csv.gz","552"
"D:\胡溪筼\Documents\2026-7Fall\Carolina Data Challenge 2026\Graduate_Dataset\all_sources\028_FDX\fin14b.csv.gz","908"
"D:\胡溪筼\Documents\2026-7Fall\Carolina Data Challenge 2026\Graduate_Dataset\all_sources\028_FDX\fin14c.1.csv.gz","667"
"D:\胡溪筼\Documents\2026-7Fall\Carolina Data Challenge 2026\Graduate_Dataset\all_sources\028_FDX\fin14c.10.csv.gz","657"
"D:\胡溪筼\Documents\2026-7Fall\Carolina Data Challenge 2026\Graduate_Dataset\all_sources\028_FDX\fin14c.11.csv.gz","672"
"D:\胡溪筼\Documents\2026-7Fall\Carolina Data Challenge 2026\Graduate_Dataset\all_sources\028_FDX\fin14c.12.csv.gz","673"
"D:\胡溪筼\Documents\2026-7Fall\Carolina Data Challenge 2026\Graduate_Dataset\all_sources\028_FDX\fin14c.2.csv.gz","678"
"D:\胡溪筼\Documents\2026-7Fall\Carolina Data Challenge 2026\Graduate_Dataset\all_sources\028_FDX\fin14c.3.csv.gz","674"
"D:\胡溪筼\Documents\2026-7Fall\Carolina Data Challenge 2026\Graduate_Dataset\all_sources\028_FDX\fin14c.4.csv.gz","671"
"D:\胡溪筼\Documents\2026-7Fall\Carolina Data Challenge 2026\Graduate_Dataset\all_sources\028_FDX\fin14c.5.csv.gz","669"
"D:\胡溪筼\Documents\2026-7Fall\Carolina Data Challenge 2026\Graduate_Dataset\all_sources\028_FDX\fin14c.6.csv.gz","678"
"D:\胡溪筼\Documents\2026-7Fall\Carolina Data Challenge 2026\Graduate_Dataset\all_sources\028_FDX\fin14c.7.csv.gz","674"
"D:\胡溪筼\Documents\2026-7Fall\Carolina Data Challenge 2026\Graduate_Dataset\all_sources\028_FDX\fin14c.8.csv.gz","676"
"D:\胡溪筼\Documents\2026-7Fall\Carolina Data Challenge 2026\Graduate_Dataset\all_sources\028_FDX\fin14c.9.csv.gz","674"
"D:\胡溪筼\Documents\2026-7Fall\Carolina Data Challenge 2026\Graduate_Dataset\all_sources\028_FDX\fin14c.csv.gz","896"
"D:\胡溪筼\Documents\2026-7Fall\Carolina Data Challenge 2026\Graduate_Dataset\all_sources\028_FDX\fin14d.1.csv.gz","876"
"D:\胡溪筼\Documents\2026-7Fall\Carolina Data Challenge 2026\Graduate_Dataset\all_sources\028_FDX\fin14d.10.csv.gz","838"
"D:\胡溪筼\Documents\2026-7Fall\Carolina Data Challenge 2026\Graduate_Dataset\all_sources\028_FDX\fin14d.11.csv.gz","870"
"D:\胡溪筼\Documents\2026-7Fall\Carolina Data Challenge 2026\Graduate_Dataset\all_sources\028_FDX\fin14d.12.csv.gz","876"
"D:\胡溪筼\Documents\2026-7Fall\Carolina Data Challenge 2026\Graduate_Dataset\all_sources\028_FDX\fin14d.2.csv.gz","875"
"D:\胡溪筼\Documents\2026-7Fall\Carolina Data Challenge 2026\Graduate_Dataset\all_sources\028_FDX\fin14d.3.csv.gz","873"
"D:\胡溪筼\Documents\2026-7Fall\Carolina Data Challenge 2026\Graduate_Dataset\all_sources\028_FDX\fin14d.4.csv.gz","872"
"D:\胡溪筼\Documents\2026-7Fall\Carolina Data Challenge 2026\Graduate_Dataset\all_sources\028_FDX\fin14d.5.csv.gz","874"
"D:\胡溪筼\Documents\2026-7Fall\Carolina Data Challenge 2026\Graduate_Dataset\all_sources\028_FDX\fin14d.6.csv.gz","870"
"D:\胡溪筼\Documents\2026-7Fall\Carolina Data Challenge 2026\Graduate_Dataset\all_sources\028_FDX\fin14d.7.csv.gz","858"
"D:\胡溪筼\Documents\2026-7Fall\Carolina Data Challenge 2026\Graduate_Dataset\all_sources\028_FDX\fin14d.8.csv.gz","856"
"D:\胡溪筼\Documents\2026-7Fall\Carolina Data Challenge 2026\Graduate_Dataset\all_sources\028_FDX\fin14d.9.csv.gz","871"
"D:\胡溪筼\Documents\2026-7Fall\Carolina Data Challenge 2026\Graduate_Dataset\all_sources\028_FDX\fin14d.csv.gz","907"
"D:\胡溪筼\Documents\2026-7Fall\Carolina Data Challenge 2026\Graduate_Dataset\all_sources\028_FDX\fin14d.s.csv.gz","870"
"D:\胡溪筼\Documents\2026-7Fall\Carolina Data Challenge 2026\Graduate_Dataset\all_sources\028_FDX\fin15.1.csv.gz","440"
"D:\胡溪筼\Documents\2026-7Fall\Carolina Data Challenge 2026\Graduate_Dataset\all_sources\028_FDX\fin15.10.csv.gz","440"
"D:\胡溪筼\Documents\2026-7Fall\Carolina Data Challenge 2026\Graduate_Dataset\all_sources\028_FDX\fin15.11.csv.gz","437"
"D:\胡溪筼\Documents\2026-7Fall\Carolina Data Challenge 2026\Graduate_Dataset\all_sources\028_FDX\fin15.12.csv.gz","438"
"D:\胡溪筼\Documents\2026-7Fall\Carolina Data Challenge 2026\Graduate_Dataset\all_sources\028_FDX\fin15.2.csv.gz","442"
"D:\胡溪筼\Documents\2026-7Fall\Carolina Data Challenge 2026\Graduate_Dataset\all_sources\028_FDX\fin15.3.csv.gz","439"
"D:\胡溪筼\Documents\2026-7Fall\Carolina Data Challenge 2026\Graduate_Dataset\all_sources\028_FDX\fin15.4.csv.gz","436"
"D:\胡溪筼\Documents\2026-7Fall\Carolina Data Challenge 2026\Graduate_Dataset\all_sources\028_FDX\fin15.5.csv.gz","434"
"D:\胡溪筼\Documents\2026-7Fall\Carolina Data Challenge 2026\Graduate_Dataset\all_sources\028_FDX\fin15.6.csv.gz","437"
"D:\胡溪筼\Documents\2026-7Fall\Carolina Data Challenge 2026\Graduate_Dataset\all_sources\028_FDX\fin15.7.csv.gz","436"
"D:\胡溪筼\Documents\2026-7Fall\Carolina Data Challenge 2026\Graduate_Dataset\all_sources\028_FDX\fin15.8.csv.gz","437"
"D:\胡溪筼\Documents\2026-7Fall\Carolina Data Challenge 2026\Graduate_Dataset\all_sources\028_FDX\fin15.9.csv.gz","436"
"D:\胡溪筼\Documents\2026-7Fall\Carolina Data Challenge 2026\Graduate_Dataset\all_sources\028_FDX\fin15.csv.gz","899"
"D:\胡溪筼\Documents\2026-7Fall\Carolina Data Challenge 2026\Graduate_Dataset\all_sources\028_FDX\fin16.1.csv.gz","173"
"D:\胡溪筼\Documents\2026-7Fall\Carolina Data Challenge 2026\Graduate_Dataset\all_sources\028_FDX\fin16.10.csv.gz","175"
"D:\胡溪筼\Documents\2026-7Fall\Carolina Data Challenge 2026\Graduate_Dataset\all_sources\028_FDX\fin16.11.csv.gz","174"
"D:\胡溪筼\Documents\2026-7Fall\Carolina Data Challenge 2026\Graduate_Dataset\all_sources\028_FDX\fin16.12.csv.gz","178"
"D:\胡溪筼\Documents\2026-7Fall\Carolina Data Challenge 2026\Graduate_Dataset\all_sources\028_FDX\fin16.2.csv.gz","173"
"D:\胡溪筼\Documents\2026-7Fall\Carolina Data Challenge 2026\Graduate_Dataset\all_sources\028_FDX\fin16.3.csv.gz","175"
"D:\胡溪筼\Documents\2026-7Fall\Carolina Data Challenge 2026\Graduate_Dataset\all_sources\028_FDX\fin16.4.csv.gz","173"
"D:\胡溪筼\Documents\2026-7Fall\Carolina Data Challenge 2026\Graduate_Dataset\all_sources\028_FDX\fin16.5.csv.gz","173"
"D:\胡溪筼\Documents\2026-7Fall\Carolina Data Challenge 2026\Graduate_Dataset\all_sources\028_FDX\fin16.6.csv.gz","175"
"D:\胡溪筼\Documents\2026-7Fall\Carolina Data Challenge 2026\Graduate_Dataset\all_sources\028_FDX\fin16.7.csv.gz","174"
"D:\胡溪筼\Documents\2026-7Fall\Carolina Data Challenge 2026\Graduate_Dataset\all_sources\028_FDX\fin16.8.csv.gz","173"
"D:\胡溪筼\Documents\2026-7Fall\Carolina Data Challenge 2026\Graduate_Dataset\all_sources\028_FDX\fin16.9.csv.gz","172"
"D:\胡溪筼\Documents\2026-7Fall\Carolina Data Challenge 2026\Graduate_Dataset\all_sources\028_FDX\fin16.csv.gz","898"
"D:\胡溪筼\Documents\2026-7Fall\Carolina Data Challenge 2026\Graduate_Dataset\all_sources\028_FDX\fin17a.1.csv.gz","7534"
"D:\胡溪筼\Documents\2026-7Fall\Carolina Data Challenge 2026\Graduate_Dataset\all_sources\028_FDX\fin17a.10.csv.gz","1716"
"D:\胡溪筼\Documents\2026-7Fall\Carolina Data Challenge 2026\Graduate_Dataset\all_sources\028_FDX\fin17a.11.csv.gz","7450"
"D:\胡溪筼\Documents\2026-7Fall\Carolina Data Challenge 2026\Graduate_Dataset\all_sources\028_FDX\fin17a.12.csv.gz","7424"
"D:\胡溪筼\Documents\2026-7Fall\Carolina Data Challenge 2026\Graduate_Dataset\all_sources\028_FDX\fin17a.17a1.d.1.csv.gz","8171"
"D:\胡溪筼\Documents\2026-7Fall\Carolina Data Challenge 2026\Graduate_Dataset\all_sources\028_FDX\fin17a.17a1.d.10.csv.gz","2220"
"D:\胡溪筼\Documents\2026-7Fall\Carolina Data Challenge 2026\Graduate_Dataset\all_sources\028_FDX\fin17a.17a1.d.11.csv.gz","8085"
"D:\胡溪筼\Documents\2026-7Fall\Carolina Data Challenge 2026\Graduate_Dataset\all_sources\028_FDX\fin17a.17a1.d.12.csv.gz","8084"
"D:\胡溪筼\Documents\2026-7Fall\Carolina Data Challenge 2026\Graduate_Dataset\all_sources\028_FDX\fin17a.17a1.d.2.csv.gz","8145"
"D:\胡溪筼\Documents\2026-7Fall\Carolina Data Challenge 2026\Graduate_Dataset\all_sources\028_FDX\fin17a.17a1.d.3.csv.gz","8164"
"D:\胡溪筼\Documents\2026-7Fall\Carolina Data Challenge 2026\Graduate_Dataset\all_sources\028_FDX\fin17a.17a1.d.4.csv.gz","8175"
"D:\胡溪筼\Documents\2026-7Fall\Carolina Data Challenge 2026\Graduate_Dataset\all_sources\028_FDX\fin17a.17a1.d.5.csv.gz","8165"
"D:\胡溪筼\Documents\2026-7Fall\Carolina Data Challenge 2026\Graduate_Dataset\all_sources\028_FDX\fin17a.17a1.d.6.csv.gz","8152"
"D:\胡溪筼\Documents\2026-7Fall\Carolina Data Challenge 2026\Graduate_Dataset\all_sources\028_FDX\fin17a.17a1.d.7.csv.gz","8092"
"D:\胡溪筼\Documents\2026-7Fall\Carolina Data Challenge 2026\Graduate_Dataset\all_sources\028_FDX\fin17a.17a1.d.8.csv.gz","8021"
"D:\胡溪筼\Documents\2026-7Fall\Carolina Data Challenge 2026\Graduate_Dataset\all_sources\028_FDX\fin17a.17a1.d.9.csv.gz","2222"
"D:\胡溪筼\Documents\2026-7Fall\Carolina Data Challenge 2026\Graduate_Dataset\all_sources\028_FDX\fin17a.17a1.d.csv.gz","10628"
"D:\胡溪筼\Documents\2026-7Fall\Carolina Data Challenge 2026\Graduate_Dataset\all_sources\028_FDX\fin17a.2.csv.gz","7522"
"D:\胡溪筼\Documents\2026-7Fall\Carolina Data Challenge 2026\Graduate_Dataset\all_sources\028_FDX\fin17a.3.csv.gz","7556"
"D:\胡溪筼\Documents\2026-7Fall\Carolina Data Challenge 2026\Graduate_Dataset\all_sources\028_FDX\fin17a.4.csv.gz","7514"
"D:\胡溪筼\Documents\2026-7Fall\Carolina Data Challenge 2026\Graduate_Dataset\all_sources\028_FDX\fin17a.5.csv.gz","7525"
"D:\胡溪筼\Documents\2026-7Fall\Carolina Data Challenge 2026\Graduate_Dataset\all_sources\028_FDX\fin17a.6.csv.gz","7515"
"D:\胡溪筼\Documents\2026-7Fall\Carolina Data Challenge 2026\Graduate_Dataset\all_sources\028_FDX\fin17a.7.csv.gz","7415"
"D:\胡溪筼\Documents\2026-7Fall\Carolina Data Challenge 2026\Graduate_Dataset\all_sources\028_FDX\fin17a.8.csv.gz","7374"
"D:\胡溪筼\Documents\2026-7Fall\Carolina Data Challenge 2026\Graduate_Dataset\all_sources\028_FDX\fin17a.9.csv.gz","1732"
"D:\胡溪筼\Documents\2026-7Fall\Carolina Data Challenge 2026\Graduate_Dataset\all_sources\028_FDX\fin17a.csv.gz","10704"
"D:\胡溪筼\Documents\2026-7Fall\Carolina Data Challenge 2026\Graduate_Dataset\all_sources\028_FDX\fin17b.1.csv.gz","1452"
"D:\胡溪筼\Documents\2026-7Fall\Carolina Data Challenge 2026\Graduate_Dataset\all_sources\028_FDX\fin17b.10.csv.gz","1146"
"D:\胡溪筼\Documents\2026-7Fall\Carolina Data Challenge 2026\Graduate_Dataset\all_sources\028_FDX\fin17b.11.csv.gz","1450"
"D:\胡溪筼\Documents\2026-7Fall\Carolina Data Challenge 2026\Graduate_Dataset\all_sources\028_FDX\fin17b.12.csv.gz","1456"
"D:\胡溪筼\Documents\2026-7Fall\Carolina Data Challenge 2026\Graduate_Dataset\all_sources\028_FDX\fin17b.2.csv.gz","1447"
"D:\胡溪筼\Documents\2026-7Fall\Carolina Data Challenge 2026\Graduate_Dataset\all_sources\028_FDX\fin17b.3.csv.gz","1460"
"D:\胡溪筼\Documents\2026-7Fall\Carolina Data Challenge 2026\Graduate_Dataset\all_sources\028_FDX\fin17b.4.csv.gz","1458"
"D:\胡溪筼\Documents\2026-7Fall\Carolina Data Challenge 2026\Graduate_Dataset\all_sources\028_FDX\fin17b.5.csv.gz","1456"
"D:\胡溪筼\Documents\2026-7Fall\Carolina Data Challenge 2026\Graduate_Dataset\all_sources\028_FDX\fin17b.6.csv.gz","1452"
"D:\胡溪筼\Documents\2026-7Fall\Carolina Data Challenge 2026\Graduate_Dataset\all_sources\028_FDX\fin17b.7.csv.gz","1449"
"D:\胡溪筼\Documents\2026-7Fall\Carolina Data Challenge 2026\Graduate_Dataset\all_sources\028_FDX\fin17b.8.csv.gz","1434"
"D:\胡溪筼\Documents\2026-7Fall\Carolina Data Challenge 2026\Graduate_Dataset\all_sources\028_FDX\fin17b.9.csv.gz","1152"
"D:\胡溪筼\Documents\2026-7Fall\Carolina Data Challenge 2026\Graduate_Dataset\all_sources\028_FDX\fin17b.csv.gz","3325"
"D:\胡溪筼\Documents\2026-7Fall\Carolina Data Challenge 2026\Graduate_Dataset\all_sources\028_FDX\fin17c.1.csv.gz","3717"
"D:\胡溪筼\Documents\2026-7Fall\Carolina Data Challenge 2026\Graduate_Dataset\all_sources\028_FDX\fin17c.10.csv.gz","1363"
"D:\胡溪筼\Documents\2026-7Fall\Carolina Data Challenge 2026\Graduate_Dataset\all_sources\028_FDX\fin17c.11.csv.gz","3679"
"D:\胡溪筼\Documents\2026-7Fall\Carolina Data Challenge 2026\Graduate_Dataset\all_sources\028_FDX\fin17c.12.csv.gz","3685"
"D:\胡溪筼\Documents\2026-7Fall\Carolina Data Challenge 2026\Graduate_Dataset\all_sources\028_FDX\fin17c.2.csv.gz","3699"
"D:\胡溪筼\Documents\2026-7Fall\Carolina Data Challenge 2026\Graduate_Dataset\all_sources\028_FDX\fin17c.3.csv.gz","3707"
"D:\胡溪筼\Documents\2026-7Fall\Carolina Data Challenge 2026\Graduate_Dataset\all_sources\028_FDX\fin17c.4.csv.gz","3688"
"D:\胡溪筼\Documents\2026-7Fall\Carolina Data Challenge 2026\Graduate_Dataset\all_sources\028_FDX\fin17c.5.csv.gz","3718"
"D:\胡溪筼\Documents\2026-7Fall\Carolina Data Challenge 2026\Graduate_Dataset\all_sources\028_FDX\fin17c.6.csv.gz","3680"
"D:\胡溪筼\Documents\2026-7Fall\Carolina Data Challenge 2026\Graduate_Dataset\all_sources\028_FDX\fin17c.7.csv.gz","3659"
"D:\胡溪筼\Documents\2026-7Fall\Carolina Data Challenge 2026\Graduate_Dataset\all_sources\028_FDX\fin17c.8.csv.gz","3649"
"D:\胡溪筼\Documents\2026-7Fall\Carolina Data Challenge 2026\Graduate_Dataset\all_sources\028_FDX\fin17c.9.csv.gz","1374"
"D:\胡溪筼\Documents\2026-7Fall\Carolina Data Challenge 2026\Graduate_Dataset\all_sources\028_FDX\fin17c.csv.gz","7889"
"D:\胡溪筼\Documents\2026-7Fall\Carolina Data Challenge 2026\Graduate_Dataset\all_sources\028_FDX\fin17dlm.1.csv.gz","998"
"D:\胡溪筼\Documents\2026-7Fall\Carolina Data Challenge 2026\Graduate_Dataset\all_sources\028_FDX\fin17dlm.10.csv.gz","995"
"D:\胡溪筼\Documents\2026-7Fall\Carolina Data Challenge 2026\Graduate_Dataset\all_sources\028_FDX\fin17dlm.11.csv.gz","1000"
"D:\胡溪筼\Documents\2026-7Fall\Carolina Data Challenge 2026\Graduate_Dataset\all_sources\028_FDX\fin17dlm.12.csv.gz","982"
"D:\胡溪筼\Documents\2026-7Fall\Carolina Data Challenge 2026\Graduate_Dataset\all_sources\028_FDX\fin17dlm.2.csv.gz","988"
"D:\胡溪筼\Documents\2026-7Fall\Carolina Data Challenge 2026\Graduate_Dataset\all_sources\028_FDX\fin17dlm.3.csv.gz","988"
"D:\胡溪筼\Documents\2026-7Fall\Carolina Data Challenge 2026\Graduate_Dataset\all_sources\028_FDX\fin17dlm.4.csv.gz","993"
"D:\胡溪筼\Documents\2026-7Fall\Carolina Data Challenge 2026\Graduate_Dataset\all_sources\028_FDX\fin17dlm.5.csv.gz","1005"
"D:\胡溪筼\Documents\2026-7Fall\Carolina Data Challenge 2026\Graduate_Dataset\all_sources\028_FDX\fin17dlm.6.csv.gz","999"
"D:\胡溪筼\Documents\2026-7Fall\Carolina Data Challenge 2026\Graduate_Dataset\all_sources\028_FDX\fin17dlm.7.csv.gz","1004"
"D:\胡溪筼\Documents\2026-7Fall\Carolina Data Challenge 2026\Graduate_Dataset\all_sources\028_FDX\fin17dlm.8.csv.gz","987"
"D:\胡溪筼\Documents\2026-7Fall\Carolina Data Challenge 2026\Graduate_Dataset\all_sources\028_FDX\fin17dlm.9.csv.gz","993"
"D:\胡溪筼\Documents\2026-7Fall\Carolina Data Challenge 2026\Graduate_Dataset\all_sources\028_FDX\fin17dlm.csv.gz","2194"
"D:\胡溪筼\Documents\2026-7Fall\Carolina Data Challenge 2026\Graduate_Dataset\all_sources\028_FDX\fin17dlm.s.csv.gz","1008"
"D:\胡溪筼\Documents\2026-7Fall\Carolina Data Challenge 2026\Graduate_Dataset\all_sources\028_FDX\fin17dm.1.csv.gz","1335"
"D:\胡溪筼\Documents\2026-7Fall\Carolina Data Challenge 2026\Graduate_Dataset\all_sources\028_FDX\fin17dm.10.csv.gz","1306"
"D:\胡溪筼\Documents\2026-7Fall\Carolina Data Challenge 2026\Graduate_Dataset\all_sources\028_FDX\fin17dm.11.csv.gz","1340"
"D:\胡溪筼\Documents\2026-7Fall\Carolina Data Challenge 2026\Graduate_Dataset\all_sources\028_FDX\fin17dm.12.csv.gz","1339"
"D:\胡溪筼\Documents\2026-7Fall\Carolina Data Challenge 2026\Graduate_Dataset\all_sources\028_FDX\fin17dm.2.csv.gz","1323"
"D:\胡溪筼\Documents\2026-7Fall\Carolina Data Challenge 2026\Graduate_Dataset\all_sources\028_FDX\fin17dm.3.csv.gz","1331"
"D:\胡溪筼\Documents\2026-7Fall\Carolina Data Challenge 2026\Graduate_Dataset\all_sources\028_FDX\fin17dm.4.csv.gz","1328"
"D:\胡溪筼\Documents\2026-7Fall\Carolina Data Challenge 2026\Graduate_Dataset\all_sources\028_FDX\fin17dm.5.csv.gz","1336"
"D:\胡溪筼\Documents\2026-7Fall\Carolina Data Challenge 2026\Graduate_Dataset\all_sources\028_FDX\fin17dm.6.csv.gz","1329"
"D:\胡溪筼\Documents\2026-7Fall\Carolina Data Challenge 2026\Graduate_Dataset\all_sources\028_FDX\fin17dm.7.csv.gz","1319"
"D:\胡溪筼\Documents\2026-7Fall\Carolina Data Challenge 2026\Graduate_Dataset\all_sources\028_FDX\fin17dm.8.csv.gz","1301"
"D:\胡溪筼\Documents\2026-7Fall\Carolina Data Challenge 2026\Graduate_Dataset\all_sources\028_FDX\fin17dm.9.csv.gz","1337"
"D:\胡溪筼\Documents\2026-7Fall\Carolina Data Challenge 2026\Graduate_Dataset\all_sources\028_FDX\fin17dm.csv.gz","2212"
"D:\胡溪筼\Documents\2026-7Fall\Carolina Data Challenge 2026\Graduate_Dataset\all_sources\028_FDX\fin17dm.s.csv.gz","1323"
"D:\胡溪筼\Documents\2026-7Fall\Carolina Data Challenge 2026\Graduate_Dataset\all_sources\028_FDX\fin17dw.1.csv.gz","233"
"D:\胡溪筼\Documents\2026-7Fall\Carolina Data Challenge 2026\Graduate_Dataset\all_sources\028_FDX\fin17dw.10.csv.gz","235"
"D:\胡溪筼\Documents\2026-7Fall\Carolina Data Challenge 2026\Graduate_Dataset\all_sources\028_FDX\fin17dw.11.csv.gz","236"
"D:\胡溪筼\Documents\2026-7Fall\Carolina Data Challenge 2026\Graduate_Dataset\all_sources\028_FDX\fin17dw.12.csv.gz","236"
"D:\胡溪筼\Documents\2026-7Fall\Carolina Data Challenge 2026\Graduate_Dataset\all_sources\028_FDX\fin17dw.2.csv.gz","234"
"D:\胡溪筼\Documents\2026-7Fall\Carolina Data Challenge 2026\Graduate_Dataset\all_sources\028_FDX\fin17dw.3.csv.gz","233"
"D:\胡溪筼\Documents\2026-7Fall\Carolina Data Challenge 2026\Graduate_Dataset\all_sources\028_FDX\fin17dw.4.csv.gz","236"
"D:\胡溪筼\Documents\2026-7Fall\Carolina Data Challenge 2026\Graduate_Dataset\all_sources\028_FDX\fin17dw.5.csv.gz","236"
"D:\胡溪筼\Documents\2026-7Fall\Carolina Data Challenge 2026\Graduate_Dataset\all_sources\028_FDX\fin17dw.6.csv.gz","234"
"D:\胡溪筼\Documents\2026-7Fall\Carolina Data Challenge 2026\Graduate_Dataset\all_sources\028_FDX\fin17dw.7.csv.gz","236"
"D:\胡溪筼\Documents\2026-7Fall\Carolina Data Challenge 2026\Graduate_Dataset\all_sources\028_FDX\fin17dw.8.csv.gz","233"
"D:\胡溪筼\Documents\2026-7Fall\Carolina Data Challenge 2026\Graduate_Dataset\all_sources\028_FDX\fin17dw.9.csv.gz","233"
"D:\胡溪筼\Documents\2026-7Fall\Carolina Data Challenge 2026\Graduate_Dataset\all_sources\028_FDX\fin17dw.csv.gz","2212"
"D:\胡溪筼\Documents\2026-7Fall\Carolina Data Challenge 2026\Graduate_Dataset\all_sources\028_FDX\fin17e.1.csv.gz","807"
"D:\胡溪筼\Documents\2026-7Fall\Carolina Data Challenge 2026\Graduate_Dataset\all_sources\028_FDX\fin17e.10.csv.gz","797"
"D:\胡溪筼\Documents\2026-7Fall\Carolina Data Challenge 2026\Graduate_Dataset\all_sources\028_FDX\fin17e.11.csv.gz","791"
"D:\胡溪筼\Documents\2026-7Fall\Carolina Data Challenge 2026\Graduate_Dataset\all_sources\028_FDX\fin17e.12.csv.gz","780"
"D:\胡溪筼\Documents\2026-7Fall\Carolina Data Challenge 2026\Graduate_Dataset\all_sources\028_FDX\fin17e.2.csv.gz","803"
"D:\胡溪筼\Documents\2026-7Fall\Carolina Data Challenge 2026\Graduate_Dataset\all_sources\028_FDX\fin17e.3.csv.gz","807"
"D:\胡溪筼\Documents\2026-7Fall\Carolina Data Challenge 2026\Graduate_Dataset\all_sources\028_FDX\fin17e.4.csv.gz","798"
"D:\胡溪筼\Documents\2026-7Fall\Carolina Data Challenge 2026\Graduate_Dataset\all_sources\028_FDX\fin17e.5.csv.gz","810"
"D:\胡溪筼\Documents\2026-7Fall\Carolina Data Challenge 2026\Graduate_Dataset\all_sources\028_FDX\fin17e.6.csv.gz","804"
"D:\胡溪筼\Documents\2026-7Fall\Carolina Data Challenge 2026\Graduate_Dataset\all_sources\028_FDX\fin17e.7.csv.gz","804"
"D:\胡溪筼\Documents\2026-7Fall\Carolina Data Challenge 2026\Graduate_Dataset\all_sources\028_FDX\fin17e.8.csv.gz","801"
"D:\胡溪筼\Documents\2026-7Fall\Carolina Data Challenge 2026\Graduate_Dataset\all_sources\028_FDX\fin17e.9.csv.gz","802"
"D:\胡溪筼\Documents\2026-7Fall\Carolina Data Challenge 2026\Graduate_Dataset\all_sources\028_FDX\fin17e.csv.gz","2365"
"D:\胡溪筼\Documents\2026-7Fall\Carolina Data Challenge 2026\Graduate_Dataset\all_sources\028_FDX\fin17f.1.csv.gz","750"
"D:\胡溪筼\Documents\2026-7Fall\Carolina Data Challenge 2026\Graduate_Dataset\all_sources\028_FDX\fin17f.10.csv.gz","756"
"D:\胡溪筼\Documents\2026-7Fall\Carolina Data Challenge 2026\Graduate_Dataset\all_sources\028_FDX\fin17f.11.csv.gz","736"
"D:\胡溪筼\Documents\2026-7Fall\Carolina Data Challenge 2026\Graduate_Dataset\all_sources\028_FDX\fin17f.12.csv.gz","738"
"D:\胡溪筼\Documents\2026-7Fall\Carolina Data Challenge 2026\Graduate_Dataset\all_sources\028_FDX\fin17f.2.csv.gz","749"
"D:\胡溪筼\Documents\2026-7Fall\Carolina Data Challenge 2026\Graduate_Dataset\all_sources\028_FDX\fin17f.3.csv.gz","738"
"D:\胡溪筼\Documents\2026-7Fall\Carolina Data Challenge 2026\Graduate_Dataset\all_sources\028_FDX\fin17f.4.csv.gz","748"
"D:\胡溪筼\Documents\2026-7Fall\Carolina Data Challenge 2026\Graduate_Dataset\all_sources\028_FDX\fin17f.5.csv.gz","756"
"D:\胡溪筼\Documents\2026-7Fall\Carolina Data Challenge 2026\Graduate_Dataset\all_sources\028_FDX\fin17f.6.csv.gz","741"
"D:\胡溪筼\Documents\2026-7Fall\Carolina Data Challenge 2026\Graduate_Dataset\all_sources\028_FDX\fin17f.7.csv.gz","757"
"D:\胡溪筼\Documents\2026-7Fall\Carolina Data Challenge 2026\Graduate_Dataset\all_sources\028_FDX\fin17f.8.csv.gz","755"
"D:\胡溪筼\Documents\2026-7Fall\Carolina Data Challenge 2026\Graduate_Dataset\all_sources\028_FDX\fin17f.9.csv.gz","749"
"D:\胡溪筼\Documents\2026-7Fall\Carolina Data Challenge 2026\Graduate_Dataset\all_sources\028_FDX\fin17f.csv.gz","2367"
"D:\胡溪筼\Documents\2026-7Fall\Carolina Data Challenge 2026\Graduate_Dataset\all_sources\028_FDX\fin19.1.csv.gz","1458"
"D:\胡溪筼\Documents\2026-7Fall\Carolina Data Challenge 2026\Graduate_Dataset\all_sources\028_FDX\fin19.10.csv.gz","1447"
"D:\胡溪筼\Documents\2026-7Fall\Carolina Data Challenge 2026\Graduate_Dataset\all_sources\028_FDX\fin19.11.csv.gz","1442"
"D:\胡溪筼\Documents\2026-7Fall\Carolina Data Challenge 2026\Graduate_Dataset\all_sources\028_FDX\fin19.12.csv.gz","1449"
"D:\胡溪筼\Documents\2026-7Fall\Carolina Data Challenge 2026\Graduate_Dataset\all_sources\028_FDX\fin19.2.csv.gz","1466"
"D:\胡溪筼\Documents\2026-7Fall\Carolina Data Challenge 2026\Graduate_Dataset\all_sources\028_FDX\fin19.3.csv.gz","1471"
"D:\胡溪筼\Documents\2026-7Fall\Carolina Data Challenge 2026\Graduate_Dataset\all_sources\028_FDX\fin19.4.csv.gz","1451"
"D:\胡溪筼\Documents\2026-7Fall\Carolina Data Challenge 2026\Graduate_Dataset\all_sources\028_FDX\fin19.5.csv.gz","1474"
"D:\胡溪筼\Documents\2026-7Fall\Carolina Data Challenge 2026\Graduate_Dataset\all_sources\028_FDX\fin19.6.csv.gz","1459"
"D:\胡溪筼\Documents\2026-7Fall\Carolina Data Challenge 2026\Graduate_Dataset\all_sources\028_FDX\fin19.7.csv.gz","1446"
"D:\胡溪筼\Documents\2026-7Fall\Carolina Data Challenge 2026\Graduate_Dataset\all_sources\028_FDX\fin19.8.csv.gz","1435"
"D:\胡溪筼\Documents\2026-7Fall\Carolina Data Challenge 2026\Graduate_Dataset\all_sources\028_FDX\fin19.9.csv.gz","1458"
"D:\胡溪筼\Documents\2026-7Fall\Carolina Data Challenge 2026\Graduate_Dataset\all_sources\028_FDX\fin19.csv.gz","2364"
"D:\胡溪筼\Documents\2026-7Fall\Carolina Data Challenge 2026\Graduate_Dataset\all_sources\028_FDX\fin2.t.d.1.csv.gz","9249"
"D:\胡溪筼\Documents\2026-7Fall\Carolina Data Challenge 2026\Graduate_Dataset\all_sources\028_FDX\fin2.t.d.10.csv.gz","2863"
"D:\胡溪筼\Documents\2026-7Fall\Carolina Data Challenge 2026\Graduate_Dataset\all_sources\028_FDX\fin2.t.d.11.csv.gz","9162"
"D:\胡溪筼\Documents\2026-7Fall\Carolina Data Challenge 2026\Graduate_Dataset\all_sources\028_FDX\fin2.t.d.12.csv.gz","9157"
"D:\胡溪筼\Documents\2026-7Fall\Carolina Data Challenge 2026\Graduate_Dataset\all_sources\028_FDX\fin2.t.d.2.csv.gz","9240"
"D:\胡溪筼\Documents\2026-7Fall\Carolina Data Challenge 2026\Graduate_Dataset\all_sources\028_FDX\fin2.t.d.3.csv.gz","9250"
"D:\胡溪筼\Documents\2026-7Fall\Carolina Data Challenge 2026\Graduate_Dataset\all_sources\028_FDX\fin2.t.d.4.csv.gz","9285"
"D:\胡溪筼\Documents\2026-7Fall\Carolina Data Challenge 2026\Graduate_Dataset\all_sources\028_FDX\fin2.t.d.5.csv.gz","9282"
"D:\胡溪筼\Documents\2026-7Fall\Carolina Data Challenge 2026\Graduate_Dataset\all_sources\028_FDX\fin2.t.d.6.csv.gz","9263"
"D:\胡溪筼\Documents\2026-7Fall\Carolina Data Challenge 2026\Graduate_Dataset\all_sources\028_FDX\fin2.t.d.7.csv.gz","9211"
"D:\胡溪筼\Documents\2026-7Fall\Carolina Data Challenge 2026\Graduate_Dataset\all_sources\028_FDX\fin2.t.d.8.csv.gz","9181"
"D:\胡溪筼\Documents\2026-7Fall\Carolina Data Challenge 2026\Graduate_Dataset\all_sources\028_FDX\fin2.t.d.9.csv.gz","2818"
"D:\胡溪筼\Documents\2026-7Fall\Carolina Data Challenge 2026\Graduate_Dataset\all_sources\028_FDX\fin2.t.d.csv.gz","11256"
"D:\胡溪筼\Documents\2026-7Fall\Carolina Data Challenge 2026\Graduate_Dataset\all_sources\028_FDX\fin20.1.csv.gz","974"
"D:\胡溪筼\Documents\2026-7Fall\Carolina Data Challenge 2026\Graduate_Dataset\all_sources\028_FDX\fin20.10.csv.gz","954"
"D:\胡溪筼\Documents\2026-7Fall\Carolina Data Challenge 2026\Graduate_Dataset\all_sources\028_FDX\fin20.11.csv.gz","965"
"D:\胡溪筼\Documents\2026-7Fall\Carolina Data Challenge 2026\Graduate_Dataset\all_sources\028_FDX\fin20.12.csv.gz","958"
"D:\胡溪筼\Documents\2026-7Fall\Carolina Data Challenge 2026\Graduate_Dataset\all_sources\028_FDX\fin20.2.csv.gz","969"
"D:\胡溪筼\Documents\2026-7Fall\Carolina Data Challenge 2026\Graduate_Dataset\all_sources\028_FDX\fin20.3.csv.gz","971"
"D:\胡溪筼\Documents\2026-7Fall\Carolina Data Challenge 2026\Graduate_Dataset\all_sources\028_FDX\fin20.4.csv.gz","965"
"D:\胡溪筼\Documents\2026-7Fall\Carolina Data Challenge 2026\Graduate_Dataset\all_sources\028_FDX\fin20.5.csv.gz","982"
"D:\胡溪筼\Documents\2026-7Fall\Carolina Data Challenge 2026\Graduate_Dataset\all_sources\028_FDX\fin20.6.csv.gz","973"
"D:\胡溪筼\Documents\2026-7Fall\Carolina Data Challenge 2026\Graduate_Dataset\all_sources\028_FDX\fin20.7.csv.gz","959"
"D:\胡溪筼\Documents\2026-7Fall\Carolina Data Challenge 2026\Graduate_Dataset\all_sources\028_FDX\fin20.8.csv.gz","950"
"D:\胡溪筼\Documents\2026-7Fall\Carolina Data Challenge 2026\Graduate_Dataset\all_sources\028_FDX\fin20.9.csv.gz","982"
"D:\胡溪筼\Documents\2026-7Fall\Carolina Data Challenge 2026\Graduate_Dataset\all_sources\028_FDX\fin20.csv.gz","2380"
"D:\胡溪筼\Documents\2026-7Fall\Carolina Data Challenge 2026\Graduate_Dataset\all_sources\028_FDX\fin21.1.csv.gz","492"
"D:\胡溪筼\Documents\2026-7Fall\Carolina Data Challenge 2026\Graduate_Dataset\all_sources\028_FDX\fin21.10.csv.gz","476"
"D:\胡溪筼\Documents\2026-7Fall\Carolina Data Challenge 2026\Graduate_Dataset\all_sources\028_FDX\fin21.11.csv.gz","485"
"D:\胡溪筼\Documents\2026-7Fall\Carolina Data Challenge 2026\Graduate_Dataset\all_sources\028_FDX\fin21.12.csv.gz","483"
"D:\胡溪筼\Documents\2026-7Fall\Carolina Data Challenge 2026\Graduate_Dataset\all_sources\028_FDX\fin21.2.csv.gz","494"
"D:\胡溪筼\Documents\2026-7Fall\Carolina Data Challenge 2026\Graduate_Dataset\all_sources\028_FDX\fin21.3.csv.gz","496"
"D:\胡溪筼\Documents\2026-7Fall\Carolina Data Challenge 2026\Graduate_Dataset\all_sources\028_FDX\fin21.4.csv.gz","496"
"D:\胡溪筼\Documents\2026-7Fall\Carolina Data Challenge 2026\Graduate_Dataset\all_sources\028_FDX\fin21.5.csv.gz","501"
"D:\胡溪筼\Documents\2026-7Fall\Carolina Data Challenge 2026\Graduate_Dataset\all_sources\028_FDX\fin21.6.csv.gz","494"
"D:\胡溪筼\Documents\2026-7Fall\Carolina Data Challenge 2026\Graduate_Dataset\all_sources\028_FDX\fin21.7.csv.gz","480"
"D:\胡溪筼\Documents\2026-7Fall\Carolina Data Challenge 2026\Graduate_Dataset\all_sources\028_FDX\fin21.8.csv.gz","474"
"D:\胡溪筼\Documents\2026-7Fall\Carolina Data Challenge 2026\Graduate_Dataset\all_sources\028_FDX\fin21.9.csv.gz","500"
"D:\胡溪筼\Documents\2026-7Fall\Carolina Data Challenge 2026\Graduate_Dataset\all_sources\028_FDX\fin21.csv.gz","2374"
"D:\胡溪筼\Documents\2026-7Fall\Carolina Data Challenge 2026\Graduate_Dataset\all_sources\028_FDX\fin22a.1.csv.gz","6257"
"D:\胡溪筼\Documents\2026-7Fall\Carolina Data Challenge 2026\Graduate_Dataset\all_sources\028_FDX\fin22a.10.csv.gz","1477"
"D:\胡溪筼\Documents\2026-7Fall\Carolina Data Challenge 2026\Graduate_Dataset\all_sources\028_FDX\fin22a.11.csv.gz","6173"
"D:\胡溪筼\Documents\2026-7Fall\Carolina Data Challenge 2026\Graduate_Dataset\all_sources\028_FDX\fin22a.12.csv.gz","6200"
"D:\胡溪筼\Documents\2026-7Fall\Carolina Data Challenge 2026\Graduate_Dataset\all_sources\028_FDX\fin22a.2.csv.gz","6213"
"D:\胡溪筼\Documents\2026-7Fall\Carolina Data Challenge 2026\Graduate_Dataset\all_sources\028_FDX\fin22a.22a1.22g.d.1.csv.gz","6746"
"D:\胡溪筼\Documents\2026-7Fall\Carolina Data Challenge 2026\Graduate_Dataset\all_sources\028_FDX\fin22a.22a1.22g.d.10.csv.gz","1831"
"D:\胡溪筼\Documents\2026-7Fall\Carolina Data Challenge 2026\Graduate_Dataset\all_sources\028_FDX\fin22a.22a1.22g.d.11.csv.gz","6656"
"D:\胡溪筼\Documents\2026-7Fall\Carolina Data Challenge 2026\Graduate_Dataset\all_sources\028_FDX\fin22a.22a1.22g.d.12.csv.gz","6674"
"D:\胡溪筼\Documents\2026-7Fall\Carolina Data Challenge 2026\Graduate_Dataset\all_sources\028_FDX\fin22a.22a1.22g.d.2.csv.gz","6707"
"D:\胡溪筼\Documents\2026-7Fall\Carolina Data Challenge 2026\Graduate_Dataset\all_sources\028_FDX\fin22a.22a1.22g.d.3.csv.gz","6706"
"D:\胡溪筼\Documents\2026-7Fall\Carolina Data Challenge 2026\Graduate_Dataset\all_sources\028_FDX\fin22a.22a1.22g.d.4.csv.gz","6732"
"D:\胡溪筼\Documents\2026-7Fall\Carolina Data Challenge 2026\Graduate_Dataset\all_sources\028_FDX\fin22a.22a1.22g.d.5.csv.gz","6698"
"D:\胡溪筼\Documents\2026-7Fall\Carolina Data Challenge 2026\Graduate_Dataset\all_sources\028_FDX\fin22a.22a1.22g.d.6.csv.gz","6729"
"D:\胡溪筼\Documents\2026-7Fall\Carolina Data Challenge 2026\Graduate_Dataset\all_sources\028_FDX\fin22a.22a1.22g.d.7.csv.gz","6702"
"D:\胡溪筼\Documents\2026-7Fall\Carolina Data Challenge 2026\Graduate_Dataset\all_sources\028_FDX\fin22a.22a1.22g.d.8.csv.gz","6692"
"D:\胡溪筼\Documents\2026-7Fall\Carolina Data Challenge 2026\Graduate_Dataset\all_sources\028_FDX\fin22a.22a1.22g.d.9.csv.gz","1849"
"D:\胡溪筼\Documents\2026-7Fall\Carolina Data Challenge 2026\Graduate_Dataset\all_sources\028_FDX\fin22a.22a1.22g.d.csv.gz","8685"
"D:\胡溪筼\Documents\2026-7Fall\Carolina Data Challenge 2026\Graduate_Dataset\all_sources\028_FDX\fin22a.3.csv.gz","6216"
"D:\胡溪筼\Documents\2026-7Fall\Carolina Data Challenge 2026\Graduate_Dataset\all_sources\028_FDX\fin22a.4.csv.gz","6220"
"D:\胡溪筼\Documents\2026-7Fall\Carolina Data Challenge 2026\Graduate_Dataset\all_sources\028_FDX\fin22a.5.csv.gz","6187"
"D:\胡溪筼\Documents\2026-7Fall\Carolina Data Challenge 2026\Graduate_Dataset\all_sources\028_FDX\fin22a.6.csv.gz","6212"
"D:\胡溪筼\Documents\2026-7Fall\Carolina Data Challenge 2026\Graduate_Dataset\all_sources\028_FDX\fin22a.7.csv.gz","6237"
"D:\胡溪筼\Documents\2026-7Fall\Carolina Data Challenge 2026\Graduate_Dataset\all_sources\028_FDX\fin22a.8.csv.gz","6229"
"D:\胡溪筼\Documents\2026-7Fall\Carolina Data Challenge 2026\Graduate_Dataset\all_sources\028_FDX\fin22a.9.csv.gz","1494"
"D:\胡溪筼\Documents\2026-7Fall\Carolina Data Challenge 2026\Graduate_Dataset\all_sources\028_FDX\fin22a.csv.gz","8688"
"D:\胡溪筼\Documents\2026-7Fall\Carolina Data Challenge 2026\Graduate_Dataset\all_sources\028_FDX\fin22a_1.1.csv.gz","389"
"D:\胡溪筼\Documents\2026-7Fall\Carolina Data Challenge 2026\Graduate_Dataset\all_sources\028_FDX\fin22a_1.10.csv.gz","297"
"D:\胡溪筼\Documents\2026-7Fall\Carolina Data Challenge 2026\Graduate_Dataset\all_sources\028_FDX\fin22a_1.11.csv.gz","392"
"D:\胡溪筼\Documents\2026-7Fall\Carolina Data Challenge 2026\Graduate_Dataset\all_sources\028_FDX\fin22a_1.12.csv.gz","391"
"D:\胡溪筼\Documents\2026-7Fall\Carolina Data Challenge 2026\Graduate_Dataset\all_sources\028_FDX\fin22a_1.2.csv.gz","390"
"D:\胡溪筼\Documents\2026-7Fall\Carolina Data Challenge 2026\Graduate_Dataset\all_sources\028_FDX\fin22a_1.3.csv.gz","390"
"D:\胡溪筼\Documents\2026-7Fall\Carolina Data Challenge 2026\Graduate_Dataset\all_sources\028_FDX\fin22a_1.4.csv.gz","387"
"D:\胡溪筼\Documents\2026-7Fall\Carolina Data Challenge 2026\Graduate_Dataset\all_sources\028_FDX\fin22a_1.5.csv.gz","394"
"D:\胡溪筼\Documents\2026-7Fall\Carolina Data Challenge 2026\Graduate_Dataset\all_sources\028_FDX\fin22a_1.6.csv.gz","388"
"D:\胡溪筼\Documents\2026-7Fall\Carolina Data Challenge 2026\Graduate_Dataset\all_sources\028_FDX\fin22a_1.7.csv.gz","370"
"D:\胡溪筼\Documents\2026-7Fall\Carolina Data Challenge 2026\Graduate_Dataset\all_sources\028_FDX\fin22a_1.8.csv.gz","372"
"D:\胡溪筼\Documents\2026-7Fall\Carolina Data Challenge 2026\Graduate_Dataset\all_sources\028_FDX\fin22a_1.9.csv.gz","316"
"D:\胡溪筼\Documents\2026-7Fall\Carolina Data Challenge 2026\Graduate_Dataset\all_sources\028_FDX\fin22a_1.csv.gz","3231"
"D:\胡溪筼\Documents\2026-7Fall\Carolina Data Challenge 2026\Graduate_Dataset\all_sources\028_FDX\fin22b.1.csv.gz","8101"
"D:\胡溪筼\Documents\2026-7Fall\Carolina Data Challenge 2026\Graduate_Dataset\all_sources\028_FDX\fin22b.10.csv.gz","2356"
"D:\胡溪筼\Documents\2026-7Fall\Carolina Data Challenge 2026\Graduate_Dataset\all_sources\028_FDX\fin22b.11.csv.gz","8034"
"D:\胡溪筼\Documents\2026-7Fall\Carolina Data Challenge 2026\Graduate_Dataset\all_sources\028_FDX\fin22b.12.csv.gz","8075"
"D:\胡溪筼\Documents\2026-7Fall\Carolina Data Challenge 2026\Graduate_Dataset\all_sources\028_FDX\fin22b.2.csv.gz","8096"
"D:\胡溪筼\Documents\2026-7Fall\Carolina Data Challenge 2026\Graduate_Dataset\all_sources\028_FDX\fin22b.3.csv.gz","8112"
"D:\胡溪筼\Documents\2026-7Fall\Carolina Data Challenge 2026\Graduate_Dataset\all_sources\028_FDX\fin22b.4.csv.gz","8126"
"D:\胡溪筼\Documents\2026-7Fall\Carolina Data Challenge 2026\Graduate_Dataset\all_sources\028_FDX\fin22b.5.csv.gz","8109"
"D:\胡溪筼\Documents\2026-7Fall\Carolina Data Challenge 2026\Graduate_Dataset\all_sources\028_FDX\fin22b.6.csv.gz","8117"
"D:\胡溪筼\Documents\2026-7Fall\Carolina Data Challenge 2026\Graduate_Dataset\all_sources\028_FDX\fin22b.7.csv.gz","8077"
"D:\胡溪筼\Documents\2026-7Fall\Carolina Data Challenge 2026\Graduate_Dataset\all_sources\028_FDX\fin22b.8.csv.gz","8093"
"D:\胡溪筼\Documents\2026-7Fall\Carolina Data Challenge 2026\Graduate_Dataset\all_sources\028_FDX\fin22b.9.csv.gz","2370"
"D:\胡溪筼\Documents\2026-7Fall\Carolina Data Challenge 2026\Graduate_Dataset\all_sources\028_FDX\fin22b.csv.gz","8582"
"D:\胡溪筼\Documents\2026-7Fall\Carolina Data Challenge 2026\Graduate_Dataset\all_sources\028_FDX\fin22c.1.csv.gz","1024"
"D:\胡溪筼\Documents\2026-7Fall\Carolina Data Challenge 2026\Graduate_Dataset\all_sources\028_FDX\fin22c.10.csv.gz","609"
"D:\胡溪筼\Documents\2026-7Fall\Carolina Data Challenge 2026\Graduate_Dataset\all_sources\028_FDX\fin22c.11.csv.gz","1036"
"D:\胡溪筼\Documents\2026-7Fall\Carolina Data Challenge 2026\Graduate_Dataset\all_sources\028_FDX\fin22c.12.csv.gz","1024"
"D:\胡溪筼\Documents\2026-7Fall\Carolina Data Challenge 2026\Graduate_Dataset\all_sources\028_FDX\fin22c.2.csv.gz","1025"
"D:\胡溪筼\Documents\2026-7Fall\Carolina Data Challenge 2026\Graduate_Dataset\all_sources\028_FDX\fin22c.3.csv.gz","1034"
"D:\胡溪筼\Documents\2026-7Fall\Carolina Data Challenge 2026\Graduate_Dataset\all_sources\028_FDX\fin22c.4.csv.gz","1023"
"D:\胡溪筼\Documents\2026-7Fall\Carolina Data Challenge 2026\Graduate_Dataset\all_sources\028_FDX\fin22c.5.csv.gz","1023"
"D:\胡溪筼\Documents\2026-7Fall\Carolina Data Challenge 2026\Graduate_Dataset\all_sources\028_FDX\fin22c.6.csv.gz","1036"
"D:\胡溪筼\Documents\2026-7Fall\Carolina Data Challenge 2026\Graduate_Dataset\all_sources\028_FDX\fin22c.7.csv.gz","1026"
"D:\胡溪筼\Documents\2026-7Fall\Carolina Data Challenge 2026\Graduate_Dataset\all_sources\028_FDX\fin22c.8.csv.gz","1025"
"D:\胡溪筼\Documents\2026-7Fall\Carolina Data Challenge 2026\Graduate_Dataset\all_sources\028_FDX\fin22c.9.csv.gz","624"
"D:\胡溪筼\Documents\2026-7Fall\Carolina Data Challenge 2026\Graduate_Dataset\all_sources\028_FDX\fin22c.csv.gz","6121"
"D:\胡溪筼\Documents\2026-7Fall\Carolina Data Challenge 2026\Graduate_Dataset\all_sources\028_FDX\fin22d.1.csv.gz","5313"
"D:\胡溪筼\Documents\2026-7Fall\Carolina Data Challenge 2026\Graduate_Dataset\all_sources\028_FDX\fin22d.10.csv.gz","1928"
"D:\胡溪筼\Documents\2026-7Fall\Carolina Data Challenge 2026\Graduate_Dataset\all_sources\028_FDX\fin22d.11.csv.gz","5285"
"D:\胡溪筼\Documents\2026-7Fall\Carolina Data Challenge 2026\Graduate_Dataset\all_sources\028_FDX\fin22d.12.csv.gz","5284"
"D:\胡溪筼\Documents\2026-7Fall\Carolina Data Challenge 2026\Graduate_Dataset\all_sources\028_FDX\fin22d.2.csv.gz","5324"
"D:\胡溪筼\Documents\2026-7Fall\Carolina Data Challenge 2026\Graduate_Dataset\all_sources\028_FDX\fin22d.3.csv.gz","5391"
"D:\胡溪筼\Documents\2026-7Fall\Carolina Data Challenge 2026\Graduate_Dataset\all_sources\028_FDX\fin22d.4.csv.gz","5330"
"D:\胡溪筼\Documents\2026-7Fall\Carolina Data Challenge 2026\Graduate_Dataset\all_sources\028_FDX\fin22d.5.csv.gz","5313"
"D:\胡溪筼\Documents\2026-7Fall\Carolina Data Challenge 2026\Graduate_Dataset\all_sources\028_FDX\fin22d.6.csv.gz","5320"
"D:\胡溪筼\Documents\2026-7Fall\Carolina Data Challenge 2026\Graduate_Dataset\all_sources\028_FDX\fin22d.7.csv.gz","5308"
"D:\胡溪筼\Documents\2026-7Fall\Carolina Data Challenge 2026\Graduate_Dataset\all_sources\028_FDX\fin22d.8.csv.gz","5297"
"D:\胡溪筼\Documents\2026-7Fall\Carolina Data Challenge 2026\Graduate_Dataset\all_sources\028_FDX\fin22d.9.csv.gz","1959"
"D:\胡溪筼\Documents\2026-7Fall\Carolina Data Challenge 2026\Graduate_Dataset\all_sources\028_FDX\fin22d.csv.gz","8655"
"D:\胡溪筼\Documents\2026-7Fall\Carolina Data Challenge 2026\Graduate_Dataset\all_sources\028_FDX\fin22e.1.csv.gz","2118"
"D:\胡溪筼\Documents\2026-7Fall\Carolina Data Challenge 2026\Graduate_Dataset\all_sources\028_FDX\fin22e.10.csv.gz","1070"
"D:\胡溪筼\Documents\2026-7Fall\Carolina Data Challenge 2026\Graduate_Dataset\all_sources\028_FDX\fin22e.11.csv.gz","2120"
"D:\胡溪筼\Documents\2026-7Fall\Carolina Data Challenge 2026\Graduate_Dataset\all_sources\028_FDX\fin22e.12.csv.gz","2091"
"D:\胡溪筼\Documents\2026-7Fall\Carolina Data Challenge 2026\Graduate_Dataset\all_sources\028_FDX\fin22e.2.csv.gz","2097"
"D:\胡溪筼\Documents\2026-7Fall\Carolina Data Challenge 2026\Graduate_Dataset\all_sources\028_FDX\fin22e.3.csv.gz","2139"
"D:\胡溪筼\Documents\2026-7Fall\Carolina Data Challenge 2026\Graduate_Dataset\all_sources\028_FDX\fin22e.4.csv.gz","2103"
"D:\胡溪筼\Documents\2026-7Fall\Carolina Data Challenge 2026\Graduate_Dataset\all_sources\028_FDX\fin22e.5.csv.gz","2116"
"D:\胡溪筼\Documents\2026-7Fall\Carolina Data Challenge 2026\Graduate_Dataset\all_sources\028_FDX\fin22e.6.csv.gz","2108"
"D:\胡溪筼\Documents\2026-7Fall\Carolina Data Challenge 2026\Graduate_Dataset\all_sources\028_FDX\fin22e.7.csv.gz","2126"
"D:\胡溪筼\Documents\2026-7Fall\Carolina Data Challenge 2026\Graduate_Dataset\all_sources\028_FDX\fin22e.8.csv.gz","2086"
"D:\胡溪筼\Documents\2026-7Fall\Carolina Data Challenge 2026\Graduate_Dataset\all_sources\028_FDX\fin22e.9.csv.gz","1089"
"D:\胡溪筼\Documents\2026-7Fall\Carolina Data Challenge 2026\Graduate_Dataset\all_sources\028_FDX\fin22e.csv.gz","6765"
"D:\胡溪筼\Documents\2026-7Fall\Carolina Data Challenge 2026\Graduate_Dataset\all_sources\028_FDX\fin22f.1.csv.gz","2055"
"D:\胡溪筼\Documents\2026-7Fall\Carolina Data Challenge 2026\Graduate_Dataset\all_sources\028_FDX\fin22f.10.csv.gz","2036"
"D:\胡溪筼\Documents\2026-7Fall\Carolina Data Challenge 2026\Graduate_Dataset\all_sources\028_FDX\fin22f.11.csv.gz","2069"
"D:\胡溪筼\Documents\2026-7Fall\Carolina Data Challenge 2026\Graduate_Dataset\all_sources\028_FDX\fin22f.12.csv.gz","2056"
"D:\胡溪筼\Documents\2026-7Fall\Carolina Data Challenge 2026\Graduate_Dataset\all_sources\028_FDX\fin22f.2.csv.gz","2032"
"D:\胡溪筼\Documents\2026-7Fall\Carolina Data Challenge 2026\Graduate_Dataset\all_sources\028_FDX\fin22f.3.csv.gz","2053"
"D:\胡溪筼\Documents\2026-7Fall\Carolina Data Challenge 2026\Graduate_Dataset\all_sources\028_FDX\fin22f.4.csv.gz","2051"
"D:\胡溪筼\Documents\2026-7Fall\Carolina Data Challenge 2026\Graduate_Dataset\all_sources\028_FDX\fin22f.5.csv.gz","2052"
"D:\胡溪筼\Documents\2026-7Fall\Carolina Data Challenge 2026\Graduate_Dataset\all_sources\028_FDX\fin22f.6.csv.gz","2041"
"D:\胡溪筼\Documents\2026-7Fall\Carolina Data Challenge 2026\Graduate_Dataset\all_sources\028_FDX\fin22f.7.csv.gz","2035"
"D:\胡溪筼\Documents\2026-7Fall\Carolina Data Challenge 2026\Graduate_Dataset\all_sources\028_FDX\fin22f.8.csv.gz","2024"
"D:\胡溪筼\Documents\2026-7Fall\Carolina Data Challenge 2026\Graduate_Dataset\all_sources\028_FDX\fin22f.9.csv.gz","2044"
"D:\胡溪筼\Documents\2026-7Fall\Carolina Data Challenge 2026\Graduate_Dataset\all_sources\028_FDX\fin22f.csv.gz","2313"
"D:\胡溪筼\Documents\2026-7Fall\Carolina Data Challenge 2026\Graduate_Dataset\all_sources\028_FDX\fin22g.1.csv.gz","3797"
"D:\胡溪筼\Documents\2026-7Fall\Carolina Data Challenge 2026\Graduate_Dataset\all_sources\028_FDX\fin22g.10.csv.gz","745"
"D:\胡溪筼\Documents\2026-7Fall\Carolina Data Challenge 2026\Graduate_Dataset\all_sources\028_FDX\fin22g.11.csv.gz","3743"
"D:\胡溪筼\Documents\2026-7Fall\Carolina Data Challenge 2026\Graduate_Dataset\all_sources\028_FDX\fin22g.12.csv.gz","3762"
"D:\胡溪筼\Documents\2026-7Fall\Carolina Data Challenge 2026\Graduate_Dataset\all_sources\028_FDX\fin22g.2.csv.gz","3784"
"D:\胡溪筼\Documents\2026-7Fall\Carolina Data Challenge 2026\Graduate_Dataset\all_sources\028_FDX\fin22g.3.csv.gz","3798"
"D:\胡溪筼\Documents\2026-7Fall\Carolina Data Challenge 2026\Graduate_Dataset\all_sources\028_FDX\fin22g.4.csv.gz","3802"
"D:\胡溪筼\Documents\2026-7Fall\Carolina Data Challenge 2026\Graduate_Dataset\all_sources\028_FDX\fin22g.5.csv.gz","3789"
"D:\胡溪筼\Documents\2026-7Fall\Carolina Data Challenge 2026\Graduate_Dataset\all_sources\028_FDX\fin22g.6.csv.gz","3773"
"D:\胡溪筼\Documents\2026-7Fall\Carolina Data Challenge 2026\Graduate_Dataset\all_sources\028_FDX\fin22g.7.csv.gz","3810"
"D:\胡溪筼\Documents\2026-7Fall\Carolina Data Challenge 2026\Graduate_Dataset\all_sources\028_FDX\fin22g.8.csv.gz","3769"
"D:\胡溪筼\Documents\2026-7Fall\Carolina Data Challenge 2026\Graduate_Dataset\all_sources\028_FDX\fin22g.9.csv.gz","746"
"D:\胡溪筼\Documents\2026-7Fall\Carolina Data Challenge 2026\Graduate_Dataset\all_sources\028_FDX\fin22g.csv.gz","8738"
"D:\胡溪筼\Documents\2026-7Fall\Carolina Data Challenge 2026\Graduate_Dataset\all_sources\028_FDX\fin22h.1.csv.gz","1597"
"D:\胡溪筼\Documents\2026-7Fall\Carolina Data Challenge 2026\Graduate_Dataset\all_sources\028_FDX\fin22h.10.csv.gz","541"
"D:\胡溪筼\Documents\2026-7Fall\Carolina Data Challenge 2026\Graduate_Dataset\all_sources\028_FDX\fin22h.11.csv.gz","1580"
"D:\胡溪筼\Documents\2026-7Fall\Carolina Data Challenge 2026\Graduate_Dataset\all_sources\028_FDX\fin22h.12.csv.gz","1572"
"D:\胡溪筼\Documents\2026-7Fall\Carolina Data Challenge 2026\Graduate_Dataset\all_sources\028_FDX\fin22h.2.csv.gz","1595"
"D:\胡溪筼\Documents\2026-7Fall\Carolina Data Challenge 2026\Graduate_Dataset\all_sources\028_FDX\fin22h.3.csv.gz","1600"
"D:\胡溪筼\Documents\2026-7Fall\Carolina Data Challenge 2026\Graduate_Dataset\all_sources\028_FDX\fin22h.4.csv.gz","1598"
"D:\胡溪筼\Documents\2026-7Fall\Carolina Data Challenge 2026\Graduate_Dataset\all_sources\028_FDX\fin22h.5.csv.gz","1593"
"D:\胡溪筼\Documents\2026-7Fall\Carolina Data Challenge 2026\Graduate_Dataset\all_sources\028_FDX\fin22h.6.csv.gz","1599"
"D:\胡溪筼\Documents\2026-7Fall\Carolina Data Challenge 2026\Graduate_Dataset\all_sources\028_FDX\fin22h.7.csv.gz","1601"
"D:\胡溪筼\Documents\2026-7Fall\Carolina Data Challenge 2026\Graduate_Dataset\all_sources\028_FDX\fin22h.8.csv.gz","1595"
"D:\胡溪筼\Documents\2026-7Fall\Carolina Data Challenge 2026\Graduate_Dataset\all_sources\028_FDX\fin22h.9.csv.gz","537"
"D:\胡溪筼\Documents\2026-7Fall\Carolina Data Challenge 2026\Graduate_Dataset\all_sources\028_FDX\fin22h.csv.gz","4645"
"D:\胡溪筼\Documents\2026-7Fall\Carolina Data Challenge 2026\Graduate_Dataset\all_sources\028_FDX\fin22h.s.csv.gz","1551"
"D:\胡溪筼\Documents\2026-7Fall\Carolina Data Challenge 2026\Graduate_Dataset\all_sources\028_FDX\fin24aN.1.csv.gz","7091"
"D:\胡溪筼\Documents\2026-7Fall\Carolina Data Challenge 2026\Graduate_Dataset\all_sources\028_FDX\fin24aN.10.csv.gz","1046"
"D:\胡溪筼\Documents\2026-7Fall\Carolina Data Challenge 2026\Graduate_Dataset\all_sources\028_FDX\fin24aN.11.csv.gz","7060"
"D:\胡溪筼\Documents\2026-7Fall\Carolina Data Challenge 2026\Graduate_Dataset\all_sources\028_FDX\fin24aN.12.csv.gz","7112"
"D:\胡溪筼\Documents\2026-7Fall\Carolina Data Challenge 2026\Graduate_Dataset\all_sources\028_FDX\fin24aN.2.csv.gz","7083"
"D:\胡溪筼\Documents\2026-7Fall\Carolina Data Challenge 2026\Graduate_Dataset\all_sources\028_FDX\fin24aN.3.csv.gz","7120"
"D:\胡溪筼\Documents\2026-7Fall\Carolina Data Challenge 2026\Graduate_Dataset\all_sources\028_FDX\fin24aN.4.csv.gz","7092"
"D:\胡溪筼\Documents\2026-7Fall\Carolina Data Challenge 2026\Graduate_Dataset\all_sources\028_FDX\fin24aN.5.csv.gz","7116"
"D:\胡溪筼\Documents\2026-7Fall\Carolina Data Challenge 2026\Graduate_Dataset\all_sources\028_FDX\fin24aN.6.csv.gz","7118"
"D:\胡溪筼\Documents\2026-7Fall\Carolina Data Challenge 2026\Graduate_Dataset\all_sources\028_FDX\fin24aN.7.csv.gz","7060"
"D:\胡溪筼\Documents\2026-7Fall\Carolina Data Challenge 2026\Graduate_Dataset\all_sources\028_FDX\fin24aN.8.csv.gz","7054"
"D:\胡溪筼\Documents\2026-7Fall\Carolina Data Challenge 2026\Graduate_Dataset\all_sources\028_FDX\fin24aN.9.csv.gz","1050"
"D:\胡溪筼\Documents\2026-7Fall\Carolina Data Challenge 2026\Graduate_Dataset\all_sources\028_FDX\fin24aN.csv.gz","8884"
"D:\胡溪筼\Documents\2026-7Fall\Carolina Data Challenge 2026\Graduate_Dataset\all_sources\028_FDX\fin24aND.1.csv.gz","4175"
"D:\胡溪筼\Documents\2026-7Fall\Carolina Data Challenge 2026\Graduate_Dataset\all_sources\028_FDX\fin24aND.10.csv.gz","2058"
"D:\胡溪筼\Documents\2026-7Fall\Carolina Data Challenge 2026\Graduate_Dataset\all_sources\028_FDX\fin24aND.11.csv.gz","4125"
"D:\胡溪筼\Documents\2026-7Fall\Carolina Data Challenge 2026\Graduate_Dataset\all_sources\028_FDX\fin24aND.12.csv.gz","4112"
"D:\胡溪筼\Documents\2026-7Fall\Carolina Data Challenge 2026\Graduate_Dataset\all_sources\028_FDX\fin24aND.2.csv.gz","4159"
"D:\胡溪筼\Documents\2026-7Fall\Carolina Data Challenge 2026\Graduate_Dataset\all_sources\028_FDX\fin24aND.3.csv.gz","4164"
"D:\胡溪筼\Documents\2026-7Fall\Carolina Data Challenge 2026\Graduate_Dataset\all_sources\028_FDX\fin24aND.4.csv.gz","4145"
"D:\胡溪筼\Documents\2026-7Fall\Carolina Data Challenge 2026\Graduate_Dataset\all_sources\028_FDX\fin24aND.5.csv.gz","4146"
"D:\胡溪筼\Documents\2026-7Fall\Carolina Data Challenge 2026\Graduate_Dataset\all_sources\028_FDX\fin24aND.6.csv.gz","4168"
"D:\胡溪筼\Documents\2026-7Fall\Carolina Data Challenge 2026\Graduate_Dataset\all_sources\028_FDX\fin24aND.7.csv.gz","4172"
"D:\胡溪筼\Documents\2026-7Fall\Carolina Data Challenge 2026\Graduate_Dataset\all_sources\028_FDX\fin24aND.8.csv.gz","4160"
"D:\胡溪筼\Documents\2026-7Fall\Carolina Data Challenge 2026\Graduate_Dataset\all_sources\028_FDX\fin24aND.9.csv.gz","2052"
"D:\胡溪筼\Documents\2026-7Fall\Carolina Data Challenge 2026\Graduate_Dataset\all_sources\028_FDX\fin24aND.csv.gz","4630"
"D:\胡溪筼\Documents\2026-7Fall\Carolina Data Challenge 2026\Graduate_Dataset\all_sources\028_FDX\fin24aP.1.csv.gz","8641"
"D:\胡溪筼\Documents\2026-7Fall\Carolina Data Challenge 2026\Graduate_Dataset\all_sources\028_FDX\fin24aP.10.csv.gz","2323"
"D:\胡溪筼\Documents\2026-7Fall\Carolina Data Challenge 2026\Graduate_Dataset\all_sources\028_FDX\fin24aP.11.csv.gz","8576"
"D:\胡溪筼\Documents\2026-7Fall\Carolina Data Challenge 2026\Graduate_Dataset\all_sources\028_FDX\fin24aP.12.csv.gz","8545"
"D:\胡溪筼\Documents\2026-7Fall\Carolina Data Challenge 2026\Graduate_Dataset\all_sources\028_FDX\fin24aP.2.csv.gz","8603"
"D:\胡溪筼\Documents\2026-7Fall\Carolina Data Challenge 2026\Graduate_Dataset\all_sources\028_FDX\fin24aP.3.csv.gz","8527"
"D:\胡溪筼\Documents\2026-7Fall\Carolina Data Challenge 2026\Graduate_Dataset\all_sources\028_FDX\fin24aP.4.csv.gz","8649"
"D:\胡溪筼\Documents\2026-7Fall\Carolina Data Challenge 2026\Graduate_Dataset\all_sources\028_FDX\fin24aP.5.csv.gz","8618"
"D:\胡溪筼\Documents\2026-7Fall\Carolina Data Challenge 2026\Graduate_Dataset\all_sources\028_FDX\fin24aP.6.csv.gz","8612"
"D:\胡溪筼\Documents\2026-7Fall\Carolina Data Challenge 2026\Graduate_Dataset\all_sources\028_FDX\fin24aP.7.csv.gz","8605"
"D:\胡溪筼\Documents\2026-7Fall\Carolina Data Challenge 2026\Graduate_Dataset\all_sources\028_FDX\fin24aP.8.csv.gz","8559"
"D:\胡溪筼\Documents\2026-7Fall\Carolina Data Challenge 2026\Graduate_Dataset\all_sources\028_FDX\fin24aP.9.csv.gz","2332"
"D:\胡溪筼\Documents\2026-7Fall\Carolina Data Challenge 2026\Graduate_Dataset\all_sources\028_FDX\fin24aP.csv.gz","8839"
"D:\胡溪筼\Documents\2026-7Fall\Carolina Data Challenge 2026\Graduate_Dataset\all_sources\028_FDX\fin24aSD.1.csv.gz","4605"
"D:\胡溪筼\Documents\2026-7Fall\Carolina Data Challenge 2026\Graduate_Dataset\all_sources\028_FDX\fin24aSD.10.csv.gz","2341"
"D:\胡溪筼\Documents\2026-7Fall\Carolina Data Challenge 2026\Graduate_Dataset\all_sources\028_FDX\fin24aSD.11.csv.gz","4571"
"D:\胡溪筼\Documents\2026-7Fall\Carolina Data Challenge 2026\Graduate_Dataset\all_sources\028_FDX\fin24aSD.12.csv.gz","4559"
"D:\胡溪筼\Documents\2026-7Fall\Carolina Data Challenge 2026\Graduate_Dataset\all_sources\028_FDX\fin24aSD.2.csv.gz","4596"
"D:\胡溪筼\Documents\2026-7Fall\Carolina Data Challenge 2026\Graduate_Dataset\all_sources\028_FDX\fin24aSD.3.csv.gz","4617"
"D:\胡溪筼\Documents\2026-7Fall\Carolina Data Challenge 2026\Graduate_Dataset\all_sources\028_FDX\fin24aSD.4.csv.gz","4608"
"D:\胡溪筼\Documents\2026-7Fall\Carolina Data Challenge 2026\Graduate_Dataset\all_sources\028_FDX\fin24aSD.5.csv.gz","4571"
"D:\胡溪筼\Documents\2026-7Fall\Carolina Data Challenge 2026\Graduate_Dataset\all_sources\028_FDX\fin24aSD.6.csv.gz","4593"
"D:\胡溪筼\Documents\2026-7Fall\Carolina Data Challenge 2026\Graduate_Dataset\all_sources\028_FDX\fin24aSD.7.csv.gz","4581"
"D:\胡溪筼\Documents\2026-7Fall\Carolina Data Challenge 2026\Graduate_Dataset\all_sources\028_FDX\fin24aSD.8.csv.gz","4582"
"D:\胡溪筼\Documents\2026-7Fall\Carolina Data Challenge 2026\Graduate_Dataset\all_sources\028_FDX\fin24aSD.9.csv.gz","2365"
"D:\胡溪筼\Documents\2026-7Fall\Carolina Data Challenge 2026\Graduate_Dataset\all_sources\028_FDX\fin24aSD.csv.gz","4595"
"D:\胡溪筼\Documents\2026-7Fall\Carolina Data Challenge 2026\Graduate_Dataset\all_sources\028_FDX\fin24aSD_ND.1.csv.gz","4663"
"D:\胡溪筼\Documents\2026-7Fall\Carolina Data Challenge 2026\Graduate_Dataset\all_sources\028_FDX\fin24aSD_ND.10.csv.gz","2363"
"D:\胡溪筼\Documents\2026-7Fall\Carolina Data Challenge 2026\Graduate_Dataset\all_sources\028_FDX\fin24aSD_ND.11.csv.gz","4645"
"D:\胡溪筼\Documents\2026-7Fall\Carolina Data Challenge 2026\Graduate_Dataset\all_sources\028_FDX\fin24aSD_ND.12.csv.gz","4613"
"D:\胡溪筼\Documents\2026-7Fall\Carolina Data Challenge 2026\Graduate_Dataset\all_sources\028_FDX\fin24aSD_ND.2.csv.gz","4659"
"D:\胡溪筼\Documents\2026-7Fall\Carolina Data Challenge 2026\Graduate_Dataset\all_sources\028_FDX\fin24aSD_ND.3.csv.gz","4650"
"D:\胡溪筼\Documents\2026-7Fall\Carolina Data Challenge 2026\Graduate_Dataset\all_sources\028_FDX\fin24aSD_ND.4.csv.gz","4630"
"D:\胡溪筼\Documents\2026-7Fall\Carolina Data Challenge 2026\Graduate_Dataset\all_sources\028_FDX\fin24aSD_ND.5.csv.gz","4632"
"D:\胡溪筼\Documents\2026-7Fall\Carolina Data Challenge 2026\Graduate_Dataset\all_sources\028_FDX\fin24aSD_ND.6.csv.gz","4638"
"D:\胡溪筼\Documents\2026-7Fall\Carolina Data Challenge 2026\Graduate_Dataset\all_sources\028_FDX\fin24aSD_ND.7.csv.gz","4651"
"D:\胡溪筼\Documents\2026-7Fall\Carolina Data Challenge 2026\Graduate_Dataset\all_sources\028_FDX\fin24aSD_ND.8.csv.gz","4652"
"D:\胡溪筼\Documents\2026-7Fall\Carolina Data Challenge 2026\Graduate_Dataset\all_sources\028_FDX\fin24aSD_ND.9.csv.gz","2384"
"D:\胡溪筼\Documents\2026-7Fall\Carolina Data Challenge 2026\Graduate_Dataset\all_sources\028_FDX\fin24aSD_ND.csv.gz","4645"
"D:\胡溪筼\Documents\2026-7Fall\Carolina Data Challenge 2026\Graduate_Dataset\all_sources\028_FDX\fin24aVD.1.csv.gz","4394"
"D:\胡溪筼\Documents\2026-7Fall\Carolina Data Challenge 2026\Graduate_Dataset\all_sources\028_FDX\fin24aVD.10.csv.gz","2359"
"D:\胡溪筼\Documents\2026-7Fall\Carolina Data Challenge 2026\Graduate_Dataset\all_sources\028_FDX\fin24aVD.11.csv.gz","4365"
"D:\胡溪筼\Documents\2026-7Fall\Carolina Data Challenge 2026\Graduate_Dataset\all_sources\028_FDX\fin24aVD.12.csv.gz","4373"
"D:\胡溪筼\Documents\2026-7Fall\Carolina Data Challenge 2026\Graduate_Dataset\all_sources\028_FDX\fin24aVD.2.csv.gz","4402"
"D:\胡溪筼\Documents\2026-7Fall\Carolina Data Challenge 2026\Graduate_Dataset\all_sources\028_FDX\fin24aVD.3.csv.gz","4390"
"D:\胡溪筼\Documents\2026-7Fall\Carolina Data Challenge 2026\Graduate_Dataset\all_sources\028_FDX\fin24aVD.4.csv.gz","4402"
"D:\胡溪筼\Documents\2026-7Fall\Carolina Data Challenge 2026\Graduate_Dataset\all_sources\028_FDX\fin24aVD.5.csv.gz","4383"
"D:\胡溪筼\Documents\2026-7Fall\Carolina Data Challenge 2026\Graduate_Dataset\all_sources\028_FDX\fin24aVD.6.csv.gz","4368"
"D:\胡溪筼\Documents\2026-7Fall\Carolina Data Challenge 2026\Graduate_Dataset\all_sources\028_FDX\fin24aVD.7.csv.gz","4368"
"D:\胡溪筼\Documents\2026-7Fall\Carolina Data Challenge 2026\Graduate_Dataset\all_sources\028_FDX\fin24aVD.8.csv.gz","4389"
"D:\胡溪筼\Documents\2026-7Fall\Carolina Data Challenge 2026\Graduate_Dataset\all_sources\028_FDX\fin24aVD.9.csv.gz","2371"
"D:\胡溪筼\Documents\2026-7Fall\Carolina Data Challenge 2026\Graduate_Dataset\all_sources\028_FDX\fin24aVD.csv.gz","4644"
"D:\胡溪筼\Documents\2026-7Fall\Carolina Data Challenge 2026\Graduate_Dataset\all_sources\028_FDX\fin24ba.1.csv.gz","2121"
"D:\胡溪筼\Documents\2026-7Fall\Carolina Data Challenge 2026\Graduate_Dataset\all_sources\028_FDX\fin24ba.10.csv.gz","2091"
"D:\胡溪筼\Documents\2026-7Fall\Carolina Data Challenge 2026\Graduate_Dataset\all_sources\028_FDX\fin24ba.11.csv.gz","2101"
"D:\胡溪筼\Documents\2026-7Fall\Carolina Data Challenge 2026\Graduate_Dataset\all_sources\028_FDX\fin24ba.12.csv.gz","2089"
"D:\胡溪筼\Documents\2026-7Fall\Carolina Data Challenge 2026\Graduate_Dataset\all_sources\028_FDX\fin24ba.2.csv.gz","2103"
"D:\胡溪筼\Documents\2026-7Fall\Carolina Data Challenge 2026\Graduate_Dataset\all_sources\028_FDX\fin24ba.3.csv.gz","2108"
"D:\胡溪筼\Documents\2026-7Fall\Carolina Data Challenge 2026\Graduate_Dataset\all_sources\028_FDX\fin24ba.4.csv.gz","2112"
"D:\胡溪筼\Documents\2026-7Fall\Carolina Data Challenge 2026\Graduate_Dataset\all_sources\028_FDX\fin24ba.5.csv.gz","2120"
"D:\胡溪筼\Documents\2026-7Fall\Carolina Data Challenge 2026\Graduate_Dataset\all_sources\028_FDX\fin24ba.6.csv.gz","2107"
"D:\胡溪筼\Documents\2026-7Fall\Carolina Data Challenge 2026\Graduate_Dataset\all_sources\028_FDX\fin24ba.7.csv.gz","2109"
"D:\胡溪筼\Documents\2026-7Fall\Carolina Data Challenge 2026\Graduate_Dataset\all_sources\028_FDX\fin24ba.8.csv.gz","2083"
"D:\胡溪筼\Documents\2026-7Fall\Carolina Data Challenge 2026\Graduate_Dataset\all_sources\028_FDX\fin24ba.9.csv.gz","2122"
"D:\胡溪筼\Documents\2026-7Fall\Carolina Data Challenge 2026\Graduate_Dataset\all_sources\028_FDX\fin24ba.csv.gz","2359"
"D:\胡溪筼\Documents\2026-7Fall\Carolina Data Challenge 2026\Graduate_Dataset\all_sources\028_FDX\fin24bb.1.csv.gz","2360"
"D:\胡溪筼\Documents\2026-7Fall\Carolina Data Challenge 2026\Graduate_Dataset\all_sources\028_FDX\fin24bb.10.csv.gz","2329"
"D:\胡溪筼\Documents\2026-7Fall\Carolina Data Challenge 2026\Graduate_Dataset\all_sources\028_FDX\fin24bb.11.csv.gz","2322"
"D:\胡溪筼\Documents\2026-7Fall\Carolina Data Challenge 2026\Graduate_Dataset\all_sources\028_FDX\fin24bb.12.csv.gz","2332"
"D:\胡溪筼\Documents\2026-7Fall\Carolina Data Challenge 2026\Graduate_Dataset\all_sources\028_FDX\fin24bb.2.csv.gz","2345"
"D:\胡溪筼\Documents\2026-7Fall\Carolina Data Challenge 2026\Graduate_Dataset\all_sources\028_FDX\fin24bb.3.csv.gz","2351"
"D:\胡溪筼\Documents\2026-7Fall\Carolina Data Challenge 2026\Graduate_Dataset\all_sources\028_FDX\fin24bb.4.csv.gz","2345"
"D:\胡溪筼\Documents\2026-7Fall\Carolina Data Challenge 2026\Graduate_Dataset\all_sources\028_FDX\fin24bb.5.csv.gz","2345"
"D:\胡溪筼\Documents\2026-7Fall\Carolina Data Challenge 2026\Graduate_Dataset\all_sources\028_FDX\fin24bb.6.csv.gz","2357"
"D:\胡溪筼\Documents\2026-7Fall\Carolina Data Challenge 2026\Graduate_Dataset\all_sources\028_FDX\fin24bb.7.csv.gz","2325"
"D:\胡溪筼\Documents\2026-7Fall\Carolina Data Challenge 2026\Graduate_Dataset\all_sources\028_FDX\fin24bb.8.csv.gz","2331"
"D:\胡溪筼\Documents\2026-7Fall\Carolina Data Challenge 2026\Graduate_Dataset\all_sources\028_FDX\fin24bb.9.csv.gz","2347"
"D:\胡溪筼\Documents\2026-7Fall\Carolina Data Challenge 2026\Graduate_Dataset\all_sources\028_FDX\fin24bb.csv.gz","2337"
"D:\胡溪筼\Documents\2026-7Fall\Carolina Data Challenge 2026\Graduate_Dataset\all_sources\028_FDX\fin24bc.1.csv.gz","2312"
"D:\胡溪筼\Documents\2026-7Fall\Carolina Data Challenge 2026\Graduate_Dataset\all_sources\028_FDX\fin24bc.10.csv.gz","2279"
"D:\胡溪筼\Documents\2026-7Fall\Carolina Data Challenge 2026\Graduate_Dataset\all_sources\028_FDX\fin24bc.11.csv.gz","2298"
"D:\胡溪筼\Documents\2026-7Fall\Carolina Data Challenge 2026\Graduate_Dataset\all_sources\028_FDX\fin24bc.12.csv.gz","2274"
"D:\胡溪筼\Documents\2026-7Fall\Carolina Data Challenge 2026\Graduate_Dataset\all_sources\028_FDX\fin24bc.2.csv.gz","2305"
"D:\胡溪筼\Documents\2026-7Fall\Carolina Data Challenge 2026\Graduate_Dataset\all_sources\028_FDX\fin24bc.3.csv.gz","2321"
"D:\胡溪筼\Documents\2026-7Fall\Carolina Data Challenge 2026\Graduate_Dataset\all_sources\028_FDX\fin24bc.4.csv.gz","2298"
"D:\胡溪筼\Documents\2026-7Fall\Carolina Data Challenge 2026\Graduate_Dataset\all_sources\028_FDX\fin24bc.5.csv.gz","2320"
"D:\胡溪筼\Documents\2026-7Fall\Carolina Data Challenge 2026\Graduate_Dataset\all_sources\028_FDX\fin24bc.6.csv.gz","2306"
"D:\胡溪筼\Documents\2026-7Fall\Carolina Data Challenge 2026\Graduate_Dataset\all_sources\028_FDX\fin24bc.7.csv.gz","2279"
"D:\胡溪筼\Documents\2026-7Fall\Carolina Data Challenge 2026\Graduate_Dataset\all_sources\028_FDX\fin24bc.8.csv.gz","2277"
"D:\胡溪筼\Documents\2026-7Fall\Carolina Data Challenge 2026\Graduate_Dataset\all_sources\028_FDX\fin24bc.9.csv.gz","2315"
"D:\胡溪筼\Documents\2026-7Fall\Carolina Data Challenge 2026\Graduate_Dataset\all_sources\028_FDX\fin24bc.csv.gz","2301"
"D:\胡溪筼\Documents\2026-7Fall\Carolina Data Challenge 2026\Graduate_Dataset\all_sources\028_FDX\fin24bd.1.csv.gz","2338"
"D:\胡溪筼\Documents\2026-7Fall\Carolina Data Challenge 2026\Graduate_Dataset\all_sources\028_FDX\fin24bd.10.csv.gz","2316"
"D:\胡溪筼\Documents\2026-7Fall\Carolina Data Challenge 2026\Graduate_Dataset\all_sources\028_FDX\fin24bd.11.csv.gz","2331"
"D:\胡溪筼\Documents\2026-7Fall\Carolina Data Challenge 2026\Graduate_Dataset\all_sources\028_FDX\fin24bd.12.csv.gz","2311"
"D:\胡溪筼\Documents\2026-7Fall\Carolina Data Challenge 2026\Graduate_Dataset\all_sources\028_FDX\fin24bd.2.csv.gz","2337"
"D:\胡溪筼\Documents\2026-7Fall\Carolina Data Challenge 2026\Graduate_Dataset\all_sources\028_FDX\fin24bd.3.csv.gz","2342"
"D:\胡溪筼\Documents\2026-7Fall\Carolina Data Challenge 2026\Graduate_Dataset\all_sources\028_FDX\fin24bd.4.csv.gz","2324"
"D:\胡溪筼\Documents\2026-7Fall\Carolina Data Challenge 2026\Graduate_Dataset\all_sources\028_FDX\fin24bd.5.csv.gz","2340"
"D:\胡溪筼\Documents\2026-7Fall\Carolina Data Challenge 2026\Graduate_Dataset\all_sources\028_FDX\fin24bd.6.csv.gz","2336"
"D:\胡溪筼\Documents\2026-7Fall\Carolina Data Challenge 2026\Graduate_Dataset\all_sources\028_FDX\fin24bd.7.csv.gz","2329"
"D:\胡溪筼\Documents\2026-7Fall\Carolina Data Challenge 2026\Graduate_Dataset\all_sources\028_FDX\fin24bd.8.csv.gz","2305"
"D:\胡溪筼\Documents\2026-7Fall\Carolina Data Challenge 2026\Graduate_Dataset\all_sources\028_FDX\fin24bd.9.csv.gz","2339"
"D:\胡溪筼\Documents\2026-7Fall\Carolina Data Challenge 2026\Graduate_Dataset\all_sources\028_FDX\fin24bd.csv.gz","2355"
"D:\胡溪筼\Documents\2026-7Fall\Carolina Data Challenge 2026\Graduate_Dataset\all_sources\028_FDX\fin24bor.1.csv.gz","1213"
"D:\胡溪筼\Documents\2026-7Fall\Carolina Data Challenge 2026\Graduate_Dataset\all_sources\028_FDX\fin24bor.10.csv.gz","564"
"D:\胡溪筼\Documents\2026-7Fall\Carolina Data Challenge 2026\Graduate_Dataset\all_sources\028_FDX\fin24bor.11.csv.gz","1207"
"D:\胡溪筼\Documents\2026-7Fall\Carolina Data Challenge 2026\Graduate_Dataset\all_sources\028_FDX\fin24bor.12.csv.gz","1209"
"D:\胡溪筼\Documents\2026-7Fall\Carolina Data Challenge 2026\Graduate_Dataset\all_sources\028_FDX\fin24bor.2.csv.gz","1209"
"D:\胡溪筼\Documents\2026-7Fall\Carolina Data Challenge 2026\Graduate_Dataset\all_sources\028_FDX\fin24bor.3.csv.gz","1226"
"D:\胡溪筼\Documents\2026-7Fall\Carolina Data Challenge 2026\Graduate_Dataset\all_sources\028_FDX\fin24bor.4.csv.gz","1195"
"D:\胡溪筼\Documents\2026-7Fall\Carolina Data Challenge 2026\Graduate_Dataset\all_sources\028_FDX\fin24bor.5.csv.gz","1225"
"D:\胡溪筼\Documents\2026-7Fall\Carolina Data Challenge 2026\Graduate_Dataset\all_sources\028_FDX\fin24bor.6.csv.gz","1215"
"D:\胡溪筼\Documents\2026-7Fall\Carolina Data Challenge 2026\Graduate_Dataset\all_sources\028_FDX\fin24bor.7.csv.gz","1221"
"D:\胡溪筼\Documents\2026-7Fall\Carolina Data Challenge 2026\Graduate_Dataset\all_sources\028_FDX\fin24bor.8.csv.gz","1210"
"D:\胡溪筼\Documents\2026-7Fall\Carolina Data Challenge 2026\Graduate_Dataset\all_sources\028_FDX\fin24bor.9.csv.gz","584"
"D:\胡溪筼\Documents\2026-7Fall\Carolina Data Challenge 2026\Graduate_Dataset\all_sources\028_FDX\fin24bor.csv.gz","4632"
"D:\胡溪筼\Documents\2026-7Fall\Carolina Data Challenge 2026\Graduate_Dataset\all_sources\028_FDX\fin24bor_SD_ND.1.csv.gz","344"
"D:\胡溪筼\Documents\2026-7Fall\Carolina Data Challenge 2026\Graduate_Dataset\all_sources\028_FDX\fin24bor_SD_ND.10.csv.gz","192"
"D:\胡溪筼\Documents\2026-7Fall\Carolina Data Challenge 2026\Graduate_Dataset\all_sources\028_FDX\fin24bor_SD_ND.11.csv.gz","345"
"D:\胡溪筼\Documents\2026-7Fall\Carolina Data Challenge 2026\Graduate_Dataset\all_sources\028_FDX\fin24bor_SD_ND.12.csv.gz","344"
"D:\胡溪筼\Documents\2026-7Fall\Carolina Data Challenge 2026\Graduate_Dataset\all_sources\028_FDX\fin24bor_SD_ND.2.csv.gz","347"
"D:\胡溪筼\Documents\2026-7Fall\Carolina Data Challenge 2026\Graduate_Dataset\all_sources\028_FDX\fin24bor_SD_ND.3.csv.gz","348"
"D:\胡溪筼\Documents\2026-7Fall\Carolina Data Challenge 2026\Graduate_Dataset\all_sources\028_FDX\fin24bor_SD_ND.4.csv.gz","346"
"D:\胡溪筼\Documents\2026-7Fall\Carolina Data Challenge 2026\Graduate_Dataset\all_sources\028_FDX\fin24bor_SD_ND.5.csv.gz","341"
"D:\胡溪筼\Documents\2026-7Fall\Carolina Data Challenge 2026\Graduate_Dataset\all_sources\028_FDX\fin24bor_SD_ND.6.csv.gz","343"
"D:\胡溪筼\Documents\2026-7Fall\Carolina Data Challenge 2026\Graduate_Dataset\all_sources\028_FDX\fin24bor_SD_ND.7.csv.gz","349"
"D:\胡溪筼\Documents\2026-7Fall\Carolina Data Challenge 2026\Graduate_Dataset\all_sources\028_FDX\fin24bor_SD_ND.8.csv.gz","346"
"D:\胡溪筼\Documents\2026-7Fall\Carolina Data Challenge 2026\Graduate_Dataset\all_sources\028_FDX\fin24bor_SD_ND.9.csv.gz","192"
"D:\胡溪筼\Documents\2026-7Fall\Carolina Data Challenge 2026\Graduate_Dataset\all_sources\028_FDX\fin24bor_SD_ND.csv.gz","4634"
"D:\胡溪筼\Documents\2026-7Fall\Carolina Data Challenge 2026\Graduate_Dataset\all_sources\028_FDX\fin24bor_VD.1.csv.gz","223"
"D:\胡溪筼\Documents\2026-7Fall\Carolina Data Challenge 2026\Graduate_Dataset\all_sources\028_FDX\fin24bor_VD.10.csv.gz","153"
"D:\胡溪筼\Documents\2026-7Fall\Carolina Data Challenge 2026\Graduate_Dataset\all_sources\028_FDX\fin24bor_VD.11.csv.gz","221"
"D:\胡溪筼\Documents\2026-7Fall\Carolina Data Challenge 2026\Graduate_Dataset\all_sources\028_FDX\fin24bor_VD.12.csv.gz","224"
"D:\胡溪筼\Documents\2026-7Fall\Carolina Data Challenge 2026\Graduate_Dataset\all_sources\028_FDX\fin24bor_VD.2.csv.gz","225"
"D:\胡溪筼\Documents\2026-7Fall\Carolina Data Challenge 2026\Graduate_Dataset\all_sources\028_FDX\fin24bor_VD.3.csv.gz","222"
"D:\胡溪筼\Documents\2026-7Fall\Carolina Data Challenge 2026\Graduate_Dataset\all_sources\028_FDX\fin24bor_VD.4.csv.gz","219"
"D:\胡溪筼\Documents\2026-7Fall\Carolina Data Challenge 2026\Graduate_Dataset\all_sources\028_FDX\fin24bor_VD.5.csv.gz","220"
"D:\胡溪筼\Documents\2026-7Fall\Carolina Data Challenge 2026\Graduate_Dataset\all_sources\028_FDX\fin24bor_VD.6.csv.gz","223"
"D:\胡溪筼\Documents\2026-7Fall\Carolina Data Challenge 2026\Graduate_Dataset\all_sources\028_FDX\fin24bor_VD.7.csv.gz","223"
"D:\胡溪筼\Documents\2026-7Fall\Carolina Data Challenge 2026\Graduate_Dataset\all_sources\028_FDX\fin24bor_VD.8.csv.gz","221"
"D:\胡溪筼\Documents\2026-7Fall\Carolina Data Challenge 2026\Graduate_Dataset\all_sources\028_FDX\fin24bor_VD.9.csv.gz","146"
"D:\胡溪筼\Documents\2026-7Fall\Carolina Data Challenge 2026\Graduate_Dataset\all_sources\028_FDX\fin24bor_VD.csv.gz","4608"
"D:\胡溪筼\Documents\2026-7Fall\Carolina Data Challenge 2026\Graduate_Dataset\all_sources\028_FDX\fin24c.1.csv.gz","2043"
"D:\胡溪筼\Documents\2026-7Fall\Carolina Data Challenge 2026\Graduate_Dataset\all_sources\028_FDX\fin24c.10.csv.gz","2022"
"D:\胡溪筼\Documents\2026-7Fall\Carolina Data Challenge 2026\Graduate_Dataset\all_sources\028_FDX\fin24c.11.csv.gz","2016"
"D:\胡溪筼\Documents\2026-7Fall\Carolina Data Challenge 2026\Graduate_Dataset\all_sources\028_FDX\fin24c.12.csv.gz","2030"
"D:\胡溪筼\Documents\2026-7Fall\Carolina Data Challenge 2026\Graduate_Dataset\all_sources\028_FDX\fin24c.2.csv.gz","2036"
"D:\胡溪筼\Documents\2026-7Fall\Carolina Data Challenge 2026\Graduate_Dataset\all_sources\028_FDX\fin24c.3.csv.gz","2029"
"D:\胡溪筼\Documents\2026-7Fall\Carolina Data Challenge 2026\Graduate_Dataset\all_sources\028_FDX\fin24c.4.csv.gz","2032"
"D:\胡溪筼\Documents\2026-7Fall\Carolina Data Challenge 2026\Graduate_Dataset\all_sources\028_FDX\fin24c.5.csv.gz","2034"
"D:\胡溪筼\Documents\2026-7Fall\Carolina Data Challenge 2026\Graduate_Dataset\all_sources\028_FDX\fin24c.6.csv.gz","2052"
"D:\胡溪筼\Documents\2026-7Fall\Carolina Data Challenge 2026\Graduate_Dataset\all_sources\028_FDX\fin24c.7.csv.gz","2014"
"D:\胡溪筼\Documents\2026-7Fall\Carolina Data Challenge 2026\Graduate_Dataset\all_sources\028_FDX\fin24c.8.csv.gz","2019"
"D:\胡溪筼\Documents\2026-7Fall\Carolina Data Challenge 2026\Graduate_Dataset\all_sources\028_FDX\fin24c.9.csv.gz","2044"
"D:\胡溪筼\Documents\2026-7Fall\Carolina Data Challenge 2026\Graduate_Dataset\all_sources\028_FDX\fin24c.csv.gz","2364"
"D:\胡溪筼\Documents\2026-7Fall\Carolina Data Challenge 2026\Graduate_Dataset\all_sources\028_FDX\fin24d1.1.csv.gz","1314"
"D:\胡溪筼\Documents\2026-7Fall\Carolina Data Challenge 2026\Graduate_Dataset\all_sources\028_FDX\fin24d1.10.csv.gz","1289"
"D:\胡溪筼\Documents\2026-7Fall\Carolina Data Challenge 2026\Graduate_Dataset\all_sources\028_FDX\fin24d1.11.csv.gz","1309"
"D:\胡溪筼\Documents\2026-7Fall\Carolina Data Challenge 2026\Graduate_Dataset\all_sources\028_FDX\fin24d1.12.csv.gz","1314"
"D:\胡溪筼\Documents\2026-7Fall\Carolina Data Challenge 2026\Graduate_Dataset\all_sources\028_FDX\fin24d1.2.csv.gz","1301"
"D:\胡溪筼\Documents\2026-7Fall\Carolina Data Challenge 2026\Graduate_Dataset\all_sources\028_FDX\fin24d1.3.csv.gz","1315"
"D:\胡溪筼\Documents\2026-7Fall\Carolina Data Challenge 2026\Graduate_Dataset\all_sources\028_FDX\fin24d1.4.csv.gz","1306"
"D:\胡溪筼\Documents\2026-7Fall\Carolina Data Challenge 2026\Graduate_Dataset\all_sources\028_FDX\fin24d1.5.csv.gz","1305"
"D:\胡溪筼\Documents\2026-7Fall\Carolina Data Challenge 2026\Graduate_Dataset\all_sources\028_FDX\fin24d1.6.csv.gz","1315"
"D:\胡溪筼\Documents\2026-7Fall\Carolina Data Challenge 2026\Graduate_Dataset\all_sources\028_FDX\fin24d1.7.csv.gz","1292"
"D:\胡溪筼\Documents\2026-7Fall\Carolina Data Challenge 2026\Graduate_Dataset\all_sources\028_FDX\fin24d1.8.csv.gz","1294"
"D:\胡溪筼\Documents\2026-7Fall\Carolina Data Challenge 2026\Graduate_Dataset\all_sources\028_FDX\fin24d1.9.csv.gz","1311"
"D:\胡溪筼\Documents\2026-7Fall\Carolina Data Challenge 2026\Graduate_Dataset\all_sources\028_FDX\fin24d1.csv.gz","2395"
"D:\胡溪筼\Documents\2026-7Fall\Carolina Data Challenge 2026\Graduate_Dataset\all_sources\028_FDX\fin24d1.s.csv.gz","1318"
"D:\胡溪筼\Documents\2026-7Fall\Carolina Data Challenge 2026\Graduate_Dataset\all_sources\028_FDX\fin24d2.1.csv.gz","1204"
"D:\胡溪筼\Documents\2026-7Fall\Carolina Data Challenge 2026\Graduate_Dataset\all_sources\028_FDX\fin24d2.10.csv.gz","1189"
"D:\胡溪筼\Documents\2026-7Fall\Carolina Data Challenge 2026\Graduate_Dataset\all_sources\028_FDX\fin24d2.11.csv.gz","1207"
"D:\胡溪筼\Documents\2026-7Fall\Carolina Data Challenge 2026\Graduate_Dataset\all_sources\028_FDX\fin24d2.12.csv.gz","1206"
"D:\胡溪筼\Documents\2026-7Fall\Carolina Data Challenge 2026\Graduate_Dataset\all_sources\028_FDX\fin24d2.2.csv.gz","1211"
"D:\胡溪筼\Documents\2026-7Fall\Carolina Data Challenge 2026\Graduate_Dataset\all_sources\028_FDX\fin24d2.3.csv.gz","1213"
"D:\胡溪筼\Documents\2026-7Fall\Carolina Data Challenge 2026\Graduate_Dataset\all_sources\028_FDX\fin24d2.4.csv.gz","1207"
"D:\胡溪筼\Documents\2026-7Fall\Carolina Data Challenge 2026\Graduate_Dataset\all_sources\028_FDX\fin24d2.5.csv.gz","1211"
"D:\胡溪筼\Documents\2026-7Fall\Carolina Data Challenge 2026\Graduate_Dataset\all_sources\028_FDX\fin24d2.6.csv.gz","1208"
"D:\胡溪筼\Documents\2026-7Fall\Carolina Data Challenge 2026\Graduate_Dataset\all_sources\028_FDX\fin24d2.7.csv.gz","1191"
"D:\胡溪筼\Documents\2026-7Fall\Carolina Data Challenge 2026\Graduate_Dataset\all_sources\028_FDX\fin24d2.8.csv.gz","1192"
"D:\胡溪筼\Documents\2026-7Fall\Carolina Data Challenge 2026\Graduate_Dataset\all_sources\028_FDX\fin24d2.9.csv.gz","1212"
"D:\胡溪筼\Documents\2026-7Fall\Carolina Data Challenge 2026\Graduate_Dataset\all_sources\028_FDX\fin24d2.csv.gz","2390"
"D:\胡溪筼\Documents\2026-7Fall\Carolina Data Challenge 2026\Graduate_Dataset\all_sources\028_FDX\fin24d2.s.csv.gz","1218"
"D:\胡溪筼\Documents\2026-7Fall\Carolina Data Challenge 2026\Graduate_Dataset\all_sources\028_FDX\fin24d3.1.csv.gz","298"
"D:\胡溪筼\Documents\2026-7Fall\Carolina Data Challenge 2026\Graduate_Dataset\all_sources\028_FDX\fin24d3.10.csv.gz","299"
"D:\胡溪筼\Documents\2026-7Fall\Carolina Data Challenge 2026\Graduate_Dataset\all_sources\028_FDX\fin24d3.11.csv.gz","301"
"D:\胡溪筼\Documents\2026-7Fall\Carolina Data Challenge 2026\Graduate_Dataset\all_sources\028_FDX\fin24d3.12.csv.gz","300"
"D:\胡溪筼\Documents\2026-7Fall\Carolina Data Challenge 2026\Graduate_Dataset\all_sources\028_FDX\fin24d3.2.csv.gz","295"
"D:\胡溪筼\Documents\2026-7Fall\Carolina Data Challenge 2026\Graduate_Dataset\all_sources\028_FDX\fin24d3.3.csv.gz","300"
"D:\胡溪筼\Documents\2026-7Fall\Carolina Data Challenge 2026\Graduate_Dataset\all_sources\028_FDX\fin24d3.4.csv.gz","294"
"D:\胡溪筼\Documents\2026-7Fall\Carolina Data Challenge 2026\Graduate_Dataset\all_sources\028_FDX\fin24d3.5.csv.gz","300"
"D:\胡溪筼\Documents\2026-7Fall\Carolina Data Challenge 2026\Graduate_Dataset\all_sources\028_FDX\fin24d3.6.csv.gz","299"
"D:\胡溪筼\Documents\2026-7Fall\Carolina Data Challenge 2026\Graduate_Dataset\all_sources\028_FDX\fin24d3.7.csv.gz","296"
"D:\胡溪筼\Documents\2026-7Fall\Carolina Data Challenge 2026\Graduate_Dataset\all_sources\028_FDX\fin24d3.8.csv.gz","297"
"D:\胡溪筼\Documents\2026-7Fall\Carolina Data Challenge 2026\Graduate_Dataset\all_sources\028_FDX\fin24d3.9.csv.gz","296"
"D:\胡溪筼\Documents\2026-7Fall\Carolina Data Challenge 2026\Graduate_Dataset\all_sources\028_FDX\fin24d3.csv.gz","2350"
"D:\胡溪筼\Documents\2026-7Fall\Carolina Data Challenge 2026\Graduate_Dataset\all_sources\028_FDX\fin24fam.1.csv.gz","4562"
"D:\胡溪筼\Documents\2026-7Fall\Carolina Data Challenge 2026\Graduate_Dataset\all_sources\028_FDX\fin24fam.10.csv.gz","2349"
"D:\胡溪筼\Documents\2026-7Fall\Carolina Data Challenge 2026\Graduate_Dataset\all_sources\028_FDX\fin24fam.11.csv.gz","4526"
"D:\胡溪筼\Documents\2026-7Fall\Carolina Data Challenge 2026\Graduate_Dataset\all_sources\028_FDX\fin24fam.12.csv.gz","4519"
"D:\胡溪筼\Documents\2026-7Fall\Carolina Data Challenge 2026\Graduate_Dataset\all_sources\028_FDX\fin24fam.2.csv.gz","4564"
"D:\胡溪筼\Documents\2026-7Fall\Carolina Data Challenge 2026\Graduate_Dataset\all_sources\028_FDX\fin24fam.3.csv.gz","4549"
"D:\胡溪筼\Documents\2026-7Fall\Carolina Data Challenge 2026\Graduate_Dataset\all_sources\028_FDX\fin24fam.4.csv.gz","4550"
"D:\胡溪筼\Documents\2026-7Fall\Carolina Data Challenge 2026\Graduate_Dataset\all_sources\028_FDX\fin24fam.5.csv.gz","4540"
"D:\胡溪筼\Documents\2026-7Fall\Carolina Data Challenge 2026\Graduate_Dataset\all_sources\028_FDX\fin24fam.6.csv.gz","4568"
"D:\胡溪筼\Documents\2026-7Fall\Carolina Data Challenge 2026\Graduate_Dataset\all_sources\028_FDX\fin24fam.7.csv.gz","4532"
"D:\胡溪筼\Documents\2026-7Fall\Carolina Data Challenge 2026\Graduate_Dataset\all_sources\028_FDX\fin24fam.8.csv.gz","4537"
"D:\胡溪筼\Documents\2026-7Fall\Carolina Data Challenge 2026\Graduate_Dataset\all_sources\028_FDX\fin24fam.9.csv.gz","2371"
"D:\胡溪筼\Documents\2026-7Fall\Carolina Data Challenge 2026\Graduate_Dataset\all_sources\028_FDX\fin24fam.csv.gz","4608"
"D:\胡溪筼\Documents\2026-7Fall\Carolina Data Challenge 2026\Graduate_Dataset\all_sources\028_FDX\fin24fam_SD_ND.1.csv.gz","4196"
"D:\胡溪筼\Documents\2026-7Fall\Carolina Data Challenge 2026\Graduate_Dataset\all_sources\028_FDX\fin24fam_SD_ND.10.csv.gz","2257"
"D:\胡溪筼\Documents\2026-7Fall\Carolina Data Challenge 2026\Graduate_Dataset\all_sources\028_FDX\fin24fam_SD_ND.11.csv.gz","4201"
"D:\胡溪筼\Documents\2026-7Fall\Carolina Data Challenge 2026\Graduate_Dataset\all_sources\028_FDX\fin24fam_SD_ND.12.csv.gz","4176"
"D:\胡溪筼\Documents\2026-7Fall\Carolina Data Challenge 2026\Graduate_Dataset\all_sources\028_FDX\fin24fam_SD_ND.2.csv.gz","4205"
"D:\胡溪筼\Documents\2026-7Fall\Carolina Data Challenge 2026\Graduate_Dataset\all_sources\028_FDX\fin24fam_SD_ND.3.csv.gz","4231"
"D:\胡溪筼\Documents\2026-7Fall\Carolina Data Challenge 2026\Graduate_Dataset\all_sources\028_FDX\fin24fam_SD_ND.4.csv.gz","4223"
"D:\胡溪筼\Documents\2026-7Fall\Carolina Data Challenge 2026\Graduate_Dataset\all_sources\028_FDX\fin24fam_SD_ND.5.csv.gz","4223"
"D:\胡溪筼\Documents\2026-7Fall\Carolina Data Challenge 2026\Graduate_Dataset\all_sources\028_FDX\fin24fam_SD_ND.6.csv.gz","4220"
"D:\胡溪筼\Documents\2026-7Fall\Carolina Data Challenge 2026\Graduate_Dataset\all_sources\028_FDX\fin24fam_SD_ND.7.csv.gz","4196"
"D:\胡溪筼\Documents\2026-7Fall\Carolina Data Challenge 2026\Graduate_Dataset\all_sources\028_FDX\fin24fam_SD_ND.8.csv.gz","4184"
"D:\胡溪筼\Documents\2026-7Fall\Carolina Data Challenge 2026\Graduate_Dataset\all_sources\028_FDX\fin24fam_SD_ND.9.csv.gz","2247"
"D:\胡溪筼\Documents\2026-7Fall\Carolina Data Challenge 2026\Graduate_Dataset\all_sources\028_FDX\fin24fam_SD_ND.csv.gz","4617"
"D:\胡溪筼\Documents\2026-7Fall\Carolina Data Challenge 2026\Graduate_Dataset\all_sources\028_FDX\fin24fam_VD.1.csv.gz","3371"
"D:\胡溪筼\Documents\2026-7Fall\Carolina Data Challenge 2026\Graduate_Dataset\all_sources\028_FDX\fin24fam_VD.10.csv.gz","1990"
"D:\胡溪筼\Documents\2026-7Fall\Carolina Data Challenge 2026\Graduate_Dataset\all_sources\028_FDX\fin24fam_VD.11.csv.gz","3376"
"D:\胡溪筼\Documents\2026-7Fall\Carolina Data Challenge 2026\Graduate_Dataset\all_sources\028_FDX\fin24fam_VD.12.csv.gz","3371"
"D:\胡溪筼\Documents\2026-7Fall\Carolina Data Challenge 2026\Graduate_Dataset\all_sources\028_FDX\fin24fam_VD.2.csv.gz","3348"
"D:\胡溪筼\Documents\2026-7Fall\Carolina Data Challenge 2026\Graduate_Dataset\all_sources\028_FDX\fin24fam_VD.3.csv.gz","3369"
"D:\胡溪筼\Documents\2026-7Fall\Carolina Data Challenge 2026\Graduate_Dataset\all_sources\028_FDX\fin24fam_VD.4.csv.gz","3350"
"D:\胡溪筼\Documents\2026-7Fall\Carolina Data Challenge 2026\Graduate_Dataset\all_sources\028_FDX\fin24fam_VD.5.csv.gz","3384"
"D:\胡溪筼\Documents\2026-7Fall\Carolina Data Challenge 2026\Graduate_Dataset\all_sources\028_FDX\fin24fam_VD.6.csv.gz","3350"
"D:\胡溪筼\Documents\2026-7Fall\Carolina Data Challenge 2026\Graduate_Dataset\all_sources\028_FDX\fin24fam_VD.7.csv.gz","3352"
"D:\胡溪筼\Documents\2026-7Fall\Carolina Data Challenge 2026\Graduate_Dataset\all_sources\028_FDX\fin24fam_VD.8.csv.gz","3360"
"D:\胡溪筼\Documents\2026-7Fall\Carolina Data Challenge 2026\Graduate_Dataset\all_sources\028_FDX\fin24fam_VD.9.csv.gz","2024"
"D:\胡溪筼\Documents\2026-7Fall\Carolina Data Challenge 2026\Graduate_Dataset\all_sources\028_FDX\fin24fam_VD.csv.gz","4591"
"D:\胡溪筼\Documents\2026-7Fall\Carolina Data Challenge 2026\Graduate_Dataset\all_sources\028_FDX\fin24other.csv.gz","4597"
"D:\胡溪筼\Documents\2026-7Fall\Carolina Data Challenge 2026\Graduate_Dataset\all_sources\028_FDX\fin24other_SD_ND.csv.gz","4576"
"D:\胡溪筼\Documents\2026-7Fall\Carolina Data Challenge 2026\Graduate_Dataset\all_sources\028_FDX\fin24other_VD.csv.gz","4507"
"D:\胡溪筼\Documents\2026-7Fall\Carolina Data Challenge 2026\Graduate_Dataset\all_sources\028_FDX\fin24sav.1.csv.gz","3737"
"D:\胡溪筼\Documents\2026-7Fall\Carolina Data Challenge 2026\Graduate_Dataset\all_sources\028_FDX\fin24sav.10.csv.gz","1894"
"D:\胡溪筼\Documents\2026-7Fall\Carolina Data Challenge 2026\Graduate_Dataset\all_sources\028_FDX\fin24sav.11.csv.gz","3722"
"D:\胡溪筼\Documents\2026-7Fall\Carolina Data Challenge 2026\Graduate_Dataset\all_sources\028_FDX\fin24sav.12.csv.gz","3704"
"D:\胡溪筼\Documents\2026-7Fall\Carolina Data Challenge 2026\Graduate_Dataset\all_sources\028_FDX\fin24sav.2.csv.gz","3735"
"D:\胡溪筼\Documents\2026-7Fall\Carolina Data Challenge 2026\Graduate_Dataset\all_sources\028_FDX\fin24sav.3.csv.gz","3736"
"D:\胡溪筼\Documents\2026-7Fall\Carolina Data Challenge 2026\Graduate_Dataset\all_sources\028_FDX\fin24sav.4.csv.gz","3732"
"D:\胡溪筼\Documents\2026-7Fall\Carolina Data Challenge 2026\Graduate_Dataset\all_sources\028_FDX\fin24sav.5.csv.gz","3760"
"D:\胡溪筼\Documents\2026-7Fall\Carolina Data Challenge 2026\Graduate_Dataset\all_sources\028_FDX\fin24sav.6.csv.gz","3730"
"D:\胡溪筼\Documents\2026-7Fall\Carolina Data Challenge 2026\Graduate_Dataset\all_sources\028_FDX\fin24sav.7.csv.gz","3747"
"D:\胡溪筼\Documents\2026-7Fall\Carolina Data Challenge 2026\Graduate_Dataset\all_sources\028_FDX\fin24sav.8.csv.gz","3738"
"D:\胡溪筼\Documents\2026-7Fall\Carolina Data Challenge 2026\Graduate_Dataset\all_sources\028_FDX\fin24sav.9.csv.gz","1883"
"D:\胡溪筼\Documents\2026-7Fall\Carolina Data Challenge 2026\Graduate_Dataset\all_sources\028_FDX\fin24sav.csv.gz","4635"
"D:\胡溪筼\Documents\2026-7Fall\Carolina Data Challenge 2026\Graduate_Dataset\all_sources\028_FDX\fin24sav_SD_ND.1.csv.gz","2934"
"D:\胡溪筼\Documents\2026-7Fall\Carolina Data Challenge 2026\Graduate_Dataset\all_sources\028_FDX\fin24sav_SD_ND.10.csv.gz","1463"
"D:\胡溪筼\Documents\2026-7Fall\Carolina Data Challenge 2026\Graduate_Dataset\all_sources\028_FDX\fin24sav_SD_ND.11.csv.gz","2919"
"D:\胡溪筼\Documents\2026-7Fall\Carolina Data Challenge 2026\Graduate_Dataset\all_sources\028_FDX\fin24sav_SD_ND.12.csv.gz","2902"
"D:\胡溪筼\Documents\2026-7Fall\Carolina Data Challenge 2026\Graduate_Dataset\all_sources\028_FDX\fin24sav_SD_ND.2.csv.gz","2902"
"D:\胡溪筼\Documents\2026-7Fall\Carolina Data Challenge 2026\Graduate_Dataset\all_sources\028_FDX\fin24sav_SD_ND.3.csv.gz","2943"
"D:\胡溪筼\Documents\2026-7Fall\Carolina Data Challenge 2026\Graduate_Dataset\all_sources\028_FDX\fin24sav_SD_ND.4.csv.gz","2931"
"D:\胡溪筼\Documents\2026-7Fall\Carolina Data Challenge 2026\Graduate_Dataset\all_sources\028_FDX\fin24sav_SD_ND.5.csv.gz","2922"
"D:\胡溪筼\Documents\2026-7Fall\Carolina Data Challenge 2026\Graduate_Dataset\all_sources\028_FDX\fin24sav_SD_ND.6.csv.gz","2936"
"D:\胡溪筼\Documents\2026-7Fall\Carolina Data Challenge 2026\Graduate_Dataset\all_sources\028_FDX\fin24sav_SD_ND.7.csv.gz","2939"
"D:\胡溪筼\Documents\2026-7Fall\Carolina Data Challenge 2026\Graduate_Dataset\all_sources\028_FDX\fin24sav_SD_ND.8.csv.gz","2923"
"D:\胡溪筼\Documents\2026-7Fall\Carolina Data Challenge 2026\Graduate_Dataset\all_sources\028_FDX\fin24sav_SD_ND.9.csv.gz","1467"
"D:\胡溪筼\Documents\2026-7Fall\Carolina Data Challenge 2026\Graduate_Dataset\all_sources\028_FDX\fin24sav_SD_ND.csv.gz","4658"
"D:\胡溪筼\Documents\2026-7Fall\Carolina Data Challenge 2026\Graduate_Dataset\all_sources\028_FDX\fin24sav_VD.1.csv.gz","221"
"D:\胡溪筼\Documents\2026-7Fall\Carolina Data Challenge 2026\Graduate_Dataset\all_sources\028_FDX\fin24sav_VD.10.csv.gz","182"
"D:\胡溪筼\Documents\2026-7Fall\Carolina Data Challenge 2026\Graduate_Dataset\all_sources\028_FDX\fin24sav_VD.11.csv.gz","222"
"D:\胡溪筼\Documents\2026-7Fall\Carolina Data Challenge 2026\Graduate_Dataset\all_sources\028_FDX\fin24sav_VD.12.csv.gz","225"
"D:\胡溪筼\Documents\2026-7Fall\Carolina Data Challenge 2026\Graduate_Dataset\all_sources\028_FDX\fin24sav_VD.2.csv.gz","221"
"D:\胡溪筼\Documents\2026-7Fall\Carolina Data Challenge 2026\Graduate_Dataset\all_sources\028_FDX\fin24sav_VD.3.csv.gz","220"
"D:\胡溪筼\Documents\2026-7Fall\Carolina Data Challenge 2026\Graduate_Dataset\all_sources\028_FDX\fin24sav_VD.4.csv.gz","222"
"D:\胡溪筼\Documents\2026-7Fall\Carolina Data Challenge 2026\Graduate_Dataset\all_sources\028_FDX\fin24sav_VD.5.csv.gz","221"
"D:\胡溪筼\Documents\2026-7Fall\Carolina Data Challenge 2026\Graduate_Dataset\all_sources\028_FDX\fin24sav_VD.6.csv.gz","220"
"D:\胡溪筼\Documents\2026-7Fall\Carolina Data Challenge 2026\Graduate_Dataset\all_sources\028_FDX\fin24sav_VD.7.csv.gz","221"
"D:\胡溪筼\Documents\2026-7Fall\Carolina Data Challenge 2026\Graduate_Dataset\all_sources\028_FDX\fin24sav_VD.8.csv.gz","222"
"D:\胡溪筼\Documents\2026-7Fall\Carolina Data Challenge 2026\Graduate_Dataset\all_sources\028_FDX\fin24sav_VD.9.csv.gz","181"
"D:\胡溪筼\Documents\2026-7Fall\Carolina Data Challenge 2026\Graduate_Dataset\all_sources\028_FDX\fin24sav_VD.csv.gz","4613"
"D:\胡溪筼\Documents\2026-7Fall\Carolina Data Challenge 2026\Graduate_Dataset\all_sources\028_FDX\fin24sell.1.csv.gz","1527"
"D:\胡溪筼\Documents\2026-7Fall\Carolina Data Challenge 2026\Graduate_Dataset\all_sources\028_FDX\fin24sell.10.csv.gz","1187"
"D:\胡溪筼\Documents\2026-7Fall\Carolina Data Challenge 2026\Graduate_Dataset\all_sources\028_FDX\fin24sell.11.csv.gz","1524"
"D:\胡溪筼\Documents\2026-7Fall\Carolina Data Challenge 2026\Graduate_Dataset\all_sources\028_FDX\fin24sell.12.csv.gz","1536"
"D:\胡溪筼\Documents\2026-7Fall\Carolina Data Challenge 2026\Graduate_Dataset\all_sources\028_FDX\fin24sell.2.csv.gz","1536"
"D:\胡溪筼\Documents\2026-7Fall\Carolina Data Challenge 2026\Graduate_Dataset\all_sources\028_FDX\fin24sell.3.csv.gz","1532"
"D:\胡溪筼\Documents\2026-7Fall\Carolina Data Challenge 2026\Graduate_Dataset\all_sources\028_FDX\fin24sell.4.csv.gz","1535"
"D:\胡溪筼\Documents\2026-7Fall\Carolina Data Challenge 2026\Graduate_Dataset\all_sources\028_FDX\fin24sell.5.csv.gz","1532"
"D:\胡溪筼\Documents\2026-7Fall\Carolina Data Challenge 2026\Graduate_Dataset\all_sources\028_FDX\fin24sell.6.csv.gz","1531"
"D:\胡溪筼\Documents\2026-7Fall\Carolina Data Challenge 2026\Graduate_Dataset\all_sources\028_FDX\fin24sell.7.csv.gz","1518"
"D:\胡溪筼\Documents\2026-7Fall\Carolina Data Challenge 2026\Graduate_Dataset\all_sources\028_FDX\fin24sell.8.csv.gz","1517"
"D:\胡溪筼\Documents\2026-7Fall\Carolina Data Challenge 2026\Graduate_Dataset\all_sources\028_FDX\fin24sell.9.csv.gz","1203"
"D:\胡溪筼\Documents\2026-7Fall\Carolina Data Challenge 2026\Graduate_Dataset\all_sources\028_FDX\fin24sell.csv.gz","4624"
"D:\胡溪筼\Documents\2026-7Fall\Carolina Data Challenge 2026\Graduate_Dataset\all_sources\028_FDX\fin24sell_SD_ND.1.csv.gz","372"
"D:\胡溪筼\Documents\2026-7Fall\Carolina Data Challenge 2026\Graduate_Dataset\all_sources\028_FDX\fin24sell_SD_ND.10.csv.gz","356"
"D:\胡溪筼\Documents\2026-7Fall\Carolina Data Challenge 2026\Graduate_Dataset\all_sources\028_FDX\fin24sell_SD_ND.11.csv.gz","375"
"D:\胡溪筼\Documents\2026-7Fall\Carolina Data Challenge 2026\Graduate_Dataset\all_sources\028_FDX\fin24sell_SD_ND.12.csv.gz","373"
"D:\胡溪筼\Documents\2026-7Fall\Carolina Data Challenge 2026\Graduate_Dataset\all_sources\028_FDX\fin24sell_SD_ND.2.csv.gz","370"
"D:\胡溪筼\Documents\2026-7Fall\Carolina Data Challenge 2026\Graduate_Dataset\all_sources\028_FDX\fin24sell_SD_ND.3.csv.gz","376"
"D:\胡溪筼\Documents\2026-7Fall\Carolina Data Challenge 2026\Graduate_Dataset\all_sources\028_FDX\fin24sell_SD_ND.4.csv.gz","372"
"D:\胡溪筼\Documents\2026-7Fall\Carolina Data Challenge 2026\Graduate_Dataset\all_sources\028_FDX\fin24sell_SD_ND.5.csv.gz","372"
"D:\胡溪筼\Documents\2026-7Fall\Carolina Data Challenge 2026\Graduate_Dataset\all_sources\028_FDX\fin24sell_SD_ND.6.csv.gz","370"
"D:\胡溪筼\Documents\2026-7Fall\Carolina Data Challenge 2026\Graduate_Dataset\all_sources\028_FDX\fin24sell_SD_ND.7.csv.gz","371"
"D:\胡溪筼\Documents\2026-7Fall\Carolina Data Challenge 2026\Graduate_Dataset\all_sources\028_FDX\fin24sell_SD_ND.8.csv.gz","368"
"D:\胡溪筼\Documents\2026-7Fall\Carolina Data Challenge 2026\Graduate_Dataset\all_sources\028_FDX\fin24sell_SD_ND.9.csv.gz","346"
"D:\胡溪筼\Documents\2026-7Fall\Carolina Data Challenge 2026\Graduate_Dataset\all_sources\028_FDX\fin24sell_SD_ND.csv.gz","4632"
"D:\胡溪筼\Documents\2026-7Fall\Carolina Data Challenge 2026\Graduate_Dataset\all_sources\028_FDX\fin24sell_VD.1.csv.gz","696"
"D:\胡溪筼\Documents\2026-7Fall\Carolina Data Challenge 2026\Graduate_Dataset\all_sources\028_FDX\fin24sell_VD.10.csv.gz","544"
"D:\胡溪筼\Documents\2026-7Fall\Carolina Data Challenge 2026\Graduate_Dataset\all_sources\028_FDX\fin24sell_VD.11.csv.gz","701"
"D:\胡溪筼\Documents\2026-7Fall\Carolina Data Challenge 2026\Graduate_Dataset\all_sources\028_FDX\fin24sell_VD.12.csv.gz","701"
"D:\胡溪筼\Documents\2026-7Fall\Carolina Data Challenge 2026\Graduate_Dataset\all_sources\028_FDX\fin24sell_VD.2.csv.gz","694"
"D:\胡溪筼\Documents\2026-7Fall\Carolina Data Challenge 2026\Graduate_Dataset\all_sources\028_FDX\fin24sell_VD.3.csv.gz","698"
"D:\胡溪筼\Documents\2026-7Fall\Carolina Data Challenge 2026\Graduate_Dataset\all_sources\028_FDX\fin24sell_VD.4.csv.gz","692"
"D:\胡溪筼\Documents\2026-7Fall\Carolina Data Challenge 2026\Graduate_Dataset\all_sources\028_FDX\fin24sell_VD.5.csv.gz","697"
"D:\胡溪筼\Documents\2026-7Fall\Carolina Data Challenge 2026\Graduate_Dataset\all_sources\028_FDX\fin24sell_VD.6.csv.gz","707"
"D:\胡溪筼\Documents\2026-7Fall\Carolina Data Challenge 2026\Graduate_Dataset\all_sources\028_FDX\fin24sell_VD.7.csv.gz","706"
"D:\胡溪筼\Documents\2026-7Fall\Carolina Data Challenge 2026\Graduate_Dataset\all_sources\028_FDX\fin24sell_VD.8.csv.gz","706"
"D:\胡溪筼\Documents\2026-7Fall\Carolina Data Challenge 2026\Graduate_Dataset\all_sources\028_FDX\fin24sell_VD.9.csv.gz","543"
"D:\胡溪筼\Documents\2026-7Fall\Carolina Data Challenge 2026\Graduate_Dataset\all_sources\028_FDX\fin24sell_VD.csv.gz","4607"
"D:\胡溪筼\Documents\2026-7Fall\Carolina Data Challenge 2026\Graduate_Dataset\all_sources\028_FDX\fin24work.1.csv.gz","3773"
"D:\胡溪筼\Documents\2026-7Fall\Carolina Data Challenge 2026\Graduate_Dataset\all_sources\028_FDX\fin24work.10.csv.gz","1988"
"D:\胡溪筼\Documents\2026-7Fall\Carolina Data Challenge 2026\Graduate_Dataset\all_sources\028_FDX\fin24work.11.csv.gz","3766"
"D:\胡溪筼\Documents\2026-7Fall\Carolina Data Challenge 2026\Graduate_Dataset\all_sources\028_FDX\fin24work.12.csv.gz","3737"
"D:\胡溪筼\Documents\2026-7Fall\Carolina Data Challenge 2026\Graduate_Dataset\all_sources\028_FDX\fin24work.2.csv.gz","3748"
"D:\胡溪筼\Documents\2026-7Fall\Carolina Data Challenge 2026\Graduate_Dataset\all_sources\028_FDX\fin24work.3.csv.gz","3774"
"D:\胡溪筼\Documents\2026-7Fall\Carolina Data Challenge 2026\Graduate_Dataset\all_sources\028_FDX\fin24work.4.csv.gz","3737"
"D:\胡溪筼\Documents\2026-7Fall\Carolina Data Challenge 2026\Graduate_Dataset\all_sources\028_FDX\fin24work.5.csv.gz","3763"
"D:\胡溪筼\Documents\2026-7Fall\Carolina Data Challenge 2026\Graduate_Dataset\all_sources\028_FDX\fin24work.6.csv.gz","3732"
"D:\胡溪筼\Documents\2026-7Fall\Carolina Data Challenge 2026\Graduate_Dataset\all_sources\028_FDX\fin24work.7.csv.gz","3760"
"D:\胡溪筼\Documents\2026-7Fall\Carolina Data Challenge 2026\Graduate_Dataset\all_sources\028_FDX\fin24work.8.csv.gz","3726"
"D:\胡溪筼\Documents\2026-7Fall\Carolina Data Challenge 2026\Graduate_Dataset\all_sources\028_FDX\fin24work.9.csv.gz","1999"
"D:\胡溪筼\Documents\2026-7Fall\Carolina Data Challenge 2026\Graduate_Dataset\all_sources\028_FDX\fin24work.csv.gz","4607"
"D:\胡溪筼\Documents\2026-7Fall\Carolina Data Challenge 2026\Graduate_Dataset\all_sources\028_FDX\fin24work_SD_ND.1.csv.gz","2617"
"D:\胡溪筼\Documents\2026-7Fall\Carolina Data Challenge 2026\Graduate_Dataset\all_sources\028_FDX\fin24work_SD_ND.10.csv.gz","1382"
"D:\胡溪筼\Documents\2026-7Fall\Carolina Data Challenge 2026\Graduate_Dataset\all_sources\028_FDX\fin24work_SD_ND.11.csv.gz","2602"
"D:\胡溪筼\Documents\2026-7Fall\Carolina Data Challenge 2026\Graduate_Dataset\all_sources\028_FDX\fin24work_SD_ND.12.csv.gz","2572"
"D:\胡溪筼\Documents\2026-7Fall\Carolina Data Challenge 2026\Graduate_Dataset\all_sources\028_FDX\fin24work_SD_ND.2.csv.gz","2595"
"D:\胡溪筼\Documents\2026-7Fall\Carolina Data Challenge 2026\Graduate_Dataset\all_sources\028_FDX\fin24work_SD_ND.3.csv.gz","2621"
"D:\胡溪筼\Documents\2026-7Fall\Carolina Data Challenge 2026\Graduate_Dataset\all_sources\028_FDX\fin24work_SD_ND.4.csv.gz","2596"
"D:\胡溪筼\Documents\2026-7Fall\Carolina Data Challenge 2026\Graduate_Dataset\all_sources\028_FDX\fin24work_SD_ND.5.csv.gz","2568"
"D:\胡溪筼\Documents\2026-7Fall\Carolina Data Challenge 2026\Graduate_Dataset\all_sources\028_FDX\fin24work_SD_ND.6.csv.gz","2585"
"D:\胡溪筼\Documents\2026-7Fall\Carolina Data Challenge 2026\Graduate_Dataset\all_sources\028_FDX\fin24work_SD_ND.7.csv.gz","2620"
"D:\胡溪筼\Documents\2026-7Fall\Carolina Data Challenge 2026\Graduate_Dataset\all_sources\028_FDX\fin24work_SD_ND.8.csv.gz","2600"
"D:\胡溪筼\Documents\2026-7Fall\Carolina Data Challenge 2026\Graduate_Dataset\all_sources\028_FDX\fin24work_SD_ND.9.csv.gz","1369"
"D:\胡溪筼\Documents\2026-7Fall\Carolina Data Challenge 2026\Graduate_Dataset\all_sources\028_FDX\fin24work_SD_ND.csv.gz","4628"
"D:\胡溪筼\Documents\2026-7Fall\Carolina Data Challenge 2026\Graduate_Dataset\all_sources\028_FDX\fin24work_VD.1.csv.gz","694"
"D:\胡溪筼\Documents\2026-7Fall\Carolina Data Challenge 2026\Graduate_Dataset\all_sources\028_FDX\fin24work_VD.10.csv.gz","428"
"D:\胡溪筼\Documents\2026-7Fall\Carolina Data Challenge 2026\Graduate_Dataset\all_sources\028_FDX\fin24work_VD.11.csv.gz","692"
"D:\胡溪筼\Documents\2026-7Fall\Carolina Data Challenge 2026\Graduate_Dataset\all_sources\028_FDX\fin24work_VD.12.csv.gz","694"
"D:\胡溪筼\Documents\2026-7Fall\Carolina Data Challenge 2026\Graduate_Dataset\all_sources\028_FDX\fin24work_VD.2.csv.gz","696"
"D:\胡溪筼\Documents\2026-7Fall\Carolina Data Challenge 2026\Graduate_Dataset\all_sources\028_FDX\fin24work_VD.3.csv.gz","694"
"D:\胡溪筼\Documents\2026-7Fall\Carolina Data Challenge 2026\Graduate_Dataset\all_sources\028_FDX\fin24work_VD.4.csv.gz","691"
"D:\胡溪筼\Documents\2026-7Fall\Carolina Data Challenge 2026\Graduate_Dataset\all_sources\028_FDX\fin24work_VD.5.csv.gz","691"
"D:\胡溪筼\Documents\2026-7Fall\Carolina Data Challenge 2026\Graduate_Dataset\all_sources\028_FDX\fin24work_VD.6.csv.gz","697"
"D:\胡溪筼\Documents\2026-7Fall\Carolina Data Challenge 2026\Graduate_Dataset\all_sources\028_FDX\fin24work_VD.7.csv.gz","696"
"D:\胡溪筼\Documents\2026-7Fall\Carolina Data Challenge 2026\Graduate_Dataset\all_sources\028_FDX\fin24work_VD.8.csv.gz","701"
"D:\胡溪筼\Documents\2026-7Fall\Carolina Data Challenge 2026\Graduate_Dataset\all_sources\028_FDX\fin24work_VD.9.csv.gz","427"
"D:\胡溪筼\Documents\2026-7Fall\Carolina Data Challenge 2026\Graduate_Dataset\all_sources\028_FDX\fin24work_VD.csv.gz","4620"
"D:\胡溪筼\Documents\2026-7Fall\Carolina Data Challenge 2026\Graduate_Dataset\all_sources\028_FDX\fin25e1.1.csv.gz","1438"
"D:\胡溪筼\Documents\2026-7Fall\Carolina Data Challenge 2026\Graduate_Dataset\all_sources\028_FDX\fin25e1.10.csv.gz","1419"
"D:\胡溪筼\Documents\2026-7Fall\Carolina Data Challenge 2026\Graduate_Dataset\all_sources\028_FDX\fin25e1.11.csv.gz","1445"
"D:\胡溪筼\Documents\2026-7Fall\Carolina Data Challenge 2026\Graduate_Dataset\all_sources\028_FDX\fin25e1.12.csv.gz","1441"
"D:\胡溪筼\Documents\2026-7Fall\Carolina Data Challenge 2026\Graduate_Dataset\all_sources\028_FDX\fin25e1.2.csv.gz","1440"
"D:\胡溪筼\Documents\2026-7Fall\Carolina Data Challenge 2026\Graduate_Dataset\all_sources\028_FDX\fin25e1.3.csv.gz","1433"
"D:\胡溪筼\Documents\2026-7Fall\Carolina Data Challenge 2026\Graduate_Dataset\all_sources\028_FDX\fin25e1.4.csv.gz","1434"
"D:\胡溪筼\Documents\2026-7Fall\Carolina Data Challenge 2026\Graduate_Dataset\all_sources\028_FDX\fin25e1.5.csv.gz","1422"
"D:\胡溪筼\Documents\2026-7Fall\Carolina Data Challenge 2026\Graduate_Dataset\all_sources\028_FDX\fin25e1.6.csv.gz","1433"
"D:\胡溪筼\Documents\2026-7Fall\Carolina Data Challenge 2026\Graduate_Dataset\all_sources\028_FDX\fin25e1.7.csv.gz","1412"
"D:\胡溪筼\Documents\2026-7Fall\Carolina Data Challenge 2026\Graduate_Dataset\all_sources\028_FDX\fin25e1.8.csv.gz","1413"
"D:\胡溪筼\Documents\2026-7Fall\Carolina Data Challenge 2026\Graduate_Dataset\all_sources\028_FDX\fin25e1.9.csv.gz","1440"
"D:\胡溪筼\Documents\2026-7Fall\Carolina Data Challenge 2026\Graduate_Dataset\all_sources\028_FDX\fin25e1.csv.gz","2225"
"D:\胡溪筼\Documents\2026-7Fall\Carolina Data Challenge 2026\Graduate_Dataset\all_sources\028_FDX\fin25e2.1.csv.gz","2583"
"D:\胡溪筼\Documents\2026-7Fall\Carolina Data Challenge 2026\Graduate_Dataset\all_sources\028_FDX\fin25e2.10.csv.gz","1751"
"D:\胡溪筼\Documents\2026-7Fall\Carolina Data Challenge 2026\Graduate_Dataset\all_sources\028_FDX\fin25e2.11.csv.gz","2557"
"D:\胡溪筼\Documents\2026-7Fall\Carolina Data Challenge 2026\Graduate_Dataset\all_sources\028_FDX\fin25e2.12.csv.gz","2575"
"D:\胡溪筼\Documents\2026-7Fall\Carolina Data Challenge 2026\Graduate_Dataset\all_sources\028_FDX\fin25e2.2.csv.gz","2590"
"D:\胡溪筼\Documents\2026-7Fall\Carolina Data Challenge 2026\Graduate_Dataset\all_sources\028_FDX\fin25e2.3.csv.gz","2576"
"D:\胡溪筼\Documents\2026-7Fall\Carolina Data Challenge 2026\Graduate_Dataset\all_sources\028_FDX\fin25e2.4.csv.gz","2584"
"D:\胡溪筼\Documents\2026-7Fall\Carolina Data Challenge 2026\Graduate_Dataset\all_sources\028_FDX\fin25e2.5.csv.gz","2586"
"D:\胡溪筼\Documents\2026-7Fall\Carolina Data Challenge 2026\Graduate_Dataset\all_sources\028_FDX\fin25e2.6.csv.gz","2577"
"D:\胡溪筼\Documents\2026-7Fall\Carolina Data Challenge 2026\Graduate_Dataset\all_sources\028_FDX\fin25e2.7.csv.gz","2574"
"D:\胡溪筼\Documents\2026-7Fall\Carolina Data Challenge 2026\Graduate_Dataset\all_sources\028_FDX\fin25e2.8.csv.gz","2560"
"D:\胡溪筼\Documents\2026-7Fall\Carolina Data Challenge 2026\Graduate_Dataset\all_sources\028_FDX\fin25e2.9.csv.gz","1773"
"D:\胡溪筼\Documents\2026-7Fall\Carolina Data Challenge 2026\Graduate_Dataset\all_sources\028_FDX\fin25e2.csv.gz","3818"
"D:\胡溪筼\Documents\2026-7Fall\Carolina Data Challenge 2026\Graduate_Dataset\all_sources\028_FDX\fin25e2b.1.csv.gz","3723"
"D:\胡溪筼\Documents\2026-7Fall\Carolina Data Challenge 2026\Graduate_Dataset\all_sources\028_FDX\fin25e2b.10.csv.gz","2326"
"D:\胡溪筼\Documents\2026-7Fall\Carolina Data Challenge 2026\Graduate_Dataset\all_sources\028_FDX\fin25e2b.11.csv.gz","3698"
"D:\胡溪筼\Documents\2026-7Fall\Carolina Data Challenge 2026\Graduate_Dataset\all_sources\028_FDX\fin25e2b.12.csv.gz","3690"
"D:\胡溪筼\Documents\2026-7Fall\Carolina Data Challenge 2026\Graduate_Dataset\all_sources\028_FDX\fin25e2b.2.csv.gz","3705"
"D:\胡溪筼\Documents\2026-7Fall\Carolina Data Challenge 2026\Graduate_Dataset\all_sources\028_FDX\fin25e2b.3.csv.gz","3705"
"D:\胡溪筼\Documents\2026-7Fall\Carolina Data Challenge 2026\Graduate_Dataset\all_sources\028_FDX\fin25e2b.4.csv.gz","3730"
"D:\胡溪筼\Documents\2026-7Fall\Carolina Data Challenge 2026\Graduate_Dataset\all_sources\028_FDX\fin25e2b.5.csv.gz","3728"
"D:\胡溪筼\Documents\2026-7Fall\Carolina Data Challenge 2026\Graduate_Dataset\all_sources\028_FDX\fin25e2b.6.csv.gz","3736"
"D:\胡溪筼\Documents\2026-7Fall\Carolina Data Challenge 2026\Graduate_Dataset\all_sources\028_FDX\fin25e2b.7.csv.gz","3702"
"D:\胡溪筼\Documents\2026-7Fall\Carolina Data Challenge 2026\Graduate_Dataset\all_sources\028_FDX\fin25e2b.8.csv.gz","3710"
"D:\胡溪筼\Documents\2026-7Fall\Carolina Data Challenge 2026\Graduate_Dataset\all_sources\028_FDX\fin25e2b.9.csv.gz","2337"
"D:\胡溪筼\Documents\2026-7Fall\Carolina Data Challenge 2026\Graduate_Dataset\all_sources\028_FDX\fin25e2b.csv.gz","3804"
"D:\胡溪筼\Documents\2026-7Fall\Carolina Data Challenge 2026\Graduate_Dataset\all_sources\028_FDX\fin25e3lm.1.csv.gz","246"
"D:\胡溪筼\Documents\2026-7Fall\Carolina Data Challenge 2026\Graduate_Dataset\all_sources\028_FDX\fin25e3lm.10.csv.gz","247"
"D:\胡溪筼\Documents\2026-7Fall\Carolina Data Challenge 2026\Graduate_Dataset\all_sources\028_FDX\fin25e3lm.11.csv.gz","247"
"D:\胡溪筼\Documents\2026-7Fall\Carolina Data Challenge 2026\Graduate_Dataset\all_sources\028_FDX\fin25e3lm.12.csv.gz","248"
"D:\胡溪筼\Documents\2026-7Fall\Carolina Data Challenge 2026\Graduate_Dataset\all_sources\028_FDX\fin25e3lm.2.csv.gz","247"
"D:\胡溪筼\Documents\2026-7Fall\Carolina Data Challenge 2026\Graduate_Dataset\all_sources\028_FDX\fin25e3lm.3.csv.gz","245"
"D:\胡溪筼\Documents\2026-7Fall\Carolina Data Challenge 2026\Graduate_Dataset\all_sources\028_FDX\fin25e3lm.4.csv.gz","246"
"D:\胡溪筼\Documents\2026-7Fall\Carolina Data Challenge 2026\Graduate_Dataset\all_sources\028_FDX\fin25e3lm.5.csv.gz","248"
"D:\胡溪筼\Documents\2026-7Fall\Carolina Data Challenge 2026\Graduate_Dataset\all_sources\028_FDX\fin25e3lm.6.csv.gz","245"
"D:\胡溪筼\Documents\2026-7Fall\Carolina Data Challenge 2026\Graduate_Dataset\all_sources\028_FDX\fin25e3lm.7.csv.gz","246"
"D:\胡溪筼\Documents\2026-7Fall\Carolina Data Challenge 2026\Graduate_Dataset\all_sources\028_FDX\fin25e3lm.8.csv.gz","246"
"D:\胡溪筼\Documents\2026-7Fall\Carolina Data Challenge 2026\Graduate_Dataset\all_sources\028_FDX\fin25e3lm.9.csv.gz","246"
"D:\胡溪筼\Documents\2026-7Fall\Carolina Data Challenge 2026\Graduate_Dataset\all_sources\028_FDX\fin25e3lm.csv.gz","2370"
"D:\胡溪筼\Documents\2026-7Fall\Carolina Data Challenge 2026\Graduate_Dataset\all_sources\028_FDX\fin25e3m.1.csv.gz","675"
"D:\胡溪筼\Documents\2026-7Fall\Carolina Data Challenge 2026\Graduate_Dataset\all_sources\028_FDX\fin25e3m.10.csv.gz","680"
"D:\胡溪筼\Documents\2026-7Fall\Carolina Data Challenge 2026\Graduate_Dataset\all_sources\028_FDX\fin25e3m.11.csv.gz","667"
"D:\胡溪筼\Documents\2026-7Fall\Carolina Data Challenge 2026\Graduate_Dataset\all_sources\028_FDX\fin25e3m.12.csv.gz","664"
"D:\胡溪筼\Documents\2026-7Fall\Carolina Data Challenge 2026\Graduate_Dataset\all_sources\028_FDX\fin25e3m.2.csv.gz","674"
"D:\胡溪筼\Documents\2026-7Fall\Carolina Data Challenge 2026\Graduate_Dataset\all_sources\028_FDX\fin25e3m.3.csv.gz","680"
"D:\胡溪筼\Documents\2026-7Fall\Carolina Data Challenge 2026\Graduate_Dataset\all_sources\028_FDX\fin25e3m.4.csv.gz","671"
"D:\胡溪筼\Documents\2026-7Fall\Carolina Data Challenge 2026\Graduate_Dataset\all_sources\028_FDX\fin25e3m.5.csv.gz","685"
"D:\胡溪筼\Documents\2026-7Fall\Carolina Data Challenge 2026\Graduate_Dataset\all_sources\028_FDX\fin25e3m.6.csv.gz","682"
"D:\胡溪筼\Documents\2026-7Fall\Carolina Data Challenge 2026\Graduate_Dataset\all_sources\028_FDX\fin25e3m.7.csv.gz","676"
"D:\胡溪筼\Documents\2026-7Fall\Carolina Data Challenge 2026\Graduate_Dataset\all_sources\028_FDX\fin25e3m.8.csv.gz","680"
"D:\胡溪筼\Documents\2026-7Fall\Carolina Data Challenge 2026\Graduate_Dataset\all_sources\028_FDX\fin25e3m.9.csv.gz","679"
"D:\胡溪筼\Documents\2026-7Fall\Carolina Data Challenge 2026\Graduate_Dataset\all_sources\028_FDX\fin25e3m.csv.gz","2371"
"D:\胡溪筼\Documents\2026-7Fall\Carolina Data Challenge 2026\Graduate_Dataset\all_sources\028_FDX\fin25e3m.s.csv.gz","656"
"D:\胡溪筼\Documents\2026-7Fall\Carolina Data Challenge 2026\Graduate_Dataset\all_sources\028_FDX\fin25e3w.1.csv.gz","1146"
"D:\胡溪筼\Documents\2026-7Fall\Carolina Data Challenge 2026\Graduate_Dataset\all_sources\028_FDX\fin25e3w.10.csv.gz","1142"
"D:\胡溪筼\Documents\2026-7Fall\Carolina Data Challenge 2026\Graduate_Dataset\all_sources\028_FDX\fin25e3w.11.csv.gz","1117"
"D:\胡溪筼\Documents\2026-7Fall\Carolina Data Challenge 2026\Graduate_Dataset\all_sources\028_FDX\fin25e3w.12.csv.gz","1124"
"D:\胡溪筼\Documents\2026-7Fall\Carolina Data Challenge 2026\Graduate_Dataset\all_sources\028_FDX\fin25e3w.2.csv.gz","1133"
"D:\胡溪筼\Documents\2026-7Fall\Carolina Data Challenge 2026\Graduate_Dataset\all_sources\028_FDX\fin25e3w.3.csv.gz","1136"
"D:\胡溪筼\Documents\2026-7Fall\Carolina Data Challenge 2026\Graduate_Dataset\all_sources\028_FDX\fin25e3w.4.csv.gz","1140"
"D:\胡溪筼\Documents\2026-7Fall\Carolina Data Challenge 2026\Graduate_Dataset\all_sources\028_FDX\fin25e3w.5.csv.gz","1128"
"D:\胡溪筼\Documents\2026-7Fall\Carolina Data Challenge 2026\Graduate_Dataset\all_sources\028_FDX\fin25e3w.6.csv.gz","1137"
"D:\胡溪筼\Documents\2026-7Fall\Carolina Data Challenge 2026\Graduate_Dataset\all_sources\028_FDX\fin25e3w.7.csv.gz","1144"
"D:\胡溪筼\Documents\2026-7Fall\Carolina Data Challenge 2026\Graduate_Dataset\all_sources\028_FDX\fin25e3w.8.csv.gz","1144"
"D:\胡溪筼\Documents\2026-7Fall\Carolina Data Challenge 2026\Graduate_Dataset\all_sources\028_FDX\fin25e3w.9.csv.gz","1139"
"D:\胡溪筼\Documents\2026-7Fall\Carolina Data Challenge 2026\Graduate_Dataset\all_sources\028_FDX\fin25e3w.csv.gz","2386"
"D:\胡溪筼\Documents\2026-7Fall\Carolina Data Challenge 2026\Graduate_Dataset\all_sources\028_FDX\fin25e3w.s.csv.gz","1103"
"D:\胡溪筼\Documents\2026-7Fall\Carolina Data Challenge 2026\Graduate_Dataset\all_sources\028_FDX\fin25e4a.1.csv.gz","374"
"D:\胡溪筼\Documents\2026-7Fall\Carolina Data Challenge 2026\Graduate_Dataset\all_sources\028_FDX\fin25e4a.10.csv.gz","374"
"D:\胡溪筼\Documents\2026-7Fall\Carolina Data Challenge 2026\Graduate_Dataset\all_sources\028_FDX\fin25e4a.11.csv.gz","371"
"D:\胡溪筼\Documents\2026-7Fall\Carolina Data Challenge 2026\Graduate_Dataset\all_sources\028_FDX\fin25e4a.12.csv.gz","375"
"D:\胡溪筼\Documents\2026-7Fall\Carolina Data Challenge 2026\Graduate_Dataset\all_sources\028_FDX\fin25e4a.2.csv.gz","370"
"D:\胡溪筼\Documents\2026-7Fall\Carolina Data Challenge 2026\Graduate_Dataset\all_sources\028_FDX\fin25e4a.3.csv.gz","373"
"D:\胡溪筼\Documents\2026-7Fall\Carolina Data Challenge 2026\Graduate_Dataset\all_sources\028_FDX\fin25e4a.4.csv.gz","371"
"D:\胡溪筼\Documents\2026-7Fall\Carolina Data Challenge 2026\Graduate_Dataset\all_sources\028_FDX\fin25e4a.5.csv.gz","377"
"D:\胡溪筼\Documents\2026-7Fall\Carolina Data Challenge 2026\Graduate_Dataset\all_sources\028_FDX\fin25e4a.6.csv.gz","372"
"D:\胡溪筼\Documents\2026-7Fall\Carolina Data Challenge 2026\Graduate_Dataset\all_sources\028_FDX\fin25e4a.7.csv.gz","376"
"D:\胡溪筼\Documents\2026-7Fall\Carolina Data Challenge 2026\Graduate_Dataset\all_sources\028_FDX\fin25e4a.8.csv.gz","370"
"D:\胡溪筼\Documents\2026-7Fall\Carolina Data Challenge 2026\Graduate_Dataset\all_sources\028_FDX\fin25e4a.9.csv.gz","373"
"D:\胡溪筼\Documents\2026-7Fall\Carolina Data Challenge 2026\Graduate_Dataset\all_sources\028_FDX\fin25e4a.csv.gz","2223"
"D:\胡溪筼\Documents\2026-7Fall\Carolina Data Challenge 2026\Graduate_Dataset\all_sources\028_FDX\fin25e4b.csv.gz","2198"
"D:\胡溪筼\Documents\2026-7Fall\Carolina Data Challenge 2026\Graduate_Dataset\all_sources\028_FDX\fin25e4c.csv.gz","2188"
"D:\胡溪筼\Documents\2026-7Fall\Carolina Data Challenge 2026\Graduate_Dataset\all_sources\028_FDX\fin25e4d.1.csv.gz","2036"
"D:\胡溪筼\Documents\2026-7Fall\Carolina Data Challenge 2026\Graduate_Dataset\all_sources\028_FDX\fin25e4d.10.csv.gz","2015"
"D:\胡溪筼\Documents\2026-7Fall\Carolina Data Challenge 2026\Graduate_Dataset\all_sources\028_FDX\fin25e4d.11.csv.gz","2041"
"D:\胡溪筼\Documents\2026-7Fall\Carolina Data Challenge 2026\Graduate_Dataset\all_sources\028_FDX\fin25e4d.12.csv.gz","2035"
"D:\胡溪筼\Documents\2026-7Fall\Carolina Data Challenge 2026\Graduate_Dataset\all_sources\028_FDX\fin25e4d.2.csv.gz","2050"
"D:\胡溪筼\Documents\2026-7Fall\Carolina Data Challenge 2026\Graduate_Dataset\all_sources\028_FDX\fin25e4d.3.csv.gz","2052"
"D:\胡溪筼\Documents\2026-7Fall\Carolina Data Challenge 2026\Graduate_Dataset\all_sources\028_FDX\fin25e4d.4.csv.gz","2034"
"D:\胡溪筼\Documents\2026-7Fall\Carolina Data Challenge 2026\Graduate_Dataset\all_sources\028_FDX\fin25e4d.5.csv.gz","2046"
"D:\胡溪筼\Documents\2026-7Fall\Carolina Data Challenge 2026\Graduate_Dataset\all_sources\028_FDX\fin25e4d.6.csv.gz","2044"
"D:\胡溪筼\Documents\2026-7Fall\Carolina Data Challenge 2026\Graduate_Dataset\all_sources\028_FDX\fin25e4d.7.csv.gz","2028"
"D:\胡溪筼\Documents\2026-7Fall\Carolina Data Challenge 2026\Graduate_Dataset\all_sources\028_FDX\fin25e4d.8.csv.gz","2020"
"D:\胡溪筼\Documents\2026-7Fall\Carolina Data Challenge 2026\Graduate_Dataset\all_sources\028_FDX\fin25e4d.9.csv.gz","2034"
"D:\胡溪筼\Documents\2026-7Fall\Carolina Data Challenge 2026\Graduate_Dataset\all_sources\028_FDX\fin25e4d.csv.gz","2225"
"D:\胡溪筼\Documents\2026-7Fall\Carolina Data Challenge 2026\Graduate_Dataset\all_sources\028_FDX\fin25e4e.csv.gz","2222"
"D:\胡溪筼\Documents\2026-7Fall\Carolina Data Challenge 2026\Graduate_Dataset\all_sources\028_FDX\fin26a.1.csv.gz","4622"
"D:\胡溪筼\Documents\2026-7Fall\Carolina Data Challenge 2026\Graduate_Dataset\all_sources\028_FDX\fin26a.10.csv.gz","1768"
"D:\胡溪筼\Documents\2026-7Fall\Carolina Data Challenge 2026\Graduate_Dataset\all_sources\028_FDX\fin26a.11.csv.gz","4549"
"D:\胡溪筼\Documents\2026-7Fall\Carolina Data Challenge 2026\Graduate_Dataset\all_sources\028_FDX\fin26a.12.csv.gz","4555"
"D:\胡溪筼\Documents\2026-7Fall\Carolina Data Challenge 2026\Graduate_Dataset\all_sources\028_FDX\fin26a.2.csv.gz","4580"
"D:\胡溪筼\Documents\2026-7Fall\Carolina Data Challenge 2026\Graduate_Dataset\all_sources\028_FDX\fin26a.3.csv.gz","4596"
"D:\胡溪筼\Documents\2026-7Fall\Carolina Data Challenge 2026\Graduate_Dataset\all_sources\028_FDX\fin26a.4.csv.gz","4607"
"D:\胡溪筼\Documents\2026-7Fall\Carolina Data Challenge 2026\Graduate_Dataset\all_sources\028_FDX\fin26a.5.csv.gz","4593"
"D:\胡溪筼\Documents\2026-7Fall\Carolina Data Challenge 2026\Graduate_Dataset\all_sources\028_FDX\fin26a.6.csv.gz","4599"
"D:\胡溪筼\Documents\2026-7Fall\Carolina Data Challenge 2026\Graduate_Dataset\all_sources\028_FDX\fin26a.7.csv.gz","4603"
"D:\胡溪筼\Documents\2026-7Fall\Carolina Data Challenge 2026\Graduate_Dataset\all_sources\028_FDX\fin26a.8.csv.gz","4572"
"D:\胡溪筼\Documents\2026-7Fall\Carolina Data Challenge 2026\Graduate_Dataset\all_sources\028_FDX\fin26a.9.csv.gz","1789"
"D:\胡溪筼\Documents\2026-7Fall\Carolina Data Challenge 2026\Graduate_Dataset\all_sources\028_FDX\fin26a.csv.gz","6785"
"D:\胡溪筼\Documents\2026-7Fall\Carolina Data Challenge 2026\Graduate_Dataset\all_sources\028_FDX\fin26b.1.csv.gz","3069"
"D:\胡溪筼\Documents\2026-7Fall\Carolina Data Challenge 2026\Graduate_Dataset\all_sources\028_FDX\fin26b.10.csv.gz","1489"
"D:\胡溪筼\Documents\2026-7Fall\Carolina Data Challenge 2026\Graduate_Dataset\all_sources\028_FDX\fin26b.11.csv.gz","3044"
"D:\胡溪筼\Documents\2026-7Fall\Carolina Data Challenge 2026\Graduate_Dataset\all_sources\028_FDX\fin26b.12.csv.gz","3025"
"D:\胡溪筼\Documents\2026-7Fall\Carolina Data Challenge 2026\Graduate_Dataset\all_sources\028_FDX\fin26b.2.csv.gz","3055"
"D:\胡溪筼\Documents\2026-7Fall\Carolina Data Challenge 2026\Graduate_Dataset\all_sources\028_FDX\fin26b.3.csv.gz","3063"
"D:\胡溪筼\Documents\2026-7Fall\Carolina Data Challenge 2026\Graduate_Dataset\all_sources\028_FDX\fin26b.4.csv.gz","3055"
"D:\胡溪筼\Documents\2026-7Fall\Carolina Data Challenge 2026\Graduate_Dataset\all_sources\028_FDX\fin26b.5.csv.gz","3067"
"D:\胡溪筼\Documents\2026-7Fall\Carolina Data Challenge 2026\Graduate_Dataset\all_sources\028_FDX\fin26b.6.csv.gz","3062"
"D:\胡溪筼\Documents\2026-7Fall\Carolina Data Challenge 2026\Graduate_Dataset\all_sources\028_FDX\fin26b.7.csv.gz","3069"
"D:\胡溪筼\Documents\2026-7Fall\Carolina Data Challenge 2026\Graduate_Dataset\all_sources\028_FDX\fin26b.8.csv.gz","3051"
"D:\胡溪筼\Documents\2026-7Fall\Carolina Data Challenge 2026\Graduate_Dataset\all_sources\028_FDX\fin26b.9.csv.gz","1480"
"D:\胡溪筼\Documents\2026-7Fall\Carolina Data Challenge 2026\Graduate_Dataset\all_sources\028_FDX\fin26b.csv.gz","4670"
"D:\胡溪筼\Documents\2026-7Fall\Carolina Data Challenge 2026\Graduate_Dataset\all_sources\028_FDX\fin27a.1.csv.gz","1805"
"D:\胡溪筼\Documents\2026-7Fall\Carolina Data Challenge 2026\Graduate_Dataset\all_sources\028_FDX\fin27a.10.csv.gz","1120"
"D:\胡溪筼\Documents\2026-7Fall\Carolina Data Challenge 2026\Graduate_Dataset\all_sources\028_FDX\fin27a.11.csv.gz","1758"
"D:\胡溪筼\Documents\2026-7Fall\Carolina Data Challenge 2026\Graduate_Dataset\all_sources\028_FDX\fin27a.12.csv.gz","1771"
"D:\胡溪筼\Documents\2026-7Fall\Carolina Data Challenge 2026\Graduate_Dataset\all_sources\028_FDX\fin27a.2.csv.gz","1793"
"D:\胡溪筼\Documents\2026-7Fall\Carolina Data Challenge 2026\Graduate_Dataset\all_sources\028_FDX\fin27a.3.csv.gz","1791"
"D:\胡溪筼\Documents\2026-7Fall\Carolina Data Challenge 2026\Graduate_Dataset\all_sources\028_FDX\fin27a.4.csv.gz","1790"
"D:\胡溪筼\Documents\2026-7Fall\Carolina Data Challenge 2026\Graduate_Dataset\all_sources\028_FDX\fin27a.5.csv.gz","1775"
"D:\胡溪筼\Documents\2026-7Fall\Carolina Data Challenge 2026\Graduate_Dataset\all_sources\028_FDX\fin27a.6.csv.gz","1796"
"D:\胡溪筼\Documents\2026-7Fall\Carolina Data Challenge 2026\Graduate_Dataset\all_sources\028_FDX\fin27a.7.csv.gz","1805"
"D:\胡溪筼\Documents\2026-7Fall\Carolina Data Challenge 2026\Graduate_Dataset\all_sources\028_FDX\fin27a.8.csv.gz","1793"
"D:\胡溪筼\Documents\2026-7Fall\Carolina Data Challenge 2026\Graduate_Dataset\all_sources\028_FDX\fin27a.9.csv.gz","1115"
"D:\胡溪筼\Documents\2026-7Fall\Carolina Data Challenge 2026\Graduate_Dataset\all_sources\028_FDX\fin27a.csv.gz","4394"
"D:\胡溪筼\Documents\2026-7Fall\Carolina Data Challenge 2026\Graduate_Dataset\all_sources\028_FDX\fin27a.s.csv.gz","1759"
"D:\胡溪筼\Documents\2026-7Fall\Carolina Data Challenge 2026\Graduate_Dataset\all_sources\028_FDX\fin27b.1.csv.gz","819"
"D:\胡溪筼\Documents\2026-7Fall\Carolina Data Challenge 2026\Graduate_Dataset\all_sources\028_FDX\fin27b.10.csv.gz","467"
"D:\胡溪筼\Documents\2026-7Fall\Carolina Data Challenge 2026\Graduate_Dataset\all_sources\028_FDX\fin27b.11.csv.gz","820"
"D:\胡溪筼\Documents\2026-7Fall\Carolina Data Challenge 2026\Graduate_Dataset\all_sources\028_FDX\fin27b.12.csv.gz","821"
"D:\胡溪筼\Documents\2026-7Fall\Carolina Data Challenge 2026\Graduate_Dataset\all_sources\028_FDX\fin27b.2.csv.gz","819"
"D:\胡溪筼\Documents\2026-7Fall\Carolina Data Challenge 2026\Graduate_Dataset\all_sources\028_FDX\fin27b.3.csv.gz","827"
"D:\胡溪筼\Documents\2026-7Fall\Carolina Data Challenge 2026\Graduate_Dataset\all_sources\028_FDX\fin27b.4.csv.gz","808"
"D:\胡溪筼\Documents\2026-7Fall\Carolina Data Challenge 2026\Graduate_Dataset\all_sources\028_FDX\fin27b.5.csv.gz","825"
"D:\胡溪筼\Documents\2026-7Fall\Carolina Data Challenge 2026\Graduate_Dataset\all_sources\028_FDX\fin27b.6.csv.gz","820"
"D:\胡溪筼\Documents\2026-7Fall\Carolina Data Challenge 2026\Graduate_Dataset\all_sources\028_FDX\fin27b.7.csv.gz","814"
"D:\胡溪筼\Documents\2026-7Fall\Carolina Data Challenge 2026\Graduate_Dataset\all_sources\028_FDX\fin27b.8.csv.gz","815"
"D:\胡溪筼\Documents\2026-7Fall\Carolina Data Challenge 2026\Graduate_Dataset\all_sources\028_FDX\fin27b.9.csv.gz","476"
"D:\胡溪筼\Documents\2026-7Fall\Carolina Data Challenge 2026\Graduate_Dataset\all_sources\028_FDX\fin27b.csv.gz","4368"
"D:\胡溪筼\Documents\2026-7Fall\Carolina Data Challenge 2026\Graduate_Dataset\all_sources\028_FDX\fin27b.s.csv.gz","830"
"D:\胡溪筼\Documents\2026-7Fall\Carolina Data Challenge 2026\Graduate_Dataset\all_sources\028_FDX\fin28.1.csv.gz","2200"
"D:\胡溪筼\Documents\2026-7Fall\Carolina Data Challenge 2026\Graduate_Dataset\all_sources\028_FDX\fin28.10.csv.gz","1459"
"D:\胡溪筼\Documents\2026-7Fall\Carolina Data Challenge 2026\Graduate_Dataset\all_sources\028_FDX\fin28.11.csv.gz","2179"
"D:\胡溪筼\Documents\2026-7Fall\Carolina Data Challenge 2026\Graduate_Dataset\all_sources\028_FDX\fin28.12.csv.gz","2167"
"D:\胡溪筼\Documents\2026-7Fall\Carolina Data Challenge 2026\Graduate_Dataset\all_sources\028_FDX\fin28.2.csv.gz","2182"
"D:\胡溪筼\Documents\2026-7Fall\Carolina Data Challenge 2026\Graduate_Dataset\all_sources\028_FDX\fin28.29.1.csv.gz","2769"
"D:\胡溪筼\Documents\2026-7Fall\Carolina Data Challenge 2026\Graduate_Dataset\all_sources\028_FDX\fin28.29.10.csv.gz","1819"
"D:\胡溪筼\Documents\2026-7Fall\Carolina Data Challenge 2026\Graduate_Dataset\all_sources\028_FDX\fin28.29.11.csv.gz","2780"
"D:\胡溪筼\Documents\2026-7Fall\Carolina Data Challenge 2026\Graduate_Dataset\all_sources\028_FDX\fin28.29.12.csv.gz","2762"
"D:\胡溪筼\Documents\2026-7Fall\Carolina Data Challenge 2026\Graduate_Dataset\all_sources\028_FDX\fin28.29.2.csv.gz","2778"
"D:\胡溪筼\Documents\2026-7Fall\Carolina Data Challenge 2026\Graduate_Dataset\all_sources\028_FDX\fin28.29.3.csv.gz","2771"
"D:\胡溪筼\Documents\2026-7Fall\Carolina Data Challenge 2026\Graduate_Dataset\all_sources\028_FDX\fin28.29.4.csv.gz","2785"
"D:\胡溪筼\Documents\2026-7Fall\Carolina Data Challenge 2026\Graduate_Dataset\all_sources\028_FDX\fin28.29.5.csv.gz","2780"
"D:\胡溪筼\Documents\2026-7Fall\Carolina Data Challenge 2026\Graduate_Dataset\all_sources\028_FDX\fin28.29.6.csv.gz","2778"
"D:\胡溪筼\Documents\2026-7Fall\Carolina Data Challenge 2026\Graduate_Dataset\all_sources\028_FDX\fin28.29.7.csv.gz","2783"
"D:\胡溪筼\Documents\2026-7Fall\Carolina Data Challenge 2026\Graduate_Dataset\all_sources\028_FDX\fin28.29.8.csv.gz","2780"
"D:\胡溪筼\Documents\2026-7Fall\Carolina Data Challenge 2026\Graduate_Dataset\all_sources\028_FDX\fin28.29.9.csv.gz","1835"
"D:\胡溪筼\Documents\2026-7Fall\Carolina Data Challenge 2026\Graduate_Dataset\all_sources\028_FDX\fin28.29.csv.gz","3612"
"D:\胡溪筼\Documents\2026-7Fall\Carolina Data Challenge 2026\Graduate_Dataset\all_sources\028_FDX\fin28.29.s.csv.gz","2793"
"D:\胡溪筼\Documents\2026-7Fall\Carolina Data Challenge 2026\Graduate_Dataset\all_sources\028_FDX\fin28.3.csv.gz","2187"
"D:\胡溪筼\Documents\2026-7Fall\Carolina Data Challenge 2026\Graduate_Dataset\all_sources\028_FDX\fin28.4.csv.gz","2195"
"D:\胡溪筼\Documents\2026-7Fall\Carolina Data Challenge 2026\Graduate_Dataset\all_sources\028_FDX\fin28.5.csv.gz","2207"
"D:\胡溪筼\Documents\2026-7Fall\Carolina Data Challenge 2026\Graduate_Dataset\all_sources\028_FDX\fin28.6.csv.gz","2183"
"D:\胡溪筼\Documents\2026-7Fall\Carolina Data Challenge 2026\Graduate_Dataset\all_sources\028_FDX\fin28.7.csv.gz","2185"
"D:\胡溪筼\Documents\2026-7Fall\Carolina Data Challenge 2026\Graduate_Dataset\all_sources\028_FDX\fin28.8.csv.gz","2189"
"D:\胡溪筼\Documents\2026-7Fall\Carolina Data Challenge 2026\Graduate_Dataset\all_sources\028_FDX\fin28.9.csv.gz","1474"
"D:\胡溪筼\Documents\2026-7Fall\Carolina Data Challenge 2026\Graduate_Dataset\all_sources\028_FDX\fin28.csv.gz","3631"
"D:\胡溪筼\Documents\2026-7Fall\Carolina Data Challenge 2026\Graduate_Dataset\all_sources\028_FDX\fin28.s.csv.gz","2200"
"D:\胡溪筼\Documents\2026-7Fall\Carolina Data Challenge 2026\Graduate_Dataset\all_sources\028_FDX\fin29.1.csv.gz","2428"
"D:\胡溪筼\Documents\2026-7Fall\Carolina Data Challenge 2026\Graduate_Dataset\all_sources\028_FDX\fin29.10.csv.gz","1595"
"D:\胡溪筼\Documents\2026-7Fall\Carolina Data Challenge 2026\Graduate_Dataset\all_sources\028_FDX\fin29.11.csv.gz","2415"
"D:\胡溪筼\Documents\2026-7Fall\Carolina Data Challenge 2026\Graduate_Dataset\all_sources\028_FDX\fin29.12.csv.gz","2408"
"D:\胡溪筼\Documents\2026-7Fall\Carolina Data Challenge 2026\Graduate_Dataset\all_sources\028_FDX\fin29.2.csv.gz","2426"
"D:\胡溪筼\Documents\2026-7Fall\Carolina Data Challenge 2026\Graduate_Dataset\all_sources\028_FDX\fin29.3.csv.gz","2442"
"D:\胡溪筼\Documents\2026-7Fall\Carolina Data Challenge 2026\Graduate_Dataset\all_sources\028_FDX\fin29.4.csv.gz","2435"
"D:\胡溪筼\Documents\2026-7Fall\Carolina Data Challenge 2026\Graduate_Dataset\all_sources\028_FDX\fin29.5.csv.gz","2446"
"D:\胡溪筼\Documents\2026-7Fall\Carolina Data Challenge 2026\Graduate_Dataset\all_sources\028_FDX\fin29.6.csv.gz","2441"
"D:\胡溪筼\Documents\2026-7Fall\Carolina Data Challenge 2026\Graduate_Dataset\all_sources\028_FDX\fin29.7.csv.gz","2425"
"D:\胡溪筼\Documents\2026-7Fall\Carolina Data Challenge 2026\Graduate_Dataset\all_sources\028_FDX\fin29.8.csv.gz","2426"
"D:\胡溪筼\Documents\2026-7Fall\Carolina Data Challenge 2026\Graduate_Dataset\all_sources\028_FDX\fin29.9.csv.gz","1607"
"D:\胡溪筼\Documents\2026-7Fall\Carolina Data Challenge 2026\Graduate_Dataset\all_sources\028_FDX\fin29.csv.gz","3609"
"D:\胡溪筼\Documents\2026-7Fall\Carolina Data Challenge 2026\Graduate_Dataset\all_sources\028_FDX\fin29.s.csv.gz","2440"
"D:\胡溪筼\Documents\2026-7Fall\Carolina Data Challenge 2026\Graduate_Dataset\all_sources\028_FDX\fin3.1.csv.gz","2003"
"D:\胡溪筼\Documents\2026-7Fall\Carolina Data Challenge 2026\Graduate_Dataset\all_sources\028_FDX\fin3.10.csv.gz","1975"
"D:\胡溪筼\Documents\2026-7Fall\Carolina Data Challenge 2026\Graduate_Dataset\all_sources\028_FDX\fin3.11.csv.gz","1971"
"D:\胡溪筼\Documents\2026-7Fall\Carolina Data Challenge 2026\Graduate_Dataset\all_sources\028_FDX\fin3.12.csv.gz","1973"
"D:\胡溪筼\Documents\2026-7Fall\Carolina Data Challenge 2026\Graduate_Dataset\all_sources\028_FDX\fin3.2.csv.gz","1985"
"D:\胡溪筼\Documents\2026-7Fall\Carolina Data Challenge 2026\Graduate_Dataset\all_sources\028_FDX\fin3.3.csv.gz","2004"
"D:\胡溪筼\Documents\2026-7Fall\Carolina Data Challenge 2026\Graduate_Dataset\all_sources\028_FDX\fin3.4.csv.gz","1985"
"D:\胡溪筼\Documents\2026-7Fall\Carolina Data Challenge 2026\Graduate_Dataset\all_sources\028_FDX\fin3.5.csv.gz","1993"
"D:\胡溪筼\Documents\2026-7Fall\Carolina Data Challenge 2026\Graduate_Dataset\all_sources\028_FDX\fin3.6.csv.gz","2007"
"D:\胡溪筼\Documents\2026-7Fall\Carolina Data Challenge 2026\Graduate_Dataset\all_sources\028_FDX\fin3.7.csv.gz","1977"
"D:\胡溪筼\Documents\2026-7Fall\Carolina Data Challenge 2026\Graduate_Dataset\all_sources\028_FDX\fin3.8.csv.gz","1984"
"D:\胡溪筼\Documents\2026-7Fall\Carolina Data Challenge 2026\Graduate_Dataset\all_sources\028_FDX\fin3.9.csv.gz","2003"
"D:\胡溪筼\Documents\2026-7Fall\Carolina Data Challenge 2026\Graduate_Dataset\all_sources\028_FDX\fin3.csv.gz","2380"
"D:\胡溪筼\Documents\2026-7Fall\Carolina Data Challenge 2026\Graduate_Dataset\all_sources\028_FDX\fin30.1.csv.gz","8477"
"D:\胡溪筼\Documents\2026-7Fall\Carolina Data Challenge 2026\Graduate_Dataset\all_sources\028_FDX\fin30.10.csv.gz","2202"
"D:\胡溪筼\Documents\2026-7Fall\Carolina Data Challenge 2026\Graduate_Dataset\all_sources\028_FDX\fin30.11.csv.gz","8415"
"D:\胡溪筼\Documents\2026-7Fall\Carolina Data Challenge 2026\Graduate_Dataset\all_sources\028_FDX\fin30.12.csv.gz","8412"
"D:\胡溪筼\Documents\2026-7Fall\Carolina Data Challenge 2026\Graduate_Dataset\all_sources\028_FDX\fin30.2.csv.gz","8465"
"D:\胡溪筼\Documents\2026-7Fall\Carolina Data Challenge 2026\Graduate_Dataset\all_sources\028_FDX\fin30.3.csv.gz","8430"
"D:\胡溪筼\Documents\2026-7Fall\Carolina Data Challenge 2026\Graduate_Dataset\all_sources\028_FDX\fin30.4.csv.gz","8505"
"D:\胡溪筼\Documents\2026-7Fall\Carolina Data Challenge 2026\Graduate_Dataset\all_sources\028_FDX\fin30.5.csv.gz","8503"
"D:\胡溪筼\Documents\2026-7Fall\Carolina Data Challenge 2026\Graduate_Dataset\all_sources\028_FDX\fin30.6.csv.gz","8475"
"D:\胡溪筼\Documents\2026-7Fall\Carolina Data Challenge 2026\Graduate_Dataset\all_sources\028_FDX\fin30.7.csv.gz","8457"
"D:\胡溪筼\Documents\2026-7Fall\Carolina Data Challenge 2026\Graduate_Dataset\all_sources\028_FDX\fin30.8.csv.gz","8456"
"D:\胡溪筼\Documents\2026-7Fall\Carolina Data Challenge 2026\Graduate_Dataset\all_sources\028_FDX\fin30.9.csv.gz","2237"
"D:\胡溪筼\Documents\2026-7Fall\Carolina Data Challenge 2026\Graduate_Dataset\all_sources\028_FDX\fin30.csv.gz","8592"
"D:\胡溪筼\Documents\2026-7Fall\Carolina Data Challenge 2026\Graduate_Dataset\all_sources\028_FDX\fin31a.1.csv.gz","4601"
"D:\胡溪筼\Documents\2026-7Fall\Carolina Data Challenge 2026\Graduate_Dataset\all_sources\028_FDX\fin31a.10.csv.gz","1184"
"D:\胡溪筼\Documents\2026-7Fall\Carolina Data Challenge 2026\Graduate_Dataset\all_sources\028_FDX\fin31a.11.csv.gz","4568"
"D:\胡溪筼\Documents\2026-7Fall\Carolina Data Challenge 2026\Graduate_Dataset\all_sources\028_FDX\fin31a.12.csv.gz","4549"
"D:\胡溪筼\Documents\2026-7Fall\Carolina Data Challenge 2026\Graduate_Dataset\all_sources\028_FDX\fin31a.2.csv.gz","4626"
"D:\胡溪筼\Documents\2026-7Fall\Carolina Data Challenge 2026\Graduate_Dataset\all_sources\028_FDX\fin31a.3.csv.gz","4584"
"D:\胡溪筼\Documents\2026-7Fall\Carolina Data Challenge 2026\Graduate_Dataset\all_sources\028_FDX\fin31a.31b.1.csv.gz","5400"
"D:\胡溪筼\Documents\2026-7Fall\Carolina Data Challenge 2026\Graduate_Dataset\all_sources\028_FDX\fin31a.31b.10.csv.gz","1639"
"D:\胡溪筼\Documents\2026-7Fall\Carolina Data Challenge 2026\Graduate_Dataset\all_sources\028_FDX\fin31a.31b.11.csv.gz","5336"
"D:\胡溪筼\Documents\2026-7Fall\Carolina Data Challenge 2026\Graduate_Dataset\all_sources\028_FDX\fin31a.31b.12.csv.gz","5351"
"D:\胡溪筼\Documents\2026-7Fall\Carolina Data Challenge 2026\Graduate_Dataset\all_sources\028_FDX\fin31a.31b.2.csv.gz","5402"
"D:\胡溪筼\Documents\2026-7Fall\Carolina Data Challenge 2026\Graduate_Dataset\all_sources\028_FDX\fin31a.31b.3.csv.gz","5351"
"D:\胡溪筼\Documents\2026-7Fall\Carolina Data Challenge 2026\Graduate_Dataset\all_sources\028_FDX\fin31a.31b.4.csv.gz","5385"
"D:\胡溪筼\Documents\2026-7Fall\Carolina Data Challenge 2026\Graduate_Dataset\all_sources\028_FDX\fin31a.31b.5.csv.gz","5406"
"D:\胡溪筼\Documents\2026-7Fall\Carolina Data Challenge 2026\Graduate_Dataset\all_sources\028_FDX\fin31a.31b.6.csv.gz","5380"
"D:\胡溪筼\Documents\2026-7Fall\Carolina Data Challenge 2026\Graduate_Dataset\all_sources\028_FDX\fin31a.31b.7.csv.gz","5398"
"D:\胡溪筼\Documents\2026-7Fall\Carolina Data Challenge 2026\Graduate_Dataset\all_sources\028_FDX\fin31a.31b.8.csv.gz","5380"
"D:\胡溪筼\Documents\2026-7Fall\Carolina Data Challenge 2026\Graduate_Dataset\all_sources\028_FDX\fin31a.31b.9.csv.gz","1667"
"D:\胡溪筼\Documents\2026-7Fall\Carolina Data Challenge 2026\Graduate_Dataset\all_sources\028_FDX\fin31a.31b.csv.gz","8651"
"D:\胡溪筼\Documents\2026-7Fall\Carolina Data Challenge 2026\Graduate_Dataset\all_sources\028_FDX\fin31a.31b.s.csv.gz","5405"
"D:\胡溪筼\Documents\2026-7Fall\Carolina Data Challenge 2026\Graduate_Dataset\all_sources\028_FDX\fin31a.4.csv.gz","4593"
"D:\胡溪筼\Documents\2026-7Fall\Carolina Data Challenge 2026\Graduate_Dataset\all_sources\028_FDX\fin31a.5.csv.gz","4613"
"D:\胡溪筼\Documents\2026-7Fall\Carolina Data Challenge 2026\Graduate_Dataset\all_sources\028_FDX\fin31a.6.csv.gz","4618"
"D:\胡溪筼\Documents\2026-7Fall\Carolina Data Challenge 2026\Graduate_Dataset\all_sources\028_FDX\fin31a.7.csv.gz","4617"
"D:\胡溪筼\Documents\2026-7Fall\Carolina Data Challenge 2026\Graduate_Dataset\all_sources\028_FDX\fin31a.8.csv.gz","4606"
"D:\胡溪筼\Documents\2026-7Fall\Carolina Data Challenge 2026\Graduate_Dataset\all_sources\028_FDX\fin31a.9.csv.gz","1199"
"D:\胡溪筼\Documents\2026-7Fall\Carolina Data Challenge 2026\Graduate_Dataset\all_sources\028_FDX\fin31a.csv.gz","8616"
"D:\胡溪筼\Documents\2026-7Fall\Carolina Data Challenge 2026\Graduate_Dataset\all_sources\028_FDX\fin31a.s.csv.gz","4621"
"D:\胡溪筼\Documents\2026-7Fall\Carolina Data Challenge 2026\Graduate_Dataset\all_sources\028_FDX\fin31b.1.csv.gz","3439"
"D:\胡溪筼\Documents\2026-7Fall\Carolina Data Challenge 2026\Graduate_Dataset\all_sources\028_FDX\fin31b.10.csv.gz","1446"
"D:\胡溪筼\Documents\2026-7Fall\Carolina Data Challenge 2026\Graduate_Dataset\all_sources\028_FDX\fin31b.11.csv.gz","3413"
"D:\胡溪筼\Documents\2026-7Fall\Carolina Data Challenge 2026\Graduate_Dataset\all_sources\028_FDX\fin31b.12.csv.gz","3384"
"D:\胡溪筼\Documents\2026-7Fall\Carolina Data Challenge 2026\Graduate_Dataset\all_sources\028_FDX\fin31b.2.csv.gz","3406"
"D:\胡溪筼\Documents\2026-7Fall\Carolina Data Challenge 2026\Graduate_Dataset\all_sources\028_FDX\fin31b.3.csv.gz","3403"
"D:\胡溪筼\Documents\2026-7Fall\Carolina Data Challenge 2026\Graduate_Dataset\all_sources\028_FDX\fin31b.4.csv.gz","3410"
"D:\胡溪筼\Documents\2026-7Fall\Carolina Data Challenge 2026\Graduate_Dataset\all_sources\028_FDX\fin31b.5.csv.gz","3431"
"D:\胡溪筼\Documents\2026-7Fall\Carolina Data Challenge 2026\Graduate_Dataset\all_sources\028_FDX\fin31b.6.csv.gz","3422"
"D:\胡溪筼\Documents\2026-7Fall\Carolina Data Challenge 2026\Graduate_Dataset\all_sources\028_FDX\fin31b.7.csv.gz","3425"
"D:\胡溪筼\Documents\2026-7Fall\Carolina Data Challenge 2026\Graduate_Dataset\all_sources\028_FDX\fin31b.8.csv.gz","3424"
"D:\胡溪筼\Documents\2026-7Fall\Carolina Data Challenge 2026\Graduate_Dataset\all_sources\028_FDX\fin31b.9.csv.gz","1471"
"D:\胡溪筼\Documents\2026-7Fall\Carolina Data Challenge 2026\Graduate_Dataset\all_sources\028_FDX\fin31b.csv.gz","8469"
"D:\胡溪筼\Documents\2026-7Fall\Carolina Data Challenge 2026\Graduate_Dataset\all_sources\028_FDX\fin31b.s.csv.gz","3448"
"D:\胡溪筼\Documents\2026-7Fall\Carolina Data Challenge 2026\Graduate_Dataset\all_sources\028_FDX\fin31c.csv.gz","2167"
"D:\胡溪筼\Documents\2026-7Fall\Carolina Data Challenge 2026\Graduate_Dataset\all_sources\028_FDX\fin31d.1.csv.gz","6727"
"D:\胡溪筼\Documents\2026-7Fall\Carolina Data Challenge 2026\Graduate_Dataset\all_sources\028_FDX\fin31d.10.csv.gz","1893"
"D:\胡溪筼\Documents\2026-7Fall\Carolina Data Challenge 2026\Graduate_Dataset\all_sources\028_FDX\fin31d.11.csv.gz","6658"
"D:\胡溪筼\Documents\2026-7Fall\Carolina Data Challenge 2026\Graduate_Dataset\all_sources\028_FDX\fin31d.12.csv.gz","6678"
"D:\胡溪筼\Documents\2026-7Fall\Carolina Data Challenge 2026\Graduate_Dataset\all_sources\028_FDX\fin31d.2.csv.gz","6702"
"D:\胡溪筼\Documents\2026-7Fall\Carolina Data Challenge 2026\Graduate_Dataset\all_sources\028_FDX\fin31d.3.csv.gz","6694"
"D:\胡溪筼\Documents\2026-7Fall\Carolina Data Challenge 2026\Graduate_Dataset\all_sources\028_FDX\fin31d.4.csv.gz","6711"
"D:\胡溪筼\Documents\2026-7Fall\Carolina Data Challenge 2026\Graduate_Dataset\all_sources\028_FDX\fin31d.5.csv.gz","6722"
"D:\胡溪筼\Documents\2026-7Fall\Carolina Data Challenge 2026\Graduate_Dataset\all_sources\028_FDX\fin31d.6.csv.gz","6715"
"D:\胡溪筼\Documents\2026-7Fall\Carolina Data Challenge 2026\Graduate_Dataset\all_sources\028_FDX\fin31d.7.csv.gz","6688"
"D:\胡溪筼\Documents\2026-7Fall\Carolina Data Challenge 2026\Graduate_Dataset\all_sources\028_FDX\fin31d.8.csv.gz","6669"
"D:\胡溪筼\Documents\2026-7Fall\Carolina Data Challenge 2026\Graduate_Dataset\all_sources\028_FDX\fin31d.9.csv.gz","1894"
"D:\胡溪筼\Documents\2026-7Fall\Carolina Data Challenge 2026\Graduate_Dataset\all_sources\028_FDX\fin31d.csv.gz","8619"
"D:\胡溪筼\Documents\2026-7Fall\Carolina Data Challenge 2026\Graduate_Dataset\all_sources\028_FDX\fin31d.s.csv.gz","6709"
"D:\胡溪筼\Documents\2026-7Fall\Carolina Data Challenge 2026\Graduate_Dataset\all_sources\028_FDX\fin32.1.csv.gz","8423"
"D:\胡溪筼\Documents\2026-7Fall\Carolina Data Challenge 2026\Graduate_Dataset\all_sources\028_FDX\fin32.10.csv.gz","2166"
"D:\胡溪筼\Documents\2026-7Fall\Carolina Data Challenge 2026\Graduate_Dataset\all_sources\028_FDX\fin32.11.csv.gz","8284"
"D:\胡溪筼\Documents\2026-7Fall\Carolina Data Challenge 2026\Graduate_Dataset\all_sources\028_FDX\fin32.12.csv.gz","8377"
"D:\胡溪筼\Documents\2026-7Fall\Carolina Data Challenge 2026\Graduate_Dataset\all_sources\028_FDX\fin32.2.csv.gz","8427"
"D:\胡溪筼\Documents\2026-7Fall\Carolina Data Challenge 2026\Graduate_Dataset\all_sources\028_FDX\fin32.3.csv.gz","8428"
"D:\胡溪筼\Documents\2026-7Fall\Carolina Data Challenge 2026\Graduate_Dataset\all_sources\028_FDX\fin32.33.1.csv.gz","2787"
"D:\胡溪筼\Documents\2026-7Fall\Carolina Data Challenge 2026\Graduate_Dataset\all_sources\028_FDX\fin32.33.10.csv.gz","524"
"D:\胡溪筼\Documents\2026-7Fall\Carolina Data Challenge 2026\Graduate_Dataset\all_sources\028_FDX\fin32.33.11.csv.gz","2731"
"D:\胡溪筼\Documents\2026-7Fall\Carolina Data Challenge 2026\Graduate_Dataset\all_sources\028_FDX\fin32.33.12.csv.gz","2739"
"D:\胡溪筼\Documents\2026-7Fall\Carolina Data Challenge 2026\Graduate_Dataset\all_sources\028_FDX\fin32.33.2.csv.gz","2729"
"D:\胡溪筼\Documents\2026-7Fall\Carolina Data Challenge 2026\Graduate_Dataset\all_sources\028_FDX\fin32.33.3.csv.gz","2796"
"D:\胡溪筼\Documents\2026-7Fall\Carolina Data Challenge 2026\Graduate_Dataset\all_sources\028_FDX\fin32.33.34a.1.csv.gz","1965"
"D:\胡溪筼\Documents\2026-7Fall\Carolina Data Challenge 2026\Graduate_Dataset\all_sources\028_FDX\fin32.33.34a.10.csv.gz","371"
"D:\胡溪筼\Documents\2026-7Fall\Carolina Data Challenge 2026\Graduate_Dataset\all_sources\028_FDX\fin32.33.34a.11.csv.gz","1957"
"D:\胡溪筼\Documents\2026-7Fall\Carolina Data Challenge 2026\Graduate_Dataset\all_sources\028_FDX\fin32.33.34a.12.csv.gz","1954"
"D:\胡溪筼\Documents\2026-7Fall\Carolina Data Challenge 2026\Graduate_Dataset\all_sources\028_FDX\fin32.33.34a.2.csv.gz","1935"
"D:\胡溪筼\Documents\2026-7Fall\Carolina Data Challenge 2026\Graduate_Dataset\all_sources\028_FDX\fin32.33.34a.3.csv.gz","1987"
"D:\胡溪筼\Documents\2026-7Fall\Carolina Data Challenge 2026\Graduate_Dataset\all_sources\028_FDX\fin32.33.34a.4.csv.gz","1937"
"D:\胡溪筼\Documents\2026-7Fall\Carolina Data Challenge 2026\Graduate_Dataset\all_sources\028_FDX\fin32.33.34a.5.csv.gz","1833"
"D:\胡溪筼\Documents\2026-7Fall\Carolina Data Challenge 2026\Graduate_Dataset\all_sources\028_FDX\fin32.33.34a.6.csv.gz","1942"
"D:\胡溪筼\Documents\2026-7Fall\Carolina Data Challenge 2026\Graduate_Dataset\all_sources\028_FDX\fin32.33.34a.7.csv.gz","1954"
"D:\胡溪筼\Documents\2026-7Fall\Carolina Data Challenge 2026\Graduate_Dataset\all_sources\028_FDX\fin32.33.34a.8.csv.gz","1949"
"D:\胡溪筼\Documents\2026-7Fall\Carolina Data Challenge 2026\Graduate_Dataset\all_sources\028_FDX\fin32.33.34a.9.csv.gz","381"
"D:\胡溪筼\Documents\2026-7Fall\Carolina Data Challenge 2026\Graduate_Dataset\all_sources\028_FDX\fin32.33.34a.csv.gz","8572"
"D:\胡溪筼\Documents\2026-7Fall\Carolina Data Challenge 2026\Graduate_Dataset\all_sources\028_FDX\fin32.33.34a.s.csv.gz","1907"
"D:\胡溪筼\Documents\2026-7Fall\Carolina Data Challenge 2026\Graduate_Dataset\all_sources\028_FDX\fin32.33.34b.1.csv.gz","130"
"D:\胡溪筼\Documents\2026-7Fall\Carolina Data Challenge 2026\Graduate_Dataset\all_sources\028_FDX\fin32.33.34b.10.csv.gz","131"
"D:\胡溪筼\Documents\2026-7Fall\Carolina Data Challenge 2026\Graduate_Dataset\all_sources\028_FDX\fin32.33.34b.11.csv.gz","130"
"D:\胡溪筼\Documents\2026-7Fall\Carolina Data Challenge 2026\Graduate_Dataset\all_sources\028_FDX\fin32.33.34b.12.csv.gz","131"
"D:\胡溪筼\Documents\2026-7Fall\Carolina Data Challenge 2026\Graduate_Dataset\all_sources\028_FDX\fin32.33.34b.2.csv.gz","130"
"D:\胡溪筼\Documents\2026-7Fall\Carolina Data Challenge 2026\Graduate_Dataset\all_sources\028_FDX\fin32.33.34b.3.csv.gz","130"
"D:\胡溪筼\Documents\2026-7Fall\Carolina Data Challenge 2026\Graduate_Dataset\all_sources\028_FDX\fin32.33.34b.4.csv.gz","127"
"D:\胡溪筼\Documents\2026-7Fall\Carolina Data Challenge 2026\Graduate_Dataset\all_sources\028_FDX\fin32.33.34b.5.csv.gz","130"
"D:\胡溪筼\Documents\2026-7Fall\Carolina Data Challenge 2026\Graduate_Dataset\all_sources\028_FDX\fin32.33.34b.6.csv.gz","130"
"D:\胡溪筼\Documents\2026-7Fall\Carolina Data Challenge 2026\Graduate_Dataset\all_sources\028_FDX\fin32.33.34b.7.csv.gz","130"
"D:\胡溪筼\Documents\2026-7Fall\Carolina Data Challenge 2026\Graduate_Dataset\all_sources\028_FDX\fin32.33.34b.8.csv.gz","130"
"D:\胡溪筼\Documents\2026-7Fall\Carolina Data Challenge 2026\Graduate_Dataset\all_sources\028_FDX\fin32.33.34b.9.csv.gz","130"
"D:\胡溪筼\Documents\2026-7Fall\Carolina Data Challenge 2026\Graduate_Dataset\all_sources\028_FDX\fin32.33.34b.csv.gz","7258"
"D:\胡溪筼\Documents\2026-7Fall\Carolina Data Challenge 2026\Graduate_Dataset\all_sources\028_FDX\fin32.33.34c.1.csv.gz","158"
"D:\胡溪筼\Documents\2026-7Fall\Carolina Data Challenge 2026\Graduate_Dataset\all_sources\028_FDX\fin32.33.34c.11.csv.gz","150"
"D:\胡溪筼\Documents\2026-7Fall\Carolina Data Challenge 2026\Graduate_Dataset\all_sources\028_FDX\fin32.33.34c.12.csv.gz","159"
"D:\胡溪筼\Documents\2026-7Fall\Carolina Data Challenge 2026\Graduate_Dataset\all_sources\028_FDX\fin32.33.34c.2.csv.gz","159"
"D:\胡溪筼\Documents\2026-7Fall\Carolina Data Challenge 2026\Graduate_Dataset\all_sources\028_FDX\fin32.33.34c.3.csv.gz","159"
"D:\胡溪筼\Documents\2026-7Fall\Carolina Data Challenge 2026\Graduate_Dataset\all_sources\028_FDX\fin32.33.34c.4.csv.gz","159"
"D:\胡溪筼\Documents\2026-7Fall\Carolina Data Challenge 2026\Graduate_Dataset\all_sources\028_FDX\fin32.33.34c.5.csv.gz","148"
"D:\胡溪筼\Documents\2026-7Fall\Carolina Data Challenge 2026\Graduate_Dataset\all_sources\028_FDX\fin32.33.34c.6.csv.gz","159"
"D:\胡溪筼\Documents\2026-7Fall\Carolina Data Challenge 2026\Graduate_Dataset\all_sources\028_FDX\fin32.33.34c.7.csv.gz","157"
"D:\胡溪筼\Documents\2026-7Fall\Carolina Data Challenge 2026\Graduate_Dataset\all_sources\028_FDX\fin32.33.34c.8.csv.gz","158"
"D:\胡溪筼\Documents\2026-7Fall\Carolina Data Challenge 2026\Graduate_Dataset\all_sources\028_FDX\fin32.33.34c.csv.gz","8092"
"D:\胡溪筼\Documents\2026-7Fall\Carolina Data Challenge 2026\Graduate_Dataset\all_sources\028_FDX\fin32.33.34c.s.csv.gz","159"
"D:\胡溪筼\Documents\2026-7Fall\Carolina Data Challenge 2026\Graduate_Dataset\all_sources\028_FDX\fin32.33.34d.1.csv.gz","211"
"D:\胡溪筼\Documents\2026-7Fall\Carolina Data Challenge 2026\Graduate_Dataset\all_sources\028_FDX\fin32.33.34d.11.csv.gz","213"
"D:\胡溪筼\Documents\2026-7Fall\Carolina Data Challenge 2026\Graduate_Dataset\all_sources\028_FDX\fin32.33.34d.12.csv.gz","212"
"D:\胡溪筼\Documents\2026-7Fall\Carolina Data Challenge 2026\Graduate_Dataset\all_sources\028_FDX\fin32.33.34d.2.csv.gz","212"
"D:\胡溪筼\Documents\2026-7Fall\Carolina Data Challenge 2026\Graduate_Dataset\all_sources\028_FDX\fin32.33.34d.3.csv.gz","211"
"D:\胡溪筼\Documents\2026-7Fall\Carolina Data Challenge 2026\Graduate_Dataset\all_sources\028_FDX\fin32.33.34d.4.csv.gz","210"
"D:\胡溪筼\Documents\2026-7Fall\Carolina Data Challenge 2026\Graduate_Dataset\all_sources\028_FDX\fin32.33.34d.5.csv.gz","213"
"D:\胡溪筼\Documents\2026-7Fall\Carolina Data Challenge 2026\Graduate_Dataset\all_sources\028_FDX\fin32.33.34d.6.csv.gz","211"
"D:\胡溪筼\Documents\2026-7Fall\Carolina Data Challenge 2026\Graduate_Dataset\all_sources\028_FDX\fin32.33.34d.7.csv.gz","212"
"D:\胡溪筼\Documents\2026-7Fall\Carolina Data Challenge 2026\Graduate_Dataset\all_sources\028_FDX\fin32.33.34d.8.csv.gz","209"
"D:\胡溪筼\Documents\2026-7Fall\Carolina Data Challenge 2026\Graduate_Dataset\all_sources\028_FDX\fin32.33.34d.csv.gz","6678"
"D:\胡溪筼\Documents\2026-7Fall\Carolina Data Challenge 2026\Graduate_Dataset\all_sources\028_FDX\fin32.33.34d.s.csv.gz","212"
"D:\胡溪筼\Documents\2026-7Fall\Carolina Data Challenge 2026\Graduate_Dataset\all_sources\028_FDX\fin32.33.4.csv.gz","2734"
"D:\胡溪筼\Documents\2026-7Fall\Carolina Data Challenge 2026\Graduate_Dataset\all_sources\028_FDX\fin32.33.5.csv.gz","2665"
"D:\胡溪筼\Documents\2026-7Fall\Carolina Data Challenge 2026\Graduate_Dataset\all_sources\028_FDX\fin32.33.6.csv.gz","2739"
"D:\胡溪筼\Documents\2026-7Fall\Carolina Data Challenge 2026\Graduate_Dataset\all_sources\028_FDX\fin32.33.7.csv.gz","2778"
"D:\胡溪筼\Documents\2026-7Fall\Carolina Data Challenge 2026\Graduate_Dataset\all_sources\028_FDX\fin32.33.8.csv.gz","2739"
"D:\胡溪筼\Documents\2026-7Fall\Carolina Data Challenge 2026\Graduate_Dataset\all_sources\028_FDX\fin32.33.9.csv.gz","527"
"D:\胡溪筼\Documents\2026-7Fall\Carolina Data Challenge 2026\Graduate_Dataset\all_sources\028_FDX\fin32.33.acc.1.csv.gz","2122"
"D:\胡溪筼\Documents\2026-7Fall\Carolina Data Challenge 2026\Graduate_Dataset\all_sources\028_FDX\fin32.33.acc.10.csv.gz","397"
"D:\胡溪筼\Documents\2026-7Fall\Carolina Data Challenge 2026\Graduate_Dataset\all_sources\028_FDX\fin32.33.acc.11.csv.gz","2114"
"D:\胡溪筼\Documents\2026-7Fall\Carolina Data Challenge 2026\Graduate_Dataset\all_sources\028_FDX\fin32.33.acc.12.csv.gz","2115"
"D:\胡溪筼\Documents\2026-7Fall\Carolina Data Challenge 2026\Graduate_Dataset\all_sources\028_FDX\fin32.33.acc.2.csv.gz","2096"
"D:\胡溪筼\Documents\2026-7Fall\Carolina Data Challenge 2026\Graduate_Dataset\all_sources\028_FDX\fin32.33.acc.3.csv.gz","2140"
"D:\胡溪筼\Documents\2026-7Fall\Carolina Data Challenge 2026\Graduate_Dataset\all_sources\028_FDX\fin32.33.acc.4.csv.gz","2110"
"D:\胡溪筼\Documents\2026-7Fall\Carolina Data Challenge 2026\Graduate_Dataset\all_sources\028_FDX\fin32.33.acc.5.csv.gz","1987"
"D:\胡溪筼\Documents\2026-7Fall\Carolina Data Challenge 2026\Graduate_Dataset\all_sources\028_FDX\fin32.33.acc.6.csv.gz","2104"
"D:\胡溪筼\Documents\2026-7Fall\Carolina Data Challenge 2026\Graduate_Dataset\all_sources\028_FDX\fin32.33.acc.7.csv.gz","2123"
"D:\胡溪筼\Documents\2026-7Fall\Carolina Data Challenge 2026\Graduate_Dataset\all_sources\028_FDX\fin32.33.acc.8.csv.gz","2119"
"D:\胡溪筼\Documents\2026-7Fall\Carolina Data Challenge 2026\Graduate_Dataset\all_sources\028_FDX\fin32.33.acc.9.csv.gz","398"
"D:\胡溪筼\Documents\2026-7Fall\Carolina Data Challenge 2026\Graduate_Dataset\all_sources\028_FDX\fin32.33.acc.csv.gz","8548"
"D:\胡溪筼\Documents\2026-7Fall\Carolina Data Challenge 2026\Graduate_Dataset\all_sources\028_FDX\fin32.33.acc.s.csv.gz","1995"
"D:\胡溪筼\Documents\2026-7Fall\Carolina Data Challenge 2026\Graduate_Dataset\all_sources\028_FDX\fin32.33.csv.gz","8526"
"D:\胡溪筼\Documents\2026-7Fall\Carolina Data Challenge 2026\Graduate_Dataset\all_sources\028_FDX\fin32.4.csv.gz","8395"
"D:\胡溪筼\Documents\2026-7Fall\Carolina Data Challenge 2026\Graduate_Dataset\all_sources\028_FDX\fin32.5.csv.gz","8327"
"D:\胡溪筼\Documents\2026-7Fall\Carolina Data Challenge 2026\Graduate_Dataset\all_sources\028_FDX\fin32.6.csv.gz","8390"
"D:\胡溪筼\Documents\2026-7Fall\Carolina Data Challenge 2026\Graduate_Dataset\all_sources\028_FDX\fin32.7.csv.gz","8312"
"D:\胡溪筼\Documents\2026-7Fall\Carolina Data Challenge 2026\Graduate_Dataset\all_sources\028_FDX\fin32.8.csv.gz","8347"
"D:\胡溪筼\Documents\2026-7Fall\Carolina Data Challenge 2026\Graduate_Dataset\all_sources\028_FDX\fin32.9.csv.gz","2194"
"D:\胡溪筼\Documents\2026-7Fall\Carolina Data Challenge 2026\Graduate_Dataset\all_sources\028_FDX\fin32.acc.1.csv.gz","6009"
"D:\胡溪筼\Documents\2026-7Fall\Carolina Data Challenge 2026\Graduate_Dataset\all_sources\028_FDX\fin32.acc.10.csv.gz","1640"
"D:\胡溪筼\Documents\2026-7Fall\Carolina Data Challenge 2026\Graduate_Dataset\all_sources\028_FDX\fin32.acc.11.csv.gz","5936"
"D:\胡溪筼\Documents\2026-7Fall\Carolina Data Challenge 2026\Graduate_Dataset\all_sources\028_FDX\fin32.acc.12.csv.gz","5970"
"D:\胡溪筼\Documents\2026-7Fall\Carolina Data Challenge 2026\Graduate_Dataset\all_sources\028_FDX\fin32.acc.2.csv.gz","5982"
"D:\胡溪筼\Documents\2026-7Fall\Carolina Data Challenge 2026\Graduate_Dataset\all_sources\028_FDX\fin32.acc.3.csv.gz","6009"
"D:\胡溪筼\Documents\2026-7Fall\Carolina Data Challenge 2026\Graduate_Dataset\all_sources\028_FDX\fin32.acc.4.csv.gz","5989"
"D:\胡溪筼\Documents\2026-7Fall\Carolina Data Challenge 2026\Graduate_Dataset\all_sources\028_FDX\fin32.acc.5.csv.gz","5948"
"D:\胡溪筼\Documents\2026-7Fall\Carolina Data Challenge 2026\Graduate_Dataset\all_sources\028_FDX\fin32.acc.6.csv.gz","6006"
"D:\胡溪筼\Documents\2026-7Fall\Carolina Data Challenge 2026\Graduate_Dataset\all_sources\028_FDX\fin32.acc.7.csv.gz","6004"
"D:\胡溪筼\Documents\2026-7Fall\Carolina Data Challenge 2026\Graduate_Dataset\all_sources\028_FDX\fin32.acc.8.csv.gz","5985"
"D:\胡溪筼\Documents\2026-7Fall\Carolina Data Challenge 2026\Graduate_Dataset\all_sources\028_FDX\fin32.acc.9.csv.gz","1657"
"D:\胡溪筼\Documents\2026-7Fall\Carolina Data Challenge 2026\Graduate_Dataset\all_sources\028_FDX\fin32.acc.csv.gz","8615"
"D:\胡溪筼\Documents\2026-7Fall\Carolina Data Challenge 2026\Graduate_Dataset\all_sources\028_FDX\fin32.acc.s.csv.gz","6030"
"D:\胡溪筼\Documents\2026-7Fall\Carolina Data Challenge 2026\Graduate_Dataset\all_sources\028_FDX\fin32.csv.gz","8559"
"D:\胡溪筼\Documents\2026-7Fall\Carolina Data Challenge 2026\Graduate_Dataset\all_sources\028_FDX\fin32.n33.1.csv.gz","7825"
"D:\胡溪筼\Documents\2026-7Fall\Carolina Data Challenge 2026\Graduate_Dataset\all_sources\028_FDX\fin32.n33.10.csv.gz","2001"
"D:\胡溪筼\Documents\2026-7Fall\Carolina Data Challenge 2026\Graduate_Dataset\all_sources\028_FDX\fin32.n33.11.csv.gz","7775"
"D:\胡溪筼\Documents\2026-7Fall\Carolina Data Challenge 2026\Graduate_Dataset\all_sources\028_FDX\fin32.n33.12.csv.gz","7842"
"D:\胡溪筼\Documents\2026-7Fall\Carolina Data Challenge 2026\Graduate_Dataset\all_sources\028_FDX\fin32.n33.2.csv.gz","7850"
"D:\胡溪筼\Documents\2026-7Fall\Carolina Data Challenge 2026\Graduate_Dataset\all_sources\028_FDX\fin32.n33.3.csv.gz","7804"
"D:\胡溪筼\Documents\2026-7Fall\Carolina Data Challenge 2026\Graduate_Dataset\all_sources\028_FDX\fin32.n33.34a.1.csv.gz","4174"
"D:\胡溪筼\Documents\2026-7Fall\Carolina Data Challenge 2026\Graduate_Dataset\all_sources\028_FDX\fin32.n33.34a.10.csv.gz","1039"
"D:\胡溪筼\Documents\2026-7Fall\Carolina Data Challenge 2026\Graduate_Dataset\all_sources\028_FDX\fin32.n33.34a.11.csv.gz","4115"
"D:\胡溪筼\Documents\2026-7Fall\Carolina Data Challenge 2026\Graduate_Dataset\all_sources\028_FDX\fin32.n33.34a.12.csv.gz","4146"
"D:\胡溪筼\Documents\2026-7Fall\Carolina Data Challenge 2026\Graduate_Dataset\all_sources\028_FDX\fin32.n33.34a.2.csv.gz","4170"
"D:\胡溪筼\Documents\2026-7Fall\Carolina Data Challenge 2026\Graduate_Dataset\all_sources\028_FDX\fin32.n33.34a.3.csv.gz","4183"
"D:\胡溪筼\Documents\2026-7Fall\Carolina Data Challenge 2026\Graduate_Dataset\all_sources\028_FDX\fin32.n33.34a.4.csv.gz","4135"
"D:\胡溪筼\Documents\2026-7Fall\Carolina Data Challenge 2026\Graduate_Dataset\all_sources\028_FDX\fin32.n33.34a.5.csv.gz","4159"
"D:\胡溪筼\Documents\2026-7Fall\Carolina Data Challenge 2026\Graduate_Dataset\all_sources\028_FDX\fin32.n33.34a.6.csv.gz","4139"
"D:\胡溪筼\Documents\2026-7Fall\Carolina Data Challenge 2026\Graduate_Dataset\all_sources\028_FDX\fin32.n33.34a.7.csv.gz","4187"
"D:\胡溪筼\Documents\2026-7Fall\Carolina Data Challenge 2026\Graduate_Dataset\all_sources\028_FDX\fin32.n33.34a.8.csv.gz","4137"
"D:\胡溪筼\Documents\2026-7Fall\Carolina Data Challenge 2026\Graduate_Dataset\all_sources\028_FDX\fin32.n33.34a.9.csv.gz","1060"
"D:\胡溪筼\Documents\2026-7Fall\Carolina Data Challenge 2026\Graduate_Dataset\all_sources\028_FDX\fin32.n33.34a.csv.gz","8595"
"D:\胡溪筼\Documents\2026-7Fall\Carolina Data Challenge 2026\Graduate_Dataset\all_sources\028_FDX\fin32.n33.34a.s.csv.gz","4182"
"D:\胡溪筼\Documents\2026-7Fall\Carolina Data Challenge 2026\Graduate_Dataset\all_sources\028_FDX\fin32.n33.34b.1.csv.gz","514"
"D:\胡溪筼\Documents\2026-7Fall\Carolina Data Challenge 2026\Graduate_Dataset\all_sources\028_FDX\fin32.n33.34b.10.csv.gz","407"
"D:\胡溪筼\Documents\2026-7Fall\Carolina Data Challenge 2026\Graduate_Dataset\all_sources\028_FDX\fin32.n33.34b.11.csv.gz","518"
"D:\胡溪筼\Documents\2026-7Fall\Carolina Data Challenge 2026\Graduate_Dataset\all_sources\028_FDX\fin32.n33.34b.12.csv.gz","511"
"D:\胡溪筼\Documents\2026-7Fall\Carolina Data Challenge 2026\Graduate_Dataset\all_sources\028_FDX\fin32.n33.34b.2.csv.gz","514"
"D:\胡溪筼\Documents\2026-7Fall\Carolina Data Challenge 2026\Graduate_Dataset\all_sources\028_FDX\fin32.n33.34b.3.csv.gz","514"
"D:\胡溪筼\Documents\2026-7Fall\Carolina Data Challenge 2026\Graduate_Dataset\all_sources\028_FDX\fin32.n33.34b.4.csv.gz","513"
"D:\胡溪筼\Documents\2026-7Fall\Carolina Data Challenge 2026\Graduate_Dataset\all_sources\028_FDX\fin32.n33.34b.5.csv.gz","515"
"D:\胡溪筼\Documents\2026-7Fall\Carolina Data Challenge 2026\Graduate_Dataset\all_sources\028_FDX\fin32.n33.34b.6.csv.gz","513"
"D:\胡溪筼\Documents\2026-7Fall\Carolina Data Challenge 2026\Graduate_Dataset\all_sources\028_FDX\fin32.n33.34b.7.csv.gz","519"
"D:\胡溪筼\Documents\2026-7Fall\Carolina Data Challenge 2026\Graduate_Dataset\all_sources\028_FDX\fin32.n33.34b.8.csv.gz","513"
"D:\胡溪筼\Documents\2026-7Fall\Carolina Data Challenge 2026\Graduate_Dataset\all_sources\028_FDX\fin32.n33.34b.9.csv.gz","405"
"D:\胡溪筼\Documents\2026-7Fall\Carolina Data Challenge 2026\Graduate_Dataset\all_sources\028_FDX\fin32.n33.34b.csv.gz","7589"
"D:\胡溪筼\Documents\2026-7Fall\Carolina Data Challenge 2026\Graduate_Dataset\all_sources\028_FDX\fin32.n33.34b.s.csv.gz","521"
"D:\胡溪筼\Documents\2026-7Fall\Carolina Data Challenge 2026\Graduate_Dataset\all_sources\028_FDX\fin32.n33.34c.1.csv.gz","3215"
"D:\胡溪筼\Documents\2026-7Fall\Carolina Data Challenge 2026\Graduate_Dataset\all_sources\028_FDX\fin32.n33.34c.10.csv.gz","866"
"D:\胡溪筼\Documents\2026-7Fall\Carolina Data Challenge 2026\Graduate_Dataset\all_sources\028_FDX\fin32.n33.34c.11.csv.gz","3193"
"D:\胡溪筼\Documents\2026-7Fall\Carolina Data Challenge 2026\Graduate_Dataset\all_sources\028_FDX\fin32.n33.34c.12.csv.gz","3195"
"D:\胡溪筼\Documents\2026-7Fall\Carolina Data Challenge 2026\Graduate_Dataset\all_sources\028_FDX\fin32.n33.34c.2.csv.gz","3188"
"D:\胡溪筼\Documents\2026-7Fall\Carolina Data Challenge 2026\Graduate_Dataset\all_sources\028_FDX\fin32.n33.34c.3.csv.gz","3204"
"D:\胡溪筼\Documents\2026-7Fall\Carolina Data Challenge 2026\Graduate_Dataset\all_sources\028_FDX\fin32.n33.34c.4.csv.gz","3181"
"D:\胡溪筼\Documents\2026-7Fall\Carolina Data Challenge 2026\Graduate_Dataset\all_sources\028_FDX\fin32.n33.34c.5.csv.gz","3215"
"D:\胡溪筼\Documents\2026-7Fall\Carolina Data Challenge 2026\Graduate_Dataset\all_sources\028_FDX\fin32.n33.34c.6.csv.gz","3179"
"D:\胡溪筼\Documents\2026-7Fall\Carolina Data Challenge 2026\Graduate_Dataset\all_sources\028_FDX\fin32.n33.34c.7.csv.gz","3217"
"D:\胡溪筼\Documents\2026-7Fall\Carolina Data Challenge 2026\Graduate_Dataset\all_sources\028_FDX\fin32.n33.34c.8.csv.gz","3189"
"D:\胡溪筼\Documents\2026-7Fall\Carolina Data Challenge 2026\Graduate_Dataset\all_sources\028_FDX\fin32.n33.34c.9.csv.gz","859"
"D:\胡溪筼\Documents\2026-7Fall\Carolina Data Challenge 2026\Graduate_Dataset\all_sources\028_FDX\fin32.n33.34c.csv.gz","8555"
"D:\胡溪筼\Documents\2026-7Fall\Carolina Data Challenge 2026\Graduate_Dataset\all_sources\028_FDX\fin32.n33.34c.s.csv.gz","3263"
"D:\胡溪筼\Documents\2026-7Fall\Carolina Data Challenge 2026\Graduate_Dataset\all_sources\028_FDX\fin32.n33.34d.1.csv.gz","439"
"D:\胡溪筼\Documents\2026-7Fall\Carolina Data Challenge 2026\Graduate_Dataset\all_sources\028_FDX\fin32.n33.34d.11.csv.gz","437"
"D:\胡溪筼\Documents\2026-7Fall\Carolina Data Challenge 2026\Graduate_Dataset\all_sources\028_FDX\fin32.n33.34d.12.csv.gz","439"
"D:\胡溪筼\Documents\2026-7Fall\Carolina Data Challenge 2026\Graduate_Dataset\all_sources\028_FDX\fin32.n33.34d.2.csv.gz","431"
"D:\胡溪筼\Documents\2026-7Fall\Carolina Data Challenge 2026\Graduate_Dataset\all_sources\028_FDX\fin32.n33.34d.3.csv.gz","434"
"D:\胡溪筼\Documents\2026-7Fall\Carolina Data Challenge 2026\Graduate_Dataset\all_sources\028_FDX\fin32.n33.34d.4.csv.gz","433"
"D:\胡溪筼\Documents\2026-7Fall\Carolina Data Challenge 2026\Graduate_Dataset\all_sources\028_FDX\fin32.n33.34d.5.csv.gz","430"
"D:\胡溪筼\Documents\2026-7Fall\Carolina Data Challenge 2026\Graduate_Dataset\all_sources\028_FDX\fin32.n33.34d.6.csv.gz","437"
"D:\胡溪筼\Documents\2026-7Fall\Carolina Data Challenge 2026\Graduate_Dataset\all_sources\028_FDX\fin32.n33.34d.7.csv.gz","437"
"D:\胡溪筼\Documents\2026-7Fall\Carolina Data Challenge 2026\Graduate_Dataset\all_sources\028_FDX\fin32.n33.34d.8.csv.gz","432"
"D:\胡溪筼\Documents\2026-7Fall\Carolina Data Challenge 2026\Graduate_Dataset\all_sources\028_FDX\fin32.n33.34d.csv.gz","7741"
"D:\胡溪筼\Documents\2026-7Fall\Carolina Data Challenge 2026\Graduate_Dataset\all_sources\028_FDX\fin32.n33.34d.s.csv.gz","441"
"D:\胡溪筼\Documents\2026-7Fall\Carolina Data Challenge 2026\Graduate_Dataset\all_sources\028_FDX\fin32.n33.4.csv.gz","7812"
"D:\胡溪筼\Documents\2026-7Fall\Carolina Data Challenge 2026\Graduate_Dataset\all_sources\028_FDX\fin32.n33.5.csv.gz","7823"
"D:\胡溪筼\Documents\2026-7Fall\Carolina Data Challenge 2026\Graduate_Dataset\all_sources\028_FDX\fin32.n33.6.csv.gz","7834"
"D:\胡溪筼\Documents\2026-7Fall\Carolina Data Challenge 2026\Graduate_Dataset\all_sources\028_FDX\fin32.n33.7.csv.gz","7783"
"D:\胡溪筼\Documents\2026-7Fall\Carolina Data Challenge 2026\Graduate_Dataset\all_sources\028_FDX\fin32.n33.8.csv.gz","7756"
"D:\胡溪筼\Documents\2026-7Fall\Carolina Data Challenge 2026\Graduate_Dataset\all_sources\028_FDX\fin32.n33.9.csv.gz","2037"
"D:\胡溪筼\Documents\2026-7Fall\Carolina Data Challenge 2026\Graduate_Dataset\all_sources\028_FDX\fin32.n33.acc.1.csv.gz","4740"
"D:\胡溪筼\Documents\2026-7Fall\Carolina Data Challenge 2026\Graduate_Dataset\all_sources\028_FDX\fin32.n33.acc.10.csv.gz","1258"
"D:\胡溪筼\Documents\2026-7Fall\Carolina Data Challenge 2026\Graduate_Dataset\all_sources\028_FDX\fin32.n33.acc.11.csv.gz","4736"
"D:\胡溪筼\Documents\2026-7Fall\Carolina Data Challenge 2026\Graduate_Dataset\all_sources\028_FDX\fin32.n33.acc.12.csv.gz","4756"
"D:\胡溪筼\Documents\2026-7Fall\Carolina Data Challenge 2026\Graduate_Dataset\all_sources\028_FDX\fin32.n33.acc.2.csv.gz","4743"
"D:\胡溪筼\Documents\2026-7Fall\Carolina Data Challenge 2026\Graduate_Dataset\all_sources\028_FDX\fin32.n33.acc.3.csv.gz","4791"
"D:\胡溪筼\Documents\2026-7Fall\Carolina Data Challenge 2026\Graduate_Dataset\all_sources\028_FDX\fin32.n33.acc.4.csv.gz","4754"
"D:\胡溪筼\Documents\2026-7Fall\Carolina Data Challenge 2026\Graduate_Dataset\all_sources\028_FDX\fin32.n33.acc.5.csv.gz","4767"
"D:\胡溪筼\Documents\2026-7Fall\Carolina Data Challenge 2026\Graduate_Dataset\all_sources\028_FDX\fin32.n33.acc.6.csv.gz","4756"
"D:\胡溪筼\Documents\2026-7Fall\Carolina Data Challenge 2026\Graduate_Dataset\all_sources\028_FDX\fin32.n33.acc.7.csv.gz","4774"
"D:\胡溪筼\Documents\2026-7Fall\Carolina Data Challenge 2026\Graduate_Dataset\all_sources\028_FDX\fin32.n33.acc.8.csv.gz","4765"
"D:\胡溪筼\Documents\2026-7Fall\Carolina Data Challenge 2026\Graduate_Dataset\all_sources\028_FDX\fin32.n33.acc.9.csv.gz","1282"
"D:\胡溪筼\Documents\2026-7Fall\Carolina Data Challenge 2026\Graduate_Dataset\all_sources\028_FDX\fin32.n33.acc.csv.gz","8603"
"D:\胡溪筼\Documents\2026-7Fall\Carolina Data Challenge 2026\Graduate_Dataset\all_sources\028_FDX\fin32.n33.acc.s.csv.gz","4775"
"D:\胡溪筼\Documents\2026-7Fall\Carolina Data Challenge 2026\Graduate_Dataset\all_sources\028_FDX\fin32.n33.csv.gz","8520"
"D:\胡溪筼\Documents\2026-7Fall\Carolina Data Challenge 2026\Graduate_Dataset\all_sources\028_FDX\fin34a.1.csv.gz","5347"
"D:\胡溪筼\Documents\2026-7Fall\Carolina Data Challenge 2026\Graduate_Dataset\all_sources\028_FDX\fin34a.10.csv.gz","1377"
"D:\胡溪筼\Documents\2026-7Fall\Carolina Data Challenge 2026\Graduate_Dataset\all_sources\028_FDX\fin34a.11.csv.gz","5278"
"D:\胡溪筼\Documents\2026-7Fall\Carolina Data Challenge 2026\Graduate_Dataset\all_sources\028_FDX\fin34a.12.csv.gz","5315"
"D:\胡溪筼\Documents\2026-7Fall\Carolina Data Challenge 2026\Graduate_Dataset\all_sources\028_FDX\fin34a.2.csv.gz","5354"
"D:\胡溪筼\Documents\2026-7Fall\Carolina Data Challenge 2026\Graduate_Dataset\all_sources\028_FDX\fin34a.3.csv.gz","5357"
"D:\胡溪筼\Documents\2026-7Fall\Carolina Data Challenge 2026\Graduate_Dataset\all_sources\028_FDX\fin34a.4.csv.gz","5324"
"D:\胡溪筼\Documents\2026-7Fall\Carolina Data Challenge 2026\Graduate_Dataset\all_sources\028_FDX\fin34a.5.csv.gz","5316"
"D:\胡溪筼\Documents\2026-7Fall\Carolina Data Challenge 2026\Graduate_Dataset\all_sources\028_FDX\fin34a.6.csv.gz","5357"
"D:\胡溪筼\Documents\2026-7Fall\Carolina Data Challenge 2026\Graduate_Dataset\all_sources\028_FDX\fin34a.7.csv.gz","5370"
"D:\胡溪筼\Documents\2026-7Fall\Carolina Data Challenge 2026\Graduate_Dataset\all_sources\028_FDX\fin34a.8.csv.gz","5329"
"D:\胡溪筼\Documents\2026-7Fall\Carolina Data Challenge 2026\Graduate_Dataset\all_sources\028_FDX\fin34a.9.csv.gz","1403"
"D:\胡溪筼\Documents\2026-7Fall\Carolina Data Challenge 2026\Graduate_Dataset\all_sources\028_FDX\fin34a.csv.gz","8601"
"D:\胡溪筼\Documents\2026-7Fall\Carolina Data Challenge 2026\Graduate_Dataset\all_sources\028_FDX\fin34a.s.csv.gz","5345"
"D:\胡溪筼\Documents\2026-7Fall\Carolina Data Challenge 2026\Graduate_Dataset\all_sources\028_FDX\fin34b.1.csv.gz","985"
"D:\胡溪筼\Documents\2026-7Fall\Carolina Data Challenge 2026\Graduate_Dataset\all_sources\028_FDX\fin34b.10.csv.gz","662"
"D:\胡溪筼\Documents\2026-7Fall\Carolina Data Challenge 2026\Graduate_Dataset\all_sources\028_FDX\fin34b.11.csv.gz","971"
"D:\胡溪筼\Documents\2026-7Fall\Carolina Data Challenge 2026\Graduate_Dataset\all_sources\028_FDX\fin34b.12.csv.gz","976"
"D:\胡溪筼\Documents\2026-7Fall\Carolina Data Challenge 2026\Graduate_Dataset\all_sources\028_FDX\fin34b.2.csv.gz","966"
"D:\胡溪筼\Documents\2026-7Fall\Carolina Data Challenge 2026\Graduate_Dataset\all_sources\028_FDX\fin34b.3.csv.gz","982"
"D:\胡溪筼\Documents\2026-7Fall\Carolina Data Challenge 2026\Graduate_Dataset\all_sources\028_FDX\fin34b.4.csv.gz","965"
"D:\胡溪筼\Documents\2026-7Fall\Carolina Data Challenge 2026\Graduate_Dataset\all_sources\028_FDX\fin34b.5.csv.gz","986"
"D:\胡溪筼\Documents\2026-7Fall\Carolina Data Challenge 2026\Graduate_Dataset\all_sources\028_FDX\fin34b.6.csv.gz","970"
"D:\胡溪筼\Documents\2026-7Fall\Carolina Data Challenge 2026\Graduate_Dataset\all_sources\028_FDX\fin34b.7.csv.gz","971"
"D:\胡溪筼\Documents\2026-7Fall\Carolina Data Challenge 2026\Graduate_Dataset\all_sources\028_FDX\fin34b.8.csv.gz","964"
"D:\胡溪筼\Documents\2026-7Fall\Carolina Data Challenge 2026\Graduate_Dataset\all_sources\028_FDX\fin34b.9.csv.gz","688"
"D:\胡溪筼\Documents\2026-7Fall\Carolina Data Challenge 2026\Graduate_Dataset\all_sources\028_FDX\fin34b.csv.gz","7705"
"D:\胡溪筼\Documents\2026-7Fall\Carolina Data Challenge 2026\Graduate_Dataset\all_sources\028_FDX\fin34b.s.csv.gz","983"
"D:\胡溪筼\Documents\2026-7Fall\Carolina Data Challenge 2026\Graduate_Dataset\all_sources\028_FDX\fin34c.1.csv.gz","3980"
"D:\胡溪筼\Documents\2026-7Fall\Carolina Data Challenge 2026\Graduate_Dataset\all_sources\028_FDX\fin34c.10.csv.gz","1035"
"D:\胡溪筼\Documents\2026-7Fall\Carolina Data Challenge 2026\Graduate_Dataset\all_sources\028_FDX\fin34c.11.csv.gz","3935"
"D:\胡溪筼\Documents\2026-7Fall\Carolina Data Challenge 2026\Graduate_Dataset\all_sources\028_FDX\fin34c.12.csv.gz","3950"
"D:\胡溪筼\Documents\2026-7Fall\Carolina Data Challenge 2026\Graduate_Dataset\all_sources\028_FDX\fin34c.2.csv.gz","3940"
"D:\胡溪筼\Documents\2026-7Fall\Carolina Data Challenge 2026\Graduate_Dataset\all_sources\028_FDX\fin34c.3.csv.gz","3958"
"D:\胡溪筼\Documents\2026-7Fall\Carolina Data Challenge 2026\Graduate_Dataset\all_sources\028_FDX\fin34c.4.csv.gz","3928"
"D:\胡溪筼\Documents\2026-7Fall\Carolina Data Challenge 2026\Graduate_Dataset\all_sources\028_FDX\fin34c.5.csv.gz","3957"
"D:\胡溪筼\Documents\2026-7Fall\Carolina Data Challenge 2026\Graduate_Dataset\all_sources\028_FDX\fin34c.6.csv.gz","3921"
"D:\胡溪筼\Documents\2026-7Fall\Carolina Data Challenge 2026\Graduate_Dataset\all_sources\028_FDX\fin34c.7.csv.gz","3962"
"D:\胡溪筼\Documents\2026-7Fall\Carolina Data Challenge 2026\Graduate_Dataset\all_sources\028_FDX\fin34c.8.csv.gz","3909"
"D:\胡溪筼\Documents\2026-7Fall\Carolina Data Challenge 2026\Graduate_Dataset\all_sources\028_FDX\fin34c.9.csv.gz","1039"
"D:\胡溪筼\Documents\2026-7Fall\Carolina Data Challenge 2026\Graduate_Dataset\all_sources\028_FDX\fin34c.csv.gz","8538"
"D:\胡溪筼\Documents\2026-7Fall\Carolina Data Challenge 2026\Graduate_Dataset\all_sources\028_FDX\fin34c.s.csv.gz","4030"
"D:\胡溪筼\Documents\2026-7Fall\Carolina Data Challenge 2026\Graduate_Dataset\all_sources\028_FDX\fin34d.1.csv.gz","700"
"D:\胡溪筼\Documents\2026-7Fall\Carolina Data Challenge 2026\Graduate_Dataset\all_sources\028_FDX\fin34d.11.csv.gz","693"
"D:\胡溪筼\Documents\2026-7Fall\Carolina Data Challenge 2026\Graduate_Dataset\all_sources\028_FDX\fin34d.12.csv.gz","698"
"D:\胡溪筼\Documents\2026-7Fall\Carolina Data Challenge 2026\Graduate_Dataset\all_sources\028_FDX\fin34d.2.csv.gz","689"
"D:\胡溪筼\Documents\2026-7Fall\Carolina Data Challenge 2026\Graduate_Dataset\all_sources\028_FDX\fin34d.3.csv.gz","694"
"D:\胡溪筼\Documents\2026-7Fall\Carolina Data Challenge 2026\Graduate_Dataset\all_sources\028_FDX\fin34d.4.csv.gz","695"
"D:\胡溪筼\Documents\2026-7Fall\Carolina Data Challenge 2026\Graduate_Dataset\all_sources\028_FDX\fin34d.5.csv.gz","702"
"D:\胡溪筼\Documents\2026-7Fall\Carolina Data Challenge 2026\Graduate_Dataset\all_sources\028_FDX\fin34d.6.csv.gz","695"
"D:\胡溪筼\Documents\2026-7Fall\Carolina Data Challenge 2026\Graduate_Dataset\all_sources\028_FDX\fin34d.7.csv.gz","696"
"D:\胡溪筼\Documents\2026-7Fall\Carolina Data Challenge 2026\Graduate_Dataset\all_sources\028_FDX\fin34d.8.csv.gz","695"
"D:\胡溪筼\Documents\2026-7Fall\Carolina Data Challenge 2026\Graduate_Dataset\all_sources\028_FDX\fin34d.csv.gz","7900"
"D:\胡溪筼\Documents\2026-7Fall\Carolina Data Challenge 2026\Graduate_Dataset\all_sources\028_FDX\fin34d.s.csv.gz","699"
"D:\胡溪筼\Documents\2026-7Fall\Carolina Data Challenge 2026\Graduate_Dataset\all_sources\028_FDX\fin35.csv.gz","2208"
"D:\胡溪筼\Documents\2026-7Fall\Carolina Data Challenge 2026\Graduate_Dataset\all_sources\028_FDX\fin36a.1.csv.gz","176"
"D:\胡溪筼\Documents\2026-7Fall\Carolina Data Challenge 2026\Graduate_Dataset\all_sources\028_FDX\fin36a.10.csv.gz","155"
"D:\胡溪筼\Documents\2026-7Fall\Carolina Data Challenge 2026\Graduate_Dataset\all_sources\028_FDX\fin36a.11.csv.gz","178"
"D:\胡溪筼\Documents\2026-7Fall\Carolina Data Challenge 2026\Graduate_Dataset\all_sources\028_FDX\fin36a.12.csv.gz","179"
"D:\胡溪筼\Documents\2026-7Fall\Carolina Data Challenge 2026\Graduate_Dataset\all_sources\028_FDX\fin36a.2.csv.gz","176"
"D:\胡溪筼\Documents\2026-7Fall\Carolina Data Challenge 2026\Graduate_Dataset\all_sources\028_FDX\fin36a.3.csv.gz","177"
"D:\胡溪筼\Documents\2026-7Fall\Carolina Data Challenge 2026\Graduate_Dataset\all_sources\028_FDX\fin36a.4.csv.gz","177"
"D:\胡溪筼\Documents\2026-7Fall\Carolina Data Challenge 2026\Graduate_Dataset\all_sources\028_FDX\fin36a.5.csv.gz","177"
"D:\胡溪筼\Documents\2026-7Fall\Carolina Data Challenge 2026\Graduate_Dataset\all_sources\028_FDX\fin36a.6.csv.gz","176"
"D:\胡溪筼\Documents\2026-7Fall\Carolina Data Challenge 2026\Graduate_Dataset\all_sources\028_FDX\fin36a.7.csv.gz","178"
"D:\胡溪筼\Documents\2026-7Fall\Carolina Data Challenge 2026\Graduate_Dataset\all_sources\028_FDX\fin36a.8.csv.gz","178"
"D:\胡溪筼\Documents\2026-7Fall\Carolina Data Challenge 2026\Graduate_Dataset\all_sources\028_FDX\fin36a.9.csv.gz","176"
"D:\胡溪筼\Documents\2026-7Fall\Carolina Data Challenge 2026\Graduate_Dataset\all_sources\028_FDX\fin36a.csv.gz","2217"
"D:\胡溪筼\Documents\2026-7Fall\Carolina Data Challenge 2026\Graduate_Dataset\all_sources\028_FDX\fin36Aa.csv.gz","228"
"D:\胡溪筼\Documents\2026-7Fall\Carolina Data Challenge 2026\Graduate_Dataset\all_sources\028_FDX\fin36Ab.csv.gz","228"
"D:\胡溪筼\Documents\2026-7Fall\Carolina Data Challenge 2026\Graduate_Dataset\all_sources\028_FDX\fin36b.1.csv.gz","1246"
"D:\胡溪筼\Documents\2026-7Fall\Carolina Data Challenge 2026\Graduate_Dataset\all_sources\028_FDX\fin36b.10.csv.gz","1248"
"D:\胡溪筼\Documents\2026-7Fall\Carolina Data Challenge 2026\Graduate_Dataset\all_sources\028_FDX\fin36b.11.csv.gz","1244"
"D:\胡溪筼\Documents\2026-7Fall\Carolina Data Challenge 2026\Graduate_Dataset\all_sources\028_FDX\fin36b.12.csv.gz","1250"
"D:\胡溪筼\Documents\2026-7Fall\Carolina Data Challenge 2026\Graduate_Dataset\all_sources\028_FDX\fin36b.2.csv.gz","1244"
"D:\胡溪筼\Documents\2026-7Fall\Carolina Data Challenge 2026\Graduate_Dataset\all_sources\028_FDX\fin36b.3.csv.gz","1249"
"D:\胡溪筼\Documents\2026-7Fall\Carolina Data Challenge 2026\Graduate_Dataset\all_sources\028_FDX\fin36b.4.csv.gz","1247"
"D:\胡溪筼\Documents\2026-7Fall\Carolina Data Challenge 2026\Graduate_Dataset\all_sources\028_FDX\fin36b.5.csv.gz","1226"
"D:\胡溪筼\Documents\2026-7Fall\Carolina Data Challenge 2026\Graduate_Dataset\all_sources\028_FDX\fin36b.6.csv.gz","1252"
"D:\胡溪筼\Documents\2026-7Fall\Carolina Data Challenge 2026\Graduate_Dataset\all_sources\028_FDX\fin36b.7.csv.gz","1242"
"D:\胡溪筼\Documents\2026-7Fall\Carolina Data Challenge 2026\Graduate_Dataset\all_sources\028_FDX\fin36b.8.csv.gz","1246"
"D:\胡溪筼\Documents\2026-7Fall\Carolina Data Challenge 2026\Graduate_Dataset\all_sources\028_FDX\fin36b.9.csv.gz","1253"
"D:\胡溪筼\Documents\2026-7Fall\Carolina Data Challenge 2026\Graduate_Dataset\all_sources\028_FDX\fin36b.csv.gz","2216"
"D:\胡溪筼\Documents\2026-7Fall\Carolina Data Challenge 2026\Graduate_Dataset\all_sources\028_FDX\fin37.1.csv.gz","5272"
"D:\胡溪筼\Documents\2026-7Fall\Carolina Data Challenge 2026\Graduate_Dataset\all_sources\028_FDX\fin37.10.csv.gz","1249"
"D:\胡溪筼\Documents\2026-7Fall\Carolina Data Challenge 2026\Graduate_Dataset\all_sources\028_FDX\fin37.11.csv.gz","5236"
"D:\胡溪筼\Documents\2026-7Fall\Carolina Data Challenge 2026\Graduate_Dataset\all_sources\028_FDX\fin37.12.csv.gz","5209"
"D:\胡溪筼\Documents\2026-7Fall\Carolina Data Challenge 2026\Graduate_Dataset\all_sources\028_FDX\fin37.2.csv.gz","5260"
"D:\胡溪筼\Documents\2026-7Fall\Carolina Data Challenge 2026\Graduate_Dataset\all_sources\028_FDX\fin37.3.csv.gz","5270"
"D:\胡溪筼\Documents\2026-7Fall\Carolina Data Challenge 2026\Graduate_Dataset\all_sources\028_FDX\fin37.38.1.csv.gz","5107"
"D:\胡溪筼\Documents\2026-7Fall\Carolina Data Challenge 2026\Graduate_Dataset\all_sources\028_FDX\fin37.38.10.csv.gz","1556"
"D:\胡溪筼\Documents\2026-7Fall\Carolina Data Challenge 2026\Graduate_Dataset\all_sources\028_FDX\fin37.38.11.csv.gz","5110"
"D:\胡溪筼\Documents\2026-7Fall\Carolina Data Challenge 2026\Graduate_Dataset\all_sources\028_FDX\fin37.38.12.csv.gz","5036"
"D:\胡溪筼\Documents\2026-7Fall\Carolina Data Challenge 2026\Graduate_Dataset\all_sources\028_FDX\fin37.38.2.csv.gz","5079"
"D:\胡溪筼\Documents\2026-7Fall\Carolina Data Challenge 2026\Graduate_Dataset\all_sources\028_FDX\fin37.38.3.csv.gz","5106"
"D:\胡溪筼\Documents\2026-7Fall\Carolina Data Challenge 2026\Graduate_Dataset\all_sources\028_FDX\fin37.38.39.acc.1.csv.gz","3751"
"D:\胡溪筼\Documents\2026-7Fall\Carolina Data Challenge 2026\Graduate_Dataset\all_sources\028_FDX\fin37.38.39.acc.10.csv.gz","1135"
"D:\胡溪筼\Documents\2026-7Fall\Carolina Data Challenge 2026\Graduate_Dataset\all_sources\028_FDX\fin37.38.39.acc.11.csv.gz","3696"
"D:\胡溪筼\Documents\2026-7Fall\Carolina Data Challenge 2026\Graduate_Dataset\all_sources\028_FDX\fin37.38.39.acc.12.csv.gz","3687"
"D:\胡溪筼\Documents\2026-7Fall\Carolina Data Challenge 2026\Graduate_Dataset\all_sources\028_FDX\fin37.38.39.acc.2.csv.gz","3739"
"D:\胡溪筼\Documents\2026-7Fall\Carolina Data Challenge 2026\Graduate_Dataset\all_sources\028_FDX\fin37.38.39.acc.3.csv.gz","3751"
"D:\胡溪筼\Documents\2026-7Fall\Carolina Data Challenge 2026\Graduate_Dataset\all_sources\028_FDX\fin37.38.39.acc.4.csv.gz","3738"
"D:\胡溪筼\Documents\2026-7Fall\Carolina Data Challenge 2026\Graduate_Dataset\all_sources\028_FDX\fin37.38.39.acc.5.csv.gz","3760"
"D:\胡溪筼\Documents\2026-7Fall\Carolina Data Challenge 2026\Graduate_Dataset\all_sources\028_FDX\fin37.38.39.acc.6.csv.gz","3726"
"D:\胡溪筼\Documents\2026-7Fall\Carolina Data Challenge 2026\Graduate_Dataset\all_sources\028_FDX\fin37.38.39.acc.7.csv.gz","3750"
"D:\胡溪筼\Documents\2026-7Fall\Carolina Data Challenge 2026\Graduate_Dataset\all_sources\028_FDX\fin37.38.39.acc.8.csv.gz","3728"
"D:\胡溪筼\Documents\2026-7Fall\Carolina Data Challenge 2026\Graduate_Dataset\all_sources\028_FDX\fin37.38.39.acc.9.csv.gz","1151"
"D:\胡溪筼\Documents\2026-7Fall\Carolina Data Challenge 2026\Graduate_Dataset\all_sources\028_FDX\fin37.38.39.acc.csv.gz","6664"
"D:\胡溪筼\Documents\2026-7Fall\Carolina Data Challenge 2026\Graduate_Dataset\all_sources\028_FDX\fin37.38.39.acc.s.csv.gz","3760"
"D:\胡溪筼\Documents\2026-7Fall\Carolina Data Challenge 2026\Graduate_Dataset\all_sources\028_FDX\fin37.38.39a.1.csv.gz","3393"
"D:\胡溪筼\Documents\2026-7Fall\Carolina Data Challenge 2026\Graduate_Dataset\all_sources\028_FDX\fin37.38.39a.10.csv.gz","1032"
"D:\胡溪筼\Documents\2026-7Fall\Carolina Data Challenge 2026\Graduate_Dataset\all_sources\028_FDX\fin37.38.39a.11.csv.gz","3392"
"D:\胡溪筼\Documents\2026-7Fall\Carolina Data Challenge 2026\Graduate_Dataset\all_sources\028_FDX\fin37.38.39a.12.csv.gz","3366"
"D:\胡溪筼\Documents\2026-7Fall\Carolina Data Challenge 2026\Graduate_Dataset\all_sources\028_FDX\fin37.38.39a.2.csv.gz","3392"
"D:\胡溪筼\Documents\2026-7Fall\Carolina Data Challenge 2026\Graduate_Dataset\all_sources\028_FDX\fin37.38.39a.3.csv.gz","3394"
"D:\胡溪筼\Documents\2026-7Fall\Carolina Data Challenge 2026\Graduate_Dataset\all_sources\028_FDX\fin37.38.39a.4.csv.gz","3360"
"D:\胡溪筼\Documents\2026-7Fall\Carolina Data Challenge 2026\Graduate_Dataset\all_sources\028_FDX\fin37.38.39a.5.csv.gz","3401"
"D:\胡溪筼\Documents\2026-7Fall\Carolina Data Challenge 2026\Graduate_Dataset\all_sources\028_FDX\fin37.38.39a.6.csv.gz","3379"
"D:\胡溪筼\Documents\2026-7Fall\Carolina Data Challenge 2026\Graduate_Dataset\all_sources\028_FDX\fin37.38.39a.7.csv.gz","3370"
"D:\胡溪筼\Documents\2026-7Fall\Carolina Data Challenge 2026\Graduate_Dataset\all_sources\028_FDX\fin37.38.39a.8.csv.gz","3387"
"D:\胡溪筼\Documents\2026-7Fall\Carolina Data Challenge 2026\Graduate_Dataset\all_sources\028_FDX\fin37.38.39a.9.csv.gz","1032"
"D:\胡溪筼\Documents\2026-7Fall\Carolina Data Challenge 2026\Graduate_Dataset\all_sources\028_FDX\fin37.38.39a.csv.gz","6661"
"D:\胡溪筼\Documents\2026-7Fall\Carolina Data Challenge 2026\Graduate_Dataset\all_sources\028_FDX\fin37.38.39a.s.csv.gz","3404"
"D:\胡溪筼\Documents\2026-7Fall\Carolina Data Challenge 2026\Graduate_Dataset\all_sources\028_FDX\fin37.38.39b.1.csv.gz","258"
"D:\胡溪筼\Documents\2026-7Fall\Carolina Data Challenge 2026\Graduate_Dataset\all_sources\028_FDX\fin37.38.39b.10.csv.gz","186"
"D:\胡溪筼\Documents\2026-7Fall\Carolina Data Challenge 2026\Graduate_Dataset\all_sources\028_FDX\fin37.38.39b.11.csv.gz","258"
"D:\胡溪筼\Documents\2026-7Fall\Carolina Data Challenge 2026\Graduate_Dataset\all_sources\028_FDX\fin37.38.39b.12.csv.gz","256"
"D:\胡溪筼\Documents\2026-7Fall\Carolina Data Challenge 2026\Graduate_Dataset\all_sources\028_FDX\fin37.38.39b.2.csv.gz","256"
"D:\胡溪筼\Documents\2026-7Fall\Carolina Data Challenge 2026\Graduate_Dataset\all_sources\028_FDX\fin37.38.39b.3.csv.gz","254"
"D:\胡溪筼\Documents\2026-7Fall\Carolina Data Challenge 2026\Graduate_Dataset\all_sources\028_FDX\fin37.38.39b.4.csv.gz","257"
"D:\胡溪筼\Documents\2026-7Fall\Carolina Data Challenge 2026\Graduate_Dataset\all_sources\028_FDX\fin37.38.39b.5.csv.gz","257"
"D:\胡溪筼\Documents\2026-7Fall\Carolina Data Challenge 2026\Graduate_Dataset\all_sources\028_FDX\fin37.38.39b.6.csv.gz","257"
"D:\胡溪筼\Documents\2026-7Fall\Carolina Data Challenge 2026\Graduate_Dataset\all_sources\028_FDX\fin37.38.39b.7.csv.gz","257"
"D:\胡溪筼\Documents\2026-7Fall\Carolina Data Challenge 2026\Graduate_Dataset\all_sources\028_FDX\fin37.38.39b.8.csv.gz","257"
"D:\胡溪筼\Documents\2026-7Fall\Carolina Data Challenge 2026\Graduate_Dataset\all_sources\028_FDX\fin37.38.39b.9.csv.gz","187"
"D:\胡溪筼\Documents\2026-7Fall\Carolina Data Challenge 2026\Graduate_Dataset\all_sources\028_FDX\fin37.38.39b.csv.gz","5923"
"D:\胡溪筼\Documents\2026-7Fall\Carolina Data Challenge 2026\Graduate_Dataset\all_sources\028_FDX\fin37.38.39b.s.csv.gz","254"
"D:\胡溪筼\Documents\2026-7Fall\Carolina Data Challenge 2026\Graduate_Dataset\all_sources\028_FDX\fin37.38.39c.1.csv.gz","725"
"D:\胡溪筼\Documents\2026-7Fall\Carolina Data Challenge 2026\Graduate_Dataset\all_sources\028_FDX\fin37.38.39c.10.csv.gz","228"
"D:\胡溪筼\Documents\2026-7Fall\Carolina Data Challenge 2026\Graduate_Dataset\all_sources\028_FDX\fin37.38.39c.11.csv.gz","710"
"D:\胡溪筼\Documents\2026-7Fall\Carolina Data Challenge 2026\Graduate_Dataset\all_sources\028_FDX\fin37.38.39c.12.csv.gz","716"
"D:\胡溪筼\Documents\2026-7Fall\Carolina Data Challenge 2026\Graduate_Dataset\all_sources\028_FDX\fin37.38.39c.2.csv.gz","731"
"D:\胡溪筼\Documents\2026-7Fall\Carolina Data Challenge 2026\Graduate_Dataset\all_sources\028_FDX\fin37.38.39c.3.csv.gz","728"
"D:\胡溪筼\Documents\2026-7Fall\Carolina Data Challenge 2026\Graduate_Dataset\all_sources\028_FDX\fin37.38.39c.4.csv.gz","720"
"D:\胡溪筼\Documents\2026-7Fall\Carolina Data Challenge 2026\Graduate_Dataset\all_sources\028_FDX\fin37.38.39c.5.csv.gz","733"
"D:\胡溪筼\Documents\2026-7Fall\Carolina Data Challenge 2026\Graduate_Dataset\all_sources\028_FDX\fin37.38.39c.6.csv.gz","728"
"D:\胡溪筼\Documents\2026-7Fall\Carolina Data Challenge 2026\Graduate_Dataset\all_sources\028_FDX\fin37.38.39c.7.csv.gz","719"
"D:\胡溪筼\Documents\2026-7Fall\Carolina Data Challenge 2026\Graduate_Dataset\all_sources\028_FDX\fin37.38.39c.8.csv.gz","723"
"D:\胡溪筼\Documents\2026-7Fall\Carolina Data Challenge 2026\Graduate_Dataset\all_sources\028_FDX\fin37.38.39c.9.csv.gz","224"
"D:\胡溪筼\Documents\2026-7Fall\Carolina Data Challenge 2026\Graduate_Dataset\all_sources\028_FDX\fin37.38.39c.csv.gz","6563"
"D:\胡溪筼\Documents\2026-7Fall\Carolina Data Challenge 2026\Graduate_Dataset\all_sources\028_FDX\fin37.38.39c.s.csv.gz","733"
"D:\胡溪筼\Documents\2026-7Fall\Carolina Data Challenge 2026\Graduate_Dataset\all_sources\028_FDX\fin37.38.39d.1.csv.gz","135"
"D:\胡溪筼\Documents\2026-7Fall\Carolina Data Challenge 2026\Graduate_Dataset\all_sources\028_FDX\fin37.38.39d.11.csv.gz","135"
"D:\胡溪筼\Documents\2026-7Fall\Carolina Data Challenge 2026\Graduate_Dataset\all_sources\028_FDX\fin37.38.39d.12.csv.gz","136"
"D:\胡溪筼\Documents\2026-7Fall\Carolina Data Challenge 2026\Graduate_Dataset\all_sources\028_FDX\fin37.38.39d.2.csv.gz","135"
"D:\胡溪筼\Documents\2026-7Fall\Carolina Data Challenge 2026\Graduate_Dataset\all_sources\028_FDX\fin37.38.39d.3.csv.gz","135"
"D:\胡溪筼\Documents\2026-7Fall\Carolina Data Challenge 2026\Graduate_Dataset\all_sources\028_FDX\fin37.38.39d.4.csv.gz","135"
"D:\胡溪筼\Documents\2026-7Fall\Carolina Data Challenge 2026\Graduate_Dataset\all_sources\028_FDX\fin37.38.39d.5.csv.gz","134"
"D:\胡溪筼\Documents\2026-7Fall\Carolina Data Challenge 2026\Graduate_Dataset\all_sources\028_FDX\fin37.38.39d.6.csv.gz","134"
"D:\胡溪筼\Documents\2026-7Fall\Carolina Data Challenge 2026\Graduate_Dataset\all_sources\028_FDX\fin37.38.39d.7.csv.gz","135"
"D:\胡溪筼\Documents\2026-7Fall\Carolina Data Challenge 2026\Graduate_Dataset\all_sources\028_FDX\fin37.38.39d.8.csv.gz","135"
"D:\胡溪筼\Documents\2026-7Fall\Carolina Data Challenge 2026\Graduate_Dataset\all_sources\028_FDX\fin37.38.39d.csv.gz","6202"
"D:\胡溪筼\Documents\2026-7Fall\Carolina Data Challenge 2026\Graduate_Dataset\all_sources\028_FDX\fin37.38.39d.s.csv.gz","132"
"D:\胡溪筼\Documents\2026-7Fall\Carolina Data Challenge 2026\Graduate_Dataset\all_sources\028_FDX\fin37.38.4.csv.gz","5096"
"D:\胡溪筼\Documents\2026-7Fall\Carolina Data Challenge 2026\Graduate_Dataset\all_sources\028_FDX\fin37.38.5.csv.gz","5106"
"D:\胡溪筼\Documents\2026-7Fall\Carolina Data Challenge 2026\Graduate_Dataset\all_sources\028_FDX\fin37.38.6.csv.gz","5102"
"D:\胡溪筼\Documents\2026-7Fall\Carolina Data Challenge 2026\Graduate_Dataset\all_sources\028_FDX\fin37.38.7.csv.gz","5124"
"D:\胡溪筼\Documents\2026-7Fall\Carolina Data Challenge 2026\Graduate_Dataset\all_sources\028_FDX\fin37.38.8.csv.gz","5067"
"D:\胡溪筼\Documents\2026-7Fall\Carolina Data Challenge 2026\Graduate_Dataset\all_sources\028_FDX\fin37.38.9.csv.gz","1575"
"D:\胡溪筼\Documents\2026-7Fall\Carolina Data Challenge 2026\Graduate_Dataset\all_sources\028_FDX\fin37.38.csv.gz","6650"
"D:\胡溪筼\Documents\2026-7Fall\Carolina Data Challenge 2026\Graduate_Dataset\all_sources\028_FDX\fin37.39.acc.1.csv.gz","3459"
"D:\胡溪筼\Documents\2026-7Fall\Carolina Data Challenge 2026\Graduate_Dataset\all_sources\028_FDX\fin37.39.acc.10.csv.gz","756"
"D:\胡溪筼\Documents\2026-7Fall\Carolina Data Challenge 2026\Graduate_Dataset\all_sources\028_FDX\fin37.39.acc.11.csv.gz","3436"
"D:\胡溪筼\Documents\2026-7Fall\Carolina Data Challenge 2026\Graduate_Dataset\all_sources\028_FDX\fin37.39.acc.12.csv.gz","3433"
"D:\胡溪筼\Documents\2026-7Fall\Carolina Data Challenge 2026\Graduate_Dataset\all_sources\028_FDX\fin37.39.acc.2.csv.gz","3459"
"D:\胡溪筼\Documents\2026-7Fall\Carolina Data Challenge 2026\Graduate_Dataset\all_sources\028_FDX\fin37.39.acc.3.csv.gz","3473"
"D:\胡溪筼\Documents\2026-7Fall\Carolina Data Challenge 2026\Graduate_Dataset\all_sources\028_FDX\fin37.39.acc.4.csv.gz","3443"
"D:\胡溪筼\Documents\2026-7Fall\Carolina Data Challenge 2026\Graduate_Dataset\all_sources\028_FDX\fin37.39.acc.5.csv.gz","3467"
"D:\胡溪筼\Documents\2026-7Fall\Carolina Data Challenge 2026\Graduate_Dataset\all_sources\028_FDX\fin37.39.acc.6.csv.gz","3443"
"D:\胡溪筼\Documents\2026-7Fall\Carolina Data Challenge 2026\Graduate_Dataset\all_sources\028_FDX\fin37.39.acc.7.csv.gz","3466"
"D:\胡溪筼\Documents\2026-7Fall\Carolina Data Challenge 2026\Graduate_Dataset\all_sources\028_FDX\fin37.39.acc.8.csv.gz","3460"
"D:\胡溪筼\Documents\2026-7Fall\Carolina Data Challenge 2026\Graduate_Dataset\all_sources\028_FDX\fin37.39.acc.9.csv.gz","751"
"D:\胡溪筼\Documents\2026-7Fall\Carolina Data Challenge 2026\Graduate_Dataset\all_sources\028_FDX\fin37.39.acc.csv.gz","8620"
"D:\胡溪筼\Documents\2026-7Fall\Carolina Data Challenge 2026\Graduate_Dataset\all_sources\028_FDX\fin37.39.acc.s.csv.gz","3467"
"D:\胡溪筼\Documents\2026-7Fall\Carolina Data Challenge 2026\Graduate_Dataset\all_sources\028_FDX\fin37.39a.1.csv.gz","2955"
"D:\胡溪筼\Documents\2026-7Fall\Carolina Data Challenge 2026\Graduate_Dataset\all_sources\028_FDX\fin37.39a.10.csv.gz","630"
"D:\胡溪筼\Documents\2026-7Fall\Carolina Data Challenge 2026\Graduate_Dataset\all_sources\028_FDX\fin37.39a.11.csv.gz","2954"
"D:\胡溪筼\Documents\2026-7Fall\Carolina Data Challenge 2026\Graduate_Dataset\all_sources\028_FDX\fin37.39a.12.csv.gz","2938"
"D:\胡溪筼\Documents\2026-7Fall\Carolina Data Challenge 2026\Graduate_Dataset\all_sources\028_FDX\fin37.39a.2.csv.gz","2965"
"D:\胡溪筼\Documents\2026-7Fall\Carolina Data Challenge 2026\Graduate_Dataset\all_sources\028_FDX\fin37.39a.3.csv.gz","2980"
"D:\胡溪筼\Documents\2026-7Fall\Carolina Data Challenge 2026\Graduate_Dataset\all_sources\028_FDX\fin37.39a.4.csv.gz","2950"
"D:\胡溪筼\Documents\2026-7Fall\Carolina Data Challenge 2026\Graduate_Dataset\all_sources\028_FDX\fin37.39a.5.csv.gz","2959"
"D:\胡溪筼\Documents\2026-7Fall\Carolina Data Challenge 2026\Graduate_Dataset\all_sources\028_FDX\fin37.39a.6.csv.gz","2960"
"D:\胡溪筼\Documents\2026-7Fall\Carolina Data Challenge 2026\Graduate_Dataset\all_sources\028_FDX\fin37.39a.7.csv.gz","2954"
"D:\胡溪筼\Documents\2026-7Fall\Carolina Data Challenge 2026\Graduate_Dataset\all_sources\028_FDX\fin37.39a.8.csv.gz","2957"
"D:\胡溪筼\Documents\2026-7Fall\Carolina Data Challenge 2026\Graduate_Dataset\all_sources\028_FDX\fin37.39a.9.csv.gz","622"
"D:\胡溪筼\Documents\2026-7Fall\Carolina Data Challenge 2026\Graduate_Dataset\all_sources\028_FDX\fin37.39a.csv.gz","8621"
"D:\胡溪筼\Documents\2026-7Fall\Carolina Data Challenge 2026\Graduate_Dataset\all_sources\028_FDX\fin37.39a.s.csv.gz","2976"
"D:\胡溪筼\Documents\2026-7Fall\Carolina Data Challenge 2026\Graduate_Dataset\all_sources\028_FDX\fin37.39b.1.csv.gz","210"
"D:\胡溪筼\Documents\2026-7Fall\Carolina Data Challenge 2026\Graduate_Dataset\all_sources\028_FDX\fin37.39b.10.csv.gz","128"
"D:\胡溪筼\Documents\2026-7Fall\Carolina Data Challenge 2026\Graduate_Dataset\all_sources\028_FDX\fin37.39b.11.csv.gz","209"
"D:\胡溪筼\Documents\2026-7Fall\Carolina Data Challenge 2026\Graduate_Dataset\all_sources\028_FDX\fin37.39b.12.csv.gz","209"
"D:\胡溪筼\Documents\2026-7Fall\Carolina Data Challenge 2026\Graduate_Dataset\all_sources\028_FDX\fin37.39b.2.csv.gz","208"
"D:\胡溪筼\Documents\2026-7Fall\Carolina Data Challenge 2026\Graduate_Dataset\all_sources\028_FDX\fin37.39b.3.csv.gz","208"
"D:\胡溪筼\Documents\2026-7Fall\Carolina Data Challenge 2026\Graduate_Dataset\all_sources\028_FDX\fin37.39b.4.csv.gz","210"
"D:\胡溪筼\Documents\2026-7Fall\Carolina Data Challenge 2026\Graduate_Dataset\all_sources\028_FDX\fin37.39b.5.csv.gz","207"
"D:\胡溪筼\Documents\2026-7Fall\Carolina Data Challenge 2026\Graduate_Dataset\all_sources\028_FDX\fin37.39b.6.csv.gz","208"
"D:\胡溪筼\Documents\2026-7Fall\Carolina Data Challenge 2026\Graduate_Dataset\all_sources\028_FDX\fin37.39b.7.csv.gz","208"
"D:\胡溪筼\Documents\2026-7Fall\Carolina Data Challenge 2026\Graduate_Dataset\all_sources\028_FDX\fin37.39b.8.csv.gz","208"
"D:\胡溪筼\Documents\2026-7Fall\Carolina Data Challenge 2026\Graduate_Dataset\all_sources\028_FDX\fin37.39b.9.csv.gz","127"
"D:\胡溪筼\Documents\2026-7Fall\Carolina Data Challenge 2026\Graduate_Dataset\all_sources\028_FDX\fin37.39b.csv.gz","7298"
"D:\胡溪筼\Documents\2026-7Fall\Carolina Data Challenge 2026\Graduate_Dataset\all_sources\028_FDX\fin37.39b.s.csv.gz","208"
"D:\胡溪筼\Documents\2026-7Fall\Carolina Data Challenge 2026\Graduate_Dataset\all_sources\028_FDX\fin37.39c.1.csv.gz","557"
"D:\胡溪筼\Documents\2026-7Fall\Carolina Data Challenge 2026\Graduate_Dataset\all_sources\028_FDX\fin37.39c.10.csv.gz","131"
"D:\胡溪筼\Documents\2026-7Fall\Carolina Data Challenge 2026\Graduate_Dataset\all_sources\028_FDX\fin37.39c.11.csv.gz","567"
"D:\胡溪筼\Documents\2026-7Fall\Carolina Data Challenge 2026\Graduate_Dataset\all_sources\028_FDX\fin37.39c.12.csv.gz","564"
"D:\胡溪筼\Documents\2026-7Fall\Carolina Data Challenge 2026\Graduate_Dataset\all_sources\028_FDX\fin37.39c.2.csv.gz","563"
"D:\胡溪筼\Documents\2026-7Fall\Carolina Data Challenge 2026\Graduate_Dataset\all_sources\028_FDX\fin37.39c.3.csv.gz","567"
"D:\胡溪筼\Documents\2026-7Fall\Carolina Data Challenge 2026\Graduate_Dataset\all_sources\028_FDX\fin37.39c.4.csv.gz","558"
"D:\胡溪筼\Documents\2026-7Fall\Carolina Data Challenge 2026\Graduate_Dataset\all_sources\028_FDX\fin37.39c.5.csv.gz","566"
"D:\胡溪筼\Documents\2026-7Fall\Carolina Data Challenge 2026\Graduate_Dataset\all_sources\028_FDX\fin37.39c.6.csv.gz","562"
"D:\胡溪筼\Documents\2026-7Fall\Carolina Data Challenge 2026\Graduate_Dataset\all_sources\028_FDX\fin37.39c.7.csv.gz","565"
"D:\胡溪筼\Documents\2026-7Fall\Carolina Data Challenge 2026\Graduate_Dataset\all_sources\028_FDX\fin37.39c.8.csv.gz","569"
"D:\胡溪筼\Documents\2026-7Fall\Carolina Data Challenge 2026\Graduate_Dataset\all_sources\028_FDX\fin37.39c.9.csv.gz","130"
"D:\胡溪筼\Documents\2026-7Fall\Carolina Data Challenge 2026\Graduate_Dataset\all_sources\028_FDX\fin37.39c.csv.gz","8463"
"D:\胡溪筼\Documents\2026-7Fall\Carolina Data Challenge 2026\Graduate_Dataset\all_sources\028_FDX\fin37.39c.s.csv.gz","570"
"D:\胡溪筼\Documents\2026-7Fall\Carolina Data Challenge 2026\Graduate_Dataset\all_sources\028_FDX\fin37.39d.1.csv.gz","263"
"D:\胡溪筼\Documents\2026-7Fall\Carolina Data Challenge 2026\Graduate_Dataset\all_sources\028_FDX\fin37.39d.11.csv.gz","263"
"D:\胡溪筼\Documents\2026-7Fall\Carolina Data Challenge 2026\Graduate_Dataset\all_sources\028_FDX\fin37.39d.12.csv.gz","263"
"D:\胡溪筼\Documents\2026-7Fall\Carolina Data Challenge 2026\Graduate_Dataset\all_sources\028_FDX\fin37.39d.2.csv.gz","262"
"D:\胡溪筼\Documents\2026-7Fall\Carolina Data Challenge 2026\Graduate_Dataset\all_sources\028_FDX\fin37.39d.3.csv.gz","262"
"D:\胡溪筼\Documents\2026-7Fall\Carolina Data Challenge 2026\Graduate_Dataset\all_sources\028_FDX\fin37.39d.4.csv.gz","264"
"D:\胡溪筼\Documents\2026-7Fall\Carolina Data Challenge 2026\Graduate_Dataset\all_sources\028_FDX\fin37.39d.5.csv.gz","262"
"D:\胡溪筼\Documents\2026-7Fall\Carolina Data Challenge 2026\Graduate_Dataset\all_sources\028_FDX\fin37.39d.6.csv.gz","262"
"D:\胡溪筼\Documents\2026-7Fall\Carolina Data Challenge 2026\Graduate_Dataset\all_sources\028_FDX\fin37.39d.7.csv.gz","265"
"D:\胡溪筼\Documents\2026-7Fall\Carolina Data Challenge 2026\Graduate_Dataset\all_sources\028_FDX\fin37.39d.8.csv.gz","264"
"D:\胡溪筼\Documents\2026-7Fall\Carolina Data Challenge 2026\Graduate_Dataset\all_sources\028_FDX\fin37.39d.csv.gz","7981"
"D:\胡溪筼\Documents\2026-7Fall\Carolina Data Challenge 2026\Graduate_Dataset\all_sources\028_FDX\fin37.39d.s.csv.gz","264"
"D:\胡溪筼\Documents\2026-7Fall\Carolina Data Challenge 2026\Graduate_Dataset\all_sources\028_FDX\fin37.4.csv.gz","5236"
"D:\胡溪筼\Documents\2026-7Fall\Carolina Data Challenge 2026\Graduate_Dataset\all_sources\028_FDX\fin37.5.csv.gz","5265"
"D:\胡溪筼\Documents\2026-7Fall\Carolina Data Challenge 2026\Graduate_Dataset\all_sources\028_FDX\fin37.6.csv.gz","5258"
"D:\胡溪筼\Documents\2026-7Fall\Carolina Data Challenge 2026\Graduate_Dataset\all_sources\028_FDX\fin37.7.csv.gz","5272"
"D:\胡溪筼\Documents\2026-7Fall\Carolina Data Challenge 2026\Graduate_Dataset\all_sources\028_FDX\fin37.8.csv.gz","5240"
"D:\胡溪筼\Documents\2026-7Fall\Carolina Data Challenge 2026\Graduate_Dataset\all_sources\028_FDX\fin37.9.csv.gz","1272"
"D:\胡溪筼\Documents\2026-7Fall\Carolina Data Challenge 2026\Graduate_Dataset\all_sources\028_FDX\fin37.csv.gz","8587"
"D:\胡溪筼\Documents\2026-7Fall\Carolina Data Challenge 2026\Graduate_Dataset\all_sources\028_FDX\fin38.1.csv.gz","2679"
"D:\胡溪筼\Documents\2026-7Fall\Carolina Data Challenge 2026\Graduate_Dataset\all_sources\028_FDX\fin38.10.csv.gz","692"
"D:\胡溪筼\Documents\2026-7Fall\Carolina Data Challenge 2026\Graduate_Dataset\all_sources\028_FDX\fin38.11.csv.gz","2715"
"D:\胡溪筼\Documents\2026-7Fall\Carolina Data Challenge 2026\Graduate_Dataset\all_sources\028_FDX\fin38.12.csv.gz","2694"
"D:\胡溪筼\Documents\2026-7Fall\Carolina Data Challenge 2026\Graduate_Dataset\all_sources\028_FDX\fin38.2.csv.gz","2701"
"D:\胡溪筼\Documents\2026-7Fall\Carolina Data Challenge 2026\Graduate_Dataset\all_sources\028_FDX\fin38.3.csv.gz","2597"
"D:\胡溪筼\Documents\2026-7Fall\Carolina Data Challenge 2026\Graduate_Dataset\all_sources\028_FDX\fin38.39.acc.1.csv.gz","2199"
"D:\胡溪筼\Documents\2026-7Fall\Carolina Data Challenge 2026\Graduate_Dataset\all_sources\028_FDX\fin38.39.acc.10.csv.gz","572"
"D:\胡溪筼\Documents\2026-7Fall\Carolina Data Challenge 2026\Graduate_Dataset\all_sources\028_FDX\fin38.39.acc.11.csv.gz","2221"
"D:\胡溪筼\Documents\2026-7Fall\Carolina Data Challenge 2026\Graduate_Dataset\all_sources\028_FDX\fin38.39.acc.12.csv.gz","2234"
"D:\胡溪筼\Documents\2026-7Fall\Carolina Data Challenge 2026\Graduate_Dataset\all_sources\028_FDX\fin38.39.acc.2.csv.gz","2202"
"D:\胡溪筼\Documents\2026-7Fall\Carolina Data Challenge 2026\Graduate_Dataset\all_sources\028_FDX\fin38.39.acc.3.csv.gz","2095"
"D:\胡溪筼\Documents\2026-7Fall\Carolina Data Challenge 2026\Graduate_Dataset\all_sources\028_FDX\fin38.39.acc.4.csv.gz","2190"
"D:\胡溪筼\Documents\2026-7Fall\Carolina Data Challenge 2026\Graduate_Dataset\all_sources\028_FDX\fin38.39.acc.5.csv.gz","2232"
"D:\胡溪筼\Documents\2026-7Fall\Carolina Data Challenge 2026\Graduate_Dataset\all_sources\028_FDX\fin38.39.acc.6.csv.gz","2205"
"D:\胡溪筼\Documents\2026-7Fall\Carolina Data Challenge 2026\Graduate_Dataset\all_sources\028_FDX\fin38.39.acc.7.csv.gz","2196"
"D:\胡溪筼\Documents\2026-7Fall\Carolina Data Challenge 2026\Graduate_Dataset\all_sources\028_FDX\fin38.39.acc.8.csv.gz","2200"
"D:\胡溪筼\Documents\2026-7Fall\Carolina Data Challenge 2026\Graduate_Dataset\all_sources\028_FDX\fin38.39.acc.9.csv.gz","567"
"D:\胡溪筼\Documents\2026-7Fall\Carolina Data Challenge 2026\Graduate_Dataset\all_sources\028_FDX\fin38.39.acc.csv.gz","6613"
"D:\胡溪筼\Documents\2026-7Fall\Carolina Data Challenge 2026\Graduate_Dataset\all_sources\028_FDX\fin38.39.acc.s.csv.gz","2227"
"D:\胡溪筼\Documents\2026-7Fall\Carolina Data Challenge 2026\Graduate_Dataset\all_sources\028_FDX\fin38.39a.1.csv.gz","2135"
"D:\胡溪筼\Documents\2026-7Fall\Carolina Data Challenge 2026\Graduate_Dataset\all_sources\028_FDX\fin38.39a.10.csv.gz","555"
"D:\胡溪筼\Documents\2026-7Fall\Carolina Data Challenge 2026\Graduate_Dataset\all_sources\028_FDX\fin38.39a.11.csv.gz","2142"
"D:\胡溪筼\Documents\2026-7Fall\Carolina Data Challenge 2026\Graduate_Dataset\all_sources\028_FDX\fin38.39a.12.csv.gz","2142"
"D:\胡溪筼\Documents\2026-7Fall\Carolina Data Challenge 2026\Graduate_Dataset\all_sources\028_FDX\fin38.39a.2.csv.gz","2111"
"D:\胡溪筼\Documents\2026-7Fall\Carolina Data Challenge 2026\Graduate_Dataset\all_sources\028_FDX\fin38.39a.3.csv.gz","1977"
"D:\胡溪筼\Documents\2026-7Fall\Carolina Data Challenge 2026\Graduate_Dataset\all_sources\028_FDX\fin38.39a.4.csv.gz","2118"
"D:\胡溪筼\Documents\2026-7Fall\Carolina Data Challenge 2026\Graduate_Dataset\all_sources\028_FDX\fin38.39a.5.csv.gz","2150"
"D:\胡溪筼\Documents\2026-7Fall\Carolina Data Challenge 2026\Graduate_Dataset\all_sources\028_FDX\fin38.39a.6.csv.gz","2124"
"D:\胡溪筼\Documents\2026-7Fall\Carolina Data Challenge 2026\Graduate_Dataset\all_sources\028_FDX\fin38.39a.7.csv.gz","2122"
"D:\胡溪筼\Documents\2026-7Fall\Carolina Data Challenge 2026\Graduate_Dataset\all_sources\028_FDX\fin38.39a.8.csv.gz","2126"
"D:\胡溪筼\Documents\2026-7Fall\Carolina Data Challenge 2026\Graduate_Dataset\all_sources\028_FDX\fin38.39a.9.csv.gz","542"
"D:\胡溪筼\Documents\2026-7Fall\Carolina Data Challenge 2026\Graduate_Dataset\all_sources\028_FDX\fin38.39a.csv.gz","6648"
"D:\胡溪筼\Documents\2026-7Fall\Carolina Data Challenge 2026\Graduate_Dataset\all_sources\028_FDX\fin38.39a.s.csv.gz","2141"
"D:\胡溪筼\Documents\2026-7Fall\Carolina Data Challenge 2026\Graduate_Dataset\all_sources\028_FDX\fin38.39b.csv.gz","5617"
"D:\胡溪筼\Documents\2026-7Fall\Carolina Data Challenge 2026\Graduate_Dataset\all_sources\028_FDX\fin38.39c.1.csv.gz","402"
"D:\胡溪筼\Documents\2026-7Fall\Carolina Data Challenge 2026\Graduate_Dataset\all_sources\028_FDX\fin38.39c.10.csv.gz","174"
"D:\胡溪筼\Documents\2026-7Fall\Carolina Data Challenge 2026\Graduate_Dataset\all_sources\028_FDX\fin38.39c.11.csv.gz","402"
"D:\胡溪筼\Documents\2026-7Fall\Carolina Data Challenge 2026\Graduate_Dataset\all_sources\028_FDX\fin38.39c.12.csv.gz","401"
"D:\胡溪筼\Documents\2026-7Fall\Carolina Data Challenge 2026\Graduate_Dataset\all_sources\028_FDX\fin38.39c.2.csv.gz","409"
"D:\胡溪筼\Documents\2026-7Fall\Carolina Data Challenge 2026\Graduate_Dataset\all_sources\028_FDX\fin38.39c.3.csv.gz","373"
"D:\胡溪筼\Documents\2026-7Fall\Carolina Data Challenge 2026\Graduate_Dataset\all_sources\028_FDX\fin38.39c.4.csv.gz","406"
"D:\胡溪筼\Documents\2026-7Fall\Carolina Data Challenge 2026\Graduate_Dataset\all_sources\028_FDX\fin38.39c.5.csv.gz","412"
"D:\胡溪筼\Documents\2026-7Fall\Carolina Data Challenge 2026\Graduate_Dataset\all_sources\028_FDX\fin38.39c.6.csv.gz","409"
"D:\胡溪筼\Documents\2026-7Fall\Carolina Data Challenge 2026\Graduate_Dataset\all_sources\028_FDX\fin38.39c.7.csv.gz","413"
"D:\胡溪筼\Documents\2026-7Fall\Carolina Data Challenge 2026\Graduate_Dataset\all_sources\028_FDX\fin38.39c.8.csv.gz","410"
"D:\胡溪筼\Documents\2026-7Fall\Carolina Data Challenge 2026\Graduate_Dataset\all_sources\028_FDX\fin38.39c.9.csv.gz","173"
"D:\胡溪筼\Documents\2026-7Fall\Carolina Data Challenge 2026\Graduate_Dataset\all_sources\028_FDX\fin38.39c.csv.gz","6283"
"D:\胡溪筼\Documents\2026-7Fall\Carolina Data Challenge 2026\Graduate_Dataset\all_sources\028_FDX\fin38.39c.s.csv.gz","414"
"D:\胡溪筼\Documents\2026-7Fall\Carolina Data Challenge 2026\Graduate_Dataset\all_sources\028_FDX\fin38.39d.csv.gz","5501"
"D:\胡溪筼\Documents\2026-7Fall\Carolina Data Challenge 2026\Graduate_Dataset\all_sources\028_FDX\fin38.4.csv.gz","2685"
"D:\胡溪筼\Documents\2026-7Fall\Carolina Data Challenge 2026\Graduate_Dataset\all_sources\028_FDX\fin38.5.csv.gz","2722"
"D:\胡溪筼\Documents\2026-7Fall\Carolina Data Challenge 2026\Graduate_Dataset\all_sources\028_FDX\fin38.6.csv.gz","2700"
"D:\胡溪筼\Documents\2026-7Fall\Carolina Data Challenge 2026\Graduate_Dataset\all_sources\028_FDX\fin38.7.csv.gz","2692"
"D:\胡溪筼\Documents\2026-7Fall\Carolina Data Challenge 2026\Graduate_Dataset\all_sources\028_FDX\fin38.8.csv.gz","2694"
"D:\胡溪筼\Documents\2026-7Fall\Carolina Data Challenge 2026\Graduate_Dataset\all_sources\028_FDX\fin38.9.csv.gz","687"
"D:\胡溪筼\Documents\2026-7Fall\Carolina Data Challenge 2026\Graduate_Dataset\all_sources\028_FDX\fin38.csv.gz","6595"
"D:\胡溪筼\Documents\2026-7Fall\Carolina Data Challenge 2026\Graduate_Dataset\all_sources\028_FDX\fin4.d.1.csv.gz","1943"
"D:\胡溪筼\Documents\2026-7Fall\Carolina Data Challenge 2026\Graduate_Dataset\all_sources\028_FDX\fin4.d.10.csv.gz","1927"
"D:\胡溪筼\Documents\2026-7Fall\Carolina Data Challenge 2026\Graduate_Dataset\all_sources\028_FDX\fin4.d.11.csv.gz","1920"
"D:\胡溪筼\Documents\2026-7Fall\Carolina Data Challenge 2026\Graduate_Dataset\all_sources\028_FDX\fin4.d.12.csv.gz","1918"
"D:\胡溪筼\Documents\2026-7Fall\Carolina Data Challenge 2026\Graduate_Dataset\all_sources\028_FDX\fin4.d.2.csv.gz","1939"
"D:\胡溪筼\Documents\2026-7Fall\Carolina Data Challenge 2026\Graduate_Dataset\all_sources\028_FDX\fin4.d.3.csv.gz","1926"
"D:\胡溪筼\Documents\2026-7Fall\Carolina Data Challenge 2026\Graduate_Dataset\all_sources\028_FDX\fin4.d.4.csv.gz","1932"
"D:\胡溪筼\Documents\2026-7Fall\Carolina Data Challenge 2026\Graduate_Dataset\all_sources\028_FDX\fin4.d.5.csv.gz","1935"
"D:\胡溪筼\Documents\2026-7Fall\Carolina Data Challenge 2026\Graduate_Dataset\all_sources\028_FDX\fin4.d.6.csv.gz","1936"
"D:\胡溪筼\Documents\2026-7Fall\Carolina Data Challenge 2026\Graduate_Dataset\all_sources\028_FDX\fin4.d.7.csv.gz","1912"
"D:\胡溪筼\Documents\2026-7Fall\Carolina Data Challenge 2026\Graduate_Dataset\all_sources\028_FDX\fin4.d.8.csv.gz","1908"
"D:\胡溪筼\Documents\2026-7Fall\Carolina Data Challenge 2026\Graduate_Dataset\all_sources\028_FDX\fin4.d.9.csv.gz","1941"
"D:\胡溪筼\Documents\2026-7Fall\Carolina Data Challenge 2026\Graduate_Dataset\all_sources\028_FDX\fin4.d.csv.gz","2386"
"D:\胡溪筼\Documents\2026-7Fall\Carolina Data Challenge 2026\Graduate_Dataset\all_sources\028_FDX\fin40a.1.csv.gz","620"
"D:\胡溪筼\Documents\2026-7Fall\Carolina Data Challenge 2026\Graduate_Dataset\all_sources\028_FDX\fin40a.10.csv.gz","626"
"D:\胡溪筼\Documents\2026-7Fall\Carolina Data Challenge 2026\Graduate_Dataset\all_sources\028_FDX\fin40a.11.csv.gz","623"
"D:\胡溪筼\Documents\2026-7Fall\Carolina Data Challenge 2026\Graduate_Dataset\all_sources\028_FDX\fin40a.12.csv.gz","627"
"D:\胡溪筼\Documents\2026-7Fall\Carolina Data Challenge 2026\Graduate_Dataset\all_sources\028_FDX\fin40a.2.csv.gz","623"
"D:\胡溪筼\Documents\2026-7Fall\Carolina Data Challenge 2026\Graduate_Dataset\all_sources\028_FDX\fin40a.3.csv.gz","627"
"D:\胡溪筼\Documents\2026-7Fall\Carolina Data Challenge 2026\Graduate_Dataset\all_sources\028_FDX\fin40a.4.csv.gz","614"
"D:\胡溪筼\Documents\2026-7Fall\Carolina Data Challenge 2026\Graduate_Dataset\all_sources\028_FDX\fin40a.5.csv.gz","618"
"D:\胡溪筼\Documents\2026-7Fall\Carolina Data Challenge 2026\Graduate_Dataset\all_sources\028_FDX\fin40a.6.csv.gz","619"
"D:\胡溪筼\Documents\2026-7Fall\Carolina Data Challenge 2026\Graduate_Dataset\all_sources\028_FDX\fin40a.7.csv.gz","621"
"D:\胡溪筼\Documents\2026-7Fall\Carolina Data Challenge 2026\Graduate_Dataset\all_sources\028_FDX\fin40a.8.csv.gz","621"
"D:\胡溪筼\Documents\2026-7Fall\Carolina Data Challenge 2026\Graduate_Dataset\all_sources\028_FDX\fin40a.9.csv.gz","616"
"D:\胡溪筼\Documents\2026-7Fall\Carolina Data Challenge 2026\Graduate_Dataset\all_sources\028_FDX\fin40a.csv.gz","2224"
"D:\胡溪筼\Documents\2026-7Fall\Carolina Data Challenge 2026\Graduate_Dataset\all_sources\028_FDX\fin40b.1.csv.gz","430"
"D:\胡溪筼\Documents\2026-7Fall\Carolina Data Challenge 2026\Graduate_Dataset\all_sources\028_FDX\fin40b.10.csv.gz","433"
"D:\胡溪筼\Documents\2026-7Fall\Carolina Data Challenge 2026\Graduate_Dataset\all_sources\028_FDX\fin40b.11.csv.gz","433"
"D:\胡溪筼\Documents\2026-7Fall\Carolina Data Challenge 2026\Graduate_Dataset\all_sources\028_FDX\fin40b.12.csv.gz","439"
"D:\胡溪筼\Documents\2026-7Fall\Carolina Data Challenge 2026\Graduate_Dataset\all_sources\028_FDX\fin40b.2.csv.gz","432"
"D:\胡溪筼\Documents\2026-7Fall\Carolina Data Challenge 2026\Graduate_Dataset\all_sources\028_FDX\fin40b.3.csv.gz","436"
"D:\胡溪筼\Documents\2026-7Fall\Carolina Data Challenge 2026\Graduate_Dataset\all_sources\028_FDX\fin40b.4.csv.gz","430"
"D:\胡溪筼\Documents\2026-7Fall\Carolina Data Challenge 2026\Graduate_Dataset\all_sources\028_FDX\fin40b.5.csv.gz","437"
"D:\胡溪筼\Documents\2026-7Fall\Carolina Data Challenge 2026\Graduate_Dataset\all_sources\028_FDX\fin40b.6.csv.gz","429"
"D:\胡溪筼\Documents\2026-7Fall\Carolina Data Challenge 2026\Graduate_Dataset\all_sources\028_FDX\fin40b.7.csv.gz","435"
"D:\胡溪筼\Documents\2026-7Fall\Carolina Data Challenge 2026\Graduate_Dataset\all_sources\028_FDX\fin40b.8.csv.gz","436"
"D:\胡溪筼\Documents\2026-7Fall\Carolina Data Challenge 2026\Graduate_Dataset\all_sources\028_FDX\fin40b.9.csv.gz","427"
"D:\胡溪筼\Documents\2026-7Fall\Carolina Data Challenge 2026\Graduate_Dataset\all_sources\028_FDX\fin40b.csv.gz","2210"
"D:\胡溪筼\Documents\2026-7Fall\Carolina Data Challenge 2026\Graduate_Dataset\all_sources\028_FDX\fin41.csv.gz","2194"
"D:\胡溪筼\Documents\2026-7Fall\Carolina Data Challenge 2026\Graduate_Dataset\all_sources\028_FDX\fin42.1.csv.gz","4559"
"D:\胡溪筼\Documents\2026-7Fall\Carolina Data Challenge 2026\Graduate_Dataset\all_sources\028_FDX\fin42.10.csv.gz","1403"
"D:\胡溪筼\Documents\2026-7Fall\Carolina Data Challenge 2026\Graduate_Dataset\all_sources\028_FDX\fin42.11.csv.gz","4531"
"D:\胡溪筼\Documents\2026-7Fall\Carolina Data Challenge 2026\Graduate_Dataset\all_sources\028_FDX\fin42.12.csv.gz","4555"
"D:\胡溪筼\Documents\2026-7Fall\Carolina Data Challenge 2026\Graduate_Dataset\all_sources\028_FDX\fin42.2.csv.gz","4563"
"D:\胡溪筼\Documents\2026-7Fall\Carolina Data Challenge 2026\Graduate_Dataset\all_sources\028_FDX\fin42.3.csv.gz","4593"
"D:\胡溪筼\Documents\2026-7Fall\Carolina Data Challenge 2026\Graduate_Dataset\all_sources\028_FDX\fin42.4.csv.gz","4569"
"D:\胡溪筼\Documents\2026-7Fall\Carolina Data Challenge 2026\Graduate_Dataset\all_sources\028_FDX\fin42.5.csv.gz","4571"
"D:\胡溪筼\Documents\2026-7Fall\Carolina Data Challenge 2026\Graduate_Dataset\all_sources\028_FDX\fin42.6.csv.gz","4551"
"D:\胡溪筼\Documents\2026-7Fall\Carolina Data Challenge 2026\Graduate_Dataset\all_sources\028_FDX\fin42.7.csv.gz","4513"
"D:\胡溪筼\Documents\2026-7Fall\Carolina Data Challenge 2026\Graduate_Dataset\all_sources\028_FDX\fin42.8.csv.gz","4504"
"D:\胡溪筼\Documents\2026-7Fall\Carolina Data Challenge 2026\Graduate_Dataset\all_sources\028_FDX\fin42.9.csv.gz","1428"
"D:\胡溪筼\Documents\2026-7Fall\Carolina Data Challenge 2026\Graduate_Dataset\all_sources\028_FDX\fin42.acc.1.csv.gz","381"
"D:\胡溪筼\Documents\2026-7Fall\Carolina Data Challenge 2026\Graduate_Dataset\all_sources\028_FDX\fin42.acc.10.csv.gz","215"
"D:\胡溪筼\Documents\2026-7Fall\Carolina Data Challenge 2026\Graduate_Dataset\all_sources\028_FDX\fin42.acc.11.csv.gz","379"
"D:\胡溪筼\Documents\2026-7Fall\Carolina Data Challenge 2026\Graduate_Dataset\all_sources\028_FDX\fin42.acc.12.csv.gz","374"
"D:\胡溪筼\Documents\2026-7Fall\Carolina Data Challenge 2026\Graduate_Dataset\all_sources\028_FDX\fin42.acc.2.csv.gz","380"
"D:\胡溪筼\Documents\2026-7Fall\Carolina Data Challenge 2026\Graduate_Dataset\all_sources\028_FDX\fin42.acc.3.csv.gz","376"
"D:\胡溪筼\Documents\2026-7Fall\Carolina Data Challenge 2026\Graduate_Dataset\all_sources\028_FDX\fin42.acc.4.csv.gz","376"
"D:\胡溪筼\Documents\2026-7Fall\Carolina Data Challenge 2026\Graduate_Dataset\all_sources\028_FDX\fin42.acc.5.csv.gz","371"
"D:\胡溪筼\Documents\2026-7Fall\Carolina Data Challenge 2026\Graduate_Dataset\all_sources\028_FDX\fin42.acc.6.csv.gz","381"
"D:\胡溪筼\Documents\2026-7Fall\Carolina Data Challenge 2026\Graduate_Dataset\all_sources\028_FDX\fin42.acc.7.csv.gz","373"
"D:\胡溪筼\Documents\2026-7Fall\Carolina Data Challenge 2026\Graduate_Dataset\all_sources\028_FDX\fin42.acc.8.csv.gz","375"
"D:\胡溪筼\Documents\2026-7Fall\Carolina Data Challenge 2026\Graduate_Dataset\all_sources\028_FDX\fin42.acc.9.csv.gz","210"
"D:\胡溪筼\Documents\2026-7Fall\Carolina Data Challenge 2026\Graduate_Dataset\all_sources\028_FDX\fin42.acc.csv.gz","7758"
"D:\胡溪筼\Documents\2026-7Fall\Carolina Data Challenge 2026\Graduate_Dataset\all_sources\028_FDX\fin42.acc.s.csv.gz","381"
"D:\胡溪筼\Documents\2026-7Fall\Carolina Data Challenge 2026\Graduate_Dataset\all_sources\028_FDX\fin42.csv.gz","7798"
"D:\胡溪筼\Documents\2026-7Fall\Carolina Data Challenge 2026\Graduate_Dataset\all_sources\028_FDX\fin43a.csv.gz","7575"
"D:\胡溪筼\Documents\2026-7Fall\Carolina Data Challenge 2026\Graduate_Dataset\all_sources\028_FDX\fin43b.1.csv.gz","240"
"D:\胡溪筼\Documents\2026-7Fall\Carolina Data Challenge 2026\Graduate_Dataset\all_sources\028_FDX\fin43b.10.csv.gz","170"
"D:\胡溪筼\Documents\2026-7Fall\Carolina Data Challenge 2026\Graduate_Dataset\all_sources\028_FDX\fin43b.11.csv.gz","241"
"D:\胡溪筼\Documents\2026-7Fall\Carolina Data Challenge 2026\Graduate_Dataset\all_sources\028_FDX\fin43b.12.csv.gz","238"
"D:\胡溪筼\Documents\2026-7Fall\Carolina Data Challenge 2026\Graduate_Dataset\all_sources\028_FDX\fin43b.2.csv.gz","244"
"D:\胡溪筼\Documents\2026-7Fall\Carolina Data Challenge 2026\Graduate_Dataset\all_sources\028_FDX\fin43b.3.csv.gz","243"
"D:\胡溪筼\Documents\2026-7Fall\Carolina Data Challenge 2026\Graduate_Dataset\all_sources\028_FDX\fin43b.4.csv.gz","241"
"D:\胡溪筼\Documents\2026-7Fall\Carolina Data Challenge 2026\Graduate_Dataset\all_sources\028_FDX\fin43b.5.csv.gz","240"
"D:\胡溪筼\Documents\2026-7Fall\Carolina Data Challenge 2026\Graduate_Dataset\all_sources\028_FDX\fin43b.6.csv.gz","241"
"D:\胡溪筼\Documents\2026-7Fall\Carolina Data Challenge 2026\Graduate_Dataset\all_sources\028_FDX\fin43b.7.csv.gz","241"
"D:\胡溪筼\Documents\2026-7Fall\Carolina Data Challenge 2026\Graduate_Dataset\all_sources\028_FDX\fin43b.8.csv.gz","239"
"D:\胡溪筼\Documents\2026-7Fall\Carolina Data Challenge 2026\Graduate_Dataset\all_sources\028_FDX\fin43b.9.csv.gz","169"
"D:\胡溪筼\Documents\2026-7Fall\Carolina Data Challenge 2026\Graduate_Dataset\all_sources\028_FDX\fin43b.csv.gz","5347"
"D:\胡溪筼\Documents\2026-7Fall\Carolina Data Challenge 2026\Graduate_Dataset\all_sources\028_FDX\fin43b.s.csv.gz","242"
"D:\胡溪筼\Documents\2026-7Fall\Carolina Data Challenge 2026\Graduate_Dataset\all_sources\028_FDX\fin43c.1.csv.gz","3612"
"D:\胡溪筼\Documents\2026-7Fall\Carolina Data Challenge 2026\Graduate_Dataset\all_sources\028_FDX\fin43c.10.csv.gz","1003"
"D:\胡溪筼\Documents\2026-7Fall\Carolina Data Challenge 2026\Graduate_Dataset\all_sources\028_FDX\fin43c.11.csv.gz","3571"
"D:\胡溪筼\Documents\2026-7Fall\Carolina Data Challenge 2026\Graduate_Dataset\all_sources\028_FDX\fin43c.12.csv.gz","3586"
"D:\胡溪筼\Documents\2026-7Fall\Carolina Data Challenge 2026\Graduate_Dataset\all_sources\028_FDX\fin43c.2.csv.gz","3579"
"D:\胡溪筼\Documents\2026-7Fall\Carolina Data Challenge 2026\Graduate_Dataset\all_sources\028_FDX\fin43c.3.csv.gz","3621"
"D:\胡溪筼\Documents\2026-7Fall\Carolina Data Challenge 2026\Graduate_Dataset\all_sources\028_FDX\fin43c.4.csv.gz","3594"
"D:\胡溪筼\Documents\2026-7Fall\Carolina Data Challenge 2026\Graduate_Dataset\all_sources\028_FDX\fin43c.5.csv.gz","3591"
"D:\胡溪筼\Documents\2026-7Fall\Carolina Data Challenge 2026\Graduate_Dataset\all_sources\028_FDX\fin43c.6.csv.gz","3575"
"D:\胡溪筼\Documents\2026-7Fall\Carolina Data Challenge 2026\Graduate_Dataset\all_sources\028_FDX\fin43c.7.csv.gz","3553"
"D:\胡溪筼\Documents\2026-7Fall\Carolina Data Challenge 2026\Graduate_Dataset\all_sources\028_FDX\fin43c.8.csv.gz","3543"
"D:\胡溪筼\Documents\2026-7Fall\Carolina Data Challenge 2026\Graduate_Dataset\all_sources\028_FDX\fin43c.9.csv.gz","991"
"D:\胡溪筼\Documents\2026-7Fall\Carolina Data Challenge 2026\Graduate_Dataset\all_sources\028_FDX\fin43c.csv.gz","7818"
"D:\胡溪筼\Documents\2026-7Fall\Carolina Data Challenge 2026\Graduate_Dataset\all_sources\028_FDX\fin43c.s.csv.gz","3583"
"D:\胡溪筼\Documents\2026-7Fall\Carolina Data Challenge 2026\Graduate_Dataset\all_sources\028_FDX\fin43d.csv.gz","4498"
"D:\胡溪筼\Documents\2026-7Fall\Carolina Data Challenge 2026\Graduate_Dataset\all_sources\028_FDX\fin44.1.csv.gz","285"
"D:\胡溪筼\Documents\2026-7Fall\Carolina Data Challenge 2026\Graduate_Dataset\all_sources\028_FDX\fin44.10.csv.gz","292"
"D:\胡溪筼\Documents\2026-7Fall\Carolina Data Challenge 2026\Graduate_Dataset\all_sources\028_FDX\fin44.11.csv.gz","283"
"D:\胡溪筼\Documents\2026-7Fall\Carolina Data Challenge 2026\Graduate_Dataset\all_sources\028_FDX\fin44.12.csv.gz","291"
"D:\胡溪筼\Documents\2026-7Fall\Carolina Data Challenge 2026\Graduate_Dataset\all_sources\028_FDX\fin44.2.csv.gz","289"
"D:\胡溪筼\Documents\2026-7Fall\Carolina Data Challenge 2026\Graduate_Dataset\all_sources\028_FDX\fin44.3.csv.gz","289"
"D:\胡溪筼\Documents\2026-7Fall\Carolina Data Challenge 2026\Graduate_Dataset\all_sources\028_FDX\fin44.4.csv.gz","290"
"D:\胡溪筼\Documents\2026-7Fall\Carolina Data Challenge 2026\Graduate_Dataset\all_sources\028_FDX\fin44.5.csv.gz","291"
"D:\胡溪筼\Documents\2026-7Fall\Carolina Data Challenge 2026\Graduate_Dataset\all_sources\028_FDX\fin44.6.csv.gz","290"
"D:\胡溪筼\Documents\2026-7Fall\Carolina Data Challenge 2026\Graduate_Dataset\all_sources\028_FDX\fin44.7.csv.gz","287"
"D:\胡溪筼\Documents\2026-7Fall\Carolina Data Challenge 2026\Graduate_Dataset\all_sources\028_FDX\fin44.8.csv.gz","290"
"D:\胡溪筼\Documents\2026-7Fall\Carolina Data Challenge 2026\Graduate_Dataset\all_sources\028_FDX\fin44.9.csv.gz","287"
"D:\胡溪筼\Documents\2026-7Fall\Carolina Data Challenge 2026\Graduate_Dataset\all_sources\028_FDX\fin44.csv.gz","2215"
"D:\胡溪筼\Documents\2026-7Fall\Carolina Data Challenge 2026\Graduate_Dataset\all_sources\028_FDX\fin45a.1.csv.gz","1416"
"D:\胡溪筼\Documents\2026-7Fall\Carolina Data Challenge 2026\Graduate_Dataset\all_sources\028_FDX\fin45a.10.csv.gz","1411"
"D:\胡溪筼\Documents\2026-7Fall\Carolina Data Challenge 2026\Graduate_Dataset\all_sources\028_FDX\fin45a.11.csv.gz","1387"
"D:\胡溪筼\Documents\2026-7Fall\Carolina Data Challenge 2026\Graduate_Dataset\all_sources\028_FDX\fin45a.12.csv.gz","1396"
"D:\胡溪筼\Documents\2026-7Fall\Carolina Data Challenge 2026\Graduate_Dataset\all_sources\028_FDX\fin45a.2.csv.gz","1405"
"D:\胡溪筼\Documents\2026-7Fall\Carolina Data Challenge 2026\Graduate_Dataset\all_sources\028_FDX\fin45a.3.csv.gz","1434"
"D:\胡溪筼\Documents\2026-7Fall\Carolina Data Challenge 2026\Graduate_Dataset\all_sources\028_FDX\fin45a.4.csv.gz","1417"
"D:\胡溪筼\Documents\2026-7Fall\Carolina Data Challenge 2026\Graduate_Dataset\all_sources\028_FDX\fin45a.5.csv.gz","1414"
"D:\胡溪筼\Documents\2026-7Fall\Carolina Data Challenge 2026\Graduate_Dataset\all_sources\028_FDX\fin45a.6.csv.gz","1417"
"D:\胡溪筼\Documents\2026-7Fall\Carolina Data Challenge 2026\Graduate_Dataset\all_sources\028_FDX\fin45a.7.csv.gz","1416"
"D:\胡溪筼\Documents\2026-7Fall\Carolina Data Challenge 2026\Graduate_Dataset\all_sources\028_FDX\fin45a.8.csv.gz","1413"
"D:\胡溪筼\Documents\2026-7Fall\Carolina Data Challenge 2026\Graduate_Dataset\all_sources\028_FDX\fin45a.9.csv.gz","1409"
"D:\胡溪筼\Documents\2026-7Fall\Carolina Data Challenge 2026\Graduate_Dataset\all_sources\028_FDX\fin45a.csv.gz","2355"
"D:\胡溪筼\Documents\2026-7Fall\Carolina Data Challenge 2026\Graduate_Dataset\all_sources\028_FDX\fin45b.1.csv.gz","641"
"D:\胡溪筼\Documents\2026-7Fall\Carolina Data Challenge 2026\Graduate_Dataset\all_sources\028_FDX\fin45b.10.csv.gz","622"
"D:\胡溪筼\Documents\2026-7Fall\Carolina Data Challenge 2026\Graduate_Dataset\all_sources\028_FDX\fin45b.11.csv.gz","644"
"D:\胡溪筼\Documents\2026-7Fall\Carolina Data Challenge 2026\Graduate_Dataset\all_sources\028_FDX\fin45b.12.csv.gz","640"
"D:\胡溪筼\Documents\2026-7Fall\Carolina Data Challenge 2026\Graduate_Dataset\all_sources\028_FDX\fin45b.2.csv.gz","647"
"D:\胡溪筼\Documents\2026-7Fall\Carolina Data Challenge 2026\Graduate_Dataset\all_sources\028_FDX\fin45b.3.csv.gz","643"
"D:\胡溪筼\Documents\2026-7Fall\Carolina Data Challenge 2026\Graduate_Dataset\all_sources\028_FDX\fin45b.4.csv.gz","635"
"D:\胡溪筼\Documents\2026-7Fall\Carolina Data Challenge 2026\Graduate_Dataset\all_sources\028_FDX\fin45b.5.csv.gz","640"
"D:\胡溪筼\Documents\2026-7Fall\Carolina Data Challenge 2026\Graduate_Dataset\all_sources\028_FDX\fin45b.6.csv.gz","637"
"D:\胡溪筼\Documents\2026-7Fall\Carolina Data Challenge 2026\Graduate_Dataset\all_sources\028_FDX\fin45b.7.csv.gz","643"
"D:\胡溪筼\Documents\2026-7Fall\Carolina Data Challenge 2026\Graduate_Dataset\all_sources\028_FDX\fin45b.8.csv.gz","635"
"D:\胡溪筼\Documents\2026-7Fall\Carolina Data Challenge 2026\Graduate_Dataset\all_sources\028_FDX\fin45b.9.csv.gz","633"
"D:\胡溪筼\Documents\2026-7Fall\Carolina Data Challenge 2026\Graduate_Dataset\all_sources\028_FDX\fin45b.csv.gz","2365"
"D:\胡溪筼\Documents\2026-7Fall\Carolina Data Challenge 2026\Graduate_Dataset\all_sources\028_FDX\fin45c.1.csv.gz","2245"
"D:\胡溪筼\Documents\2026-7Fall\Carolina Data Challenge 2026\Graduate_Dataset\all_sources\028_FDX\fin45c.10.csv.gz","2228"
"D:\胡溪筼\Documents\2026-7Fall\Carolina Data Challenge 2026\Graduate_Dataset\all_sources\028_FDX\fin45c.11.csv.gz","2239"
"D:\胡溪筼\Documents\2026-7Fall\Carolina Data Challenge 2026\Graduate_Dataset\all_sources\028_FDX\fin45c.12.csv.gz","2220"
"D:\胡溪筼\Documents\2026-7Fall\Carolina Data Challenge 2026\Graduate_Dataset\all_sources\028_FDX\fin45c.2.csv.gz","2245"
"D:\胡溪筼\Documents\2026-7Fall\Carolina Data Challenge 2026\Graduate_Dataset\all_sources\028_FDX\fin45c.3.csv.gz","2252"
"D:\胡溪筼\Documents\2026-7Fall\Carolina Data Challenge 2026\Graduate_Dataset\all_sources\028_FDX\fin45c.4.csv.gz","2242"
"D:\胡溪筼\Documents\2026-7Fall\Carolina Data Challenge 2026\Graduate_Dataset\all_sources\028_FDX\fin45c.5.csv.gz","2236"
"D:\胡溪筼\Documents\2026-7Fall\Carolina Data Challenge 2026\Graduate_Dataset\all_sources\028_FDX\fin45c.6.csv.gz","2236"
"D:\胡溪筼\Documents\2026-7Fall\Carolina Data Challenge 2026\Graduate_Dataset\all_sources\028_FDX\fin45c.7.csv.gz","2219"
"D:\胡溪筼\Documents\2026-7Fall\Carolina Data Challenge 2026\Graduate_Dataset\all_sources\028_FDX\fin45c.8.csv.gz","2221"
"D:\胡溪筼\Documents\2026-7Fall\Carolina Data Challenge 2026\Graduate_Dataset\all_sources\028_FDX\fin45c.9.csv.gz","2264"
"D:\胡溪筼\Documents\2026-7Fall\Carolina Data Challenge 2026\Graduate_Dataset\all_sources\028_FDX\fin45c.csv.gz","2366"
"D:\胡溪筼\Documents\2026-7Fall\Carolina Data Challenge 2026\Graduate_Dataset\all_sources\028_FDX\fin45d.1.csv.gz","2361"
"D:\胡溪筼\Documents\2026-7Fall\Carolina Data Challenge 2026\Graduate_Dataset\all_sources\028_FDX\fin45d.10.csv.gz","2347"
"D:\胡溪筼\Documents\2026-7Fall\Carolina Data Challenge 2026\Graduate_Dataset\all_sources\028_FDX\fin45d.11.csv.gz","2351"
"D:\胡溪筼\Documents\2026-7Fall\Carolina Data Challenge 2026\Graduate_Dataset\all_sources\028_FDX\fin45d.12.csv.gz","2346"
"D:\胡溪筼\Documents\2026-7Fall\Carolina Data Challenge 2026\Graduate_Dataset\all_sources\028_FDX\fin45d.2.csv.gz","2361"
"D:\胡溪筼\Documents\2026-7Fall\Carolina Data Challenge 2026\Graduate_Dataset\all_sources\028_FDX\fin45d.3.csv.gz","2356"
"D:\胡溪筼\Documents\2026-7Fall\Carolina Data Challenge 2026\Graduate_Dataset\all_sources\028_FDX\fin45d.4.csv.gz","2367"
"D:\胡溪筼\Documents\2026-7Fall\Carolina Data Challenge 2026\Graduate_Dataset\all_sources\028_FDX\fin45d.5.csv.gz","2365"
"D:\胡溪筼\Documents\2026-7Fall\Carolina Data Challenge 2026\Graduate_Dataset\all_sources\028_FDX\fin45d.6.csv.gz","2357"
"D:\胡溪筼\Documents\2026-7Fall\Carolina Data Challenge 2026\Graduate_Dataset\all_sources\028_FDX\fin45d.7.csv.gz","2348"
"D:\胡溪筼\Documents\2026-7Fall\Carolina Data Challenge 2026\Graduate_Dataset\all_sources\028_FDX\fin45d.8.csv.gz","2353"
"D:\胡溪筼\Documents\2026-7Fall\Carolina Data Challenge 2026\Graduate_Dataset\all_sources\028_FDX\fin45d.9.csv.gz","2363"
"D:\胡溪筼\Documents\2026-7Fall\Carolina Data Challenge 2026\Graduate_Dataset\all_sources\028_FDX\fin45d.csv.gz","2355"
"D:\胡溪筼\Documents\2026-7Fall\Carolina Data Challenge 2026\Graduate_Dataset\all_sources\028_FDX\fin45e.1.csv.gz","1549"
"D:\胡溪筼\Documents\2026-7Fall\Carolina Data Challenge 2026\Graduate_Dataset\all_sources\028_FDX\fin45e.10.csv.gz","1524"
"D:\胡溪筼\Documents\2026-7Fall\Carolina Data Challenge 2026\Graduate_Dataset\all_sources\028_FDX\fin45e.11.csv.gz","1554"
"D:\胡溪筼\Documents\2026-7Fall\Carolina Data Challenge 2026\Graduate_Dataset\all_sources\028_FDX\fin45e.12.csv.gz","1559"
"D:\胡溪筼\Documents\2026-7Fall\Carolina Data Challenge 2026\Graduate_Dataset\all_sources\028_FDX\fin45e.2.csv.gz","1547"
"D:\胡溪筼\Documents\2026-7Fall\Carolina Data Challenge 2026\Graduate_Dataset\all_sources\028_FDX\fin45e.3.csv.gz","1556"
"D:\胡溪筼\Documents\2026-7Fall\Carolina Data Challenge 2026\Graduate_Dataset\all_sources\028_FDX\fin45e.4.csv.gz","1556"
"D:\胡溪筼\Documents\2026-7Fall\Carolina Data Challenge 2026\Graduate_Dataset\all_sources\028_FDX\fin45e.5.csv.gz","1558"
"D:\胡溪筼\Documents\2026-7Fall\Carolina Data Challenge 2026\Graduate_Dataset\all_sources\028_FDX\fin45e.6.csv.gz","1555"
"D:\胡溪筼\Documents\2026-7Fall\Carolina Data Challenge 2026\Graduate_Dataset\all_sources\028_FDX\fin45e.7.csv.gz","1534"
"D:\胡溪筼\Documents\2026-7Fall\Carolina Data Challenge 2026\Graduate_Dataset\all_sources\028_FDX\fin45e.8.csv.gz","1522"
"D:\胡溪筼\Documents\2026-7Fall\Carolina Data Challenge 2026\Graduate_Dataset\all_sources\028_FDX\fin45e.9.csv.gz","1554"
"D:\胡溪筼\Documents\2026-7Fall\Carolina Data Challenge 2026\Graduate_Dataset\all_sources\028_FDX\fin45e.csv.gz","2376"
"D:\胡溪筼\Documents\2026-7Fall\Carolina Data Challenge 2026\Graduate_Dataset\all_sources\028_FDX\fin5lm.1.csv.gz","800"
"D:\胡溪筼\Documents\2026-7Fall\Carolina Data Challenge 2026\Graduate_Dataset\all_sources\028_FDX\fin5lm.10.csv.gz","799"
"D:\胡溪筼\Documents\2026-7Fall\Carolina Data Challenge 2026\Graduate_Dataset\all_sources\028_FDX\fin5lm.11.csv.gz","803"
"D:\胡溪筼\Documents\2026-7Fall\Carolina Data Challenge 2026\Graduate_Dataset\all_sources\028_FDX\fin5lm.12.csv.gz","807"
"D:\胡溪筼\Documents\2026-7Fall\Carolina Data Challenge 2026\Graduate_Dataset\all_sources\028_FDX\fin5lm.2.csv.gz","800"
"D:\胡溪筼\Documents\2026-7Fall\Carolina Data Challenge 2026\Graduate_Dataset\all_sources\028_FDX\fin5lm.3.csv.gz","800"
"D:\胡溪筼\Documents\2026-7Fall\Carolina Data Challenge 2026\Graduate_Dataset\all_sources\028_FDX\fin5lm.4.csv.gz","795"
"D:\胡溪筼\Documents\2026-7Fall\Carolina Data Challenge 2026\Graduate_Dataset\all_sources\028_FDX\fin5lm.5.csv.gz","801"
"D:\胡溪筼\Documents\2026-7Fall\Carolina Data Challenge 2026\Graduate_Dataset\all_sources\028_FDX\fin5lm.6.csv.gz","798"
"D:\胡溪筼\Documents\2026-7Fall\Carolina Data Challenge 2026\Graduate_Dataset\all_sources\028_FDX\fin5lm.7.csv.gz","796"
"D:\胡溪筼\Documents\2026-7Fall\Carolina Data Challenge 2026\Graduate_Dataset\all_sources\028_FDX\fin5lm.8.csv.gz","796"
"D:\胡溪筼\Documents\2026-7Fall\Carolina Data Challenge 2026\Graduate_Dataset\all_sources\028_FDX\fin5lm.9.csv.gz","799"
"D:\胡溪筼\Documents\2026-7Fall\Carolina Data Challenge 2026\Graduate_Dataset\all_sources\028_FDX\fin5lm.csv.gz","2229"
"D:\胡溪筼\Documents\2026-7Fall\Carolina Data Challenge 2026\Graduate_Dataset\all_sources\028_FDX\fin5m.1.csv.gz","1762"
"D:\胡溪筼\Documents\2026-7Fall\Carolina Data Challenge 2026\Graduate_Dataset\all_sources\028_FDX\fin5m.10.csv.gz","1742"
"D:\胡溪筼\Documents\2026-7Fall\Carolina Data Challenge 2026\Graduate_Dataset\all_sources\028_FDX\fin5m.11.csv.gz","1761"
"D:\胡溪筼\Documents\2026-7Fall\Carolina Data Challenge 2026\Graduate_Dataset\all_sources\028_FDX\fin5m.12.csv.gz","1772"
"D:\胡溪筼\Documents\2026-7Fall\Carolina Data Challenge 2026\Graduate_Dataset\all_sources\028_FDX\fin5m.2.csv.gz","1751"
"D:\胡溪筼\Documents\2026-7Fall\Carolina Data Challenge 2026\Graduate_Dataset\all_sources\028_FDX\fin5m.3.csv.gz","1755"
"D:\胡溪筼\Documents\2026-7Fall\Carolina Data Challenge 2026\Graduate_Dataset\all_sources\028_FDX\fin5m.4.csv.gz","1765"
"D:\胡溪筼\Documents\2026-7Fall\Carolina Data Challenge 2026\Graduate_Dataset\all_sources\028_FDX\fin5m.5.csv.gz","1764"
"D:\胡溪筼\Documents\2026-7Fall\Carolina Data Challenge 2026\Graduate_Dataset\all_sources\028_FDX\fin5m.6.csv.gz","1765"
"D:\胡溪筼\Documents\2026-7Fall\Carolina Data Challenge 2026\Graduate_Dataset\all_sources\028_FDX\fin5m.7.csv.gz","1740"
"D:\胡溪筼\Documents\2026-7Fall\Carolina Data Challenge 2026\Graduate_Dataset\all_sources\028_FDX\fin5m.8.csv.gz","1736"
"D:\胡溪筼\Documents\2026-7Fall\Carolina Data Challenge 2026\Graduate_Dataset\all_sources\028_FDX\fin5m.9.csv.gz","1766"
"D:\胡溪筼\Documents\2026-7Fall\Carolina Data Challenge 2026\Graduate_Dataset\all_sources\028_FDX\fin5m.csv.gz","2231"
"D:\胡溪筼\Documents\2026-7Fall\Carolina Data Challenge 2026\Graduate_Dataset\all_sources\028_FDX\fin5m.s.csv.gz","1753"
"D:\胡溪筼\Documents\2026-7Fall\Carolina Data Challenge 2026\Graduate_Dataset\all_sources\028_FDX\fin5n.1.csv.gz","257"
"D:\胡溪筼\Documents\2026-7Fall\Carolina Data Challenge 2026\Graduate_Dataset\all_sources\028_FDX\fin5n.10.csv.gz","259"
"D:\胡溪筼\Documents\2026-7Fall\Carolina Data Challenge 2026\Graduate_Dataset\all_sources\028_FDX\fin5n.11.csv.gz","259"
"D:\胡溪筼\Documents\2026-7Fall\Carolina Data Challenge 2026\Graduate_Dataset\all_sources\028_FDX\fin5n.12.csv.gz","259"
"D:\胡溪筼\Documents\2026-7Fall\Carolina Data Challenge 2026\Graduate_Dataset\all_sources\028_FDX\fin5n.2.csv.gz","258"
"D:\胡溪筼\Documents\2026-7Fall\Carolina Data Challenge 2026\Graduate_Dataset\all_sources\028_FDX\fin5n.3.csv.gz","257"
"D:\胡溪筼\Documents\2026-7Fall\Carolina Data Challenge 2026\Graduate_Dataset\all_sources\028_FDX\fin5n.4.csv.gz","255"
"D:\胡溪筼\Documents\2026-7Fall\Carolina Data Challenge 2026\Graduate_Dataset\all_sources\028_FDX\fin5n.5.csv.gz","255"
"D:\胡溪筼\Documents\2026-7Fall\Carolina Data Challenge 2026\Graduate_Dataset\all_sources\028_FDX\fin5n.6.csv.gz","253"
"D:\胡溪筼\Documents\2026-7Fall\Carolina Data Challenge 2026\Graduate_Dataset\all_sources\028_FDX\fin5n.7.csv.gz","257"
"D:\胡溪筼\Documents\2026-7Fall\Carolina Data Challenge 2026\Graduate_Dataset\all_sources\028_FDX\fin5n.8.csv.gz","258"
"D:\胡溪筼\Documents\2026-7Fall\Carolina Data Challenge 2026\Graduate_Dataset\all_sources\028_FDX\fin5n.9.csv.gz","257"
"D:\胡溪筼\Documents\2026-7Fall\Carolina Data Challenge 2026\Graduate_Dataset\all_sources\028_FDX\fin5n.csv.gz","2195"
"D:\胡溪筼\Documents\2026-7Fall\Carolina Data Challenge 2026\Graduate_Dataset\all_sources\028_FDX\fin5w.1.csv.gz","541"
"D:\胡溪筼\Documents\2026-7Fall\Carolina Data Challenge 2026\Graduate_Dataset\all_sources\028_FDX\fin5w.10.csv.gz","540"
"D:\胡溪筼\Documents\2026-7Fall\Carolina Data Challenge 2026\Graduate_Dataset\all_sources\028_FDX\fin5w.11.csv.gz","543"
"D:\胡溪筼\Documents\2026-7Fall\Carolina Data Challenge 2026\Graduate_Dataset\all_sources\028_FDX\fin5w.12.csv.gz","539"
"D:\胡溪筼\Documents\2026-7Fall\Carolina Data Challenge 2026\Graduate_Dataset\all_sources\028_FDX\fin5w.2.csv.gz","538"
"D:\胡溪筼\Documents\2026-7Fall\Carolina Data Challenge 2026\Graduate_Dataset\all_sources\028_FDX\fin5w.3.csv.gz","537"
"D:\胡溪筼\Documents\2026-7Fall\Carolina Data Challenge 2026\Graduate_Dataset\all_sources\028_FDX\fin5w.4.csv.gz","537"
"D:\胡溪筼\Documents\2026-7Fall\Carolina Data Challenge 2026\Graduate_Dataset\all_sources\028_FDX\fin5w.5.csv.gz","545"
"D:\胡溪筼\Documents\2026-7Fall\Carolina Data Challenge 2026\Graduate_Dataset\all_sources\028_FDX\fin5w.6.csv.gz","534"
"D:\胡溪筼\Documents\2026-7Fall\Carolina Data Challenge 2026\Graduate_Dataset\all_sources\028_FDX\fin5w.7.csv.gz","539"
"D:\胡溪筼\Documents\2026-7Fall\Carolina Data Challenge 2026\Graduate_Dataset\all_sources\028_FDX\fin5w.8.csv.gz","534"
"D:\胡溪筼\Documents\2026-7Fall\Carolina Data Challenge 2026\Graduate_Dataset\all_sources\028_FDX\fin5w.9.csv.gz","536"
"D:\胡溪筼\Documents\2026-7Fall\Carolina Data Challenge 2026\Graduate_Dataset\all_sources\028_FDX\fin5w.csv.gz","2226"
"D:\胡溪筼\Documents\2026-7Fall\Carolina Data Challenge 2026\Graduate_Dataset\all_sources\028_FDX\fin5w.s.csv.gz","542"
"D:\胡溪筼\Documents\2026-7Fall\Carolina Data Challenge 2026\Graduate_Dataset\all_sources\028_FDX\fin6lm.1.csv.gz","897"
"D:\胡溪筼\Documents\2026-7Fall\Carolina Data Challenge 2026\Graduate_Dataset\all_sources\028_FDX\fin6lm.10.csv.gz","904"
"D:\胡溪筼\Documents\2026-7Fall\Carolina Data Challenge 2026\Graduate_Dataset\all_sources\028_FDX\fin6lm.11.csv.gz","911"
"D:\胡溪筼\Documents\2026-7Fall\Carolina Data Challenge 2026\Graduate_Dataset\all_sources\028_FDX\fin6lm.12.csv.gz","903"
"D:\胡溪筼\Documents\2026-7Fall\Carolina Data Challenge 2026\Graduate_Dataset\all_sources\028_FDX\fin6lm.2.csv.gz","910"
"D:\胡溪筼\Documents\2026-7Fall\Carolina Data Challenge 2026\Graduate_Dataset\all_sources\028_FDX\fin6lm.3.csv.gz","905"
"D:\胡溪筼\Documents\2026-7Fall\Carolina Data Challenge 2026\Graduate_Dataset\all_sources\028_FDX\fin6lm.4.csv.gz","903"
"D:\胡溪筼\Documents\2026-7Fall\Carolina Data Challenge 2026\Graduate_Dataset\all_sources\028_FDX\fin6lm.5.csv.gz","906"
"D:\胡溪筼\Documents\2026-7Fall\Carolina Data Challenge 2026\Graduate_Dataset\all_sources\028_FDX\fin6lm.6.csv.gz","907"
"D:\胡溪筼\Documents\2026-7Fall\Carolina Data Challenge 2026\Graduate_Dataset\all_sources\028_FDX\fin6lm.7.csv.gz","904"
"D:\胡溪筼\Documents\2026-7Fall\Carolina Data Challenge 2026\Graduate_Dataset\all_sources\028_FDX\fin6lm.8.csv.gz","904"
"D:\胡溪筼\Documents\2026-7Fall\Carolina Data Challenge 2026\Graduate_Dataset\all_sources\028_FDX\fin6lm.9.csv.gz","902"
"D:\胡溪筼\Documents\2026-7Fall\Carolina Data Challenge 2026\Graduate_Dataset\all_sources\028_FDX\fin6lm.csv.gz","2214"
"D:\胡溪筼\Documents\2026-7Fall\Carolina Data Challenge 2026\Graduate_Dataset\all_sources\028_FDX\fin6m.1.csv.gz","1646"
"D:\胡溪筼\Documents\2026-7Fall\Carolina Data Challenge 2026\Graduate_Dataset\all_sources\028_FDX\fin6m.10.csv.gz","1613"
"D:\胡溪筼\Documents\2026-7Fall\Carolina Data Challenge 2026\Graduate_Dataset\all_sources\028_FDX\fin6m.11.csv.gz","1665"
"D:\胡溪筼\Documents\2026-7Fall\Carolina Data Challenge 2026\Graduate_Dataset\all_sources\028_FDX\fin6m.12.csv.gz","1648"
"D:\胡溪筼\Documents\2026-7Fall\Carolina Data Challenge 2026\Graduate_Dataset\all_sources\028_FDX\fin6m.2.csv.gz","1644"
"D:\胡溪筼\Documents\2026-7Fall\Carolina Data Challenge 2026\Graduate_Dataset\all_sources\028_FDX\fin6m.3.csv.gz","1660"
"D:\胡溪筼\Documents\2026-7Fall\Carolina Data Challenge 2026\Graduate_Dataset\all_sources\028_FDX\fin6m.4.csv.gz","1643"
"D:\胡溪筼\Documents\2026-7Fall\Carolina Data Challenge 2026\Graduate_Dataset\all_sources\028_FDX\fin6m.5.csv.gz","1655"
"D:\胡溪筼\Documents\2026-7Fall\Carolina Data Challenge 2026\Graduate_Dataset\all_sources\028_FDX\fin6m.6.csv.gz","1637"
"D:\胡溪筼\Documents\2026-7Fall\Carolina Data Challenge 2026\Graduate_Dataset\all_sources\028_FDX\fin6m.7.csv.gz","1640"
"D:\胡溪筼\Documents\2026-7Fall\Carolina Data Challenge 2026\Graduate_Dataset\all_sources\028_FDX\fin6m.8.csv.gz","1622"
"D:\胡溪筼\Documents\2026-7Fall\Carolina Data Challenge 2026\Graduate_Dataset\all_sources\028_FDX\fin6m.9.csv.gz","1650"
"D:\胡溪筼\Documents\2026-7Fall\Carolina Data Challenge 2026\Graduate_Dataset\all_sources\028_FDX\fin6m.csv.gz","2213"
"D:\胡溪筼\Documents\2026-7Fall\Carolina Data Challenge 2026\Graduate_Dataset\all_sources\028_FDX\fin6m.s.csv.gz","1657"
"D:\胡溪筼\Documents\2026-7Fall\Carolina Data Challenge 2026\Graduate_Dataset\all_sources\028_FDX\fin6n.1.csv.gz","224"
"D:\胡溪筼\Documents\2026-7Fall\Carolina Data Challenge 2026\Graduate_Dataset\all_sources\028_FDX\fin6n.10.csv.gz","228"
"D:\胡溪筼\Documents\2026-7Fall\Carolina Data Challenge 2026\Graduate_Dataset\all_sources\028_FDX\fin6n.11.csv.gz","228"
"D:\胡溪筼\Documents\2026-7Fall\Carolina Data Challenge 2026\Graduate_Dataset\all_sources\028_FDX\fin6n.12.csv.gz","229"
"D:\胡溪筼\Documents\2026-7Fall\Carolina Data Challenge 2026\Graduate_Dataset\all_sources\028_FDX\fin6n.2.csv.gz","229"
"D:\胡溪筼\Documents\2026-7Fall\Carolina Data Challenge 2026\Graduate_Dataset\all_sources\028_FDX\fin6n.3.csv.gz","224"
"D:\胡溪筼\Documents\2026-7Fall\Carolina Data Challenge 2026\Graduate_Dataset\all_sources\028_FDX\fin6n.4.csv.gz","224"
"D:\胡溪筼\Documents\2026-7Fall\Carolina Data Challenge 2026\Graduate_Dataset\all_sources\028_FDX\fin6n.5.csv.gz","229"
"D:\胡溪筼\Documents\2026-7Fall\Carolina Data Challenge 2026\Graduate_Dataset\all_sources\028_FDX\fin6n.6.csv.gz","227"
"D:\胡溪筼\Documents\2026-7Fall\Carolina Data Challenge 2026\Graduate_Dataset\all_sources\028_FDX\fin6n.7.csv.gz","229"
"D:\胡溪筼\Documents\2026-7Fall\Carolina Data Challenge 2026\Graduate_Dataset\all_sources\028_FDX\fin6n.8.csv.gz","229"
"D:\胡溪筼\Documents\2026-7Fall\Carolina Data Challenge 2026\Graduate_Dataset\all_sources\028_FDX\fin6n.9.csv.gz","228"
"D:\胡溪筼\Documents\2026-7Fall\Carolina Data Challenge 2026\Graduate_Dataset\all_sources\028_FDX\fin6n.csv.gz","2190"
"D:\胡溪筼\Documents\2026-7Fall\Carolina Data Challenge 2026\Graduate_Dataset\all_sources\028_FDX\fin6w.1.csv.gz","1083"
"D:\胡溪筼\Documents\2026-7Fall\Carolina Data Challenge 2026\Graduate_Dataset\all_sources\028_FDX\fin6w.10.csv.gz","1079"
"D:\胡溪筼\Documents\2026-7Fall\Carolina Data Challenge 2026\Graduate_Dataset\all_sources\028_FDX\fin6w.11.csv.gz","1085"
"D:\胡溪筼\Documents\2026-7Fall\Carolina Data Challenge 2026\Graduate_Dataset\all_sources\028_FDX\fin6w.12.csv.gz","1086"
"D:\胡溪筼\Documents\2026-7Fall\Carolina Data Challenge 2026\Graduate_Dataset\all_sources\028_FDX\fin6w.2.csv.gz","1078"
"D:\胡溪筼\Documents\2026-7Fall\Carolina Data Challenge 2026\Graduate_Dataset\all_sources\028_FDX\fin6w.3.csv.gz","1076"
"D:\胡溪筼\Documents\2026-7Fall\Carolina Data Challenge 2026\Graduate_Dataset\all_sources\028_FDX\fin6w.4.csv.gz","1072"
"D:\胡溪筼\Documents\2026-7Fall\Carolina Data Challenge 2026\Graduate_Dataset\all_sources\028_FDX\fin6w.5.csv.gz","1077"
"D:\胡溪筼\Documents\2026-7Fall\Carolina Data Challenge 2026\Graduate_Dataset\all_sources\028_FDX\fin6w.6.csv.gz","1079"
"D:\胡溪筼\Documents\2026-7Fall\Carolina Data Challenge 2026\Graduate_Dataset\all_sources\028_FDX\fin6w.7.csv.gz","1086"
"D:\胡溪筼\Documents\2026-7Fall\Carolina Data Challenge 2026\Graduate_Dataset\all_sources\028_FDX\fin6w.8.csv.gz","1073"
"D:\胡溪筼\Documents\2026-7Fall\Carolina Data Challenge 2026\Graduate_Dataset\all_sources\028_FDX\fin6w.9.csv.gz","1072"
"D:\胡溪筼\Documents\2026-7Fall\Carolina Data Challenge 2026\Graduate_Dataset\all_sources\028_FDX\fin6w.csv.gz","2229"
"D:\胡溪筼\Documents\2026-7Fall\Carolina Data Challenge 2026\Graduate_Dataset\all_sources\028_FDX\fin6w.s.csv.gz","1076"
"D:\胡溪筼\Documents\2026-7Fall\Carolina Data Challenge 2026\Graduate_Dataset\all_sources\028_FDX\fin7.1.csv.gz","346"
"D:\胡溪筼\Documents\2026-7Fall\Carolina Data Challenge 2026\Graduate_Dataset\all_sources\028_FDX\fin7.10.csv.gz","348"
"D:\胡溪筼\Documents\2026-7Fall\Carolina Data Challenge 2026\Graduate_Dataset\all_sources\028_FDX\fin7.11.csv.gz","350"
"D:\胡溪筼\Documents\2026-7Fall\Carolina Data Challenge 2026\Graduate_Dataset\all_sources\028_FDX\fin7.12.csv.gz","351"
"D:\胡溪筼\Documents\2026-7Fall\Carolina Data Challenge 2026\Graduate_Dataset\all_sources\028_FDX\fin7.2.csv.gz","347"
"D:\胡溪筼\Documents\2026-7Fall\Carolina Data Challenge 2026\Graduate_Dataset\all_sources\028_FDX\fin7.3.csv.gz","346"
"D:\胡溪筼\Documents\2026-7Fall\Carolina Data Challenge 2026\Graduate_Dataset\all_sources\028_FDX\fin7.4.csv.gz","347"
"D:\胡溪筼\Documents\2026-7Fall\Carolina Data Challenge 2026\Graduate_Dataset\all_sources\028_FDX\fin7.5.csv.gz","348"
"D:\胡溪筼\Documents\2026-7Fall\Carolina Data Challenge 2026\Graduate_Dataset\all_sources\028_FDX\fin7.6.csv.gz","349"
"D:\胡溪筼\Documents\2026-7Fall\Carolina Data Challenge 2026\Graduate_Dataset\all_sources\028_FDX\fin7.7.csv.gz","348"
"D:\胡溪筼\Documents\2026-7Fall\Carolina Data Challenge 2026\Graduate_Dataset\all_sources\028_FDX\fin7.8.csv.gz","348"
"D:\胡溪筼\Documents\2026-7Fall\Carolina Data Challenge 2026\Graduate_Dataset\all_sources\028_FDX\fin7.9.csv.gz","347"
"D:\胡溪筼\Documents\2026-7Fall\Carolina Data Challenge 2026\Graduate_Dataset\all_sources\028_FDX\fin7.csv.gz","2207"
"D:\胡溪筼\Documents\2026-7Fall\Carolina Data Challenge 2026\Graduate_Dataset\all_sources\028_FDX\fin8.1.csv.gz","1821"
"D:\胡溪筼\Documents\2026-7Fall\Carolina Data Challenge 2026\Graduate_Dataset\all_sources\028_FDX\fin8.10.csv.gz","1801"
"D:\胡溪筼\Documents\2026-7Fall\Carolina Data Challenge 2026\Graduate_Dataset\all_sources\028_FDX\fin8.11.csv.gz","1824"
"D:\胡溪筼\Documents\2026-7Fall\Carolina Data Challenge 2026\Graduate_Dataset\all_sources\028_FDX\fin8.12.csv.gz","1823"
"D:\胡溪筼\Documents\2026-7Fall\Carolina Data Challenge 2026\Graduate_Dataset\all_sources\028_FDX\fin8.2.csv.gz","1827"
"D:\胡溪筼\Documents\2026-7Fall\Carolina Data Challenge 2026\Graduate_Dataset\all_sources\028_FDX\fin8.3.csv.gz","1818"
"D:\胡溪筼\Documents\2026-7Fall\Carolina Data Challenge 2026\Graduate_Dataset\all_sources\028_FDX\fin8.4.csv.gz","1826"
"D:\胡溪筼\Documents\2026-7Fall\Carolina Data Challenge 2026\Graduate_Dataset\all_sources\028_FDX\fin8.5.csv.gz","1817"
"D:\胡溪筼\Documents\2026-7Fall\Carolina Data Challenge 2026\Graduate_Dataset\all_sources\028_FDX\fin8.6.csv.gz","1823"
"D:\胡溪筼\Documents\2026-7Fall\Carolina Data Challenge 2026\Graduate_Dataset\all_sources\028_FDX\fin8.7.csv.gz","1808"
"D:\胡溪筼\Documents\2026-7Fall\Carolina Data Challenge 2026\Graduate_Dataset\all_sources\028_FDX\fin8.8.csv.gz","1801"
"D:\胡溪筼\Documents\2026-7Fall\Carolina Data Challenge 2026\Graduate_Dataset\all_sources\028_FDX\fin8.9.csv.gz","1833"
"D:\胡溪筼\Documents\2026-7Fall\Carolina Data Challenge 2026\Graduate_Dataset\all_sources\028_FDX\fin8.csv.gz","2216"
"D:\胡溪筼\Documents\2026-7Fall\Carolina Data Challenge 2026\Graduate_Dataset\all_sources\028_FDX\fin9a.1.csv.gz","1779"
"D:\胡溪筼\Documents\2026-7Fall\Carolina Data Challenge 2026\Graduate_Dataset\all_sources\028_FDX\fin9a.10.csv.gz","1764"
"D:\胡溪筼\Documents\2026-7Fall\Carolina Data Challenge 2026\Graduate_Dataset\all_sources\028_FDX\fin9a.11.csv.gz","1776"
"D:\胡溪筼\Documents\2026-7Fall\Carolina Data Challenge 2026\Graduate_Dataset\all_sources\028_FDX\fin9a.12.csv.gz","1778"
"D:\胡溪筼\Documents\2026-7Fall\Carolina Data Challenge 2026\Graduate_Dataset\all_sources\028_FDX\fin9a.2.csv.gz","1778"
"D:\胡溪筼\Documents\2026-7Fall\Carolina Data Challenge 2026\Graduate_Dataset\all_sources\028_FDX\fin9a.3.csv.gz","1771"
"D:\胡溪筼\Documents\2026-7Fall\Carolina Data Challenge 2026\Graduate_Dataset\all_sources\028_FDX\fin9a.4.csv.gz","1782"
"D:\胡溪筼\Documents\2026-7Fall\Carolina Data Challenge 2026\Graduate_Dataset\all_sources\028_FDX\fin9a.5.csv.gz","1773"
"D:\胡溪筼\Documents\2026-7Fall\Carolina Data Challenge 2026\Graduate_Dataset\all_sources\028_FDX\fin9a.6.csv.gz","1782"
"D:\胡溪筼\Documents\2026-7Fall\Carolina Data Challenge 2026\Graduate_Dataset\all_sources\028_FDX\fin9a.7.csv.gz","1762"
"D:\胡溪筼\Documents\2026-7Fall\Carolina Data Challenge 2026\Graduate_Dataset\all_sources\028_FDX\fin9a.8.csv.gz","1757"
"D:\胡溪筼\Documents\2026-7Fall\Carolina Data Challenge 2026\Graduate_Dataset\all_sources\028_FDX\fin9a.9.csv.gz","1778"
"D:\胡溪筼\Documents\2026-7Fall\Carolina Data Challenge 2026\Graduate_Dataset\all_sources\028_FDX\fin9a.csv.gz","2227"
"D:\胡溪筼\Documents\2026-7Fall\Carolina Data Challenge 2026\Graduate_Dataset\all_sources\028_FDX\fin9a.s.csv.gz","1744"
"D:\胡溪筼\Documents\2026-7Fall\Carolina Data Challenge 2026\Graduate_Dataset\all_sources\028_FDX\fin9b.1.csv.gz","1729"
"D:\胡溪筼\Documents\2026-7Fall\Carolina Data Challenge 2026\Graduate_Dataset\all_sources\028_FDX\fin9b.10.csv.gz","1696"
"D:\胡溪筼\Documents\2026-7Fall\Carolina Data Challenge 2026\Graduate_Dataset\all_sources\028_FDX\fin9b.11.csv.gz","1716"
"D:\胡溪筼\Documents\2026-7Fall\Carolina Data Challenge 2026\Graduate_Dataset\all_sources\028_FDX\fin9b.12.csv.gz","1721"
"D:\胡溪筼\Documents\2026-7Fall\Carolina Data Challenge 2026\Graduate_Dataset\all_sources\028_FDX\fin9b.2.csv.gz","1721"
"D:\胡溪筼\Documents\2026-7Fall\Carolina Data Challenge 2026\Graduate_Dataset\all_sources\028_FDX\fin9b.3.csv.gz","1715"
"D:\胡溪筼\Documents\2026-7Fall\Carolina Data Challenge 2026\Graduate_Dataset\all_sources\028_FDX\fin9b.4.csv.gz","1714"
"D:\胡溪筼\Documents\2026-7Fall\Carolina Data Challenge 2026\Graduate_Dataset\all_sources\028_FDX\fin9b.5.csv.gz","1706"
"D:\胡溪筼\Documents\2026-7Fall\Carolina Data Challenge 2026\Graduate_Dataset\all_sources\028_FDX\fin9b.6.csv.gz","1712"
"D:\胡溪筼\Documents\2026-7Fall\Carolina Data Challenge 2026\Graduate_Dataset\all_sources\028_FDX\fin9b.7.csv.gz","1697"
"D:\胡溪筼\Documents\2026-7Fall\Carolina Data Challenge 2026\Graduate_Dataset\all_sources\028_FDX\fin9b.8.csv.gz","1693"
"D:\胡溪筼\Documents\2026-7Fall\Carolina Data Challenge 2026\Graduate_Dataset\all_sources\028_FDX\fin9b.9.csv.gz","1720"
"D:\胡溪筼\Documents\2026-7Fall\Carolina Data Challenge 2026\Graduate_Dataset\all_sources\028_FDX\fin9b.csv.gz","2230"
"D:\胡溪筼\Documents\2026-7Fall\Carolina Data Challenge 2026\Graduate_Dataset\all_sources\028_FDX\fin9b.s.csv.gz","1694"
"D:\胡溪筼\Documents\2026-7Fall\Carolina Data Challenge 2026\Graduate_Dataset\all_sources\028_FDX\fing2p.1.csv.gz","5807"
"D:\胡溪筼\Documents\2026-7Fall\Carolina Data Challenge 2026\Graduate_Dataset\all_sources\028_FDX\fing2p.10.csv.gz","1839"
"D:\胡溪筼\Documents\2026-7Fall\Carolina Data Challenge 2026\Graduate_Dataset\all_sources\028_FDX\fing2p.11.csv.gz","5803"
"D:\胡溪筼\Documents\2026-7Fall\Carolina Data Challenge 2026\Graduate_Dataset\all_sources\028_FDX\fing2p.12.csv.gz","5757"
"D:\胡溪筼\Documents\2026-7Fall\Carolina Data Challenge 2026\Graduate_Dataset\all_sources\028_FDX\fing2p.2.csv.gz","5772"
"D:\胡溪筼\Documents\2026-7Fall\Carolina Data Challenge 2026\Graduate_Dataset\all_sources\028_FDX\fing2p.3.csv.gz","5773"
"D:\胡溪筼\Documents\2026-7Fall\Carolina Data Challenge 2026\Graduate_Dataset\all_sources\028_FDX\fing2p.4.csv.gz","5777"
"D:\胡溪筼\Documents\2026-7Fall\Carolina Data Challenge 2026\Graduate_Dataset\all_sources\028_FDX\fing2p.5.csv.gz","5802"
"D:\胡溪筼\Documents\2026-7Fall\Carolina Data Challenge 2026\Graduate_Dataset\all_sources\028_FDX\fing2p.6.csv.gz","5797"
"D:\胡溪筼\Documents\2026-7Fall\Carolina Data Challenge 2026\Graduate_Dataset\all_sources\028_FDX\fing2p.7.csv.gz","5801"
"D:\胡溪筼\Documents\2026-7Fall\Carolina Data Challenge 2026\Graduate_Dataset\all_sources\028_FDX\fing2p.8.csv.gz","5763"
"D:\胡溪筼\Documents\2026-7Fall\Carolina Data Challenge 2026\Graduate_Dataset\all_sources\028_FDX\fing2p.9.csv.gz","1857"
"D:\胡溪筼\Documents\2026-7Fall\Carolina Data Challenge 2026\Graduate_Dataset\all_sources\028_FDX\fing2p.acc.1.csv.gz","4483"
"D:\胡溪筼\Documents\2026-7Fall\Carolina Data Challenge 2026\Graduate_Dataset\all_sources\028_FDX\fing2p.acc.10.csv.gz","1360"
"D:\胡溪筼\Documents\2026-7Fall\Carolina Data Challenge 2026\Graduate_Dataset\all_sources\028_FDX\fing2p.acc.11.csv.gz","4474"
"D:\胡溪筼\Documents\2026-7Fall\Carolina Data Challenge 2026\Graduate_Dataset\all_sources\028_FDX\fing2p.acc.12.csv.gz","4441"
"D:\胡溪筼\Documents\2026-7Fall\Carolina Data Challenge 2026\Graduate_Dataset\all_sources\028_FDX\fing2p.acc.2.csv.gz","4476"
"D:\胡溪筼\Documents\2026-7Fall\Carolina Data Challenge 2026\Graduate_Dataset\all_sources\028_FDX\fing2p.acc.3.csv.gz","4491"
"D:\胡溪筼\Documents\2026-7Fall\Carolina Data Challenge 2026\Graduate_Dataset\all_sources\028_FDX\fing2p.acc.4.csv.gz","4456"
"D:\胡溪筼\Documents\2026-7Fall\Carolina Data Challenge 2026\Graduate_Dataset\all_sources\028_FDX\fing2p.acc.5.csv.gz","4508"
"D:\胡溪筼\Documents\2026-7Fall\Carolina Data Challenge 2026\Graduate_Dataset\all_sources\028_FDX\fing2p.acc.6.csv.gz","4500"
"D:\胡溪筼\Documents\2026-7Fall\Carolina Data Challenge 2026\Graduate_Dataset\all_sources\028_FDX\fing2p.acc.7.csv.gz","4460"
"D:\胡溪筼\Documents\2026-7Fall\Carolina Data Challenge 2026\Graduate_Dataset\all_sources\028_FDX\fing2p.acc.8.csv.gz","4470"
"D:\胡溪筼\Documents\2026-7Fall\Carolina Data Challenge 2026\Graduate_Dataset\all_sources\028_FDX\fing2p.acc.9.csv.gz","1382"
"D:\胡溪筼\Documents\2026-7Fall\Carolina Data Challenge 2026\Graduate_Dataset\all_sources\028_FDX\fing2p.acc.csv.gz","6637"
"D:\胡溪筼\Documents\2026-7Fall\Carolina Data Challenge 2026\Graduate_Dataset\all_sources\028_FDX\fing2p.acc.s.csv.gz","4498"
"D:\胡溪筼\Documents\2026-7Fall\Carolina Data Challenge 2026\Graduate_Dataset\all_sources\028_FDX\fing2p.card.1.csv.gz","539"
"D:\胡溪筼\Documents\2026-7Fall\Carolina Data Challenge 2026\Graduate_Dataset\all_sources\028_FDX\fing2p.card.11.csv.gz","541"
"D:\胡溪筼\Documents\2026-7Fall\Carolina Data Challenge 2026\Graduate_Dataset\all_sources\028_FDX\fing2p.card.12.csv.gz","546"
"D:\胡溪筼\Documents\2026-7Fall\Carolina Data Challenge 2026\Graduate_Dataset\all_sources\028_FDX\fing2p.card.2.csv.gz","534"
"D:\胡溪筼\Documents\2026-7Fall\Carolina Data Challenge 2026\Graduate_Dataset\all_sources\028_FDX\fing2p.card.3.csv.gz","551"
"D:\胡溪筼\Documents\2026-7Fall\Carolina Data Challenge 2026\Graduate_Dataset\all_sources\028_FDX\fing2p.card.4.csv.gz","546"
"D:\胡溪筼\Documents\2026-7Fall\Carolina Data Challenge 2026\Graduate_Dataset\all_sources\028_FDX\fing2p.card.5.csv.gz","543"
"D:\胡溪筼\Documents\2026-7Fall\Carolina Data Challenge 2026\Graduate_Dataset\all_sources\028_FDX\fing2p.card.6.csv.gz","541"
"D:\胡溪筼\Documents\2026-7Fall\Carolina Data Challenge 2026\Graduate_Dataset\all_sources\028_FDX\fing2p.card.7.csv.gz","542"
"D:\胡溪筼\Documents\2026-7Fall\Carolina Data Challenge 2026\Graduate_Dataset\all_sources\028_FDX\fing2p.card.8.csv.gz","541"
"D:\胡溪筼\Documents\2026-7Fall\Carolina Data Challenge 2026\Graduate_Dataset\all_sources\028_FDX\fing2p.card.csv.gz","8187"
"D:\胡溪筼\Documents\2026-7Fall\Carolina Data Challenge 2026\Graduate_Dataset\all_sources\028_FDX\fing2p.card.s.csv.gz","131"
"D:\胡溪筼\Documents\2026-7Fall\Carolina Data Challenge 2026\Graduate_Dataset\all_sources\028_FDX\fing2p.cash.1.csv.gz","796"
"D:\胡溪筼\Documents\2026-7Fall\Carolina Data Challenge 2026\Graduate_Dataset\all_sources\028_FDX\fing2p.cash.10.csv.gz","289"
"D:\胡溪筼\Documents\2026-7Fall\Carolina Data Challenge 2026\Graduate_Dataset\all_sources\028_FDX\fing2p.cash.11.csv.gz","792"
"D:\胡溪筼\Documents\2026-7Fall\Carolina Data Challenge 2026\Graduate_Dataset\all_sources\028_FDX\fing2p.cash.12.csv.gz","786"
"D:\胡溪筼\Documents\2026-7Fall\Carolina Data Challenge 2026\Graduate_Dataset\all_sources\028_FDX\fing2p.cash.2.csv.gz","799"
"D:\胡溪筼\Documents\2026-7Fall\Carolina Data Challenge 2026\Graduate_Dataset\all_sources\028_FDX\fing2p.cash.3.csv.gz","804"
"D:\胡溪筼\Documents\2026-7Fall\Carolina Data Challenge 2026\Graduate_Dataset\all_sources\028_FDX\fing2p.cash.4.csv.gz","793"
"D:\胡溪筼\Documents\2026-7Fall\Carolina Data Challenge 2026\Graduate_Dataset\all_sources\028_FDX\fing2p.cash.5.csv.gz","799"
"D:\胡溪筼\Documents\2026-7Fall\Carolina Data Challenge 2026\Graduate_Dataset\all_sources\028_FDX\fing2p.cash.6.csv.gz","799"
"D:\胡溪筼\Documents\2026-7Fall\Carolina Data Challenge 2026\Graduate_Dataset\all_sources\028_FDX\fing2p.cash.7.csv.gz","787"
"D:\胡溪筼\Documents\2026-7Fall\Carolina Data Challenge 2026\Graduate_Dataset\all_sources\028_FDX\fing2p.cash.8.csv.gz","796"
"D:\胡溪筼\Documents\2026-7Fall\Carolina Data Challenge 2026\Graduate_Dataset\all_sources\028_FDX\fing2p.cash.9.csv.gz","290"
"D:\胡溪筼\Documents\2026-7Fall\Carolina Data Challenge 2026\Graduate_Dataset\all_sources\028_FDX\fing2p.cash.csv.gz","6581"
"D:\胡溪筼\Documents\2026-7Fall\Carolina Data Challenge 2026\Graduate_Dataset\all_sources\028_FDX\fing2p.cash.s.csv.gz","805"
"D:\胡溪筼\Documents\2026-7Fall\Carolina Data Challenge 2026\Graduate_Dataset\all_sources\028_FDX\fing2p.csv.gz","6624"
"D:\胡溪筼\Documents\2026-7Fall\Carolina Data Challenge 2026\Graduate_Dataset\all_sources\028_FDX\fing2p.fin.1.csv.gz","4896"
"D:\胡溪筼\Documents\2026-7Fall\Carolina Data Challenge 2026\Graduate_Dataset\all_sources\028_FDX\fing2p.fin.10.csv.gz","1194"
"D:\胡溪筼\Documents\2026-7Fall\Carolina Data Challenge 2026\Graduate_Dataset\all_sources\028_FDX\fing2p.fin.11.csv.gz","4860"
"D:\胡溪筼\Documents\2026-7Fall\Carolina Data Challenge 2026\Graduate_Dataset\all_sources\028_FDX\fing2p.fin.12.csv.gz","4825"
"D:\胡溪筼\Documents\2026-7Fall\Carolina Data Challenge 2026\Graduate_Dataset\all_sources\028_FDX\fing2p.fin.2.csv.gz","4870"
"D:\胡溪筼\Documents\2026-7Fall\Carolina Data Challenge 2026\Graduate_Dataset\all_sources\028_FDX\fing2p.fin.3.csv.gz","4919"
"D:\胡溪筼\Documents\2026-7Fall\Carolina Data Challenge 2026\Graduate_Dataset\all_sources\028_FDX\fing2p.fin.4.csv.gz","4891"
"D:\胡溪筼\Documents\2026-7Fall\Carolina Data Challenge 2026\Graduate_Dataset\all_sources\028_FDX\fing2p.fin.5.csv.gz","4933"
"D:\胡溪筼\Documents\2026-7Fall\Carolina Data Challenge 2026\Graduate_Dataset\all_sources\028_FDX\fing2p.fin.6.csv.gz","4878"
"D:\胡溪筼\Documents\2026-7Fall\Carolina Data Challenge 2026\Graduate_Dataset\all_sources\028_FDX\fing2p.fin.7.csv.gz","4893"
"D:\胡溪筼\Documents\2026-7Fall\Carolina Data Challenge 2026\Graduate_Dataset\all_sources\028_FDX\fing2p.fin.8.csv.gz","4862"
"D:\胡溪筼\Documents\2026-7Fall\Carolina Data Challenge 2026\Graduate_Dataset\all_sources\028_FDX\fing2p.fin.9.csv.gz","1224"
"D:\胡溪筼\Documents\2026-7Fall\Carolina Data Challenge 2026\Graduate_Dataset\all_sources\028_FDX\fing2p.fin.csv.gz","8603"
"D:\胡溪筼\Documents\2026-7Fall\Carolina Data Challenge 2026\Graduate_Dataset\all_sources\028_FDX\fing2p.fin.s.csv.gz","4052"
"D:\胡溪筼\Documents\2026-7Fall\Carolina Data Challenge 2026\Graduate_Dataset\all_sources\028_FDX\fing2p.mob.1.csv.gz","389"
"D:\胡溪筼\Documents\2026-7Fall\Carolina Data Challenge 2026\Graduate_Dataset\all_sources\028_FDX\fing2p.mob.10.csv.gz","276"
"D:\胡溪筼\Documents\2026-7Fall\Carolina Data Challenge 2026\Graduate_Dataset\all_sources\028_FDX\fing2p.mob.11.csv.gz","392"
"D:\胡溪筼\Documents\2026-7Fall\Carolina Data Challenge 2026\Graduate_Dataset\all_sources\028_FDX\fing2p.mob.12.csv.gz","386"
"D:\胡溪筼\Documents\2026-7Fall\Carolina Data Challenge 2026\Graduate_Dataset\all_sources\028_FDX\fing2p.mob.2.csv.gz","385"
"D:\胡溪筼\Documents\2026-7Fall\Carolina Data Challenge 2026\Graduate_Dataset\all_sources\028_FDX\fing2p.mob.3.csv.gz","389"
"D:\胡溪筼\Documents\2026-7Fall\Carolina Data Challenge 2026\Graduate_Dataset\all_sources\028_FDX\fing2p.mob.4.csv.gz","388"
"D:\胡溪筼\Documents\2026-7Fall\Carolina Data Challenge 2026\Graduate_Dataset\all_sources\028_FDX\fing2p.mob.5.csv.gz","390"
"D:\胡溪筼\Documents\2026-7Fall\Carolina Data Challenge 2026\Graduate_Dataset\all_sources\028_FDX\fing2p.mob.6.csv.gz","389"
"D:\胡溪筼\Documents\2026-7Fall\Carolina Data Challenge 2026\Graduate_Dataset\all_sources\028_FDX\fing2p.mob.7.csv.gz","392"
"D:\胡溪筼\Documents\2026-7Fall\Carolina Data Challenge 2026\Graduate_Dataset\all_sources\028_FDX\fing2p.mob.8.csv.gz","388"
"D:\胡溪筼\Documents\2026-7Fall\Carolina Data Challenge 2026\Graduate_Dataset\all_sources\028_FDX\fing2p.mob.9.csv.gz","298"
"D:\胡溪筼\Documents\2026-7Fall\Carolina Data Challenge 2026\Graduate_Dataset\all_sources\028_FDX\fing2p.mob.csv.gz","7583"
"D:\胡溪筼\Documents\2026-7Fall\Carolina Data Challenge 2026\Graduate_Dataset\all_sources\028_FDX\fing2p.mob.s.csv.gz","389"
"D:\胡溪筼\Documents\2026-7Fall\Carolina Data Challenge 2026\Graduate_Dataset\all_sources\028_FDX\g20.any.1.csv.gz","8356"
"D:\胡溪筼\Documents\2026-7Fall\Carolina Data Challenge 2026\Graduate_Dataset\all_sources\028_FDX\g20.any.10.csv.gz","2363"
"D:\胡溪筼\Documents\2026-7Fall\Carolina Data Challenge 2026\Graduate_Dataset\all_sources\028_FDX\g20.any.11.csv.gz","8317"
"D:\胡溪筼\Documents\2026-7Fall\Carolina Data Challenge 2026\Graduate_Dataset\all_sources\028_FDX\g20.any.12.csv.gz","8221"
"D:\胡溪筼\Documents\2026-7Fall\Carolina Data Challenge 2026\Graduate_Dataset\all_sources\028_FDX\g20.any.2.csv.gz","8378"
"D:\胡溪筼\Documents\2026-7Fall\Carolina Data Challenge 2026\Graduate_Dataset\all_sources\028_FDX\g20.any.3.csv.gz","8287"
"D:\胡溪筼\Documents\2026-7Fall\Carolina Data Challenge 2026\Graduate_Dataset\all_sources\028_FDX\g20.any.4.csv.gz","8338"
"D:\胡溪筼\Documents\2026-7Fall\Carolina Data Challenge 2026\Graduate_Dataset\all_sources\028_FDX\g20.any.5.csv.gz","8352"
"D:\胡溪筼\Documents\2026-7Fall\Carolina Data Challenge 2026\Graduate_Dataset\all_sources\028_FDX\g20.any.6.csv.gz","8312"
"D:\胡溪筼\Documents\2026-7Fall\Carolina Data Challenge 2026\Graduate_Dataset\all_sources\028_FDX\g20.any.7.csv.gz","8300"
"D:\胡溪筼\Documents\2026-7Fall\Carolina Data Challenge 2026\Graduate_Dataset\all_sources\028_FDX\g20.any.8.csv.gz","8312"
"D:\胡溪筼\Documents\2026-7Fall\Carolina Data Challenge 2026\Graduate_Dataset\all_sources\028_FDX\g20.any.9.csv.gz","2380"
"D:\胡溪筼\Documents\2026-7Fall\Carolina Data Challenge 2026\Graduate_Dataset\all_sources\028_FDX\g20.any.csv.gz","8730"
"D:\胡溪筼\Documents\2026-7Fall\Carolina Data Challenge 2026\Graduate_Dataset\all_sources\028_FDX\g20.made.1.csv.gz","7908"
"D:\胡溪筼\Documents\2026-7Fall\Carolina Data Challenge 2026\Graduate_Dataset\all_sources\028_FDX\g20.made.10.csv.gz","2170"
"D:\胡溪筼\Documents\2026-7Fall\Carolina Data Challenge 2026\Graduate_Dataset\all_sources\028_FDX\g20.made.11.csv.gz","7879"
"D:\胡溪筼\Documents\2026-7Fall\Carolina Data Challenge 2026\Graduate_Dataset\all_sources\028_FDX\g20.made.12.csv.gz","7829"
"D:\胡溪筼\Documents\2026-7Fall\Carolina Data Challenge 2026\Graduate_Dataset\all_sources\028_FDX\g20.made.2.csv.gz","7943"
"D:\胡溪筼\Documents\2026-7Fall\Carolina Data Challenge 2026\Graduate_Dataset\all_sources\028_FDX\g20.made.3.csv.gz","7898"
"D:\胡溪筼\Documents\2026-7Fall\Carolina Data Challenge 2026\Graduate_Dataset\all_sources\028_FDX\g20.made.4.csv.gz","7889"
"D:\胡溪筼\Documents\2026-7Fall\Carolina Data Challenge 2026\Graduate_Dataset\all_sources\028_FDX\g20.made.5.csv.gz","7919"
"D:\胡溪筼\Documents\2026-7Fall\Carolina Data Challenge 2026\Graduate_Dataset\all_sources\028_FDX\g20.made.6.csv.gz","7914"
"D:\胡溪筼\Documents\2026-7Fall\Carolina Data Challenge 2026\Graduate_Dataset\all_sources\028_FDX\g20.made.7.csv.gz","7896"
"D:\胡溪筼\Documents\2026-7Fall\Carolina Data Challenge 2026\Graduate_Dataset\all_sources\028_FDX\g20.made.8.csv.gz","7899"
"D:\胡溪筼\Documents\2026-7Fall\Carolina Data Challenge 2026\Graduate_Dataset\all_sources\028_FDX\g20.made.9.csv.gz","2198"
"D:\胡溪筼\Documents\2026-7Fall\Carolina Data Challenge 2026\Graduate_Dataset\all_sources\028_FDX\g20.made.csv.gz","8643"
"D:\胡溪筼\Documents\2026-7Fall\Carolina Data Challenge 2026\Graduate_Dataset\all_sources\028_FDX\g20.received.1.csv.gz","7909"
"D:\胡溪筼\Documents\2026-7Fall\Carolina Data Challenge 2026\Graduate_Dataset\all_sources\028_FDX\g20.received.10.csv.gz","2181"
"D:\胡溪筼\Documents\2026-7Fall\Carolina Data Challenge 2026\Graduate_Dataset\all_sources\028_FDX\g20.received.11.csv.gz","7862"
"D:\胡溪筼\Documents\2026-7Fall\Carolina Data Challenge 2026\Graduate_Dataset\all_sources\028_FDX\g20.received.12.csv.gz","7857"
"D:\胡溪筼\Documents\2026-7Fall\Carolina Data Challenge 2026\Graduate_Dataset\all_sources\028_FDX\g20.received.2.csv.gz","7924"
"D:\胡溪筼\Documents\2026-7Fall\Carolina Data Challenge 2026\Graduate_Dataset\all_sources\028_FDX\g20.received.3.csv.gz","7904"
"D:\胡溪筼\Documents\2026-7Fall\Carolina Data Challenge 2026\Graduate_Dataset\all_sources\028_FDX\g20.received.4.csv.gz","7919"
"D:\胡溪筼\Documents\2026-7Fall\Carolina Data Challenge 2026\Graduate_Dataset\all_sources\028_FDX\g20.received.5.csv.gz","7895"
"D:\胡溪筼\Documents\2026-7Fall\Carolina Data Challenge 2026\Graduate_Dataset\all_sources\028_FDX\g20.received.6.csv.gz","7911"
"D:\胡溪筼\Documents\2026-7Fall\Carolina Data Challenge 2026\Graduate_Dataset\all_sources\028_FDX\g20.received.7.csv.gz","7869"
"D:\胡溪筼\Documents\2026-7Fall\Carolina Data Challenge 2026\Graduate_Dataset\all_sources\028_FDX\g20.received.8.csv.gz","7855"
"D:\胡溪筼\Documents\2026-7Fall\Carolina Data Challenge 2026\Graduate_Dataset\all_sources\028_FDX\g20.received.9.csv.gz","2199"
"D:\胡溪筼\Documents\2026-7Fall\Carolina Data Challenge 2026\Graduate_Dataset\all_sources\028_FDX\g20.received.csv.gz","8646"
"D:\胡溪筼\Documents\2026-7Fall\Carolina Data Challenge 2026\Graduate_Dataset\all_sources\028_FDX\inactive.t.d.1.csv.gz","613"
"D:\胡溪筼\Documents\2026-7Fall\Carolina Data Challenge 2026\Graduate_Dataset\all_sources\028_FDX\inactive.t.d.10.csv.gz","265"
"D:\胡溪筼\Documents\2026-7Fall\Carolina Data Challenge 2026\Graduate_Dataset\all_sources\028_FDX\inactive.t.d.11.csv.gz","617"
"D:\胡溪筼\Documents\2026-7Fall\Carolina Data Challenge 2026\Graduate_Dataset\all_sources\028_FDX\inactive.t.d.12.csv.gz","620"
"D:\胡溪筼\Documents\2026-7Fall\Carolina Data Challenge 2026\Graduate_Dataset\all_sources\028_FDX\inactive.t.d.2.csv.gz","618"
"D:\胡溪筼\Documents\2026-7Fall\Carolina Data Challenge 2026\Graduate_Dataset\all_sources\028_FDX\inactive.t.d.3.csv.gz","614"
"D:\胡溪筼\Documents\2026-7Fall\Carolina Data Challenge 2026\Graduate_Dataset\all_sources\028_FDX\inactive.t.d.4.csv.gz","614"
"D:\胡溪筼\Documents\2026-7Fall\Carolina Data Challenge 2026\Graduate_Dataset\all_sources\028_FDX\inactive.t.d.5.csv.gz","613"
"D:\胡溪筼\Documents\2026-7Fall\Carolina Data Challenge 2026\Graduate_Dataset\all_sources\028_FDX\inactive.t.d.6.csv.gz","619"
"D:\胡溪筼\Documents\2026-7Fall\Carolina Data Challenge 2026\Graduate_Dataset\all_sources\028_FDX\inactive.t.d.7.csv.gz","616"
"D:\胡溪筼\Documents\2026-7Fall\Carolina Data Challenge 2026\Graduate_Dataset\all_sources\028_FDX\inactive.t.d.8.csv.gz","616"
"D:\胡溪筼\Documents\2026-7Fall\Carolina Data Challenge 2026\Graduate_Dataset\all_sources\028_FDX\inactive.t.d.9.csv.gz","266"
"D:\胡溪筼\Documents\2026-7Fall\Carolina Data Challenge 2026\Graduate_Dataset\all_sources\028_FDX\inactive.t.d.csv.gz","8619"
"D:\胡溪筼\Documents\2026-7Fall\Carolina Data Challenge 2026\Graduate_Dataset\all_sources\028_FDX\inactive.t.d.s.csv.gz","618"
"D:\胡溪筼\Documents\2026-7Fall\Carolina Data Challenge 2026\Graduate_Dataset\all_sources\028_FDX\internet.1.csv.gz","3242"
"D:\胡溪筼\Documents\2026-7Fall\Carolina Data Challenge 2026\Graduate_Dataset\all_sources\028_FDX\internet.10.csv.gz","3215"
"D:\胡溪筼\Documents\2026-7Fall\Carolina Data Challenge 2026\Graduate_Dataset\all_sources\028_FDX\internet.11.csv.gz","3241"
"D:\胡溪筼\Documents\2026-7Fall\Carolina Data Challenge 2026\Graduate_Dataset\all_sources\028_FDX\internet.12.csv.gz","3196"
"D:\胡溪筼\Documents\2026-7Fall\Carolina Data Challenge 2026\Graduate_Dataset\all_sources\028_FDX\internet.2.csv.gz","3246"
"D:\胡溪筼\Documents\2026-7Fall\Carolina Data Challenge 2026\Graduate_Dataset\all_sources\028_FDX\internet.3.csv.gz","2983"
"D:\胡溪筼\Documents\2026-7Fall\Carolina Data Challenge 2026\Graduate_Dataset\all_sources\028_FDX\internet.4.csv.gz","3241"
"D:\胡溪筼\Documents\2026-7Fall\Carolina Data Challenge 2026\Graduate_Dataset\all_sources\028_FDX\internet.5.csv.gz","3252"
"D:\胡溪筼\Documents\2026-7Fall\Carolina Data Challenge 2026\Graduate_Dataset\all_sources\028_FDX\internet.6.csv.gz","3201"
"D:\胡溪筼\Documents\2026-7Fall\Carolina Data Challenge 2026\Graduate_Dataset\all_sources\028_FDX\internet.7.csv.gz","3247"
"D:\胡溪筼\Documents\2026-7Fall\Carolina Data Challenge 2026\Graduate_Dataset\all_sources\028_FDX\internet.8.csv.gz","3212"
"D:\胡溪筼\Documents\2026-7Fall\Carolina Data Challenge 2026\Graduate_Dataset\all_sources\028_FDX\internet.9.csv.gz","3228"
"D:\胡溪筼\Documents\2026-7Fall\Carolina Data Challenge 2026\Graduate_Dataset\all_sources\028_FDX\Internet.csv.gz","3241"
"D:\胡溪筼\Documents\2026-7Fall\Carolina Data Challenge 2026\Graduate_Dataset\all_sources\028_FDX\merchant.pay.1.csv.gz","2653"
"D:\胡溪筼\Documents\2026-7Fall\Carolina Data Challenge 2026\Graduate_Dataset\all_sources\028_FDX\merchant.pay.10.csv.gz","1803"
"D:\胡溪筼\Documents\2026-7Fall\Carolina Data Challenge 2026\Graduate_Dataset\all_sources\028_FDX\merchant.pay.11.csv.gz","2609"
"D:\胡溪筼\Documents\2026-7Fall\Carolina Data Challenge 2026\Graduate_Dataset\all_sources\028_FDX\merchant.pay.12.csv.gz","2622"
"D:\胡溪筼\Documents\2026-7Fall\Carolina Data Challenge 2026\Graduate_Dataset\all_sources\028_FDX\merchant.pay.2.csv.gz","2641"
"D:\胡溪筼\Documents\2026-7Fall\Carolina Data Challenge 2026\Graduate_Dataset\all_sources\028_FDX\merchant.pay.3.csv.gz","2644"
"D:\胡溪筼\Documents\2026-7Fall\Carolina Data Challenge 2026\Graduate_Dataset\all_sources\028_FDX\merchant.pay.4.csv.gz","2648"
"D:\胡溪筼\Documents\2026-7Fall\Carolina Data Challenge 2026\Graduate_Dataset\all_sources\028_FDX\merchant.pay.5.csv.gz","2634"
"D:\胡溪筼\Documents\2026-7Fall\Carolina Data Challenge 2026\Graduate_Dataset\all_sources\028_FDX\merchant.pay.6.csv.gz","2644"
"D:\胡溪筼\Documents\2026-7Fall\Carolina Data Challenge 2026\Graduate_Dataset\all_sources\028_FDX\merchant.pay.7.csv.gz","2648"
"D:\胡溪筼\Documents\2026-7Fall\Carolina Data Challenge 2026\Graduate_Dataset\all_sources\028_FDX\merchant.pay.8.csv.gz","2637"
"D:\胡溪筼\Documents\2026-7Fall\Carolina Data Challenge 2026\Graduate_Dataset\all_sources\028_FDX\merchant.pay.9.csv.gz","1808"
"D:\胡溪筼\Documents\2026-7Fall\Carolina Data Challenge 2026\Graduate_Dataset\all_sources\028_FDX\merchant.pay.csv.gz","3832"
"D:\胡溪筼\Documents\2026-7Fall\Carolina Data Challenge 2026\Graduate_Dataset\all_sources\028_FDX\mobileaccount.t.d.1.csv.gz","3501"
"D:\胡溪筼\Documents\2026-7Fall\Carolina Data Challenge 2026\Graduate_Dataset\all_sources\028_FDX\mobileaccount.t.d.10.csv.gz","1793"
"D:\胡溪筼\Documents\2026-7Fall\Carolina Data Challenge 2026\Graduate_Dataset\all_sources\028_FDX\mobileaccount.t.d.11.csv.gz","3505"
"D:\胡溪筼\Documents\2026-7Fall\Carolina Data Challenge 2026\Graduate_Dataset\all_sources\028_FDX\mobileaccount.t.d.12.csv.gz","3480"
"D:\胡溪筼\Documents\2026-7Fall\Carolina Data Challenge 2026\Graduate_Dataset\all_sources\028_FDX\mobileaccount.t.d.2.csv.gz","3481"
"D:\胡溪筼\Documents\2026-7Fall\Carolina Data Challenge 2026\Graduate_Dataset\all_sources\028_FDX\mobileaccount.t.d.3.csv.gz","3498"
"D:\胡溪筼\Documents\2026-7Fall\Carolina Data Challenge 2026\Graduate_Dataset\all_sources\028_FDX\mobileaccount.t.d.4.csv.gz","3492"
"D:\胡溪筼\Documents\2026-7Fall\Carolina Data Challenge 2026\Graduate_Dataset\all_sources\028_FDX\mobileaccount.t.d.5.csv.gz","3498"
"D:\胡溪筼\Documents\2026-7Fall\Carolina Data Challenge 2026\Graduate_Dataset\all_sources\028_FDX\mobileaccount.t.d.6.csv.gz","3522"
"D:\胡溪筼\Documents\2026-7Fall\Carolina Data Challenge 2026\Graduate_Dataset\all_sources\028_FDX\mobileaccount.t.d.7.csv.gz","3511"
"D:\胡溪筼\Documents\2026-7Fall\Carolina Data Challenge 2026\Graduate_Dataset\all_sources\028_FDX\mobileaccount.t.d.8.csv.gz","3495"
"D:\胡溪筼\Documents\2026-7Fall\Carolina Data Challenge 2026\Graduate_Dataset\all_sources\028_FDX\mobileaccount.t.d.9.csv.gz","1789"
"D:\胡溪筼\Documents\2026-7Fall\Carolina Data Challenge 2026\Graduate_Dataset\all_sources\028_FDX\mobileaccount.t.d.csv.gz","5683"
"D:\胡溪筼\Documents\2026-7Fall\Carolina Data Challenge 2026\Graduate_Dataset\all_sources\028_FDX\save.any.t.d.1.csv.gz","8694"
"D:\胡溪筼\Documents\2026-7Fall\Carolina Data Challenge 2026\Graduate_Dataset\all_sources\028_FDX\save.any.t.d.10.csv.gz","2366"
"D:\胡溪筼\Documents\2026-7Fall\Carolina Data Challenge 2026\Graduate_Dataset\all_sources\028_FDX\save.any.t.d.11.csv.gz","8593"
"D:\胡溪筼\Documents\2026-7Fall\Carolina Data Challenge 2026\Graduate_Dataset\all_sources\028_FDX\save.any.t.d.12.csv.gz","8584"
"D:\胡溪筼\Documents\2026-7Fall\Carolina Data Challenge 2026\Graduate_Dataset\all_sources\028_FDX\save.any.t.d.2.csv.gz","8664"
"D:\胡溪筼\Documents\2026-7Fall\Carolina Data Challenge 2026\Graduate_Dataset\all_sources\028_FDX\save.any.t.d.3.csv.gz","8722"
"D:\胡溪筼\Documents\2026-7Fall\Carolina Data Challenge 2026\Graduate_Dataset\all_sources\028_FDX\save.any.t.d.4.csv.gz","8649"
"D:\胡溪筼\Documents\2026-7Fall\Carolina Data Challenge 2026\Graduate_Dataset\all_sources\028_FDX\save.any.t.d.5.csv.gz","8669"
"D:\胡溪筼\Documents\2026-7Fall\Carolina Data Challenge 2026\Graduate_Dataset\all_sources\028_FDX\save.any.t.d.6.csv.gz","8674"
"D:\胡溪筼\Documents\2026-7Fall\Carolina Data Challenge 2026\Graduate_Dataset\all_sources\028_FDX\save.any.t.d.7.csv.gz","8623"
"D:\胡溪筼\Documents\2026-7Fall\Carolina Data Challenge 2026\Graduate_Dataset\all_sources\028_FDX\save.any.t.d.8.csv.gz","8615"
"D:\胡溪筼\Documents\2026-7Fall\Carolina Data Challenge 2026\Graduate_Dataset\all_sources\028_FDX\save.any.t.d.9.csv.gz","2381"
"D:\胡溪筼\Documents\2026-7Fall\Carolina Data Challenge 2026\Graduate_Dataset\all_sources\028_FDX\save.any.t.d.csv.gz","8712"
"D:\胡溪筼\Documents\2026-7Fall\Carolina Data Challenge 2026\Graduate_Dataset\all_sources\028_FDX\_indicators.csv","421930"
"D:\胡溪筼\Documents\2026-7Fall\Carolina Data Challenge 2026\Graduate_Dataset\all_sources\028_FDX\_log.csv","61499"
"D:\胡溪筼\Documents\2026-7Fall\Carolina Data Challenge 2026\Graduate_Dataset\all_sources\089_ID4\birth_reg.csv.gz","1045"
"D:\胡溪筼\Documents\2026-7Fall\Carolina Data Challenge 2026\Graduate_Dataset\all_sources\089_ID4\birth_reg_1.csv.gz","991"
"D:\胡溪筼\Documents\2026-7Fall\Carolina Data Challenge 2026\Graduate_Dataset\all_sources\089_ID4\birth_reg_2.csv.gz","991"
"D:\胡溪筼\Documents\2026-7Fall\Carolina Data Challenge 2026\Graduate_Dataset\all_sources\089_ID4\diff_elections_s.csv.gz","794"
"D:\胡溪筼\Documents\2026-7Fall\Carolina Data Challenge 2026\Graduate_Dataset\all_sources\089_ID4\diff_finance_s.csv.gz","790"
"D:\胡溪筼\Documents\2026-7Fall\Carolina Data Challenge 2026\Graduate_Dataset\all_sources\089_ID4\diff_gov_s.csv.gz","790"
"D:\胡溪筼\Documents\2026-7Fall\Carolina Data Challenge 2026\Graduate_Dataset\all_sources\089_ID4\diff_job_s.csv.gz","781"
"D:\胡溪筼\Documents\2026-7Fall\Carolina Data Challenge 2026\Graduate_Dataset\all_sources\089_ID4\diff_med_s.csv.gz","782"
"D:\胡溪筼\Documents\2026-7Fall\Carolina Data Challenge 2026\Graduate_Dataset\all_sources\089_ID4\diff_sim_s.csv.gz","787"
"D:\胡溪筼\Documents\2026-7Fall\Carolina Data Challenge 2026\Graduate_Dataset\all_sources\089_ID4\has_eid.csv.gz","1434"
"D:\胡溪筼\Documents\2026-7Fall\Carolina Data Challenge 2026\Graduate_Dataset\all_sources\089_ID4\has_eid_1.csv.gz","1414"
"D:\胡溪筼\Documents\2026-7Fall\Carolina Data Challenge 2026\Graduate_Dataset\all_sources\089_ID4\has_eid_10.csv.gz","1438"
"D:\胡溪筼\Documents\2026-7Fall\Carolina Data Challenge 2026\Graduate_Dataset\all_sources\089_ID4\has_eid_11.csv.gz","1424"
"D:\胡溪筼\Documents\2026-7Fall\Carolina Data Challenge 2026\Graduate_Dataset\all_sources\089_ID4\has_eid_12.csv.gz","1418"
"D:\胡溪筼\Documents\2026-7Fall\Carolina Data Challenge 2026\Graduate_Dataset\all_sources\089_ID4\has_eid_2.csv.gz","1410"
"D:\胡溪筼\Documents\2026-7Fall\Carolina Data Challenge 2026\Graduate_Dataset\all_sources\089_ID4\has_eid_3.csv.gz","1430"
"D:\胡溪筼\Documents\2026-7Fall\Carolina Data Challenge 2026\Graduate_Dataset\all_sources\089_ID4\has_eid_4.csv.gz","1439"
"D:\胡溪筼\Documents\2026-7Fall\Carolina Data Challenge 2026\Graduate_Dataset\all_sources\089_ID4\has_eid_5.csv.gz","1363"
"D:\胡溪筼\Documents\2026-7Fall\Carolina Data Challenge 2026\Graduate_Dataset\all_sources\089_ID4\has_eid_6.csv.gz","1438"
"D:\胡溪筼\Documents\2026-7Fall\Carolina Data Challenge 2026\Graduate_Dataset\all_sources\089_ID4\has_eid_7.csv.gz","1443"
"D:\胡溪筼\Documents\2026-7Fall\Carolina Data Challenge 2026\Graduate_Dataset\all_sources\089_ID4\has_eid_8.csv.gz","1433"
"D:\胡溪筼\Documents\2026-7Fall\Carolina Data Challenge 2026\Graduate_Dataset\all_sources\089_ID4\has_eid_9.csv.gz","1388"
"D:\胡溪筼\Documents\2026-7Fall\Carolina Data Challenge 2026\Graduate_Dataset\all_sources\089_ID4\ID.DIG.AUTH.csv.gz","2036"
"D:\胡溪筼\Documents\2026-7Fall\Carolina Data Challenge 2026\Graduate_Dataset\all_sources\089_ID4\ID.DIG.AUTH.RM.csv.gz","3101"
"D:\胡溪筼\Documents\2026-7Fall\Carolina Data Challenge 2026\Graduate_Dataset\all_sources\089_ID4\ID.DIG.RECS.csv.gz","2377"
"D:\胡溪筼\Documents\2026-7Fall\Carolina Data Challenge 2026\Graduate_Dataset\all_sources\089_ID4\ID.OWN.1524.ZS.csv.gz","5049"
"D:\胡溪筼\Documents\2026-7Fall\Carolina Data Challenge 2026\Graduate_Dataset\all_sources\089_ID4\ID.OWN.25UP.ZS.csv.gz","4979"
"D:\胡溪筼\Documents\2026-7Fall\Carolina Data Challenge 2026\Graduate_Dataset\all_sources\089_ID4\ID.OWN.BRTH.ZS.csv.gz","2309"
"D:\胡溪筼\Documents\2026-7Fall\Carolina Data Challenge 2026\Graduate_Dataset\all_sources\089_ID4\ID.OWN.TOTL.40.ZS.csv.gz","5082"
"D:\胡溪筼\Documents\2026-7Fall\Carolina Data Challenge 2026\Graduate_Dataset\all_sources\089_ID4\ID.OWN.TOTL.60.ZS.csv.gz","5042"
"D:\胡溪筼\Documents\2026-7Fall\Carolina Data Challenge 2026\Graduate_Dataset\all_sources\089_ID4\ID.OWN.TOTL.FE.ZS.csv.gz","5096"
"D:\胡溪筼\Documents\2026-7Fall\Carolina Data Challenge 2026\Graduate_Dataset\all_sources\089_ID4\ID.OWN.TOTL.MA.ZS.csv.gz","5086"
"D:\胡溪筼\Documents\2026-7Fall\Carolina Data Challenge 2026\Graduate_Dataset\all_sources\089_ID4\ID.OWN.TOTL.OW.ZS.csv.gz","5000"
"D:\胡溪筼\Documents\2026-7Fall\Carolina Data Challenge 2026\Graduate_Dataset\all_sources\089_ID4\ID.OWN.TOTL.PR.ZS.csv.gz","4953"
"D:\胡溪筼\Documents\2026-7Fall\Carolina Data Challenge 2026\Graduate_Dataset\all_sources\089_ID4\ID.OWN.TOTL.RU.ZS.csv.gz","4470"
"D:\胡溪筼\Documents\2026-7Fall\Carolina Data Challenge 2026\Graduate_Dataset\all_sources\089_ID4\ID.OWN.TOTL.SE.ZS.csv.gz","5027"
"D:\胡溪筼\Documents\2026-7Fall\Carolina Data Challenge 2026\Graduate_Dataset\all_sources\089_ID4\ID.OWN.TOTL.UR.ZS.csv.gz","4472"
"D:\胡溪筼\Documents\2026-7Fall\Carolina Data Challenge 2026\Graduate_Dataset\all_sources\089_ID4\ID.OWN.TOTL.WF.ZS.csv.gz","5015"
"D:\胡溪筼\Documents\2026-7Fall\Carolina Data Challenge 2026\Graduate_Dataset\all_sources\089_ID4\ID.OWN.TOTL.ZS.csv.gz","5108"
"D:\胡溪筼\Documents\2026-7Fall\Carolina Data Challenge 2026\Graduate_Dataset\all_sources\089_ID4\id_misuse_s.csv.gz","781"
"D:\胡溪筼\Documents\2026-7Fall\Carolina Data Challenge 2026\Graduate_Dataset\all_sources\089_ID4\id_misuse_s_1.csv.gz","853"
"D:\胡溪筼\Documents\2026-7Fall\Carolina Data Challenge 2026\Graduate_Dataset\all_sources\089_ID4\id_misuse_s_10.csv.gz","791"
"D:\胡溪筼\Documents\2026-7Fall\Carolina Data Challenge 2026\Graduate_Dataset\all_sources\089_ID4\id_misuse_s_11.csv.gz","1040"
"D:\胡溪筼\Documents\2026-7Fall\Carolina Data Challenge 2026\Graduate_Dataset\all_sources\089_ID4\id_misuse_s_12.csv.gz","631"
"D:\胡溪筼\Documents\2026-7Fall\Carolina Data Challenge 2026\Graduate_Dataset\all_sources\089_ID4\id_misuse_s_2.csv.gz","741"
"D:\胡溪筼\Documents\2026-7Fall\Carolina Data Challenge 2026\Graduate_Dataset\all_sources\089_ID4\id_misuse_s_3.csv.gz","1193"
"D:\胡溪筼\Documents\2026-7Fall\Carolina Data Challenge 2026\Graduate_Dataset\all_sources\089_ID4\id_misuse_s_4.csv.gz","509"
"D:\胡溪筼\Documents\2026-7Fall\Carolina Data Challenge 2026\Graduate_Dataset\all_sources\089_ID4\id_misuse_s_5.csv.gz","984"
"D:\胡溪筼\Documents\2026-7Fall\Carolina Data Challenge 2026\Graduate_Dataset\all_sources\089_ID4\id_misuse_s_6.csv.gz","751"
"D:\胡溪筼\Documents\2026-7Fall\Carolina Data Challenge 2026\Graduate_Dataset\all_sources\089_ID4\id_misuse_s_7.csv.gz","780"
"D:\胡溪筼\Documents\2026-7Fall\Carolina Data Challenge 2026\Graduate_Dataset\all_sources\089_ID4\id_misuse_s_8.csv.gz","702"
"D:\胡溪筼\Documents\2026-7Fall\Carolina Data Challenge 2026\Graduate_Dataset\all_sources\089_ID4\id_misuse_s_9.csv.gz","800"
"D:\胡溪筼\Documents\2026-7Fall\Carolina Data Challenge 2026\Graduate_Dataset\all_sources\089_ID4\noid_expensive_s.csv.gz","796"
"D:\胡溪筼\Documents\2026-7Fall\Carolina Data Challenge 2026\Graduate_Dataset\all_sources\089_ID4\noid_far_s.csv.gz","781"
"D:\胡溪筼\Documents\2026-7Fall\Carolina Data Challenge 2026\Graduate_Dataset\all_sources\089_ID4\noid_nodocs_s.csv.gz","786"
"D:\胡溪筼\Documents\2026-7Fall\Carolina Data Challenge 2026\Graduate_Dataset\all_sources\089_ID4\noid_noneed_s.csv.gz","785"
"D:\胡溪筼\Documents\2026-7Fall\Carolina Data Challenge 2026\Graduate_Dataset\all_sources\089_ID4\noid_other_s.csv.gz","794"
"D:\胡溪筼\Documents\2026-7Fall\Carolina Data Challenge 2026\Graduate_Dataset\all_sources\089_ID4\noid_uncomfortable_s.csv.gz","793"
"D:\胡溪筼\Documents\2026-7Fall\Carolina Data Challenge 2026\Graduate_Dataset\all_sources\089_ID4\used_eid_s.csv.gz","1318"
"D:\胡溪筼\Documents\2026-7Fall\Carolina Data Challenge 2026\Graduate_Dataset\all_sources\089_ID4\used_eid_s_1.csv.gz","1244"
"D:\胡溪筼\Documents\2026-7Fall\Carolina Data Challenge 2026\Graduate_Dataset\all_sources\089_ID4\used_eid_s_10.csv.gz","1342"
"D:\胡溪筼\Documents\2026-7Fall\Carolina Data Challenge 2026\Graduate_Dataset\all_sources\089_ID4\used_eid_s_11.csv.gz","1221"
"D:\胡溪筼\Documents\2026-7Fall\Carolina Data Challenge 2026\Graduate_Dataset\all_sources\089_ID4\used_eid_s_12.csv.gz","1327"
"D:\胡溪筼\Documents\2026-7Fall\Carolina Data Challenge 2026\Graduate_Dataset\all_sources\089_ID4\used_eid_s_2.csv.gz","1292"
"D:\胡溪筼\Documents\2026-7Fall\Carolina Data Challenge 2026\Graduate_Dataset\all_sources\089_ID4\used_eid_s_3.csv.gz","1256"
"D:\胡溪筼\Documents\2026-7Fall\Carolina Data Challenge 2026\Graduate_Dataset\all_sources\089_ID4\used_eid_s_4.csv.gz","1319"
"D:\胡溪筼\Documents\2026-7Fall\Carolina Data Challenge 2026\Graduate_Dataset\all_sources\089_ID4\used_eid_s_5.csv.gz","911"
"D:\胡溪筼\Documents\2026-7Fall\Carolina Data Challenge 2026\Graduate_Dataset\all_sources\089_ID4\used_eid_s_6.csv.gz","1349"
"D:\胡溪筼\Documents\2026-7Fall\Carolina Data Challenge 2026\Graduate_Dataset\all_sources\089_ID4\used_eid_s_7.csv.gz","1277"
"D:\胡溪筼\Documents\2026-7Fall\Carolina Data Challenge 2026\Graduate_Dataset\all_sources\089_ID4\used_eid_s_8.csv.gz","1342"
"D:\胡溪筼\Documents\2026-7Fall\Carolina Data Challenge 2026\Graduate_Dataset\all_sources\089_ID4\used_eid_s_9.csv.gz","1199"
"D:\胡溪筼\Documents\2026-7Fall\Carolina Data Challenge 2026\Graduate_Dataset\all_sources\089_ID4\_indicators.csv","31426"
"D:\胡溪筼\Documents\2026-7Fall\Carolina Data Challenge 2026\Graduate_Dataset\all_sources\089_ID4\_log.csv","1577"
