series,iso3,country,region,income,gap_now,drift_pp_yr,n_obs,last_obs,p_halve_by_2030,p_halve_by_2050,median_year_halve,p_parity_by_2030,p_parity_by_2050,median_year_parity,p_gap_wider_2030,gap_2030_med,gap_2030_lo,gap_2030_hi,pred_2023_med,pred_2023_lo,pred_2023_hi,G_fit_end,status
infra_gap,AFG,Afghanistan,"Middle East, North Africa, Afghanistan & Pakistan",Low income,31.919593790068888,0.08184285720694219,15,2014,0.2745,0.447,2063.0,0.07075,0.22025,,0.5345,33.44850904321906,9.029683893400833,57.84454508807414,33.08641325453353,15.27957027787992,50.2084096230737,31.919593790068888,halves after 2050
infra_gap,AGO,Angola,Sub-Saharan Africa ,Lower middle income,52.09893279629422,0.2340167726030587,15,2014,0.0,0.00025,,0.0,0.0,,0.795,55.96874948507459,50.022085741982906,61.941145060676476,54.25836576829569,50.27961425776251,58.379067448596885,52.09893279629422,halving unlikely before 2100
infra_gap,ALB,Albania,Europe & Central Asia,Upper middle income,10.980607389477246,-0.4420976059301111,15,2014,0.87475,1.0,2027.0,0.09125,0.99325,2035.0,0.0,3.9099796137963034,2.0722458686253353,5.711919974541529,7.021881508229834,5.807669186276931,8.149881657223533,10.980607389477246,likely halves by 2030
infra_gap,AND,Andorra,Europe & Central Asia,High income,0.0,-4.5615638210662315e-08,15,2014,,,,,,,,,,,,,,,at/near parity
infra_gap,ARE,United Arab Emirates,"Middle East, North Africa, Afghanistan & Pakistan",High income,-0.2653207718346475,0.006345165593253449,15,2014,,,,,,,,,,,,,,,at/near parity
infra_gap,ARG,Argentina,Latin America & Caribbean ,Upper middle income,7.260372147102198,-0.7055689963032244,15,2014,0.9945,1.0,2020.0,0.97925,1.0,2022.0,0.0,-4.022582622574744,-7.88134083851464,-0.2459431516625799,0.9806249031247599,-1.6700649069753175,3.442930568565012,7.260372147102198,likely halves by 2030
infra_gap,ARM,Armenia,Europe & Central Asia,Upper middle income,5.9622723734006335,-0.5997156831630935,15,2014,0.99425,1.0,2019.0,0.98475,1.0,2021.0,0.00025,-3.601742631993208,-7.103863220342163,-0.03202854131975204,0.5892202442867145,-1.7715550376174922,2.889322235302034,5.9622723734006335,likely halves by 2030
infra_gap,ATG,Antigua and Barbuda,Latin America & Caribbean ,High income,-0.4571529828991529,-0.05779851183219314,15,2014,,,,,,,,,,,,,,,at/near parity
infra_gap,AUS,Australia,East Asia & Pacific,High income,-0.014999930632379865,-0.01959879721491548,15,2014,,,,,,,,,,,,,,,at/near parity
infra_gap,AUT,Austria,Europe & Central Asia,High income,-0.009306116335749542,-0.0006657134504772166,15,2014,,,,,,,,,,,,,,,at/near parity
infra_gap,AZE,Azerbaijan,Europe & Central Asia,Upper middle income,8.502205497830905,-1.1414741793380148,15,2014,1.0,1.0,2018.0,1.0,1.0,2020.0,0.0,-9.797642721321214,-13.301268656553273,-6.184582402135078,-1.8007111418703743,-4.082263480007217,0.5858963933016977,8.502205497830905,likely halves by 2030
infra_gap,BDI,Burundi,Sub-Saharan Africa ,Low income,19.352930384956778,0.07988612690218107,15,2014,0.30525,0.45475,2061.0,0.1025,0.26425,,0.53725,20.446277414487934,3.9275277992311874,36.57975556336924,20.022107287464397,8.53948506707934,31.94332864639556,19.352930384956778,halves after 2050
infra_gap,BEL,Belgium,Europe & Central Asia,High income,-0.0003724348081555309,-9.639662374481871e-05,15,2014,,,,,,,,,,,,,,,at/near parity
infra_gap,BEN,Benin,Sub-Saharan Africa ,Lower middle income,21.27010925297958,-0.023157540244573466,15,2014,0.0585,0.2385,,0.001,0.0635,,0.46475,20.756648480851254,12.969725480524422,28.310900298668912,20.902921448778713,15.70108395894665,26.164239063231385,21.27010925297958,halving unlikely before 2100
infra_gap,BFA,Burkina Faso,Sub-Saharan Africa ,Low income,37.78887001930849,0.4911271222313263,15,2014,0.0,0.0,,0.0,0.0,,0.99475,45.657387123055514,41.5758868240645,49.71870043132546,42.23106816420349,39.51163152855719,44.910379359738194,37.78887001930849,halving unlikely before 2100
infra_gap,BGD,Bangladesh,South Asia,Lower middle income,24.08742161134086,-0.42843022114405727,15,2014,0.11425,0.67475,2043.0,0.0,0.20375,2066.0,0.061,17.281135223169347,11.793097684096846,22.919596146801982,20.34494993661818,16.668949933299498,24.011983738805345,24.08742161134086,likely halves by 2050
infra_gap,BGR,Bulgaria,Europe & Central Asia,High income,3.8329202069170667,-0.15966100027388364,15,2014,0.99175,1.0,2027.0,0.995,1.0,2026.0,0.0,1.2805381449029387,0.9210794968190282,1.6264005887147437,2.397152371707766,2.1654700773888313,2.6258583485215135,3.8329202069170667,likely halves by 2030
infra_gap,BIH,Bosnia and Herzegovina,Europe & Central Asia,Upper middle income,13.016507056241862,-0.07404321840667953,15,2014,0.0,0.009,2100.0,0.0,0.0,,0.0725,11.814310637296895,10.759396515552647,12.87469724877767,12.349319238413525,11.634525043336534,13.051902783013503,13.016507056241862,halving unlikely before 2100
infra_gap,BLR,Belarus,Europe & Central Asia,Upper middle income,1.9529120283521901,-0.2722694224544579,15,2014,,,,,,,,,,,,,,,at/near parity
infra_gap,BLZ,Belize,Latin America & Caribbean ,Upper middle income,12.800318916560057,-0.2735994933193368,15,2014,0.21425,0.782,2038.0,0.007,0.4285,2054.0,0.04175,8.430727999812134,5.244271454440057,11.65190913897238,10.333473224395833,8.183724201775792,12.4820155801674,12.800318916560057,likely halves by 2050
infra_gap,BOL,Bolivia,Latin America & Caribbean ,Lower middle income,34.09476745224265,-1.1397737262319854,15,2014,0.588,0.992,2029.0,0.00575,0.82075,2043.0,0.001,15.964397070542677,9.0389629433867,22.953682056901677,23.792416204814543,19.242154578296212,28.674765240816406,34.09476745224265,likely halves by 2030
infra_gap,BRA,Brazil,Latin America & Caribbean ,Upper middle income,17.94988710167736,-1.0707244488968757,15,2014,1.0,1.0,2023.0,0.978,1.0,2029.0,0.0,0.8247765286225148,0.07407828918720002,1.5783084097767706,8.320722433005464,7.788505485549057,8.849731354855813,17.94988710167736,likely halves by 2030
infra_gap,BTN,Bhutan,South Asia,Lower middle income,14.466606834335755,-2.842297761287899,15,2014,1.0,1.0,2017.0,1.0,1.0,2019.0,0.0,-31.03240655670443,-33.65669861729802,-28.478934257352805,-11.144219266044278,-12.987688865667447,-9.318110154314567,14.466606834335755,likely halves by 2030
infra_gap,BWA,Botswana,Sub-Saharan Africa ,Upper middle income,40.484585508761526,0.046201317813075224,15,2014,0.0,0.0,,0.0,0.0,,0.79075,41.21605425185196,40.06634538202053,42.36071978217322,40.89773063870659,40.08708991154409,41.704200859939476,40.484585508761526,halving unlikely before 2100
infra_gap,CAF,Central African Republic,Sub-Saharan Africa ,Low income,19.508452114110842,-0.15407684735527205,15,2014,0.0465,0.33125,2071.0,0.00025,0.0725,,0.296,17.1414552077544,11.602262933800498,22.715638895537513,18.142378751009247,14.414270638700536,21.89500509896624,19.508452114110842,halves after 2050
infra_gap,CAN,Canada,North America,High income,0.1920973294134691,-0.022812307910845618,15,2014,,,,,,,,,,,,,,,at/near parity
infra_gap,CHE,Switzerland,Europe & Central Asia,High income,0.006945875439498394,-0.0007737882051694433,15,2014,,,,,,,,,,,,,,,at/near parity
infra_gap,CHL,Chile,Latin America & Caribbean ,High income,4.728090398916996,-0.7706182060085821,15,2014,1.0,1.0,2018.0,1.0,1.0,2018.0,0.0,-7.600913971824074,-9.037140298923426,-6.090136207116289,-2.207804299161454,-3.224817180398433,-1.1344586552028335,4.728090398916996,likely halves by 2030
infra_gap,CHN,China,East Asia & Pacific,Upper middle income,17.574953012547734,-0.7290331411236857,15,2014,0.92675,1.0,2027.0,0.03025,0.99675,2036.0,0.0,5.904935765608789,3.212853666573593,8.486832361650947,11.008832846407888,9.23068689421135,12.738880891008778,17.574953012547734,likely halves by 2030
infra_gap,CIV,Cote d'Ivoire,Sub-Saharan Africa ,Lower middle income,39.600705907013996,0.01803690804141624,15,2014,0.0,0.0035,,0.0,0.0,,0.52925,39.912126497203985,34.752296941965795,44.94408955734249,39.642777165451065,36.33703572007565,43.07834381114607,39.600705907013996,halving unlikely before 2100
infra_gap,CMR,Cameroon,Sub-Saharan Africa ,Lower middle income,44.161344633445,0.19539894357412457,15,2014,0.0,0.0,,0.0,0.0,,0.8775,47.35177307106169,43.81422323636416,50.7372583916463,45.98303602284676,43.438919474697116,48.372694671403,44.161344633445,halving unlikely before 2100
infra_gap,COD,"Congo, Dem. Rep.",Sub-Saharan Africa ,Low income,21.793971141871303,0.21299648239029487,15,2014,0.0,0.00025,,0.0,0.0,,0.92325,25.248417440916903,22.170685870503586,28.29485328776248,23.74501730357658,21.678319838555623,25.8481718240192,21.793971141871303,halving unlikely before 2100
infra_gap,COG,"Congo, Rep.",Sub-Saharan Africa ,Lower middle income,37.270097576980824,0.39118902128737165,15,2014,0.0,0.0,,0.0,0.0,,1.0,43.54585656536108,41.895303438900925,45.180019123320974,40.79931959881317,39.67519859368739,41.86920478000915,37.270097576980824,halving unlikely before 2100
infra_gap,COL,Colombia,Latin America & Caribbean ,Upper middle income,23.82867900013538,-0.5171803674501687,15,2014,0.161,0.8555,2037.0,0.0,0.328,2056.0,0.00975,15.512568833165588,10.927175990423615,19.908452809988646,19.15475525850547,16.095512926822334,22.142638897946032,23.82867900013538,likely halves by 2050
infra_gap,COM,Comoros,Sub-Saharan Africa ,Lower middle income,11.145259905650343,-0.25254753984815786,15,2014,0.2395,0.82425,2036.0,0.0085,0.513,2050.0,0.023,7.014600806382807,4.3849200239676,9.637947847430414,8.821701056133037,7.035238240899742,10.629725594147843,11.145259905650343,likely halves by 2050
infra_gap,CPV,Cabo Verde,Sub-Saharan Africa ,Upper middle income,27.49189007204345,-0.817201595390508,15,2014,0.4255,0.99125,2031.0,0.0005,0.728,2046.0,0.0,14.451176934578537,9.89268249565664,19.027585725993102,20.147493470884992,17.171679721229136,23.18326591703802,27.49189007204345,likely halves by 2050
infra_gap,CRI,Costa Rica,Latin America & Caribbean ,High income,5.685890276610046,-0.4139265089611607,15,2014,0.9985,1.0,2021.0,0.99,1.0,2023.0,0.0,-0.9376863519439562,-2.5873299083154193,0.6541822676321684,1.9485496484106974,0.8840873859264199,3.0209924088881475,5.685890276610046,likely halves by 2030
infra_gap,CUB,Cuba,Latin America & Caribbean ,Upper middle income,8.147086684529565,-0.9743916342214184,15,2014,1.0,1.0,2019.0,0.99825,1.0,2021.0,0.0,-7.4442345876646865,-11.366816136094867,-3.5327413852038254,-0.6231015068774189,-3.1991235882122213,1.9307727873632634,8.147086684529565,likely halves by 2030
infra_gap,CYP,Cyprus,Europe & Central Asia,High income,0.11802135180142528,0.008986490762761859,15,2014,,,,,,,,,,,,,,,at/near parity
infra_gap,CZE,Czechia,Europe & Central Asia,High income,-0.02875729270514116,-0.05414057282961784,15,2014,,,,,,,,,,,,,,,at/near parity
infra_gap,DEU,Germany,Europe & Central Asia,High income,0.0754268252986491,-4.5615638210662315e-08,15,2014,,,,,,,,,,,,,,,at/near parity
infra_gap,DJI,Djibouti,"Middle East, North Africa, Afghanistan & Pakistan",Lower middle income,31.43334217909872,0.6750703325686982,15,2014,0.0,0.0,,0.0,0.0,,0.99975,42.34297283314049,38.94465208641169,45.45265483089775,37.571241289867956,35.17852566365245,39.78975832538628,31.43334217909872,halving unlikely before 2100
infra_gap,DNK,Denmark,Europe & Central Asia,High income,-0.0001013128114237,-4.5615638210662315e-08,15,2014,,,,,,,,,,,,,,,at/near parity
infra_gap,DOM,Dominican Republic,Latin America & Caribbean ,Upper middle income,12.582408026979323,-0.4925810417763466,15,2014,0.7945,0.999,2027.0,0.08725,0.97175,2036.0,0.0,4.693574859160464,2.139326244386456,7.290522111458311,8.141583880957253,6.430071348750249,9.779273084326524,12.582408026979323,likely halves by 2030
infra_gap,DZA,Algeria,"Middle East, North Africa, Afghanistan & Pakistan",Upper middle income,6.650076577460806,-0.22475519255461168,15,2014,0.74725,1.0,2029.0,0.00225,1.0,2035.0,0.0,3.061273779603805,2.577328370817556,3.5504357535138245,4.631951584152739,4.303857911281945,4.962484475073671,6.650076577460806,likely halves by 2030
infra_gap,ECU,Ecuador,Latin America & Caribbean ,Upper middle income,12.05853056544716,-0.6462500065749597,15,2014,0.98775,1.0,2024.0,0.56525,0.99975,2030.0,0.0,1.6913513949312402,-0.6492394134494202,4.2163173806495,6.260638985702533,4.668967592298409,7.849909785565864,12.05853056544716,likely halves by 2030
infra_gap,EGY,"Egypt, Arab Rep.","Middle East, North Africa, Afghanistan & Pakistan",Lower middle income,1.8068335993539553,-0.44104902715036914,15,2014,,,,,,,,,,,,,,,at/near parity
infra_gap,ERI,Eritrea,Sub-Saharan Africa ,Low income,38.29575660114809,-0.1883295984526953,15,2014,0.0,0.0,,0.0,0.0,,0.0,35.2941583853748,34.26966937833579,36.31138892195124,36.60787035396001,35.932163646717726,37.27459597586582,38.29575660114809,halving unlikely before 2100
infra_gap,ESP,Spain,Europe & Central Asia,High income,-0.05259422885357704,-0.0007184732762507445,15,2014,,,,,,,,,,,,,,,at/near parity
infra_gap,EST,Estonia,Europe & Central Asia,High income,0.20581089731617033,-0.104157163686237,15,2014,,,,,,,,,,,,,,,at/near parity
infra_gap,ETH,Ethiopia,Sub-Saharan Africa ,Low income,39.52975414602987,0.09691494917253018,15,2014,0.0095,0.08525,,0.0,0.006,,0.574,41.20877236170789,29.809908062983734,52.279174614373204,40.40892651292072,32.319008995017995,48.75010056930329,39.52975414602987,halving unlikely before 2100
infra_gap,FIN,Finland,Europe & Central Asia,High income,-0.0016660765719507,-5.194050596039114e-07,15,2014,,,,,,,,,,,,,,,at/near parity
infra_gap,FJI,Fiji,East Asia & Pacific,Upper middle income,14.38011037274794,-0.5174291199937141,15,2014,0.81925,1.0,2028.0,0.0005,0.99625,2038.0,0.0,6.064455325967728,4.476705135904348,7.669345655205703,9.701075435219472,8.571225986446745,10.839761546300652,14.38011037274794,likely halves by 2030
infra_gap,FRA,France,Europe & Central Asia,High income,-0.0755287009063465,-4.5615638224539984e-08,15,2014,,,,,,,,,,,,,,,at/near parity
infra_gap,GAB,Gabon,Sub-Saharan Africa ,Upper middle income,50.65395556129593,-0.08962744001238096,15,2014,0.009,0.10475,,0.0,0.0025,,0.4275,49.00368515190053,37.04939183676633,60.670280650749746,49.66295174003449,41.35965422676554,57.91169594033023,50.65395556129593,halving unlikely before 2100
infra_gap,GBR,United Kingdom,Europe & Central Asia,High income,-0.1095944082246731,-4.5615638210662315e-08,15,2014,,,,,,,,,,,,,,,at/near parity
infra_gap,GEO,Georgia,Europe & Central Asia,Upper middle income,17.770693688879827,-0.7069000073411016,15,2014,0.86225,0.9995,2027.0,0.02525,0.98525,2037.0,0.0,6.457785003569656,3.6012316844707675,9.388857197916813,11.404474543308996,9.50177003641697,13.336907855404785,17.770693688879827,likely halves by 2030
infra_gap,GHA,Ghana,Sub-Saharan Africa ,Lower middle income,25.07800051606434,-0.19270108665361735,15,2014,0.00725,0.20875,2079.0,0.0,0.0105,,0.20075,21.986896877617408,17.204063954208845,26.697060499105653,23.312712345333797,19.898172425165637,26.714271798998684,25.07800051606434,halves after 2050
infra_gap,GIN,Guinea,Sub-Saharan Africa ,Lower middle income,31.44262756170443,0.12835242601689684,15,2014,0.129,0.28425,,0.01225,0.08175,,0.56125,33.4202151838885,16.97452230046271,49.962109636399205,32.50599521406093,20.499027759581583,44.78089915005479,31.44262756170443,halving unlikely before 2100
infra_gap,GMB,"Gambia, The",Sub-Saharan Africa ,Low income,19.1159031333913,0.4970329593581261,15,2014,0.0,0.0,,0.0,0.0,,0.995,27.012403011384443,23.20452489891124,30.875522079367418,23.58194037708958,21.024950555737508,26.179583775669226,19.1159031333913,halving unlikely before 2100
infra_gap,GNB,Guinea-Bissau,Sub-Saharan Africa ,Low income,17.420515316679833,0.04613065609425197,15,2014,0.0,0.002,,0.0,0.0,,0.656,18.163298953687026,15.807852761882602,20.507425858529135,17.838217695003095,16.153437385596398,19.500888792047768,17.420515316679833,halving unlikely before 2100
infra_gap,GNQ,Equatorial Guinea,Sub-Saharan Africa ,Upper middle income,43.68747409084992,0.8471035293848053,15,2014,0.0,0.0,,0.0,0.0,,1.0,57.293036640320615,54.87454540272792,59.59740249438787,51.309718504733404,49.72275023641211,52.861457834861596,43.68747409084992,halving unlikely before 2100
infra_gap,GRC,Greece,Europe & Central Asia,High income,0.3642633291914081,-0.042232899522509,15,2014,,,,,,,,,,,,,,,at/near parity
infra_gap,GTM,Guatemala,Latin America & Caribbean ,Upper middle income,26.127629730056036,-0.620391243576475,15,2014,0.049,0.9955,2036.0,0.0,0.28575,2054.0,0.0,16.271161478571546,13.845681716491793,18.654708090361087,20.572865418721257,18.947182793149732,22.21233727056323,26.127629730056036,likely halves by 2050
infra_gap,GUY,Guyana,Latin America & Caribbean ,High income,4.776693432471759,-0.36935407459203357,15,2014,0.9245,0.98875,2021.0,0.8965,0.98725,2022.0,0.01075,-1.0719780293704009,-4.338207807130516,2.255300123327777,1.4892921101078431,-0.7589444789308263,3.7895611085001866,4.776693432471759,likely halves by 2030
infra_gap,HND,Honduras,Latin America & Caribbean ,Lower middle income,25.76779678422585,-0.6286348533417582,15,2014,0.295,0.87,2035.0,0.0025,0.4615,2052.0,0.01675,15.680429152242901,9.742972582503288,21.94684948858413,20.111218281846174,16.103225712349733,24.317349072882667,25.76779678422585,likely halves by 2050
infra_gap,HRV,Croatia,Europe & Central Asia,High income,1.0670911009639379,-0.0008059223803088734,15,2014,,,,,,,,,,,,,,,at/near parity
infra_gap,HTI,Haiti,Latin America & Caribbean ,Lower middle income,31.775857512068566,-0.07992735319206523,15,2014,0.0,0.01125,,0.0,0.0,,0.3335,30.3613731300405,26.454234094803738,34.272926526783486,30.960110751659638,28.149154065963188,33.76946293302201,31.775857512068566,halving unlikely before 2100
infra_gap,HUN,Hungary,Europe & Central Asia,High income,0.4777780574871327,-0.09293174317123186,15,2014,,,,,,,,,,,,,,,at/near parity
infra_gap,IDN,Indonesia,East Asia & Pacific,Upper middle income,19.871658665085675,-0.16175145283847223,15,2014,0.02975,0.30325,2070.0,0.0,0.0485,,0.228,17.18536332501798,12.366101027607966,21.93778816403978,18.356987746766112,15.164030428613112,21.586806330101883,19.871658665085675,halves after 2050
infra_gap,IND,India,South Asia,Lower middle income,26.76725446612104,-0.717240658027603,15,2014,0.215,0.9945,2033.0,0.0,0.5845,2049.0,0.0,15.353328852945392,12.167537132290072,18.48370555693409,20.34345127227041,18.264446670423816,22.391340080191238,26.76725446612104,likely halves by 2050
infra_gap,IRL,Ireland,Europe & Central Asia,High income,-1.5511595902403243,-0.014485325927334678,15,2014,,,,,,,,,,,,,,,at/near parity
infra_gap,IRN,"Iran, Islamic Rep.","Middle East, North Africa, Afghanistan & Pakistan",Upper middle income,7.02091624741631,-0.5053880087030429,15,2014,1.0,1.0,2021.0,0.9965,1.0,2024.0,0.0,-1.0747813052022908,-2.533935211600284,0.326834354954708,2.435003777857087,1.5181804400218997,3.420799067760155,7.02091624741631,likely halves by 2030
infra_gap,IRQ,Iraq,"Middle East, North Africa, Afghanistan & Pakistan",Upper middle income,7.4648414909124465,-1.1594293952972512,15,2014,1.0,1.0,2018.0,1.0,1.0,2019.0,0.0,-11.004377031145674,-12.817165170189337,-9.174886043623228,-2.9207217492779955,-4.149305038550543,-1.695976773376093,7.4648414909124465,likely halves by 2030
infra_gap,ISL,Iceland,Europe & Central Asia,High income,-0.3246752286333872,2.6377941468574668e-05,15,2014,,,,,,,,,,,,,,,at/near parity
infra_gap,ISR,Israel,"Middle East, North Africa, Afghanistan & Pakistan",High income,0.08086339971979511,0.005775872129878333,15,2014,,,,,,,,,,,,,,,at/near parity
infra_gap,ITA,Italy,Europe & Central Asia,High income,-0.0067274269973675,-4.561563821152967e-08,15,2014,,,,,,,,,,,,,,,at/near parity
infra_gap,JAM,Jamaica,Latin America & Caribbean ,Upper middle income,7.015527371528692,-0.6789347960977391,15,2014,1.0,1.0,2020.0,1.0,1.0,2022.0,0.0,-3.8562422283171527,-4.719480114944607,-2.9654369726040217,0.8943694480340912,0.2908353687347593,1.5338635167770052,7.015527371528692,likely halves by 2030
infra_gap,JOR,Jordan,"Middle East, North Africa, Afghanistan & Pakistan",Upper middle income,1.2708030890636994,-0.01700945707748931,15,2014,,,,,,,,,,,,,,,at/near parity
infra_gap,KAZ,Kazakhstan,Europe & Central Asia,Upper middle income,4.193997491628571,-0.49867082140398955,15,2014,1.0,1.0,2019.0,1.0,1.0,2019.0,0.0,-3.766831950640917,-4.768878277409087,-2.7800984359289425,-0.27302132545456864,-0.9407118503858458,0.37171628818990504,4.193997491628571,likely halves by 2030
infra_gap,KEN,Kenya,Sub-Saharan Africa ,Lower middle income,27.670732022284167,0.0573993347796814,15,2014,0.00075,0.0365,,0.0,0.00075,,0.5825,28.644924813862346,22.705363702333116,34.59378959971807,28.250497718033714,24.179435706440906,32.188636388825735,27.670732022284167,halving unlikely before 2100
infra_gap,KGZ,Kyrgyz Republic,Europe & Central Asia,Lower middle income,9.799851828933267,-0.6079957896356972,15,2014,1.0,1.0,2023.0,0.981,1.0,2027.0,0.0,0.11128144262550412,-1.0771311397583418,1.2838994592829964,4.356230588550499,3.5602081958064535,5.11409874315201,9.799851828933267,likely halves by 2030
infra_gap,KHM,Cambodia,East Asia & Pacific,Lower middle income,40.13588180202066,0.015184076374467507,15,2014,0.025,0.15925,,0.0,0.016,,0.519,40.67906834540308,27.393499805217854,53.01958632510805,40.331961927734355,31.117214594630717,49.54193777436284,40.13588180202066,halving unlikely before 2100
infra_gap,KIR,Kiribati,East Asia & Pacific,Lower middle income,17.170869523376957,-0.5190498188974857,15,2014,0.5495,0.8135,2029.0,0.2245,0.636,2041.0,0.1585,9.001435673058879,-1.5361514151756157,19.691520117867835,12.450922804837148,5.231759372343784,19.666322766269253,17.170869523376957,likely halves by 2030
infra_gap,LAO,Lao PDR,East Asia & Pacific,Lower middle income,23.310750614429054,-1.2273847669916131,15,2014,1.0,1.0,2024.0,0.10975,1.0,2032.0,0.0,3.6735477913710888,1.9226534140861673,5.416058152948902,12.266389706124869,11.018980804940831,13.515334647454846,23.310750614429054,likely halves by 2030
infra_gap,LBR,Liberia,Sub-Saharan Africa ,Low income,14.05811215794564,-0.17065895578853885,15,2014,0.1655,0.504,2050.0,0.01425,0.2505,2078.0,0.26875,11.420420280875945,5.988291102699455,16.78043447772057,12.611272235503918,9.002434674121965,16.172969028027968,14.05811215794564,likely halves by 2050
infra_gap,LCA,St. Lucia,Latin America & Caribbean ,Upper middle income,-2.076819758235968,0.046612649749238254,15,2014,,,,,,,,,,,,,,,at/near parity
infra_gap,LKA,Sri Lanka,South Asia,Upper middle income,16.15378677010894,-0.18201062457104825,15,2014,0.0,0.2025,2059.0,0.0,0.0,2092.0,0.00275,13.235275011118237,11.956616548306478,14.55455385136186,14.520610406802748,13.5961041831949,15.456672380656054,16.15378677010894,halves after 2050
infra_gap,LSO,Lesotho,Sub-Saharan Africa ,Lower middle income,32.81305167706656,0.40573653777691504,15,2014,0.0,0.00875,,0.0,0.00025,,0.8305,39.245264544018625,30.494457548998774,47.967879096513414,36.48831719968662,30.353661830001624,42.416978684534676,32.81305167706656,halving unlikely before 2100
infra_gap,LTU,Lithuania,Europe & Central Asia,High income,5.842446075796296,-0.4543532494586643,15,2014,1.0,1.0,2021.0,1.0,1.0,2023.0,0.0,-1.4255215324398016,-1.5912750189086884,-1.2586528059215643,1.7543091713485648,1.642515366671471,1.8641540161443273,5.842446075796296,likely halves by 2030
infra_gap,LUX,Luxembourg,Europe & Central Asia,High income,-0.3307238612652365,-0.0011717732666628024,15,2014,,,,,,,,,,,,,,,at/near parity
infra_gap,LVA,Latvia,Europe & Central Asia,High income,3.9118778986400047,-0.12754169174252047,15,2014,0.6405,1.0,2030.0,0.7065,1.0,2029.0,0.0,1.8726000091420285,1.5706172406795882,2.1730528787507994,2.7653497028449743,2.5679592654743164,2.9607255614727985,3.9118778986400047,likely halves by 2030
infra_gap,MAR,Morocco,"Middle East, North Africa, Afghanistan & Pakistan",Lower middle income,17.134172330038886,-1.6777293576143502,15,2014,1.0,1.0,2020.0,1.0,1.0,2024.0,0.0,-9.709586579172104,-13.17005677531252,-6.287580972026841,2.055684395342574,-0.42907409338569286,4.463231576319667,17.134172330038886,likely halves by 2030
infra_gap,MDA,Moldova,Europe & Central Asia,Upper middle income,8.974581777271958,-1.1421361979334503,15,2014,1.0,1.0,2018.0,1.0,1.0,2021.0,0.0,-9.3780436437781,-12.503717609403406,-6.058315786336681,-1.3123969974164351,-3.4472950574834833,0.8278199361633131,8.974581777271958,likely halves by 2030
infra_gap,MDG,Madagascar,Sub-Saharan Africa ,Low income,28.03443896040277,-0.0037044825177374617,15,2014,0.34225,0.5105,2048.0,0.11175,0.28925,,0.5005,28.051703714141578,4.642611152858965,51.42386781281038,28.12184145858263,10.965093723518367,44.80837368081871,28.03443896040277,likely halves by 2050
infra_gap,MDV,Maldives,South Asia,Upper middle income,3.4063949228855637,-1.219405284385098,15,2014,1.0,1.0,2016.0,1.0,1.0,2016.0,0.0,-16.2905198922499,-21.444101742028256,-10.773733486072766,-7.620009004921522,-10.989780191385252,-3.9510120766994676,3.4063949228855637,likely halves by 2030
infra_gap,MEX,Mexico,Latin America & Caribbean ,Upper middle income,16.416788577507376,-0.7207747210584597,15,2014,0.916,1.0,2026.0,0.10325,0.995,2035.0,0.0,4.942792919771891,1.9636651777443046,7.984908295778825,9.971145291881129,8.02550457564085,11.975932632264445,16.416788577507376,likely halves by 2030
infra_gap,MHL,Marshall Islands,East Asia & Pacific,Upper middle income,27.287746455405497,0.062025067473536824,15,2014,0.1445,0.30425,,0.01275,0.106,,0.5295,28.270811983793557,13.63141820841843,43.07433373942839,27.779722699315112,17.651505658903623,38.649183271974,27.287746455405497,halving unlikely before 2100
infra_gap,MKD,North Macedonia,Europe & Central Asia,Upper middle income,11.614449925913288,0.10851939804404737,15,2014,0.0,0.0075,,0.0,0.0,,0.79925,13.384374060706307,10.674186988452128,16.027751779793842,12.616119056961956,10.843872972569969,14.345735831115432,11.614449925913288,halving unlikely before 2100
infra_gap,MLI,Mali,Sub-Saharan Africa ,Low income,27.998430791440196,0.1419314457112565,15,2014,0.00175,0.0235,,0.0,0.0005,,0.66975,30.20458130337807,23.40545381321796,36.97854901281645,29.219555430247688,24.29595909678843,34.20852166024319,27.998430791440196,halving unlikely before 2100
infra_gap,MLT,Malta,"Middle East, North Africa, Afghanistan & Pakistan",High income,-0.008750001153043113,0.0003571489140851701,15,2014,,,,,,,,,,,,,,,at/near parity
infra_gap,MMR,Myanmar,East Asia & Pacific,Lower middle income,30.38519973050675,0.17758384838119182,15,2014,0.0,0.00025,,0.0,0.0,,0.80975,33.08129105250262,29.042888396469547,37.10931443768021,31.89633652929315,29.16645843136819,34.602340377791194,30.38519973050675,halving unlikely before 2100
infra_gap,MNE,Montenegro,Europe & Central Asia,Upper middle income,10.282623059343441,-0.10376660185914581,9,2014,0.00025,0.232,2064.0,0.0,0.008,2095.0,0.04325,8.636764494424991,7.41203975705128,9.822023852624604,9.360307411207557,8.55132723356144,10.136636276842072,10.282623059343441,halves after 2050
infra_gap,MNG,Mongolia,East Asia & Pacific,Upper middle income,42.060934696916824,-0.28442019234427796,15,2014,0.0125,0.23025,2081.0,0.0,0.0105,,0.2555,37.26571706142319,28.10152125812976,46.668417184142086,39.33703706313365,32.92206480543991,45.89757019241253,42.060934696916824,halves after 2050
infra_gap,MOZ,Mozambique,Sub-Saharan Africa ,Low income,39.308673613439964,0.5494739331917228,15,2014,0.0,0.0,,0.0,0.0,,0.96625,48.13692580340533,42.01428478519459,54.24947165459027,44.281334013213296,40.12519148760428,48.28502991276365,39.308673613439964,halving unlikely before 2100
infra_gap,MRT,Mauritania,Sub-Saharan Africa ,Lower middle income,43.20218974109386,0.027915720278746812,15,2014,0.04475,0.19475,,0.0005,0.02625,,0.50575,43.33280788984055,28.242337165717483,58.75360975204828,43.17144985694946,32.47474521256631,54.25762826332087,43.20218974109386,halving unlikely before 2100
infra_gap,MUS,Mauritius,Sub-Saharan Africa ,Upper middle income,1.096988901555144,-0.14162440599278306,15,2014,,,,,,,,,,,,,,,at/near parity
infra_gap,MWI,Malawi,Sub-Saharan Africa ,Low income,19.413791057867172,-0.2854721252153555,15,2014,0.00075,0.583,2049.0,0.0,0.0045,2076.0,0.001,14.87031918674413,12.989038056488274,16.735171634737704,16.856283980484115,15.542582024298545,18.191043933813674,19.413791057867172,likely halves by 2050
infra_gap,MYS,Malaysia,East Asia & Pacific,Upper middle income,3.6937173314804643,-0.008972907564697206,15,2014,0.001,0.08275,,0.003,0.10975,,0.3995,3.554629706840829,2.819804968638678,4.253485123478186,3.6102579953249476,3.1425453844186024,4.092623579666215,3.6937173314804643,halving unlikely before 2100
infra_gap,NAM,Namibia,Sub-Saharan Africa ,Lower middle income,42.4398011298827,-0.49849204431488914,15,2014,0.0,0.21175,2057.0,0.0,0.0,2096.0,0.00025,34.46213119875951,31.653577645959665,37.156490180751085,37.980439813422294,36.07377540511919,39.75785129315319,42.4398011298827,halves after 2050
infra_gap,NER,Niger,Sub-Saharan Africa ,Low income,37.05689975480001,0.3658354878856931,15,2014,0.0,0.0,,0.0,0.0,,0.978,43.0899689559091,39.15394081849173,46.89282687005524,40.37376351547725,37.77489157995893,43.004827185289194,37.05689975480001,halving unlikely before 2100
infra_gap,NGA,Nigeria,Sub-Saharan Africa ,Lower middle income,26.764589287064897,0.14688885983351513,15,2014,0.0,0.0,,0.0,0.0,,0.98925,29.128448000747994,27.83107423907312,30.411493361655058,28.093898938126813,27.175033481014783,29.011465863693576,26.764589287064897,halving unlikely before 2100
infra_gap,NLD,Netherlands,Europe & Central Asia,High income,-0.5984860834396906,7.973394614974443e-05,15,2014,,,,,,,,,,,,,,,at/near parity
infra_gap,NOR,Norway,Europe & Central Asia,High income,-0.0749999999999992,-4.5615638210662315e-08,15,2014,,,,,,,,,,,,,,,at/near parity
infra_gap,NPL,Nepal,South Asia,Lower middle income,20.389226639869676,-0.7066860892452592,15,2014,0.597,0.88675,2028.0,0.176,0.71475,2040.0,0.05875,9.021365935569758,-0.3908666309804491,18.322613455543877,14.017063499201827,7.735645656971265,20.393028472822113,20.389226639869676,likely halves by 2030
infra_gap,NZL,New Zealand,East Asia & Pacific,High income,0.0,-7.329153595548325e-09,15,2014,,,,,,,,,,,,,,,at/near parity
infra_gap,OMN,Oman,"Middle East, North Africa, Afghanistan & Pakistan",High income,5.274019818919063,-0.2804022007417297,15,2014,1.0,1.0,2024.0,0.99475,1.0,2026.0,0.0,0.778497861920217,0.15996851464483086,1.395013760028257,2.746603873868777,2.342417047803898,3.1609650017790716,5.274019818919063,likely halves by 2030
infra_gap,PAK,Pakistan,"Middle East, North Africa, Afghanistan & Pakistan",Lower middle income,29.563543205725153,-0.5350567691633235,15,2014,0.01625,0.78825,2042.0,0.0,0.063,2066.0,0.0005,21.05054538798154,17.389267593860676,24.691874840354753,24.79916874768213,22.263508099414494,27.156997668092007,29.563543205725153,likely halves by 2050
infra_gap,PAN,Panama,Latin America & Caribbean ,High income,17.26128858836699,-0.3832710019607255,15,2014,0.0225,0.98775,2037.0,0.0,0.273,2054.0,0.0,11.119361648435627,9.509661043771919,12.771776083291284,13.796143963391248,12.673437989837023,14.969396741187255,17.26128858836699,likely halves by 2050
infra_gap,PER,Peru,Latin America & Caribbean ,Upper middle income,36.82741361987157,-1.209757202588117,15,2014,0.5865,0.9995,2030.0,0.0,0.85675,2043.0,0.0,17.50785337282923,12.196754071611274,22.73109777381744,25.965425449126755,22.274399647059145,29.505006800116792,36.82741361987157,likely halves by 2030
infra_gap,PHL,Philippines,East Asia & Pacific,Upper middle income,16.91521298440828,-0.44846883845995816,15,2014,0.2005,0.99375,2033.0,0.0,0.6565,2048.0,0.0,9.775175086184564,7.741989825963253,11.818711688441898,12.90677679148769,11.451423516217405,14.349661316571767,16.91521298440828,likely halves by 2050
infra_gap,PLW,Palau,East Asia & Pacific,High income,1.7947910732716572,-0.20845736873639503,15,2014,,,,,,,,,,,,,,,at/near parity
infra_gap,PNG,Papua New Guinea,East Asia & Pacific,Lower middle income,44.1347455255817,-0.5461125362493584,15,2014,0.0,0.323,2055.0,0.0,0.0,2091.0,0.0005,35.33020041563981,32.133702491019584,38.57909699038882,39.142934262064514,37.06823956648968,41.294975545602504,44.1347455255817,halves after 2050
infra_gap,POL,Poland,Europe & Central Asia,High income,2.096309625707695,-0.24299165032428266,15,2014,1.0,1.0,2019.0,1.0,1.0,2015.0,0.0,-1.8162136056975204,-2.932830175696184,-0.7462100910190176,-0.11532884298761117,-0.8502392684017467,0.5985383034098466,2.096309625707695,likely halves by 2030
infra_gap,PRK,"Korea, Dem. People's Rep.",East Asia & Pacific,Low income,11.108844299313496,0.5371789437680573,13,2014,0.0,0.0,,0.0,0.0,,1.0,19.691310410141803,18.32157865855221,21.103729615261614,15.931895260164524,15.021983879370369,16.812120019378273,11.108844299313496,halving unlikely before 2100
infra_gap,PRT,Portugal,Europe & Central Asia,High income,0.3670200265794222,-0.00015802265448937785,15,2014,,,,,,,,,,,,,,,at/near parity
infra_gap,PRY,Paraguay,Latin America & Caribbean ,Upper middle income,18.997635511490667,-1.1653423877311446,15,2014,0.9995,1.0,2023.0,0.72325,1.0,2029.0,0.0,0.34685166537008294,-3.1556057688514967,3.89926888932804,8.511636971327288,6.252099549241158,10.782947139054448,18.997635511490667,likely halves by 2030
infra_gap,PSE,West Bank and Gaza,"Middle East, North Africa, Afghanistan & Pakistan",Lower middle income,1.4110444680638334,-0.18807600080863218,15,2014,,,,,,,,,,,,,,,at/near parity
infra_gap,ROU,Romania,Europe & Central Asia,High income,7.326310162805634,0.0885892974028744,15,2014,0.5875,0.687,2024.0,0.4745,0.60075,2033.0,0.5435,8.590207486524356,-6.349890174880121,22.78376001272139,7.981967457371818,-2.487960374902384,18.513877301147996,7.326310162805634,likely halves by 2030
infra_gap,RUS,Russian Federation,Europe & Central Asia,High income,7.3265152964608005,0.23043729271810026,15,2014,0.04075,0.08175,,0.013,0.043,,0.84525,11.00383800953226,6.208725461118603,15.918335903998388,9.407019997786968,6.234548548947702,12.638958377762782,7.3265152964608005,halving unlikely before 2100
infra_gap,RWA,Rwanda,Sub-Saharan Africa ,Low income,21.339860962489578,0.3006341159292704,15,2014,0.0,0.0,,0.0,0.0,,0.9565,26.173202916119187,22.523714949800077,29.779904438406184,24.052625622258503,21.471766123955593,26.645776781873487,21.339860962489578,halving unlikely before 2100
infra_gap,SAU,Saudi Arabia,"Middle East, North Africa, Afghanistan & Pakistan",High income,0.3978057388571834,0.04510143167635823,15,2014,,,,,,,,,,,,,,,at/near parity
infra_gap,SDN,Sudan,Sub-Saharan Africa ,Low income,32.094410747923014,-0.017529628021190614,15,2014,0.00525,0.09325,,0.0,0.0065,,0.4685,31.634611295981948,24.05887361330384,39.28385503715137,31.901967809252405,26.71757778056296,36.901562246558875,32.094410747923014,halving unlikely before 2100
infra_gap,SEN,Senegal,Sub-Saharan Africa ,Lower middle income,38.36080485144461,-0.8045057963406259,15,2014,0.09825,0.85925,2038.0,0.0,0.21325,2059.0,0.00425,25.482498174653767,19.24998231044799,31.78084662210383,31.112638236352055,26.778459815751265,35.44495725135079,38.36080485144461,likely halves by 2050
infra_gap,SLB,Solomon Islands,East Asia & Pacific,Lower middle income,33.24933290808065,-0.02774494945925723,15,2014,0.0825,0.264,,0.0025,0.062,,0.48975,32.95608435234422,19.338994182246843,46.48177916524488,33.218541479938395,23.3007666683029,42.98551864190423,33.24933290808065,halving unlikely before 2100
infra_gap,SLE,Sierra Leone,Sub-Saharan Africa ,Low income,20.106561223009887,0.18615825844597875,15,2014,0.0,0.00025,,0.0,0.0,,0.8535,23.066309750519,19.459147598117493,26.700807908520886,21.758049370975655,19.20729626076584,24.373007075698006,20.106561223009887,halving unlikely before 2100
infra_gap,SLV,El Salvador,Latin America & Caribbean ,Upper middle income,20.30698576374017,-0.8115213258605422,15,2014,0.7845,0.99675,2027.0,0.0755,0.93925,2037.0,0.0005,7.289934330591036,2.539747716787488,12.183046136330578,13.02162765101189,9.851900667297523,16.11612445296217,20.30698576374017,likely halves by 2030
infra_gap,SMR,San Marino,Europe & Central Asia,High income,0.0,-4.5615638210662315e-08,15,2014,,,,,,,,,,,,,,,at/near parity
infra_gap,SOM,"Somalia, Fed. Rep.",Sub-Saharan Africa ,Low income,25.136971608976587,-0.5812025994163731,15,2014,0.0,1.0,2036.0,0.0,0.0975,2054.0,0.0,15.882336860670382,14.66384572472854,17.066150617185507,19.94403574627657,19.08711561158183,20.770668830254884,25.136971608976587,likely halves by 2050
infra_gap,SRB,Serbia,Europe & Central Asia,Upper middle income,9.732921848337002,-0.15527708168032184,15,2014,0.0,0.892,2046.0,0.0,0.0,2064.0,0.0,7.248060887522486,6.861813706360575,7.649314483557895,8.335417654461681,8.081127277921219,8.601720066551842,9.732921848337002,likely halves by 2050
infra_gap,STP,Sao Tome and Principe,Sub-Saharan Africa ,Lower middle income,11.984578437887254,-0.10895212508274237,15,2014,0.01675,0.3045,2067.0,0.0,0.052,,0.17225,10.172768775275568,7.817492178104337,12.599131175420796,10.976769098946315,9.341237479037028,12.665220722648456,11.984578437887254,halves after 2050
infra_gap,SUR,Suriname,Latin America & Caribbean ,Upper middle income,12.893721882940287,-0.75385995109663,15,2014,1.0,1.0,2023.0,0.905,1.0,2029.0,0.0,0.8232739562159976,-0.30286783008665974,1.9771495659013634,6.1023226107728,5.304006415937554,6.918512084032103,12.893721882940287,likely halves by 2030
infra_gap,SVK,Slovak Republic,Europe & Central Asia,High income,0.5357245726525538,-0.0016171889728594981,15,2014,,,,,,,,,,,,,,,at/near parity
infra_gap,SWE,Sweden,Europe & Central Asia,High income,0.12987055730826974,-0.012881276514360378,15,2014,,,,,,,,,,,,,,,at/near parity
infra_gap,SWZ,Eswatini,Sub-Saharan Africa ,Lower middle income,28.351577264371766,-0.8101902127480406,15,2014,0.2615,1.0,2032.0,0.0,0.77775,2047.0,0.0,15.459754822953718,12.899068315030757,17.880045185552962,21.087335036239804,19.353952888291282,22.82758951276054,28.351577264371766,likely halves by 2050
infra_gap,SYR,Syrian Arab Republic,"Middle East, North Africa, Afghanistan & Pakistan",Low income,8.096308130949655,0.0073621778870910145,15,2014,0.024,0.1285,,0.001,0.04625,,0.5165,8.169123754771906,5.623723509513228,10.867775988164096,8.130162908531238,6.327901433089341,10.03863117491462,8.096308130949655,halving unlikely before 2100
infra_gap,TCD,Chad,Sub-Saharan Africa ,Low income,25.871062324840604,0.4202308182314896,15,2014,0.0,0.00075,,0.0,0.0,,0.9385,32.53150663614186,26.978650547411114,38.32818076675661,29.59558073439269,25.732573081311646,33.551020983580244,25.871062324840604,halving unlikely before 2100
infra_gap,TGO,Togo,Sub-Saharan Africa ,Lower middle income,32.87333079479257,0.2754082117756678,15,2014,0.0,0.0,,0.0,0.0,,1.0,37.294871851025576,35.884967992447486,38.631639756279654,35.36562823462749,34.37499938532102,36.31938051637202,32.87333079479257,halving unlikely before 2100
infra_gap,THA,Thailand,East Asia & Pacific,Upper middle income,4.875492847537943,-0.6783259650838324,15,2014,0.99975,1.0,2018.0,0.99975,1.0,2019.0,0.0,-6.070836804949996,-9.838291682332564,-2.2032655876229352,-1.2494502507409861,-3.8388602983324382,1.324368804317213,4.875492847537943,likely halves by 2030
infra_gap,TJK,Tajikistan,Europe & Central Asia,Lower middle income,12.398087317662448,-1.116168476971914,15,2014,1.0,1.0,2020.0,1.0,1.0,2024.0,0.0,-5.48377022168237,-6.253442809917672,-4.696086037399934,2.339549749019307,1.825742706015979,2.866827663072729,12.398087317662448,likely halves by 2030
infra_gap,TKM,Turkmenistan,Europe & Central Asia,Upper middle income,0.5232477760320373,-0.10109834060614294,15,2014,,,,,,,,,,,,,,,at/near parity
infra_gap,TLS,Timor-Leste,East Asia & Pacific,Lower middle income,28.56873635002577,-0.645565805086924,13,2014,0.02,0.9925,2037.0,0.0,0.19,2056.0,0.0,18.234911678831445,15.642307847857575,20.87358664884685,22.779981125680532,21.055231833115325,24.53831051161951,28.56873635002577,likely halves by 2050
infra_gap,TON,Tonga,East Asia & Pacific,Upper middle income,9.47342806579813,-0.6956831463931786,15,2014,0.99975,1.0,2021.0,0.98125,1.0,2025.0,0.0,-1.6641478208791014,-3.8915093991780867,0.5283442685367647,3.206164735808062,1.7287137664820602,4.6611847833532805,9.47342806579813,likely halves by 2030
infra_gap,TTO,Trinidad and Tobago,Latin America & Caribbean ,High income,-0.25299472882558965,-0.417169878933138,10,2014,,,,,,,,,,,,,,,at/near parity
infra_gap,TUN,Tunisia,"Middle East, North Africa, Afghanistan & Pakistan",Lower middle income,9.440381621717842,-0.9111477887238397,15,2014,0.99975,1.0,2020.0,0.99925,1.0,2023.0,0.0,-5.074145805668561,-8.09411984505988,-2.058275426036567,1.280020605822542,-0.7271000065121602,3.269386464737028,9.440381621717842,likely halves by 2030
infra_gap,TUR,Turkiye,Europe & Central Asia,Upper middle income,7.457623785105868,-0.4156058331507367,15,2014,1.0,1.0,2023.0,0.999,1.0,2028.0,0.0,0.8012107362155827,0.33031395080861864,1.2617798699197267,3.715399625875453,3.4009830891077657,4.030735160930457,7.457623785105868,likely halves by 2030
infra_gap,TUV,Tuvalu,East Asia & Pacific,Upper middle income,13.637437698525972,0.7951661935479438,15,2014,0.0,0.0,,0.0,0.0,,1.0,26.46585551909895,22.195324930466032,30.67675021733762,20.81817687503726,18.042016076912876,23.581011575450614,13.637437698525972,halving unlikely before 2100
infra_gap,TZA,Tanzania,Sub-Saharan Africa ,Lower middle income,28.60106499108712,0.26972165785821917,15,2014,0.0,0.0,,0.0,0.0,,0.9045,32.870472094917886,28.680240255981577,36.9556330932179,31.02977953163871,28.088285802999952,33.8620308553242,28.60106499108712,halving unlikely before 2100
infra_gap,UGA,Uganda,Sub-Saharan Africa ,Low income,24.901913137134347,-0.1763863796966363,15,2014,0.0,0.009,2085.0,0.0,0.0,,0.0235,22.074320996630693,20.320076986325986,23.915609024643175,23.30535636651173,22.07313968683508,24.618967113166374,24.901913137134347,halves after 2050
infra_gap,UKR,Ukraine,Europe & Central Asia,Upper middle income,1.75464968052781,-0.29996794346422473,15,2014,,,,,,,,,,,,,,,at/near parity
infra_gap,URY,Uruguay,Latin America & Caribbean ,High income,3.2321560462605823,-0.6934521586046193,15,2014,0.999,1.0,2017.0,0.99975,1.0,2016.0,0.00025,-7.92232428916202,-11.647145761164884,-4.092275272538211,-3.0815309715393857,-5.488934253700811,-0.5873212418665735,3.2321560462605823,likely halves by 2030
infra_gap,USA,United States,North America,High income,0.6936038428816309,0.04585037786796853,15,2014,,,,,,,,,,,,,,,at/near parity
infra_gap,UZB,Uzbekistan,Europe & Central Asia,Lower middle income,8.410571308740547,-0.2824267456386255,15,2014,0.96525,1.0,2029.0,0.0,1.0,2037.0,0.0,3.894075034844448,3.6686605995208885,4.11326276279168,5.869296388831389,5.721047799473469,6.014894586829614,8.410571308740547,likely halves by 2030
infra_gap,VCT,St. Vincent and the Grenadines,Latin America & Caribbean ,Upper middle income,0.9518688658044308,-0.3936292186038345,15,2014,,,,,,,,,,,,,,,at/near parity
infra_gap,VNM,Viet Nam,East Asia & Pacific,Upper middle income,13.842249522949862,-0.6754739194462719,15,2014,0.78175,0.96775,2025.0,0.42,0.8975,2032.0,0.02725,3.3089899383754364,-4.029199365904043,10.009568843979524,7.838933614897423,3.041356654755592,12.643659218680025,13.842249522949862,likely halves by 2030
infra_gap,VUT,Vanuatu,East Asia & Pacific,Lower middle income,29.293404695219518,-0.6837885180211658,15,2014,0.044,0.994,2036.0,0.0,0.23975,2054.0,0.0,18.383064685579185,15.621745666576874,21.10372451615705,23.16745544015123,21.206934818787495,25.09509426658207,29.293404695219518,likely halves by 2050
infra_gap,WSM,Samoa,East Asia & Pacific,Upper middle income,9.826474386757642,-0.19190108448813148,15,2014,0.17625,0.7035,2040.0,0.0055,0.403,2055.0,0.06225,6.754364889541256,4.231705053052941,9.36575587722268,8.100600418092132,6.478926173569719,9.844930809700834,9.826474386757642,likely halves by 2050
infra_gap,YEM,"Yemen, Rep.","Middle East, North Africa, Afghanistan & Pakistan",Low income,45.43086720653148,-0.4815740865501638,15,2014,0.0,0.1335,2061.0,0.0,0.0,,0.00175,37.61146152169026,34.3506883404695,41.06808137788794,41.004448183139615,38.681727062753666,43.45291795604152,45.43086720653148,halves after 2050
infra_gap,ZAF,South Africa,Sub-Saharan Africa ,Upper middle income,15.324594248784932,-1.0395393635607484,15,2014,0.979,0.9995,2022.0,0.77825,0.9965,2027.0,0.0005,-1.350783466080251,-6.818530342863127,4.427398299445813,5.93772508800436,2.21717106710027,9.819944974557218,15.324594248784932,likely halves by 2030
infra_gap,ZMB,Zambia,Sub-Saharan Africa ,Lower middle income,37.452188744668206,-0.39271718635343433,15,2014,0.0,0.04175,2062.0,0.0,0.0,,0.0,31.186016565131226,29.433900280670656,32.92648751610546,33.922310822754056,32.75152029944322,35.07912113582263,37.452188744668206,halves after 2050
infra_gap,ZWE,Zimbabwe,Sub-Saharan Africa ,Lower middle income,51.01916029630566,-0.3580249646248417,15,2014,0.0,0.084,2083.0,0.0,0.0,,0.11725,45.32932746017812,38.939160306180874,51.63646041220708,47.88292254322515,43.46636541550876,51.93458360068212,51.01916029630566,halves after 2050
cooking_gap,AFG,Afghanistan,"Middle East, North Africa, Afghanistan & Pakistan",Low income,67.80000000003528,2.4800317198597663,15,2014,0.0,0.0,,0.0,0.0,,1.0,107.3510698813215,97.94516439993549,116.8963139548602,90.01461597893534,83.96472038664092,96.33272493650468,67.80000000003528,halving unlikely before 2100
cooking_gap,AGO,Angola,Sub-Saharan Africa ,Lower middle income,69.89999999994727,-0.25242408525557236,15,2014,0.0,0.0,,0.0,0.0,,0.0,65.86754127860962,64.68888983016501,67.02633237063512,67.63529838903031,66.86777135350613,68.40222790059278,69.89999999994727,halving unlikely before 2100
cooking_gap,ALB,Albania,Europe & Central Asia,Upper middle income,35.40000000004055,-0.7251578422737749,15,2014,0.142,0.80375,2039.0,0.0,0.24925,2060.0,0.0225,23.797940682495575,16.661232970842292,30.830923084341194,28.96904290134707,24.288751427271617,33.64396038937201,35.40000000004055,likely halves by 2050
cooking_gap,AND,Andorra,Europe & Central Asia,High income,0.0,-4.038781326001507e-11,15,2014,,,,,,,,,,,,,,,at/near parity
cooking_gap,ARE,United Arab Emirates,"Middle East, North Africa, Afghanistan & Pakistan",High income,0.0,-5.700596197373842e-11,15,2014,,,,,,,,,,,,,,,at/near parity
cooking_gap,ARG,Argentina,Latin America & Caribbean ,Upper middle income,3.599999999940744,-1.1922429897133133,15,2014,1.0,1.0,2016.0,1.0,1.0,2016.0,0.0,-15.497571673790421,-19.865596585297105,-11.189201369277104,-7.120130897177534,-9.953045972221942,-4.406714359397732,3.599999999940744,likely halves by 2030
cooking_gap,ARM,Armenia,Europe & Central Asia,Upper middle income,5.299999999980993,-1.981618238975818,15,2014,0.99975,1.0,2016.0,0.99975,1.0,2016.0,0.00025,-26.27268424042887,-36.6580592921926,-16.113564659277614,-12.622987491786144,-19.40686719122762,-5.7911396802259505,5.299999999980993,likely halves by 2030
cooking_gap,ATG,Antigua and Barbuda,Latin America & Caribbean ,High income,0.0,-2.847793801950675e-11,15,2014,,,,,,,,,,,,,,,at/near parity
cooking_gap,AUS,Australia,East Asia & Pacific,High income,0.0,-4.0844467525675477e-10,15,2014,,,,,,,,,,,,,,,at/near parity
cooking_gap,AUT,Austria,Europe & Central Asia,High income,0.0,-4.038781326001507e-11,15,2014,,,,,,,,,,,,,,,at/near parity
cooking_gap,AZE,Azerbaijan,Europe & Central Asia,Upper middle income,6.499999999964454,-2.6618006464693567,15,2014,1.0,1.0,2016.0,1.0,1.0,2016.0,0.0,-36.10850622481786,-47.603183354525655,-24.765871574009672,-17.42751778786255,-25.054641764100737,-9.681013055062484,6.499999999964454,likely halves by 2030
cooking_gap,BDI,Burundi,Sub-Saharan Africa ,Low income,0.10000000072725027,-0.07138117167749113,15,2014,,,,,,,,,,,,,,,at/near parity
cooking_gap,BEL,Belgium,Europe & Central Asia,High income,0.0,-4.038781326001507e-11,15,2014,,,,,,,,,,,,,,,at/near parity
cooking_gap,BEN,Benin,Sub-Saharan Africa ,Lower middle income,8.400000000197577,0.5179502708672727,15,2014,0.0,0.0,,0.0,0.0,,1.0,16.708858833712448,14.210639565945792,19.231306779555233,13.076815275071343,11.464677280481274,14.765256079088367,8.400000000197577,halving unlikely before 2100
cooking_gap,BFA,Burkina Faso,Sub-Saharan Africa ,Low income,25.799999999911055,0.9681216480892539,15,2014,0.0,0.0,,0.0,0.0,,1.0,41.33097182993613,38.20627290108404,44.35197172656261,34.51993162187159,32.48101378019858,36.56040971891656,25.799999999911055,halving unlikely before 2100
cooking_gap,BGD,Bangladesh,South Asia,Lower middle income,45.24999999996392,0.8446127382594495,15,2014,0.0,0.0,,0.0,0.0,,1.0,58.7634013502376,55.060694183446266,62.43496747600303,52.87461662929394,50.3164324596393,55.31020128826253,45.24999999996392,halving unlikely before 2100
cooking_gap,BHR,Bahrain,"Middle East, North Africa, Afghanistan & Pakistan",High income,0.0,-5.700596197373842e-11,15,2014,,,,,,,,,,,,,,,at/near parity
cooking_gap,BHS,"Bahamas, The",Latin America & Caribbean ,High income,0.0,-2.847793801950675e-11,15,2014,,,,,,,,,,,,,,,at/near parity
cooking_gap,BIH,Bosnia and Herzegovina,Europe & Central Asia,Upper middle income,47.29999999996565,-0.03540859445936698,15,2014,0.0,0.0,,0.0,0.0,,0.3785,46.73082430187314,44.39453192570646,49.042503061868516,47.00444005213646,45.48276745837673,48.53137191498693,47.29999999996565,halving unlikely before 2100
cooking_gap,BLR,Belarus,Europe & Central Asia,Upper middle income,1.7999999999722855,-0.8976612670749583,15,2014,,,,,,,,,,,,,,,at/near parity
cooking_gap,BLZ,Belize,Latin America & Caribbean ,Upper middle income,22.299999999989087,-0.34696241292951296,15,2014,0.00425,0.63525,2047.0,0.0,0.022,2073.0,0.0035,16.794505106163562,14.178712549385065,19.29824458818876,19.203045985455045,17.513292297224996,20.90900528282245,22.299999999989087,likely halves by 2050
cooking_gap,BOL,Bolivia,Latin America & Caribbean ,Lower middle income,49.60000000001523,-1.6892417921756602,15,2014,0.717,1.0,2029.0,0.0,0.9635,2043.0,0.0,22.495351170123048,17.599551748843357,27.519066310933873,34.3589477296795,31.15272016352276,37.68675892486956,49.60000000001523,likely halves by 2030
cooking_gap,BRA,Brazil,Latin America & Caribbean ,Upper middle income,23.699999999493212,-1.2600330375062647,15,2014,1.0,1.0,2024.0,0.1035,1.0,2032.0,0.0,3.5834283900596633,1.977631953815991,5.184548595174743,12.383113252801571,11.331365718878923,13.454020193838215,23.699999999493212,likely halves by 2030
cooking_gap,BRB,Barbados,Latin America & Caribbean ,High income,0.0,-2.847793801950675e-11,15,2014,,,,,,,,,,,,,,,at/near parity
cooking_gap,BRN,Brunei Darussalam,East Asia & Pacific,High income,0.0,-4.0844467525675477e-10,15,2014,,,,,,,,,,,,,,,at/near parity
cooking_gap,BTN,Bhutan,South Asia,Lower middle income,31.300000000019875,-3.0705501527210273,15,2014,1.0,1.0,2020.0,0.9975,1.0,2024.0,0.0,-17.973872501540225,-27.99799467922117,-8.378251203548386,3.5311844782722583,-2.9905493461700097,9.91367161495284,31.300000000019875,likely halves by 2030
cooking_gap,BWA,Botswana,Sub-Saharan Africa ,Upper middle income,56.049999999935814,0.38167734102450274,15,2014,0.0,0.0,,0.0,0.0,,0.99925,62.19038466460651,59.68467946793037,64.58170820903831,59.51457956194611,57.82083795912354,61.08705606608431,56.049999999935814,halving unlikely before 2100
cooking_gap,CAF,Central African Republic,Sub-Saharan Africa ,Low income,1.1889268870244478,0.03684530670849329,15,2014,,,,,,,,,,,,,,,at/near parity
cooking_gap,CAN,Canada,North America,High income,0.0,0.0,15,2014,,,,,,,,,,,,,,,at/near parity
cooking_gap,CHE,Switzerland,Europe & Central Asia,High income,0.0,-4.038781326001507e-11,15,2014,,,,,,,,,,,,,,,at/near parity
cooking_gap,CHL,Chile,Latin America & Caribbean ,High income,0.0,-2.847793801950675e-11,15,2014,,,,,,,,,,,,,,,at/near parity
cooking_gap,CHN,China,East Asia & Pacific,Upper middle income,39.80000000000001,-0.5522081070257636,15,2014,0.02825,0.51,2050.0,0.0,0.05275,2082.0,0.066,30.923630512174427,23.335473217315077,38.44538528395358,34.80503453324502,29.984125927416382,39.875588595436916,39.80000000000001,likely halves by 2050
cooking_gap,CIV,Cote d'Ivoire,Sub-Saharan Africa ,Lower middle income,42.59999999992641,0.6310125124355247,15,2014,0.0,0.0,,0.0,0.0,,0.9635,52.849165274849554,45.541075816647314,59.93766148922972,48.36355864690005,43.46715719947234,53.18570398299598,42.59999999992641,halving unlikely before 2100
cooking_gap,CMR,Cameroon,Sub-Saharan Africa ,Lower middle income,37.10000000007887,1.1582314800814817,15,2014,0.0,0.0,,0.0,0.0,,1.0,55.62323786564828,52.57787789085466,58.63830270454493,47.5011199623287,45.50836805113898,49.49725612451269,37.10000000007887,halving unlikely before 2100
cooking_gap,COD,"Congo, Dem. Rep.",Sub-Saharan Africa ,Low income,9.700000000172748,0.38221165863981693,15,2014,0.0,0.0,,0.0,0.0,,1.0,15.853958496534712,14.159467778039408,17.45340571439802,13.14086121938881,12.104063165728016,14.231019785115315,9.700000000172748,halving unlikely before 2100
cooking_gap,COG,"Congo, Rep.",Sub-Saharan Africa ,Lower middle income,32.29999999985012,1.3807099949865838,15,2014,0.0,0.0,,0.0,0.0,,1.0,54.32527932677469,50.09776294126917,58.54380838620691,44.738000029327864,41.931966046832876,47.54250151507354,32.29999999985012,halving unlikely before 2100
cooking_gap,COL,Colombia,Latin America & Caribbean ,Upper middle income,47.35000000004026,-0.8190090296612594,15,2014,0.004,0.781,2044.0,0.0,0.01725,2070.0,0.00025,34.229043533408415,29.16727766229646,39.14682438845679,39.999284769699464,36.71209739021609,43.27060594929841,47.35000000004026,likely halves by 2050
cooking_gap,COM,Comoros,Sub-Saharan Africa ,Lower middle income,8.599999999999548,0.5521178866024019,15,2014,0.0,0.0,,0.0,0.0,,1.0,17.42923750497475,15.765935808520666,19.065418089470825,13.555744631157406,12.487505631288107,14.678667274172318,8.599999999999548,halving unlikely before 2100
cooking_gap,CPV,Cabo Verde,Sub-Saharan Africa ,Upper middle income,54.200000000014136,-0.38620027587880695,15,2014,0.0,0.01675,2083.0,0.0,0.0,,0.02375,47.98093113417949,43.95652357772171,51.936791548498206,50.69287546673036,48.03830615384335,53.347450903707184,54.200000000014136,halves after 2050
cooking_gap,CRI,Costa Rica,Latin America & Caribbean ,High income,14.600000000099573,-0.39818504018087947,15,2014,0.25,0.99275,2033.0,0.0,0.724,2046.0,0.0,8.276705371500807,6.401234121801159,10.190211713078376,11.054409531483572,9.806729847401169,12.27599719360563,14.600000000099573,likely halves by 2050
cooking_gap,CUB,Cuba,Latin America & Caribbean ,Upper middle income,10.49999999998899,-2.441340152832506,15,2014,1.0,1.0,2017.0,0.99975,1.0,2018.0,0.0,-28.791352117406937,-38.54416091593591,-19.225061980643314,-11.57500594094062,-18.047414032180676,-5.118754275508269,10.49999999998899,likely halves by 2030
cooking_gap,CYP,Cyprus,Europe & Central Asia,High income,0.0,-4.038781326001507e-11,15,2014,,,,,,,,,,,,,,,at/near parity
cooking_gap,CZE,Czechia,Europe & Central Asia,High income,0.0,-4.038781326001507e-11,15,2014,,,,,,,,,,,,,,,at/near parity
cooking_gap,DEU,Germany,Europe & Central Asia,High income,0.0,-4.038781326001507e-11,15,2014,,,,,,,,,,,,,,,at/near parity
cooking_gap,DJI,Djibouti,"Middle East, North Africa, Afghanistan & Pakistan",Lower middle income,9.29718180347772,0.4560871004840396,15,2014,0.0,0.0,,0.0,0.0,,1.0,16.616397111012503,15.393360426496594,17.848343530863676,13.410243320409819,12.613812559445336,14.228910707624664,9.29718180347772,halving unlikely before 2100
cooking_gap,DMA,Dominica,Latin America & Caribbean ,Upper middle income,19.760129482189484,-1.3601853441640774,15,2014,1.0,1.0,2022.0,0.98825,1.0,2028.0,0.0,-1.9911560841141838,-4.226905332963668,0.3084780873405107,7.507608448589341,6.044070956699128,9.032092459993885,19.760129482189484,likely halves by 2030
cooking_gap,DNK,Denmark,Europe & Central Asia,High income,0.0,-4.038781326001507e-11,15,2014,,,,,,,,,,,,,,,at/near parity
cooking_gap,DOM,Dominican Republic,Latin America & Caribbean ,Upper middle income,24.900000000031454,-0.2786782709054019,15,2014,0.01275,0.37725,2058.0,0.0,0.0265,2095.0,0.09775,20.40950749901213,16.077030557844708,24.848198987872937,22.406902578076078,19.518456665251637,25.277256359361456,24.900000000031454,halves after 2050
cooking_gap,DZA,Algeria,"Middle East, North Africa, Afghanistan & Pakistan",Upper middle income,1.5999999999398236,-0.384453331726458,15,2014,,,,,,,,,,,,,,,at/near parity
cooking_gap,ECU,Ecuador,Latin America & Caribbean ,Upper middle income,14.099999999975934,-0.91519980164861,15,2014,0.991,1.0,2022.0,0.785,0.9995,2028.0,0.0,-0.5483504406984415,-4.677287666731667,3.533171727682455,5.884367133657388,3.099300368581767,8.611698282853313,14.099999999975934,likely halves by 2030
cooking_gap,EGY,"Egypt, Arab Rep.","Middle East, North Africa, Afghanistan & Pakistan",Lower middle income,-0.10000000003138641,-1.3223707351882978,15,2014,,,,,,,,,,,,,,,at/near parity
cooking_gap,ERI,Eritrea,Sub-Saharan Africa ,Low income,22.900000000070413,0.895065141346194,15,2014,0.0,0.0,,0.0,0.0,,1.0,37.20753705334795,35.87369287058597,38.485374019613786,30.944874961000345,30.09977331797676,31.78985490573172,22.900000000070413,halving unlikely before 2100
cooking_gap,ESP,Spain,Europe & Central Asia,High income,0.0,-4.038781326001507e-11,15,2014,,,,,,,,,,,,,,,at/near parity
cooking_gap,EST,Estonia,Europe & Central Asia,High income,0.0,-4.038781326001507e-11,15,2014,,,,,,,,,,,,,,,at/near parity
cooking_gap,ETH,Ethiopia,Sub-Saharan Africa ,Low income,16.39999999995929,1.0145299171769426,15,2014,0.0,0.0,,0.0,0.0,,1.0,32.63644699818053,29.095283073496926,36.0571398215839,25.52217271987348,23.238379894970635,27.873236472427358,16.39999999995929,halving unlikely before 2100
cooking_gap,FIN,Finland,Europe & Central Asia,High income,0.0,-4.038781326001507e-11,15,2014,,,,,,,,,,,,,,,at/near parity
cooking_gap,FJI,Fiji,East Asia & Pacific,Upper middle income,39.39999999992594,0.19889838109497182,15,2014,0.0,0.0,,0.0,0.0,,0.9125,42.638141387582124,39.54386346170671,45.62843419840677,41.22415770404909,39.23770731894274,43.216474796257586,39.39999999992594,halving unlikely before 2100
cooking_gap,FRA,France,Europe & Central Asia,High income,0.0,-4.038781326001507e-11,15,2014,,,,,,,,,,,,,,,at/near parity
cooking_gap,FSM,"Micronesia, Fed. Sts.",East Asia & Pacific,Upper middle income,33.36719903098295,0.28500029789109393,15,2014,0.0,0.0,,0.0,0.0,,0.96825,37.99911935209192,34.78268160177244,41.17123188854618,35.98469692808386,33.81271689159002,38.068760287226546,33.36719903098295,halving unlikely before 2100
cooking_gap,GAB,Gabon,Sub-Saharan Africa ,Upper middle income,55.700000000057024,-0.5602477833428073,15,2014,0.0,0.0825,2064.0,0.0,0.0,,0.0005,46.77197517304566,43.10786770807904,50.429274357340155,50.65250577010756,48.286058215173405,53.0895074090171,55.700000000057024,halves after 2050
cooking_gap,GBR,United Kingdom,Europe & Central Asia,High income,0.0,-4.038781326001507e-11,15,2014,,,,,,,,,,,,,,,at/near parity
cooking_gap,GEO,Georgia,Europe & Central Asia,Upper middle income,41.300000000053444,-2.068191813404498,15,2014,0.9215,0.99925,2024.0,0.244,0.981,2033.0,0.0005,8.166302648792495,-2.8272773921142575,19.732737512367173,22.52781489462201,15.224122654303287,30.18201050096372,41.300000000053444,likely halves by 2030
cooking_gap,GHA,Ghana,Sub-Saharan Africa ,Lower middle income,28.40000000024788,1.1156245300249668,15,2014,0.0,0.0,,0.0,0.0,,1.0,46.24484118147868,44.98290218758672,47.46330447765858,38.433259194177744,37.58067694681195,39.242947207936005,28.40000000024788,halving unlikely before 2100
cooking_gap,GIN,Guinea,Sub-Saharan Africa ,Lower middle income,1.2999999995692175,0.042821651609927965,15,2014,,,,,,,,,,,,,,,at/near parity
cooking_gap,GMB,"Gambia, The",Sub-Saharan Africa ,Low income,2.700000000014108,-0.07118182130423037,15,2014,0.42425,0.80325,2033.0,0.74525,0.9065,2024.0,0.08875,1.5561237238594172,0.4923371184772059,2.6375025450650993,2.05725893791064,1.3606541155322467,2.758166529573644,2.700000000014108,likely halves by 2050
cooking_gap,GNB,Guinea-Bissau,Sub-Saharan Africa ,Low income,2.483693126126149,-0.05589249286489115,15,2014,0.1765,0.8805,2037.0,0.88625,0.98925,2023.0,0.007,1.5895623450679155,1.1186231184240656,2.0482548091309276,1.9809864932705077,1.6685731888391124,2.2808407855076185,2.483693126126149,likely halves by 2050
cooking_gap,GNQ,Equatorial Guinea,Sub-Saharan Africa ,Upper middle income,28.50000000059142,0.41279547028692354,15,2014,0.0,0.0,,0.0,0.0,,0.99525,35.183250021043676,31.83526905555784,38.567347866059926,32.175565200295765,30.023272197895164,34.50402961869222,28.50000000059142,halving unlikely before 2100
cooking_gap,GRC,Greece,Europe & Central Asia,High income,0.0,-4.038781326001507e-11,15,2014,,,,,,,,,,,,,,,at/near parity
cooking_gap,GRD,Grenada,Latin America & Caribbean ,Upper middle income,4.777104385725503,0.321991894513157,15,2014,0.0,0.0,,0.0,0.0,,1.0,9.940030488001643,9.043930501890882,10.754833686966501,7.682444816921802,7.099074653467932,8.226300195003702,4.777104385725503,halving unlikely before 2100
cooking_gap,GTM,Guatemala,Latin America & Caribbean ,Upper middle income,51.79999999996727,0.06400020374575098,15,2014,0.0,0.0,,0.0,0.0,,0.76725,52.82829027323436,51.006382670882196,54.71397169295159,52.381723198217216,51.16166194987269,53.6017698286453,51.79999999996727,halving unlikely before 2100
cooking_gap,GUY,Guyana,Latin America & Caribbean ,High income,0.0,-2.847793801950675e-11,15,2014,,,,,,,,,,,,,,,at/near parity
cooking_gap,HND,Honduras,Latin America & Caribbean ,Lower middle income,53.900000000052856,0.4690331764702189,15,2014,0.0,0.0,,0.0,0.0,,0.9675,61.39275215507254,56.234001552645566,66.61668098428618,58.08619241648337,54.66970963568523,61.509757572140145,53.900000000052856,halving unlikely before 2100
cooking_gap,HRV,Croatia,Europe & Central Asia,High income,0.0,-4.038781326001507e-11,15,2014,,,,,,,,,,,,,,,at/near parity
cooking_gap,HTI,Haiti,Latin America & Caribbean ,Lower middle income,5.4000000001166395,0.014268457587452236,15,2014,0.0005,0.01575,,0.0,0.004,,0.612,5.625634951833759,4.625487809948814,6.596309023396967,5.5239897673584455,4.874011897072283,6.180594750150521,5.4000000001166395,halving unlikely before 2100
cooking_gap,HUN,Hungary,Europe & Central Asia,High income,0.0,-4.038781326001507e-11,15,2014,,,,,,,,,,,,,,,at/near parity
cooking_gap,IDN,Indonesia,East Asia & Pacific,Upper middle income,35.950000000031764,1.5121095750672329,15,2014,0.0,0.0,,0.0,0.0,,0.99125,60.31548663536165,47.02221804891955,72.92064817619256,49.457151180527674,40.99414979822291,58.08471858017027,35.950000000031764,halving unlikely before 2100
cooking_gap,IND,India,South Asia,Lower middle income,56.70000000007935,0.9325379671741865,15,2014,0.0,0.0,,0.0,0.0,,1.0,71.61819024737562,67.01771774356877,76.12209529457652,65.10605605168617,62.16327190606923,68.14032714053819,56.70000000007935,halving unlikely before 2100
cooking_gap,IRL,Ireland,Europe & Central Asia,High income,0.0,-4.038781326001507e-11,15,2014,,,,,,,,,,,,,,,at/near parity
cooking_gap,IRN,"Iran, Islamic Rep.","Middle East, North Africa, Afghanistan & Pakistan",Upper middle income,5.699999999916265,-0.5816273190849852,15,2014,0.9975,1.0,2019.0,0.99275,1.0,2021.0,0.0,-3.629273819659816,-6.523503528867939,-0.601109989432604,0.44432573220883737,-1.5188097404534138,2.4461239504866774,5.699999999916265,likely halves by 2030
cooking_gap,IRQ,Iraq,"Middle East, North Africa, Afghanistan & Pakistan",Upper middle income,3.199999999962085,-1.5875802705663764,15,2014,1.0,1.0,2016.0,1.0,1.0,2015.0,0.0,-22.148392076778705,-26.287675439719862,-18.07406801510281,-11.048190158630845,-13.715014644379393,-8.318259693516325,3.199999999962085,likely halves by 2030
cooking_gap,ISL,Iceland,Europe & Central Asia,High income,0.0,-4.038781326001507e-11,15,2014,,,,,,,,,,,,,,,at/near parity
cooking_gap,ISR,Israel,"Middle East, North Africa, Afghanistan & Pakistan",High income,0.0,-5.700596197373842e-11,15,2014,,,,,,,,,,,,,,,at/near parity
cooking_gap,ITA,Italy,Europe & Central Asia,High income,0.0,-4.038781326001507e-11,15,2014,,,,,,,,,,,,,,,at/near parity
cooking_gap,JAM,Jamaica,Latin America & Caribbean ,Upper middle income,15.59999999999437,-2.119448294896937,15,2014,1.0,1.0,2018.0,1.0,1.0,2021.0,0.0,-18.234550370066575,-22.004859073982196,-14.560704614078029,-3.4092809331094553,-5.900612213139895,-1.0351872145885397,15.59999999999437,likely halves by 2030
cooking_gap,JOR,Jordan,"Middle East, North Africa, Afghanistan & Pakistan",Upper middle income,0.29674116630896213,-0.027129360408059473,15,2014,,,,,,,,,,,,,,,at/near parity
cooking_gap,JPN,Japan,East Asia & Pacific,High income,0.0,-4.0844467525675477e-10,15,2014,,,,,,,,,,,,,,,at/near parity
cooking_gap,KAZ,Kazakhstan,Europe & Central Asia,Upper middle income,11.299999999994919,-1.2073033269854432,15,2014,1.0,1.0,2019.0,1.0,1.0,2022.0,0.0,-8.004703989798921,-11.311956172055206,-4.670422754839581,0.46375316080908424,-1.8123045663718407,2.66411598125795,11.299999999994919,likely halves by 2030
cooking_gap,KEN,Kenya,Sub-Saharan Africa ,Lower middle income,25.199999999847236,1.4156275933097202,15,2014,0.0,0.0,,0.0,0.0,,1.0,47.90449237521287,45.81128042407923,49.94241701056811,37.98195334402023,36.60199070522966,39.31870953558233,25.199999999847236,halving unlikely before 2100
cooking_gap,KGZ,Kyrgyz Republic,Europe & Central Asia,Lower middle income,28.59999999999111,-1.753670380193303,15,2014,1.0,1.0,2023.0,0.72825,1.0,2030.0,0.0,0.5705450545737929,-2.4083072201861984,3.5468163542461686,12.825744288756447,10.86114400826062,14.768181321625107,28.59999999999111,likely halves by 2030
cooking_gap,KHM,Cambodia,East Asia & Pacific,Lower middle income,48.85000000010724,2.413861347075751,15,2014,0.0,0.0,,0.0,0.0,,1.0,87.46511159407291,83.90403958420939,91.08053309354293,70.60056894461107,68.22598221213144,72.98793582287786,48.85000000010724,halving unlikely before 2100
cooking_gap,KIR,Kiribati,East Asia & Pacific,Lower middle income,8.89999999989201,0.5903748838160602,15,2014,0.0,0.0,,0.0,0.0,,1.0,18.313173250606045,15.682969882976113,20.978273929636693,14.205115814800294,12.46333344222514,15.976373686685985,8.89999999989201,halving unlikely before 2100
cooking_gap,KNA,St. Kitts and Nevis,Latin America & Caribbean ,High income,0.0,-2.847793801950675e-11,15,2014,,,,,,,,,,,,,,,at/near parity
cooking_gap,KOR,"Korea, Rep.",East Asia & Pacific,High income,0.0,-4.0844467525675477e-10,15,2014,,,,,,,,,,,,,,,at/near parity
cooking_gap,KWT,Kuwait,"Middle East, North Africa, Afghanistan & Pakistan",High income,0.0,-5.700596197373842e-11,15,2014,,,,,,,,,,,,,,,at/near parity
cooking_gap,LAO,Lao PDR,East Asia & Pacific,Lower middle income,12.499999999932982,0.7137017763524711,15,2014,0.0,0.0,,0.0,0.0,,1.0,23.919076019296085,22.750550100668274,25.099495871624967,18.915472243256854,18.143176709226122,19.704345646709985,12.499999999932982,halving unlikely before 2100
cooking_gap,LBR,Liberia,Sub-Saharan Africa ,Low income,0.4901425286977733,0.04428539991629357,15,2014,,,,,,,,,,,,,,,at/near parity
cooking_gap,LCA,St. Lucia,Latin America & Caribbean ,Upper middle income,1.1000000000188463,2.167532143657419,15,2014,,,,,,,,,,,,,,,at/near parity
cooking_gap,LKA,Sri Lanka,South Asia,Upper middle income,45.39999999996305,0.40003533028255417,15,2014,0.0,0.0,,0.0,0.0,,1.0,51.71966917417815,49.733765887995176,53.80161018238869,48.95713915966745,47.69470560796677,50.34934307473865,45.39999999996305,halving unlikely before 2100
cooking_gap,LSO,Lesotho,Sub-Saharan Africa ,Lower middle income,59.00000000009624,1.2585486527146477,15,2014,0.0,0.0,,0.0,0.0,,0.99975,79.20797282307402,72.08202290103932,86.20944259584151,70.39033908083698,65.71018653751183,75.19340178746258,59.00000000009624,halving unlikely before 2100
cooking_gap,LTU,Lithuania,Europe & Central Asia,High income,0.0,-4.038781326001507e-11,15,2014,,,,,,,,,,,,,,,at/near parity
cooking_gap,LUX,Luxembourg,Europe & Central Asia,High income,0.0,-4.038781326001507e-11,15,2014,,,,,,,,,,,,,,,at/near parity
cooking_gap,LVA,Latvia,Europe & Central Asia,High income,0.0,-4.038781326001507e-11,15,2014,,,,,,,,,,,,,,,at/near parity
cooking_gap,MAR,Morocco,"Middle East, North Africa, Afghanistan & Pakistan",Lower middle income,4.499999999910177,-1.1553564260115765,15,2014,1.0,1.0,2016.0,1.0,1.0,2017.0,0.0,-14.028551878637272,-17.059379016882364,-10.970216826449073,-5.902463541468044,-7.92498040712393,-3.8758469676517775,4.499999999910177,likely halves by 2030
cooking_gap,MCO,Monaco,Europe & Central Asia,High income,0.0,-4.038781326001507e-11,15,2014,,,,,,,,,,,,,,,at/near parity
cooking_gap,MDA,Moldova,Europe & Central Asia,Upper middle income,5.199999999773523,-2.8712375831303096,15,2014,1.0,1.0,2015.0,1.0,1.0,2016.0,0.0,-40.460155661205036,-53.37338153410765,-28.263789101452442,-20.377953025095493,-29.028577976578898,-12.380120164042765,5.199999999773523,likely halves by 2030
cooking_gap,MDG,Madagascar,Sub-Saharan Africa ,Low income,1.77094227148865,-0.0008099871561912455,15,2014,,,,,,,,,,,,,,,at/near parity
cooking_gap,MDV,Maldives,South Asia,Upper middle income,2.6999999999800477,-2.0298609686412497,15,2014,0.9995,1.0,2015.0,0.9995,1.0,2015.0,0.00075,-29.491796002497352,-42.7822205397141,-15.707935684804191,-15.141655772654666,-24.183664110691577,-6.312190331887996,2.6999999999800477,likely halves by 2030
cooking_gap,MEX,Mexico,Latin America & Caribbean ,Upper middle income,41.200000000002824,-0.7241524693287237,15,2014,0.00075,0.84775,2043.0,0.0,0.0055,2069.0,0.0,29.629152447283868,26.103241769800185,33.15608008485328,34.689014117076454,32.32668704424628,37.00925670680648,41.200000000002824,likely halves by 2050
cooking_gap,MHL,Marshall Islands,East Asia & Pacific,Upper middle income,84.20000000000111,4.538483198798609,15,2014,0.0,0.0,,0.0,0.0,,1.0,156.5995467796193,138.2420280018923,175.52792293656904,125.21676515365601,113.00547640559988,137.2348372855453,84.20000000000111,halving unlikely before 2100
cooking_gap,MKD,North Macedonia,Europe & Central Asia,Upper middle income,40.20000000018328,0.6746651450739846,15,2014,0.0,0.0,,0.0,0.0,,0.98275,51.033094466926,44.58465835361752,57.5810989717586,46.331705562350045,42.03026393307271,50.66909728656111,40.20000000018328,halving unlikely before 2100
cooking_gap,MLI,Mali,Sub-Saharan Africa ,Low income,1.7063933815586387,0.0075114264349122285,15,2014,,,,,,,,,,,,,,,at/near parity
cooking_gap,MLT,Malta,"Middle East, North Africa, Afghanistan & Pakistan",High income,0.0,-5.700596197373842e-11,15,2014,,,,,,,,,,,,,,,at/near parity
cooking_gap,MMR,Myanmar,East Asia & Pacific,Lower middle income,40.39999999996682,2.4040177079622094,15,2014,0.0,0.0,,0.0,0.0,,1.0,78.47086792677023,68.49180804606864,88.92520270591086,61.980258230231556,55.162460810781184,68.6492125796914,40.39999999996682,halving unlikely before 2100
cooking_gap,MNE,Montenegro,Europe & Central Asia,Upper middle income,31.245115441054274,-0.5142989150685809,15,2014,0.0,0.79625,2045.0,0.0,0.00025,2072.0,0.0,23.059044424772157,20.80649654964165,25.276809008119354,26.655001840064287,25.123426966021952,28.110005989894002,31.245115441054274,likely halves by 2050
cooking_gap,MNG,Mongolia,East Asia & Pacific,Upper middle income,48.29999999997084,0.7506855765698678,15,2014,0.0,0.0,,0.0,0.0,,1.0,60.30604834549312,56.525659045015885,64.27024926133797,55.035474478364364,52.63364134079093,57.61327885288169,48.29999999997084,halving unlikely before 2100
cooking_gap,MOZ,Mozambique,Sub-Saharan Africa ,Low income,10.591307340553037,0.5070211080448744,15,2014,0.0,0.0,,0.0,0.0,,1.0,18.70859473358974,17.916972345341904,19.434819643855594,15.146197591578758,14.659905271442174,15.632198661037958,10.591307340553037,halving unlikely before 2100
cooking_gap,MRT,Mauritania,Sub-Saharan Africa ,Lower middle income,51.40000000003079,0.8382486567793707,15,2014,0.0,0.0,,0.0,0.0,,1.0,64.89756420622237,61.076239078535245,68.6130697923897,59.01884608709387,56.5015916567955,61.44556932376497,51.40000000003079,halving unlikely before 2100
cooking_gap,MUS,Mauritius,Sub-Saharan Africa ,Upper middle income,1.3999999999145212,-0.3719784076859476,15,2014,,,,,,,,,,,,,,,at/near parity
cooking_gap,MWI,Malawi,Sub-Saharan Africa ,Low income,9.900000000000675,-0.10633272694023856,15,2014,0.0025,0.321,2060.0,0.0,0.04225,2088.0,0.07725,8.185485272534251,6.662960498241016,9.74046880995738,8.932575197873557,7.949739554915765,9.933747920281293,9.900000000000675,halves after 2050
cooking_gap,MYS,Malaysia,East Asia & Pacific,Upper middle income,7.999999999786634,0.2922798132710664,15,2014,0.0,0.0,,0.0,0.0,,0.99975,12.647031693765111,10.851874187079671,14.417851334439593,10.60906188538151,9.42447393637858,11.809880749527213,7.999999999786634,halving unlikely before 2100
cooking_gap,NAM,Namibia,Sub-Saharan Africa ,Lower middle income,63.10156853422675,-0.1911317557908301,15,2014,0.0,0.0,,0.0,0.0,,0.0105,60.02184511876381,58.44513585611117,61.66469439493212,61.37581942773596,60.32003852111828,62.46492087266109,63.10156853422675,halving unlikely before 2100
cooking_gap,NER,Niger,Sub-Saharan Africa ,Low income,9.099999999894258,0.3943295695219682,15,2014,0.0,0.0,,0.0,0.0,,1.0,15.408697941038943,13.427720998325903,17.49598423683742,12.635950736559778,11.30763710955332,13.980906430364902,9.099999999894258,halving unlikely before 2100
cooking_gap,NGA,Nigeria,Sub-Saharan Africa ,Lower middle income,7.0999999998768155,0.39241814349674825,15,2014,0.0,0.0005,,0.0,0.0,,0.994,13.38448175949151,10.081925705711496,16.897362235347217,10.63484936976397,8.428465968393889,12.87511819439638,7.0999999998768155,halving unlikely before 2100
cooking_gap,NIC,Nicaragua,Latin America & Caribbean ,Lower middle income,68.8115578665656,1.4521054656493055,15,2014,0.0,0.0,,0.0,0.0,,1.0,92.08071084559828,90.53744787040509,93.51671376174815,81.88707341278561,80.91676516542593,82.87303992868159,68.8115578665656,halving unlikely before 2100
cooking_gap,NLD,Netherlands,Europe & Central Asia,High income,0.0,-4.038781326001507e-11,15,2014,,,,,,,,,,,,,,,at/near parity
cooking_gap,NOR,Norway,Europe & Central Asia,High income,0.0,-4.038781326001507e-11,15,2014,,,,,,,,,,,,,,,at/near parity
cooking_gap,NPL,Nepal,South Asia,Lower middle income,52.500000000004064,2.1308458924939577,15,2014,0.0,0.0,,0.0,0.0,,0.992,86.71061149711221,69.23673727308916,104.78581462574626,71.63189437808536,60.21605664167758,83.63320881726857,52.500000000004064,halving unlikely before 2100
cooking_gap,NRU,Naoero,East Asia & Pacific,High income,0.0,-4.0844467525675477e-10,15,2014,,,,,,,,,,,,,,,at/near parity
cooking_gap,NZL,New Zealand,East Asia & Pacific,High income,0.0,-4.0844467525675477e-10,15,2014,,,,,,,,,,,,,,,at/near parity
cooking_gap,OMN,Oman,"Middle East, North Africa, Afghanistan & Pakistan",High income,0.0,-5.700596197373842e-11,15,2014,,,,,,,,,,,,,,,at/near parity
cooking_gap,PAK,Pakistan,"Middle East, North Africa, Afghanistan & Pakistan",Lower middle income,69.50000000005608,0.5856243248484226,15,2014,0.0,0.0,,0.0,0.0,,0.9825,78.86510829826793,73.34644673929172,84.57101357093624,74.79350481361399,71.01608716872353,78.45471026171975,69.50000000005608,halving unlikely before 2100
cooking_gap,PAN,Panama,Latin America & Caribbean ,High income,0.0,-2.847793801950675e-11,15,2014,,,,,,,,,,,,,,,at/near parity
cooking_gap,PER,Peru,Latin America & Caribbean ,Upper middle income,66.80000000002065,0.6608185957810636,15,2014,0.0,0.0015,,0.0,0.0,,0.868,77.15613751360323,65.12928345397941,90.17933949853872,72.61407784889848,64.45580248884691,80.93940068222976,66.80000000002065,halving unlikely before 2100
cooking_gap,PHL,Philippines,East Asia & Pacific,Upper middle income,40.41880073086612,0.27204425596873455,15,2014,0.0,0.0,,0.0,0.0,,0.9985,44.80231887477565,43.03779510083021,46.573756849494515,42.86715492434256,41.718701405643436,44.04069552939482,40.41880073086612,halving unlikely before 2100
cooking_gap,PLW,Palau,East Asia & Pacific,High income,0.0,-4.0844467525675477e-10,15,2014,,,,,,,,,,,,,,,at/near parity
cooking_gap,PNG,Papua New Guinea,East Asia & Pacific,Lower middle income,34.80000000007205,-0.3628891002003303,15,2014,0.0,0.13575,2062.0,0.0,0.0,,0.0025,28.956517549937857,26.450462939698397,31.55338581969391,31.491839877799208,29.83945420827976,33.23280455730321,34.80000000007205,halves after 2050
cooking_gap,POL,Poland,Europe & Central Asia,High income,0.0,-4.038781326001507e-11,15,2014,,,,,,,,,,,,,,,at/near parity
cooking_gap,PRK,"Korea, Dem. People's Rep.",East Asia & Pacific,Low income,11.599999999951017,0.8197292764918485,15,2014,0.0,0.0,,0.0,0.0,,1.0,24.739294866916715,22.820433345170215,26.658199838904466,18.99483748770389,17.74075138805065,20.20849203003857,11.599999999951017,halving unlikely before 2100
cooking_gap,PRT,Portugal,Europe & Central Asia,High income,0.0,-4.038781326001507e-11,15,2014,,,,,,,,,,,,,,,at/near parity
cooking_gap,PRY,Paraguay,Latin America & Caribbean ,Upper middle income,48.299999999996594,-0.46264963286191685,15,2014,0.0,0.09125,2067.0,0.0,0.0,,0.00975,40.932762337302385,37.238875317108835,44.832668662963904,44.1066712297294,41.59291374489496,46.666793393366035,48.299999999996594,halves after 2050
cooking_gap,QAT,Qatar,"Middle East, North Africa, Afghanistan & Pakistan",High income,0.0,-5.700596197373842e-11,15,2014,,,,,,,,,,,,,,,at/near parity
cooking_gap,ROU,Romania,Europe & Central Asia,High income,0.0,-4.038781326001507e-11,15,2014,,,,,,,,,,,,,,,at/near parity
cooking_gap,RUS,Russian Federation,Europe & Central Asia,High income,0.0,-4.038781326001507e-11,15,2014,,,,,,,,,,,,,,,at/near parity
cooking_gap,RWA,Rwanda,Sub-Saharan Africa ,Low income,2.699999999902126,0.16982876446314413,15,2014,0.00125,0.0025,,0.01675,0.0205,,0.98125,5.441876591669983,3.7643362251761388,7.136138547296146,4.241631704214363,3.133871514241072,5.326064683243316,2.699999999902126,halving unlikely before 2100
cooking_gap,SAU,Saudi Arabia,"Middle East, North Africa, Afghanistan & Pakistan",High income,0.0,-5.700596197373842e-11,15,2014,,,,,,,,,,,,,,,at/near parity
cooking_gap,SDN,Sudan,Sub-Saharan Africa ,Low income,30.60000000000153,1.0436355694916766,15,2014,0.0,0.0,,0.0,0.0,,0.9945,47.31231409403729,39.06152162376475,55.72979878814269,40.0558241348637,34.45448429249948,45.54809882268062,30.60000000000153,halving unlikely before 2100
cooking_gap,SEN,Senegal,Sub-Saharan Africa ,Lower middle income,48.10000000001011,-0.7771984309858229,15,2014,0.04675,0.6295,2045.0,0.0,0.08775,2074.0,0.04075,35.86481745125309,26.748228893166083,44.89365404592135,41.19489556724687,35.18040222282614,47.24968780121002,48.10000000001011,likely halves by 2050
cooking_gap,SGP,Singapore,East Asia & Pacific,High income,0.0,-4.0844467525675477e-10,15,2014,,,,,,,,,,,,,,,at/near parity
cooking_gap,SLB,Solomon Islands,East Asia & Pacific,Lower middle income,34.82750004682935,0.043927637518471785,15,2014,0.0,0.0,,0.0,0.0,,1.0,35.52877694652098,35.32595669565893,35.732540536253424,35.22298792054332,35.08021093505038,35.366632429488604,34.82750004682935,halving unlikely before 2100
cooking_gap,SLE,Sierra Leone,Sub-Saharan Africa ,Low income,0.7999999992586037,0.07133462451125194,15,2014,,,,,,,,,,,,,,,at/near parity
cooking_gap,SLV,El Salvador,Latin America & Caribbean ,Upper middle income,33.60000000000971,-1.6409880139607929,15,2014,0.958,0.99975,2025.0,0.1605,0.99525,2034.0,0.0,7.455677649063441,0.44729403740583035,14.393270810080075,18.93460726696955,14.35889479170102,23.550755622311957,33.60000000000971,likely halves by 2030
cooking_gap,SMR,San Marino,Europe & Central Asia,High income,0.0,-4.038781326001507e-11,15,2014,,,,,,,,,,,,,,,at/near parity
cooking_gap,SOM,"Somalia, Fed. Rep.",Sub-Saharan Africa ,Low income,2.6999999998604283,0.19924948168321013,15,2014,0.0,0.0,,0.0,0.0,,1.0,5.892267755427969,4.813081568212989,6.953483564304538,4.500314107017401,3.7876784638226852,5.17700891094341,2.6999999998604283,halving unlikely before 2100
cooking_gap,SRB,Serbia,Europe & Central Asia,Upper middle income,37.49999999999839,-1.0012539306747232,15,2014,0.03925,1.0,2033.0,0.0,0.57775,2050.0,0.0,21.46312866513025,19.491072779679865,23.457825075745394,28.476389632466887,27.24306546224085,29.78002612135595,37.49999999999839,likely halves by 2050
cooking_gap,SSD,South Sudan,Sub-Saharan Africa ,Low income,0.0004950862331012121,-0.0073747716295333755,15,2014,,,,,,,,,,,,,,,at/near parity
cooking_gap,STP,Sao Tome and Principe,Sub-Saharan Africa ,Lower middle income,2.0000000000692433,0.11415674823817913,15,2014,0.0,0.0,,0.085,0.085,,1.0,3.829015818122898,3.235235168278064,4.3884588537863625,3.0273074021448716,2.6446340625960563,3.3965364330173333,2.0000000000692433,halving unlikely before 2100
cooking_gap,SUR,Suriname,Latin America & Caribbean ,Upper middle income,13.09999999946155,-1.2796524956793267,15,2014,1.0,1.0,2020.0,1.0,1.0,2023.0,0.0,-7.367986347174206,-9.31204800708185,-5.449855970907185,1.6108234165076465,0.33785304825379164,2.856449732526088,13.09999999946155,likely halves by 2030
cooking_gap,SVK,Slovak Republic,Europe & Central Asia,High income,0.0,-4.038781326001507e-11,15,2014,,,,,,,,,,,,,,,at/near parity
cooking_gap,SVN,Slovenia,Europe & Central Asia,High income,0.0,-4.038781326001507e-11,15,2014,,,,,,,,,,,,,,,at/near parity
cooking_gap,SWE,Sweden,Europe & Central Asia,High income,0.0,-4.038781326001507e-11,15,2014,,,,,,,,,,,,,,,at/near parity
cooking_gap,SWZ,Eswatini,Sub-Saharan Africa ,Lower middle income,57.700000000280525,0.5790922509295214,15,2014,0.0,0.0,,0.0,0.0,,1.0,66.95768294086807,65.13144890107348,68.77808969685294,62.94560800785995,61.713759026556964,64.1151443757111,57.700000000280525,halving unlikely before 2100
cooking_gap,SYC,Seychelles,Sub-Saharan Africa ,High income,0.0,-7.777283126773684e-09,15,2014,,,,,,,,,,,,,,,at/near parity
cooking_gap,SYR,Syrian Arab Republic,"Middle East, North Africa, Afghanistan & Pakistan",Low income,3.7999999999878367,0.10682253313958777,15,2014,0.0005,0.00625,,0.00075,0.0065,,0.937,5.492525254014959,4.064898836930826,6.956538094903374,4.736916937614398,3.827830083784262,5.6976423759857235,3.7999999999878367,halving unlikely before 2100
cooking_gap,TCD,Chad,Sub-Saharan Africa ,Low income,15.59999999991145,1.03413584013499,15,2014,0.0,0.0,,0.0,0.0,,1.0,32.17795408748,29.52259913068636,34.68778804829988,24.927627053442823,23.18844347048552,26.611446064708215,15.59999999991145,halving unlikely before 2100
cooking_gap,TGO,Togo,Sub-Saharan Africa ,Lower middle income,12.399999999986434,0.8183092470938511,15,2014,0.0,0.0,,0.0,0.0,,1.0,25.472312451288314,22.453377582084393,28.44068942349969,19.724748057133638,17.749666211355954,21.65943191816813,12.399999999986434,halving unlikely before 2100
cooking_gap,THA,Thailand,East Asia & Pacific,Upper middle income,19.592500182706328,-1.379543519691314,15,2014,1.0,1.0,2022.0,1.0,1.0,2027.0,0.0,-2.4862712923883663,-2.849022414405176,-2.1218688651314626,7.170249696771672,6.917613092079894,7.43047537558517,19.592500182706328,likely halves by 2030
cooking_gap,TJK,Tajikistan,Europe & Central Asia,Lower middle income,27.999999999905896,-2.1075762437963173,15,2014,1.0,1.0,2021.0,0.99825,1.0,2027.0,0.0,-5.728593902253555,-9.298649607879462,-2.0653840323337183,8.998451618282829,6.648271356816035,11.325230112392406,27.999999999905896,likely halves by 2030
cooking_gap,TKM,Turkmenistan,Europe & Central Asia,Upper middle income,0.19894820191120588,-0.07143067863861134,15,2014,,,,,,,,,,,,,,,at/near parity
cooking_gap,TLS,Timor-Leste,East Asia & Pacific,Lower middle income,16.699999999921467,0.9529784968992909,15,2014,0.0,0.0,,0.0,0.0,,1.0,31.96677782299171,29.140480376090572,34.59982423733803,25.228304113217863,23.41315050117259,27.00065296118394,16.699999999921467,halving unlikely before 2100
cooking_gap,TON,Tonga,East Asia & Pacific,Upper middle income,27.800000000068685,-1.8790274652630476,15,2014,1.0,1.0,2022.0,0.86275,1.0,2028.0,0.0,-2.33356796334695,-7.340731014038684,2.8566142590615287,10.809684654775477,7.5179730655689525,14.164842211189454,27.800000000068685,likely halves by 2030
cooking_gap,TTO,Trinidad and Tobago,Latin America & Caribbean ,High income,0.0,-2.847793801950675e-11,15,2014,,,,,,,,,,,,,,,at/near parity
cooking_gap,TUN,Tunisia,"Middle East, North Africa, Afghanistan & Pakistan",Lower middle income,0.499999999973547,-0.40429102954372204,15,2014,,,,,,,,,,,,,,,at/near parity
cooking_gap,TUR,Turkiye,Europe & Central Asia,Upper middle income,15.899999999848937,-0.23505887672137576,15,2014,0.0,0.60825,2048.0,0.0,0.004,2073.0,0.0,12.113883096110976,10.745068556261606,13.429177559772823,13.775032893786861,12.886002091426363,14.647381497772061,15.899999999848937,likely halves by 2050
cooking_gap,TUV,Tuvalu,East Asia & Pacific,Upper middle income,51.900000000009186,3.3982172714509242,15,2014,0.0,0.0,,0.0,0.0,,1.0,106.20254497414744,90.86871697146843,121.70544616439041,82.29426722415516,72.20722193292688,92.68646499203919,51.900000000009186,halving unlikely before 2100
cooking_gap,TZA,Tanzania,Sub-Saharan Africa ,Lower middle income,6.4999999998526325,0.3706600996851479,15,2014,0.0,0.0,,0.0,0.0,,0.99875,12.425599504997905,9.926921329433078,14.848676043823222,9.831432802675934,8.181840307852207,11.457488013038816,6.4999999998526325,halving unlikely before 2100
cooking_gap,UGA,Uganda,Sub-Saharan Africa ,Low income,2.299999999796103,-0.0925704307705648,15,2014,0.6775,0.9405,2027.0,0.963,0.98975,2018.0,0.029,0.8191049789379675,-0.18589168892778682,1.8074481068132884,1.4676224835945415,0.8173656535717314,2.1221102386994657,2.299999999796103,likely halves by 2030
cooking_gap,UKR,Ukraine,Europe & Central Asia,Upper middle income,10.659711448389137,0.015239911783841577,15,2014,0.0,0.0,,0.0,0.0,,0.76075,10.91002895599678,10.450099367820446,11.376176199194335,10.80116970091465,10.489382119613474,11.10519520761144,10.659711448389137,halving unlikely before 2100
cooking_gap,URY,Uruguay,Latin America & Caribbean ,High income,0.0,-2.847793801950675e-11,15,2014,,,,,,,,,,,,,,,at/near parity
cooking_gap,USA,United States,North America,High income,0.0,0.0,15,2014,,,,,,,,,,,,,,,at/near parity
cooking_gap,UZB,Uzbekistan,Europe & Central Asia,Lower middle income,24.720856343186735,-0.1461359024585745,15,2014,0.0,0.0,2099.0,0.0,0.0,,0.00475,22.380032091847543,21.236991106618596,23.54168075914173,23.401401123636525,22.649152966895947,24.18794095183075,24.720856343186735,halves after 2050
cooking_gap,VCT,St. Vincent and the Grenadines,Latin America & Caribbean ,Upper middle income,-0.020365379090860444,0.05608627323794985,15,2014,,,,,,,,,,,,,,,at/near parity
cooking_gap,VEN,"Venezuela, RB",Latin America & Caribbean ,Lower middle income,17.30015101590273,-0.2881438056136431,15,2014,0.0755,0.62875,2045.0,0.0,0.182,2068.0,0.047,12.765552941422524,9.139068408652015,16.257616582543083,14.787240455362213,12.369407834390348,17.01491176326106,17.30015101590273,likely halves by 2050
cooking_gap,VNM,Viet Nam,East Asia & Pacific,Upper middle income,25.90000000001894,-0.45567135951391496,15,2014,0.508,0.674,2030.0,0.24275,0.506,2050.0,0.33825,17.35046748277682,-6.369153301445001,42.358661744574725,20.96374048653263,5.103534890848401,37.84411725179349,25.90000000001894,likely halves by 2030
cooking_gap,VUT,Vanuatu,East Asia & Pacific,Lower middle income,35.099999999927576,-0.9740480321492212,15,2014,0.29925,0.99625,2032.0,0.0,0.61625,2048.0,0.0,19.474038467744965,14.95293454623981,24.061376056161162,26.2943690638512,23.300949391689468,29.32526992595875,35.099999999927576,likely halves by 2050
cooking_gap,WSM,Samoa,East Asia & Pacific,Upper middle income,37.90000000047722,-0.10686989256286368,15,2014,0.0,0.0,,0.0,0.0,,0.1435,36.16234405977655,34.05141212952696,38.28907015269094,36.92580454732284,35.57360747766549,38.339259464845114,37.90000000047722,halving unlikely before 2100
cooking_gap,YEM,"Yemen, Rep.","Middle East, North Africa, Afghanistan & Pakistan",Low income,52.29999999991343,0.07712606404394753,15,2014,0.0,0.0,,0.0,0.0,,0.67325,53.4807880883629,50.005379400306644,56.9422145613181,52.99115572314489,50.673598548314196,55.28688299086694,52.29999999991343,halving unlikely before 2100
cooking_gap,ZAF,South Africa,Sub-Saharan Africa ,Upper middle income,30.249999999892058,-1.131611131088521,15,2014,0.86425,1.0,2028.0,0.0,0.9915,2040.0,0.0,12.16165892301949,8.735670369805751,15.588019505939792,20.11156963519473,17.87397935154494,22.336838510639875,30.249999999892058,likely halves by 2030
cooking_gap,ZMB,Zambia,Sub-Saharan Africa ,Lower middle income,29.800000000055814,-0.45462336624914745,15,2014,0.0345,0.57875,2047.0,0.0,0.082,2075.0,0.037,22.559638430428173,17.180713875675227,27.78606486119919,25.718822654222233,22.18665416476374,29.231084166080443,29.800000000055814,likely halves by 2050
cooking_gap,ZWE,Zimbabwe,Sub-Saharan Africa ,Lower middle income,74.39041675305684,-0.6036966513273607,15,2014,0.0,0.0,2076.0,0.0,0.0,,0.0,64.73376846702071,64.55645003286546,64.90412401422144,68.95840197184398,68.83216597921805,69.07999120994432,74.39041675305684,halves after 2050
water_gap,AFG,Afghanistan,"Middle East, North Africa, Afghanistan & Pakistan",Low income,30.299688163056103,-0.3437422964262388,15,2014,0.0,0.011,2059.0,0.0,0.0,2097.0,0.0,24.798053921157535,24.016175236748108,25.6160246510986,27.213925941769524,26.678533005194122,27.732193045492693,30.299688163056103,halves after 2050
water_gap,AGO,Angola,Sub-Saharan Africa ,Lower middle income,46.23689655951258,0.31120855324309893,15,2014,0.0,0.0,,0.0,0.0,,1.0,51.24975123334343,50.22949386817489,52.20608206943178,49.04997035716556,48.401957890340235,49.70413779274139,46.23689655951258,halving unlikely before 2100
water_gap,ALB,Albania,Europe & Central Asia,Upper middle income,5.462020204172124,-0.6321157388992716,15,2014,1.0,1.0,2019.0,1.0,1.0,2020.0,0.0,-4.653253036654565,-4.702759199945211,-4.601993333933516,-0.22771986356505988,-0.26004894441518384,-0.19373539550637517,5.462020204172124,likely halves by 2030
water_gap,AND,Andorra,Europe & Central Asia,High income,0.0,-6.946394793562325e-07,15,2014,,,,,,,,,,,,,,,at/near parity
water_gap,ARE,United Arab Emirates,"Middle East, North Africa, Afghanistan & Pakistan",High income,-0.10934069058084654,0.025378637907768883,15,2014,,,,,,,,,,,,,,,at/near parity
water_gap,ARG,Argentina,Latin America & Caribbean ,Upper middle income,6.500092589524132,-1.076587731207191,15,2014,1.0,1.0,2018.0,1.0,1.0,2019.0,0.0,-10.693699422315362,-14.403011212962108,-7.226373518821906,-3.1853874759425054,-5.555884602784679,-0.7525349420871232,6.500092589524132,likely halves by 2030
water_gap,ARM,Armenia,Europe & Central Asia,Upper middle income,1.9664592672732886,-0.4914767281303041,15,2014,,,,,,,,,,,,,,,at/near parity
water_gap,ATG,Antigua and Barbuda,Latin America & Caribbean ,High income,0.25800710765695123,-0.08408011670148918,15,2014,,,,,,,,,,,,,,,at/near parity
water_gap,AUS,Australia,East Asia & Pacific,High income,-0.04499999643860999,-0.05902373349976033,15,2014,,,,,,,,,,,,,,,at/near parity
water_gap,AUT,Austria,Europe & Central Asia,High income,0.0,-6.946394793562325e-07,15,2014,,,,,,,,,,,,,,,at/near parity
water_gap,AZE,Azerbaijan,Europe & Central Asia,Upper middle income,18.751415687403007,-1.1849920892258392,15,2014,1.0,1.0,2022.0,1.0,1.0,2029.0,0.0,-0.2079955690848149,-0.588613319778867,0.17173821135261905,8.088028250623033,7.8397410358212305,8.334867907800975,18.751415687403007,likely halves by 2030
water_gap,BDI,Burundi,Sub-Saharan Africa ,Low income,31.662201293669472,-0.26689704503297,15,2014,0.0,0.0,2074.0,0.0,0.0,,0.0,27.395620184750037,27.300016970782238,27.486348632497997,29.260477354261266,29.19858375042291,29.321072579588,31.662201293669472,halves after 2050
water_gap,BEL,Belgium,Europe & Central Asia,High income,0.0,-6.946394793562325e-07,15,2014,,,,,,,,,,,,,,,at/near parity
water_gap,BEN,Benin,Sub-Saharan Africa ,Lower middle income,17.797401957968447,-0.48408837311748154,15,2014,0.0,1.0,2033.0,0.0,1.0,2047.0,0.0,10.0513966938314,10.009598101151806,10.094240918392169,13.440085684116257,13.41233732207377,13.468492344692935,17.797401957968447,likely halves by 2050
water_gap,BFA,Burkina Faso,Sub-Saharan Africa ,Low income,38.187192122654814,0.7253139990994301,15,2014,0.0,0.0,,0.0,0.0,,1.0,49.821242377321056,48.148785814265345,51.445723944602605,44.73914068541243,43.611937096007004,45.82483848672531,38.187192122654814,halving unlikely before 2100
water_gap,BGD,Bangladesh,South Asia,Lower middle income,1.6482905736708144,-0.17260868241647165,15,2014,,,,,,,,,,,,,,,at/near parity
water_gap,BGR,Bulgaria,Europe & Central Asia,High income,1.3336597902058762,0.08468342629065707,15,2014,,,,,,,,,,,,,,,at/near parity
water_gap,BIH,Bosnia and Herzegovina,Europe & Central Asia,Upper middle income,-2.261084897308858,-0.31746199386682245,15,2014,,,,,,,,,,,,,,,at/near parity
water_gap,BLR,Belarus,Europe & Central Asia,Upper middle income,-0.06434582297014721,0.05174496227146114,15,2014,,,,,,,,,,,,,,,at/near parity
water_gap,BLZ,Belize,Latin America & Caribbean ,Upper middle income,7.124945934659535,0.14326884051810643,15,2014,0.0,0.0,,0.0,0.0,,1.0,9.421180660786089,9.15004155491604,9.685831472808362,8.415348145148602,8.2360726019843,8.590833680264568,7.124945934659535,halving unlikely before 2100
water_gap,BOL,Bolivia,Latin America & Caribbean ,Lower middle income,27.483361754736762,-0.7134703231128566,15,2014,0.0,1.0,2034.0,0.0,1.0,2050.0,0.0,16.067529212177362,16.039975840805713,16.09624236361665,21.062045386686748,21.043661226612237,21.080447416557156,27.483361754736762,likely halves by 2050
water_gap,BRA,Brazil,Latin America & Caribbean ,Upper middle income,11.917262586699197,-0.9025708809510397,15,2014,1.0,1.0,2021.0,1.0,1.0,2025.0,0.0,-2.523506096071622,-2.543805010931687,-2.502938730039688,3.7943294012281603,3.782913122234785,3.805917414232727,11.917262586699197,likely halves by 2030
water_gap,BTN,Bhutan,South Asia,Lower middle income,3.8239129025444174,-0.8654608871748981,15,2014,1.0,1.0,2017.0,1.0,1.0,2017.0,0.0,-10.021205320720064,-10.156626923008314,-9.892046950017363,-3.964180339233063,-4.050640006090767,-3.878961623622214,3.8239129025444174,likely halves by 2030
water_gap,BWA,Botswana,Sub-Saharan Africa ,Upper middle income,26.8376830257409,-0.9313221080339393,15,2014,0.66825,0.998,2029.0,0.0045,0.888,2041.0,0.0,11.869530893109818,7.1666198194442865,16.804647226161833,18.364871426742404,15.362910622190995,21.665437573057908,26.8376830257409,likely halves by 2030
water_gap,CAF,Central African Republic,Sub-Saharan Africa ,Low income,26.73313643127876,-0.8607471414042851,15,2014,1.0,1.0,2030.0,0.0,1.0,2043.0,0.0,12.96084335708889,12.940143607723547,12.981703812002067,18.986252885545447,18.974253965896793,18.998331368610213,26.73313643127876,likely halves by 2030
water_gap,CAN,Canada,North America,High income,0.553278103087251,-0.06022079603003811,15,2014,,,,,,,,,,,,,,,at/near parity
water_gap,CHE,Switzerland,Europe & Central Asia,High income,0.0,-6.946394793562325e-07,15,2014,,,,,,,,,,,,,,,at/near parity
water_gap,CHL,Chile,Latin America & Caribbean ,High income,12.312165647678995,-0.6084457365639621,15,2014,1.0,1.0,2025.0,0.0,1.0,2031.0,0.0,2.5766230228714826,2.556441670709445,2.5977103196009734,6.835910871761478,6.8245761651819565,6.8477742615247434,12.312165647678995,likely halves by 2030
water_gap,CHN,China,East Asia & Pacific,Upper middle income,14.77129211891173,-0.8936136477796893,15,2014,1.0,1.0,2023.0,0.85225,1.0,2029.0,0.0,0.46730229839170145,-1.4609217159101295,2.4182991712784356,6.703750925510382,5.436743504160226,8.008297840067918,14.77129211891173,likely halves by 2030
water_gap,CIV,Cote d'Ivoire,Sub-Saharan Africa ,Lower middle income,29.690954795613628,-0.4920155420973852,15,2014,0.0,1.0,2045.0,0.0,0.0,2071.0,0.0,21.819229307606104,21.76530822267326,21.874145194587054,25.26310890383204,25.227612456034006,25.299597180742076,29.690954795613628,likely halves by 2050
water_gap,CMR,Cameroon,Sub-Saharan Africa ,Lower middle income,34.65056357459776,-1.0444457489889278,15,2014,0.00525,1.0,2031.0,0.0,1.0,2046.0,0.0,17.93886996745845,17.646799201165383,18.24216903332095,25.24961386793777,25.057314445101028,25.45414854358443,34.65056357459776,likely halves by 2050
water_gap,COD,"Congo, Dem. Rep.",Sub-Saharan Africa ,Low income,47.60578213792215,-0.2508819002448104,15,2014,0.0,0.0,,0.0,0.0,,0.0,43.591591679138745,43.55185774431628,43.631129061623895,45.34741581077148,45.32126327547761,45.374242498816706,47.60578213792215,halving unlikely before 2100
water_gap,COG,"Congo, Rep.",Sub-Saharan Africa ,Lower middle income,47.7708615207511,-1.0988557958098824,15,2014,0.03325,0.9945,2036.0,0.0,0.17325,2056.0,0.0,30.144180824228272,25.850512316005634,34.44990016292468,37.875346956162076,34.96147569704979,40.7604555532409,47.7708615207511,likely halves by 2050
water_gap,COL,Colombia,Latin America & Caribbean ,Upper middle income,21.293574976802454,-0.4975371242540606,15,2014,0.0,1.0,2036.0,0.0,0.0,2053.0,0.0,13.33229436879072,13.312100587993404,13.353269989983577,16.815342520161515,16.804012360253953,16.82715682361834,21.293574976802454,likely halves by 2050
water_gap,COM,Comoros,Sub-Saharan Africa ,Lower middle income,4.77248803046715,0.22863681139063835,15,2014,0.0,0.0,,0.0,0.0,,1.0,8.43056955244505,8.3168403178963,8.544550606984464,6.83187154623458,6.7529511212329485,6.9055190270497535,4.77248803046715,halving unlikely before 2100
water_gap,CPV,Cabo Verde,Sub-Saharan Africa ,Upper middle income,18.214272467937526,-0.0847588430932047,15,2014,0.0,0.0,,0.0,0.0,,0.018,16.84448433481326,16.041580178092975,17.679897937814694,17.43792306646339,16.93702032225993,17.998271137659696,18.214272467937526,halving unlikely before 2100
water_gap,CRI,Costa Rica,Latin America & Caribbean ,High income,2.939270915973993,-0.580078821462123,15,2014,1.0,1.0,2017.0,1.0,1.0,2016.0,0.0,-6.342397936961157,-6.4698782683004925,-6.212680441633784,-2.2821565426401973,-2.3670482492576954,-2.1978476532281546,2.939270915973993,likely halves by 2030
water_gap,CUB,Cuba,Latin America & Caribbean ,Upper middle income,10.33981772208479,-0.4351200034767994,15,2014,1.0,1.0,2026.0,0.0,1.0,2034.0,0.0,3.3794186058127256,3.2186931595463477,3.5367266231115733,6.423858969416991,6.315625590408414,6.527615100408589,10.33981772208479,likely halves by 2030
water_gap,CYP,Cyprus,Europe & Central Asia,High income,-0.03802725049737274,0.004711302058013006,15,2014,,,,,,,,,,,,,,,at/near parity
water_gap,CZE,Czechia,Europe & Central Asia,High income,0.29094617816396134,-0.08459839657543933,15,2014,,,,,,,,,,,,,,,at/near parity
water_gap,DEU,Germany,Europe & Central Asia,High income,0.0,-6.946394793562325e-07,15,2014,,,,,,,,,,,,,,,at/near parity
water_gap,DJI,Djibouti,"Middle East, North Africa, Afghanistan & Pakistan",Lower middle income,26.445326242159,-0.4634922192908961,15,2014,0.0,1.0,2043.0,0.0,0.0,2067.0,0.0,19.029893376310895,19.009350156484096,19.050424784887497,22.274143873582435,22.26259227731968,22.28570251157239,26.445326242159,likely halves by 2050
water_gap,DMA,Dominica,Latin America & Caribbean ,Upper middle income,2.001065486651859,-0.14832980395232767,15,2014,1.0,1.0,2021.0,1.0,1.0,2015.0,0.0,-0.3724070259547034,-0.39296235451390377,-0.3515143768934222,0.6659876162631926,0.6544355134034894,0.6777366908417536,2.001065486651859,likely halves by 2030
water_gap,DNK,Denmark,Europe & Central Asia,High income,0.0,-6.946394793562325e-07,15,2014,,,,,,,,,,,,,,,at/near parity
water_gap,DOM,Dominican Republic,Latin America & Caribbean ,Upper middle income,7.496905895990199,-0.5404941739563024,15,2014,1.0,1.0,2021.0,1.0,1.0,2025.0,0.0,-1.1501178127044867,-1.2091989191341934,-1.0900444935463218,2.6334011937352884,2.5933593747022297,2.672166758032009,7.496905895990199,likely halves by 2030
water_gap,DZA,Algeria,"Middle East, North Africa, Afghanistan & Pakistan",Upper middle income,10.54891862489522,-0.10387811134544286,15,2014,0.0,0.0,2065.0,0.0,0.0,2097.0,0.0,8.886972184559225,8.857059318081014,8.91650885711019,9.613911173179137,9.59474381331316,9.633585657057248,10.54891862489522,halves after 2050
water_gap,ECU,Ecuador,Latin America & Caribbean ,Upper middle income,18.368250788795304,-0.19375275128575556,15,2014,0.0,0.01025,2062.0,0.0,0.0,2099.0,0.0,15.27457297875497,14.60333048918919,15.943607458469579,16.62805084307994,16.195800836026912,17.06783658975227,18.368250788795304,halves after 2050
water_gap,EGY,"Egypt, Arab Rep.","Middle East, North Africa, Afghanistan & Pakistan",Lower middle income,1.8792907881464418,0.05070211084969088,15,2014,,,,,,,,,,,,,,,at/near parity
water_gap,ERI,Eritrea,Sub-Saharan Africa ,Low income,61.93664805703555,0.1721907635919843,15,2014,0.0,0.0,,0.0,0.0,,1.0,64.68123105080593,64.14838442282314,65.2376039480766,63.47894034067532,63.11749166213522,63.851275631473634,61.93664805703555,halving unlikely before 2100
water_gap,ESP,Spain,Europe & Central Asia,High income,-0.09205479050961682,-0.006584215807213294,15,2014,,,,,,,,,,,,,,,at/near parity
water_gap,EST,Estonia,Europe & Central Asia,High income,0.795315244617777,-0.3762700005154118,15,2014,,,,,,,,,,,,,,,at/near parity
water_gap,ETH,Ethiopia,Sub-Saharan Africa ,Low income,49.528726128485175,-1.3092737437965825,15,2014,0.0,1.0,2033.0,0.0,0.0,2051.0,0.0,28.58063913574761,28.554929642041262,28.606282623166305,37.745396582603995,37.728991355380444,37.76201764076773,49.528726128485175,likely halves by 2050
water_gap,FIN,Finland,Europe & Central Asia,High income,0.0,-6.946394793562325e-07,15,2014,,,,,,,,,,,,,,,at/near parity
water_gap,FJI,Fiji,East Asia & Pacific,Upper middle income,7.306723358537168,0.03184775867238946,15,2014,0.0,0.0,,0.0,0.0,,1.0,7.818527374354472,7.712590255483267,7.915020894220615,7.594472825636422,7.527218081219868,7.6582122607279635,7.306723358537168,halving unlikely before 2100
water_gap,FRA,France,Europe & Central Asia,High income,0.0,-6.946394793562325e-07,15,2014,,,,,,,,,,,,,,,at/near parity
water_gap,GAB,Gabon,Sub-Saharan Africa ,Upper middle income,44.79562219371649,-0.21008218861156824,15,2014,0.0,0.0,,0.0,0.0,,0.0,41.43414940070762,41.32777447997526,41.53635632662447,42.9039305763235,42.83348835976575,42.97297582547507,44.79562219371649,halving unlikely before 2100
water_gap,GBR,United Kingdom,Europe & Central Asia,High income,0.0,-6.946394793562325e-07,15,2014,,,,,,,,,,,,,,,at/near parity
water_gap,GEO,Georgia,Europe & Central Asia,Upper middle income,7.5544551185447615,-0.16520765403216403,15,2014,0.0,1.0,2037.0,0.0,1.0,2048.0,0.0,4.91107791373904,4.874645552153059,4.947811721805414,6.067830298991041,6.043743005227584,6.091927360171639,7.5544551185447615,likely halves by 2050
water_gap,GHA,Ghana,Sub-Saharan Africa ,Lower middle income,24.212169168344936,-0.16162037929014966,15,2014,0.0,0.0,2090.0,0.0,0.0,,0.0,21.638124544980194,20.99130744398152,22.28913663701373,22.76060508596691,22.33400802333534,23.19416969531655,24.212169168344936,halves after 2050
water_gap,GIN,Guinea,Sub-Saharan Africa ,Lower middle income,32.809986737157715,-0.3012252806259192,15,2014,0.0,0.0,2069.0,0.0,0.0,,0.0,27.984523075097023,27.11622120346873,28.894580096277814,30.107818723781236,29.525858001789533,30.688094667513795,32.809986737157715,halves after 2050
water_gap,GMB,"Gambia, The",Sub-Saharan Africa ,Low income,16.211389442544448,-0.2454498268093297,15,2014,0.0,1.0,2048.0,0.0,0.0,2072.0,0.0,12.284636852864915,12.250762991917918,12.317583698095065,14.002220106336164,13.980371250831393,14.024070068222198,16.211389442544448,likely halves by 2050
water_gap,GNB,Guinea-Bissau,Sub-Saharan Africa ,Low income,24.909944313590945,-0.6821113602921358,15,2014,0.0,1.0,2033.0,0.0,1.0,2048.0,0.0,13.995797011271122,13.973956890805427,14.017548446454441,18.770813045037066,18.758102150135077,18.78366081499763,24.909944313590945,likely halves by 2050
water_gap,GNQ,Equatorial Guinea,Sub-Saharan Africa ,Upper middle income,47.302636663656955,1.4865828787155528,15,2014,0.0,0.0,,0.0,0.0,,1.0,71.12587368365867,67.65886939231837,74.54217632811697,60.67805287583826,58.44752712971125,62.92063341680388,47.302636663656955,halving unlikely before 2100
water_gap,GRC,Greece,Europe & Central Asia,High income,0.0862585587015953,-0.04549292725850919,15,2014,,,,,,,,,,,,,,,at/near parity
water_gap,GTM,Guatemala,Latin America & Caribbean ,Upper middle income,10.710165842651897,-0.32842659731175833,15,2014,0.0,1.0,2031.0,0.0,1.0,2041.0,0.0,5.45511146360443,5.428274126010682,5.48202660346919,7.753936869946141,7.737021393803223,7.771218183101048,10.710165842651897,likely halves by 2050
water_gap,GUY,Guyana,Latin America & Caribbean ,High income,3.6121809716332107,-0.4770950591787101,15,2014,1.0,1.0,2018.0,1.0,1.0,2018.0,0.0,-4.021016871334439,-4.042578912843296,-3.999638567388905,-0.6815958453604198,-0.6938964945463579,-0.6690199697242094,3.6121809716332107,likely halves by 2030
water_gap,HND,Honduras,Latin America & Caribbean ,Lower middle income,13.403821510432183,-0.42735043939847517,15,2014,0.98375,1.0,2030.0,0.0,1.0,2041.0,0.0,6.568210694818313,6.485244396053474,6.647735432163521,9.557513235833095,9.505427106261662,9.612498571565006,13.403821510432183,likely halves by 2030
water_gap,HRV,Croatia,Europe & Central Asia,High income,0.08651208601693416,-0.2013014863547915,15,2014,,,,,,,,,,,,,,,at/near parity
water_gap,HTI,Haiti,Latin America & Caribbean ,Lower middle income,37.260281711874,-0.7041425709750134,15,2014,0.0,1.0,2041.0,0.0,0.0,2065.0,0.0,25.991740994373437,25.80310515595253,26.184889433260917,30.923399911440256,30.796389531807353,31.051253157137015,37.260281711874,likely halves by 2050
water_gap,HUN,Hungary,Europe & Central Asia,High income,2.725711313013023,-0.37182565815964624,15,2014,1.0,1.0,2018.0,1.0,1.0,2016.0,0.0,-3.2232691635562407,-3.243408238394452,-3.202702223114259,-0.6205840754915634,-0.6319066227045467,-0.6090162767600107,2.725711313013023,likely halves by 2030
water_gap,IDN,Indonesia,East Asia & Pacific,Upper middle income,15.675207981871075,-0.5982813149575195,15,2014,0.9495,1.0,2028.0,0.0005,1.0,2037.0,0.0,6.1129900628663325,4.7301008398415245,7.459585980626439,10.294841550772794,9.383846112992712,11.18986789126243,15.675207981871075,likely halves by 2030
water_gap,IND,India,South Asia,Lower middle income,8.344698577427689,-0.583761039524923,15,2014,1.0,1.0,2022.0,1.0,1.0,2025.0,0.0,-0.9917793993410968,-1.1552736991909422,-0.8356076812041328,3.095752754143378,2.9890491042127136,3.1956600169633487,8.344698577427689,likely halves by 2030
water_gap,IRL,Ireland,Europe & Central Asia,High income,-1.063006053535235,-0.029325486307528854,15,2014,,,,,,,,,,,,,,,at/near parity
water_gap,IRN,"Iran, Islamic Rep.","Middle East, North Africa, Afghanistan & Pakistan",Upper middle income,6.758384848116136,-0.2818807979770653,15,2014,1.0,1.0,2026.0,0.0,1.0,2031.0,0.0,2.24850460092887,2.2284473831012344,2.269249983340132,4.221584445607839,4.2102988868770135,4.233266052315972,6.758384848116136,likely halves by 2030
water_gap,IRQ,Iraq,"Middle East, North Africa, Afghanistan & Pakistan",Upper middle income,15.30135417153886,-1.7024505426728864,15,2014,1.0,1.0,2019.0,1.0,1.0,2022.0,0.0,-11.93756914142531,-12.077275442294031,-11.801468144034438,-0.020388348627413937,-0.11474962416418481,0.07017545784096592,15.30135417153886,likely halves by 2030
water_gap,ISL,Iceland,Europe & Central Asia,High income,0.0,-6.946394793562325e-07,15,2014,,,,,,,,,,,,,,,at/near parity
water_gap,ISR,Israel,"Middle East, North Africa, Afghanistan & Pakistan",High income,0.0,-3.7422256214507726e-07,15,2014,,,,,,,,,,,,,,,at/near parity
water_gap,JAM,Jamaica,Latin America & Caribbean ,Upper middle income,8.287564362489102,-0.17584520784967422,15,2014,0.1015,0.872,2038.0,0.0,0.52725,2050.0,0.001,5.44413843754365,4.14157869593619,6.7925245580910545,6.679762827235438,5.818868150574042,7.564160338736583,8.287564362489102,likely halves by 2050
water_gap,JOR,Jordan,"Middle East, North Africa, Afghanistan & Pakistan",Upper middle income,1.8698013414000059,-0.054189369540510963,15,2014,,,,,,,,,,,,,,,at/near parity
water_gap,KAZ,Kazakhstan,Europe & Central Asia,Upper middle income,7.023887516622639,-0.6559167196292801,15,2014,1.0,1.0,2020.0,1.0,1.0,2022.0,0.0,-3.472401100342478,-3.731361241423493,-3.2205332523424968,1.1216130432824627,0.9469969896365904,1.2823288193595723,7.023887516622639,likely halves by 2030
water_gap,KEN,Kenya,Sub-Saharan Africa ,Lower middle income,40.26516743268794,-0.6943239459014762,15,2014,0.0,1.0,2043.0,0.0,0.0,2070.0,0.0,29.155776466054718,29.135065971759,29.1774950709928,34.016032376517444,34.00416309764442,34.02841072226294,40.26516743268794,likely halves by 2050
water_gap,KGZ,Kyrgyz Republic,Europe & Central Asia,Lower middle income,13.73733699380301,-0.5647644630980723,15,2014,0.98825,1.0,2027.0,0.0035,1.0,2035.0,0.0,4.716884685992433,3.4967349419660327,5.902998209731345,8.662438835635264,7.854600046556147,9.464816871197026,13.73733699380301,likely halves by 2030
water_gap,KHM,Cambodia,East Asia & Pacific,Lower middle income,22.692109171724073,-0.8888122888811911,15,2014,1.0,1.0,2027.0,0.0,1.0,2038.0,0.0,8.474372596175037,7.927014234626466,9.018303707601051,14.705221133318062,14.33373021705229,15.060756867456101,22.692109171724073,likely halves by 2030
water_gap,KIR,Kiribati,East Asia & Pacific,Lower middle income,29.157335108136405,-0.10380815473695393,15,2014,0.0,0.0,,0.0,0.0,,0.065,27.497602387470714,26.080387287716622,28.903101155082304,28.23069063762979,27.29155345948856,29.161521018334348,29.157335108136405,halving unlikely before 2100
water_gap,LAO,Lao PDR,East Asia & Pacific,Lower middle income,23.59955264113209,-1.1321122609409635,15,2014,1.0,1.0,2025.0,0.0,1.0,2034.0,0.0,5.481905334727461,5.207449341391501,5.758774230818948,13.407738428337932,13.228455197085431,13.584992564520757,23.59955264113209,likely halves by 2030
water_gap,LBR,Liberia,Sub-Saharan Africa ,Low income,21.575622347838472,-0.6232392940322482,15,2014,0.0,1.0,2032.0,0.0,1.0,2046.0,0.0,11.602849284848332,11.529251874966798,11.677901984545755,15.965842423711543,15.917677617554709,16.016103799118092,21.575622347838472,likely halves by 2050
water_gap,LCA,St. Lucia,Latin America & Caribbean ,Upper middle income,1.7680304108712783,-0.2761744294340371,15,2014,,,,,,,,,,,,,,,at/near parity
water_gap,LKA,Sri Lanka,South Asia,Upper middle income,11.430001753160495,-0.2513504416442886,15,2014,0.0,1.0,2037.0,0.0,0.0005,2052.0,0.0,7.40760309128201,7.32791171532121,7.486136739288219,9.165954781399499,9.114194344888801,9.219438778143493,11.430001753160495,likely halves by 2050
water_gap,LSO,Lesotho,Sub-Saharan Africa ,Lower middle income,22.530646002731615,0.14082612773060202,15,2014,0.0,0.0,,0.0,0.0,,1.0,24.783943580583845,24.748911861076884,24.819444991106316,23.798135886705648,23.774439012648614,23.820848347972827,22.530646002731615,halving unlikely before 2100
water_gap,LTU,Lithuania,Europe & Central Asia,High income,9.019916656990933,-0.8985706199601479,15,2014,1.0,1.0,2020.0,1.0,1.0,2022.0,0.0,-5.357039608905568,-5.378074112080214,-5.336717900935749,0.9328761704792162,0.9210603232017744,0.9443018288275746,9.019916656990933,likely halves by 2030
water_gap,LUX,Luxembourg,Europe & Central Asia,High income,0.0,-6.946394793562325e-07,15,2014,,,,,,,,,,,,,,,at/near parity
water_gap,LVA,Latvia,Europe & Central Asia,High income,1.277070832981744,-0.08834561323836086,15,2014,,,,,,,,,,,,,,,at/near parity
water_gap,MAR,Morocco,"Middle East, North Africa, Afghanistan & Pakistan",Lower middle income,38.72261358961703,-1.9841271049536262,15,2014,1.0,1.0,2024.0,0.0,1.0,2033.0,0.0,6.981123767419236,6.603566204031173,7.353119849523551,20.86542990123844,20.62146664742986,21.114276253441968,38.72261358961703,likely halves by 2030
water_gap,MDA,Moldova,Europe & Central Asia,Upper middle income,14.270196063158188,-0.542672264803181,15,2014,1.0,1.0,2028.0,0.0,1.0,2037.0,0.0,5.587090859348994,5.564834969481652,5.609308595641084,9.385969105347542,9.372979495953095,9.398917112816456,14.270196063158188,likely halves by 2030
water_gap,MDG,Madagascar,Sub-Saharan Africa ,Low income,42.81668986792518,-0.38306687145083296,15,2014,0.0,0.0,2070.0,0.0,0.0,,0.0,36.68567626592534,36.61221658684526,36.7603767263657,39.36984898833289,39.318611388975306,39.41681326417983,42.81668986792518,halves after 2050
water_gap,MDV,Maldives,South Asia,Upper middle income,0.69314789814392,-0.3190689363609995,15,2014,,,,,,,,,,,,,,,at/near parity
water_gap,MEX,Mexico,Latin America & Caribbean ,Upper middle income,8.063085441899169,-0.7623435316845083,15,2014,1.0,1.0,2020.0,1.0,1.0,2022.0,0.0,-4.158260667389502,-5.857779980792487,-2.4851135199013483,1.2030780661478022,0.09354046463971695,2.302906982328905,8.063085441899169,likely halves by 2030
water_gap,MHL,Marshall Islands,East Asia & Pacific,Upper middle income,-8.149159483990111,-3.5208614959057234e-05,15,2014,,,,,,,,,,,,,,,at/near parity
water_gap,MKD,North Macedonia,Europe & Central Asia,Upper middle income,-0.5477046274523025,0.08551807890430871,15,2014,,,,,,,,,,,,,,,at/near parity
water_gap,MLI,Mali,Sub-Saharan Africa ,Low income,25.82997298943742,-1.1373515118189295,15,2014,1.0,1.0,2026.0,0.0,1.0,2035.0,0.0,7.627829491978098,7.145253612380813,8.12182535460633,15.592429788959357,15.285138808450522,15.910098508250282,25.82997298943742,likely halves by 2030
water_gap,MLT,Malta,"Middle East, North Africa, Afghanistan & Pakistan",High income,0.0,-3.7422256214507726e-07,15,2014,,,,,,,,,,,,,,,at/near parity
water_gap,MMR,Myanmar,East Asia & Pacific,Lower middle income,21.98464648054948,-0.5783129783357736,15,2014,0.00125,1.0,2034.0,0.0,0.77325,2049.0,0.0,12.727642991310262,11.983006957954734,13.480551422899934,16.78297129945056,16.28173341310348,17.268424351059203,21.98464648054948,likely halves by 2050
water_gap,MNE,Montenegro,Europe & Central Asia,Upper middle income,1.5053760926349817,-0.08879141877848944,9,2014,,,,,,,,,,,,,,,at/near parity
water_gap,MNG,Mongolia,East Asia & Pacific,Upper middle income,44.07049090639969,-1.058232737532273,15,2014,0.0,1.0,2035.0,0.0,0.0,2054.0,0.0,27.131799209228273,26.908032454987893,27.36338081362474,34.541567660430445,34.39335425848644,34.6906347549721,44.07049090639969,likely halves by 2050
water_gap,MOZ,Mozambique,Sub-Saharan Africa ,Low income,46.213694317213495,-0.5592981373125143,15,2014,0.0,0.12475,2056.0,0.0,0.0,2094.0,0.0,37.3064803800481,35.47560224053427,39.06930965536381,41.17563444781967,40.04676319152397,42.35324287429164,46.213694317213495,halves after 2050
water_gap,MRT,Mauritania,Sub-Saharan Africa ,Lower middle income,35.77016399079307,-0.295510759522856,15,2014,0.0,0.00025,2075.0,0.0,0.0,,0.0,31.027957465677353,29.730523549150995,32.33507077025781,33.09526883800416,32.26667042019688,33.983324458905564,35.77016399079307,halves after 2050
water_gap,MUS,Mauritius,Sub-Saharan Africa ,Upper middle income,0.3685843716748176,-0.024372322468498662,15,2014,,,,,,,,,,,,,,,at/near parity
water_gap,MWI,Malawi,Sub-Saharan Africa ,Low income,24.60491351300543,-0.8950088437966377,15,2014,1.0,1.0,2028.0,0.0,1.0,2040.0,0.0,10.283832093749275,10.24284405958848,10.32513166511864,16.548968989810433,16.522530300262307,16.576631409849895,24.60491351300543,likely halves by 2030
water_gap,MYS,Malaysia,East Asia & Pacific,Upper middle income,4.53715435295527,-0.10716156170126867,15,2014,0.0,1.0,2036.0,0.0,1.0,2038.0,0.0,2.8225475987852735,2.801626498169307,2.842674096601822,3.5726916939849325,3.5609187692823623,3.584004793881692,4.53715435295527,likely halves by 2050
water_gap,NAM,Namibia,Sub-Saharan Africa ,Lower middle income,25.858977214325485,-0.460035206278865,15,2014,0.0,1.0,2043.0,0.0,0.0,2066.0,0.0,18.49872053706179,18.477881712672495,18.51904205375522,21.71869820914388,21.706638836852868,21.730621058302617,25.858977214325485,likely halves by 2050
water_gap,NER,Niger,Sub-Saharan Africa ,Low income,50.56138722700124,-1.046791388958521,15,2014,0.0,1.0,2039.0,0.0,0.0,2061.0,0.0,33.810623845610806,33.597009880213584,34.02658404842168,41.1385689912386,41.00261329243958,41.278579115804924,50.56138722700124,likely halves by 2050
water_gap,NGA,Nigeria,Sub-Saharan Africa ,Lower middle income,32.37916536133312,-0.34416020771166755,15,2014,0.0,0.0,2061.0,0.0,0.0,,0.0,26.871878473114528,26.208306840668346,27.550622375837115,29.27263101119781,28.838535369213833,29.72273642871767,32.37916536133312,halves after 2050
water_gap,NLD,Netherlands,Europe & Central Asia,High income,0.0,-6.946394793562325e-07,15,2014,,,,,,,,,,,,,,,at/near parity
water_gap,NOR,Norway,Europe & Central Asia,High income,0.0,-6.946394793562325e-07,15,2014,,,,,,,,,,,,,,,at/near parity
water_gap,NPL,Nepal,South Asia,Lower middle income,4.514275827159698,-0.6344401228503208,15,2014,1.0,1.0,2018.0,1.0,1.0,2018.0,0.0,-5.6363346475007905,-5.670690575935,-5.603581156383268,-1.1952590579786047,-1.2175113557281494,-1.1738770989893739,4.514275827159698,likely halves by 2030
water_gap,NZL,New Zealand,East Asia & Pacific,High income,0.0,-7.85716945190169e-07,15,2014,,,,,,,,,,,,,,,at/near parity
water_gap,OMN,Oman,"Middle East, North Africa, Afghanistan & Pakistan",High income,19.694725437822807,-0.1317659412530619,15,2014,0.0,0.0,2089.0,0.0,0.0,,0.0,17.57975023199841,16.927027360135632,18.24718622809031,18.50406998430607,18.08298141807764,18.92982631135474,19.694725437822807,halves after 2050
water_gap,PAK,Pakistan,"Middle East, North Africa, Afghanistan & Pakistan",Lower middle income,6.998152934801047,-0.468095302157135,15,2014,0.958,0.99875,2022.0,0.86675,0.9945,2025.0,0.00075,-0.5116202405645793,-3.533774887917324,2.5021964454179293,2.8006029856459813,0.8064109944110652,4.768979175970552,6.998152934801047,likely halves by 2030
water_gap,PAN,Panama,Latin America & Caribbean ,High income,15.141157414414309,-0.34136621266712075,15,2014,0.0,1.0,2037.0,0.0,0.0045,2053.0,0.0,9.673089508731497,9.462825635542991,9.887923861736336,12.064309746167472,11.928944840000364,12.204045693535468,15.141157414414309,likely halves by 2050
water_gap,PER,Peru,Latin America & Caribbean ,Upper middle income,23.10243612486307,-1.2325598177083674,15,2014,1.0,1.0,2024.0,0.0,1.0,2032.0,0.0,3.381630854391641,3.3009483375716955,3.459912930166219,12.008778304103302,11.959661774694817,12.05972894413857,23.10243612486307,likely halves by 2030
water_gap,PHL,Philippines,East Asia & Pacific,Upper middle income,8.308573948906389,-0.36856083007089024,15,2014,1.0,1.0,2026.0,0.0,1.0,2032.0,0.0,2.41241286014375,2.3236763801784353,2.4994532182358737,4.991722648614614,4.934632805393874,5.047692280547297,8.308573948906389,likely halves by 2030
water_gap,PLW,Palau,East Asia & Pacific,High income,0.711961594022343,-0.02293396293298799,15,2014,,,,,,,,,,,,,,,at/near parity
water_gap,PNG,Papua New Guinea,East Asia & Pacific,Lower middle income,48.042568252420715,-0.9259425109167064,15,2014,0.011,0.90725,2040.0,0.0,0.0445,2064.0,0.0,33.208982588348675,28.20354007308497,38.18817816410846,39.73716475773793,36.38682632842577,42.88963184474862,48.042568252420715,likely halves by 2050
water_gap,POL,Poland,Europe & Central Asia,High income,6.594069122632468,0.3565831757824389,10,2014,0.0,0.0015,,0.0,0.00025,,0.989,12.269722104787807,9.146702935602814,15.534806874842124,9.814368519201679,7.764910631915552,11.877474553133284,6.594069122632468,halving unlikely before 2100
water_gap,PRK,"Korea, Dem. People's Rep.",East Asia & Pacific,Low income,5.299473105693211,0.4016865238708505,15,2014,0.0,0.0,,0.0,0.0,,1.0,11.720568978419223,9.787891073176413,13.728372374485616,8.907618601098836,7.5952004158485,10.244624482648367,5.299473105693211,halving unlikely before 2100
water_gap,PRT,Portugal,Europe & Central Asia,High income,1.1522546323144534,0.11678900363939156,15,2014,,,,,,,,,,,,,,,at/near parity
water_gap,PRY,Paraguay,Latin America & Caribbean ,Upper middle income,11.568955449492554,-1.8834518665576394,15,2014,1.0,1.0,2018.0,1.0,1.0,2020.0,0.0,-18.564769927617967,-18.656503341817174,-18.47785401151419,-5.381239897755513,-5.441931174500624,-5.3226264636010505,11.568955449492554,likely halves by 2030
water_gap,PSE,West Bank and Gaza,"Middle East, North Africa, Afghanistan & Pakistan",Lower middle income,1.4096294516890842,-0.3377660149863244,15,2014,,,,,,,,,,,,,,,at/near parity
water_gap,ROU,Romania,Europe & Central Asia,High income,0.0,-6.946394793562325e-07,15,2014,,,,,,,,,,,,,,,at/near parity
water_gap,RUS,Russian Federation,Europe & Central Asia,High income,8.05587855329629,0.06490347595161029,15,2014,0.0,0.0,,0.0,0.0,,1.0,9.095024664190749,8.955086365321996,9.23177193742148,8.640768002935069,8.549350778725593,8.73187899753427,8.05587855329629,halving unlikely before 2100
water_gap,RWA,Rwanda,Sub-Saharan Africa ,Low income,31.23786957658893,0.10016887390010357,15,2014,0.0,0.0,,0.0,0.0,,1.0,32.84069149792869,32.78841159242701,32.89464093745263,32.14010941520359,32.10374290708993,32.174920490377744,31.23786957658893,halving unlikely before 2100
water_gap,SAU,Saudi Arabia,"Middle East, North Africa, Afghanistan & Pakistan",High income,-0.7133740615950046,-3.7422256214507726e-07,15,2014,,,,,,,,,,,,,,,at/near parity
water_gap,SDN,Sudan,Sub-Saharan Africa ,Low income,20.101262796394632,-0.40269358971468944,15,2014,0.00775,0.9325,2039.0,0.0,0.1175,2059.0,0.0,13.637891694079638,11.741344421282413,15.615954715313936,16.440707636450533,15.191610179805666,17.781832668306027,20.101262796394632,likely halves by 2050
water_gap,SEN,Senegal,Sub-Saharan Africa ,Lower middle income,29.467014248220533,-1.335990397415881,15,2014,1.0,1.0,2026.0,0.0,1.0,2035.0,0.0,8.078665608534624,7.750003088083877,8.42059443252161,17.433111789734312,17.220422989415756,17.656407390456916,29.467014248220533,likely halves by 2030
water_gap,SLB,Solomon Islands,East Asia & Pacific,Lower middle income,22.26366976152704,0.4809025846247585,15,2014,0.0,0.0,,0.0,0.0,,0.99975,29.951414145480065,27.492661476149284,32.38366490062596,26.609846751725136,25.008716930378764,28.18364004839463,22.26366976152704,halving unlikely before 2100
water_gap,SLE,Sierra Leone,Sub-Saharan Africa ,Low income,31.911139660122405,-0.6049478725103644,15,2014,0.00125,0.93975,2041.0,0.0,0.01575,2064.0,0.0,22.24062201243185,19.74483033237626,24.759565804850027,26.498713757032426,24.767464295662535,28.093803315448447,31.911139660122405,likely halves by 2050
water_gap,SLV,El Salvador,Latin America & Caribbean ,Upper middle income,24.176680255537338,-0.2714722847965292,15,2014,0.155,0.4895,2052.0,0.00575,0.19175,2089.0,0.276,19.930365529203193,10.870448319901627,29.010878156803496,21.682517915549333,15.781544398457456,28.033526907436677,24.176680255537338,halves after 2050
water_gap,SMR,San Marino,Europe & Central Asia,High income,0.0,-6.946394793562325e-07,15,2014,,,,,,,,,,,,,,,at/near parity
water_gap,SOM,"Somalia, Fed. Rep.",Sub-Saharan Africa ,Low income,39.950467033637345,-1.2176127585211096,15,2014,0.399,1.0,2031.0,0.0,0.915,2046.0,0.0,20.531116816397496,17.586604285818268,23.36000088497416,29.054917815376143,27.135765398874696,30.90177655262908,39.950467033637345,likely halves by 2050
water_gap,SRB,Serbia,Europe & Central Asia,Upper middle income,-2.2967812247130883,0.24774952507466827,15,2014,,,,,,,,,,,,,,,at/near parity
water_gap,STP,Sao Tome and Principe,Sub-Saharan Africa ,Lower middle income,9.265290599487699,-0.2585547858085824,15,2014,0.0,1.0,2032.0,0.0,1.0,2043.0,0.0,5.129720595025038,5.034389210732946,5.223094154304133,6.937717261042202,6.876715658094803,7.000544360758383,9.265290599487699,likely halves by 2050
water_gap,SUR,Suriname,Latin America & Caribbean ,Upper middle income,8.964034000469532,-1.1487009647415483,15,2014,1.0,1.0,2018.0,1.0,1.0,2021.0,0.0,-9.41494923885889,-9.450822096265432,-9.379610941331059,-1.3743013033172498,-1.3974667031057646,-1.350677683191839,8.964034000469532,likely halves by 2030
water_gap,SVK,Slovak Republic,Europe & Central Asia,High income,-0.39490593749529684,-0.17281103806678103,15,2014,,,,,,,,,,,,,,,at/near parity
water_gap,SWE,Sweden,Europe & Central Asia,High income,0.5911526198229199,-0.039592380410362824,15,2014,,,,,,,,,,,,,,,at/near parity
water_gap,SWZ,Eswatini,Sub-Saharan Africa ,Lower middle income,33.15769272113855,-0.8963453311263685,15,2014,0.0,1.0,2033.0,0.0,1.0,2049.0,0.0,18.816012346895022,18.687125127470143,18.94778269624246,25.090347748394272,25.00503328305861,25.17682708639749,33.15769272113855,likely halves by 2050
water_gap,SYR,Syrian Arab Republic,"Middle East, North Africa, Afghanistan & Pakistan",Low income,4.927053240875811,-0.23073386084265565,15,2014,1.0,1.0,2025.0,1.0,1.0,2027.0,0.0,1.235420815542347,1.2152784807325356,1.255988834800339,2.850510125316188,2.8391973402098762,2.862067375926126,4.927053240875811,likely halves by 2030
water_gap,TCD,Chad,Sub-Saharan Africa ,Low income,38.531151746870115,-0.5086210870409585,15,2014,0.0,0.05475,2052.0,0.0,0.0,2086.0,0.0,30.38654169163511,29.990616187704425,30.780210554169376,33.95295632729936,33.69243289205284,34.1988146430092,38.531151746870115,halves after 2050
water_gap,TGO,Togo,Sub-Saharan Africa ,Lower middle income,32.89437059247333,-1.7377854820614052,15,2014,1.0,1.0,2024.0,0.051,1.0,2032.0,0.0,5.104911813883122,2.606175039093212,7.476370048726093,17.251101148261597,15.651012241348807,18.892963850889217,32.89437059247333,likely halves by 2030
water_gap,THA,Thailand,East Asia & Pacific,Upper middle income,2.0161782315036714,-0.2577408817087823,15,2014,1.0,1.0,2018.0,1.0,1.0,2015.0,0.0,-2.1072751951485316,-2.14062087303158,-2.0737240701893,-0.30323133970544697,-0.32547685782815755,-0.28130350658808734,2.0161782315036714,likely halves by 2030
water_gap,TJK,Tajikistan,Europe & Central Asia,Lower middle income,22.8229022679917,-1.7918122021521778,15,2014,1.0,1.0,2021.0,1.0,1.0,2026.0,0.0,-5.847130275856168,-6.154016594825593,-5.5387833361486045,6.696250711357623,6.494682931381566,6.901114064560062,22.8229022679917,likely halves by 2030
water_gap,TKM,Turkmenistan,Europe & Central Asia,Upper middle income,4.6905658426455314,-0.577388975685026,15,2014,1.0,1.0,2019.0,1.0,1.0,2019.0,0.0,-4.539789148645436,-5.036708636106458,-4.043534101794199,-0.505451272164281,-0.8242676266774872,-0.17366315570422433,4.6905658426455314,likely halves by 2030
water_gap,TLS,Timor-Leste,East Asia & Pacific,Lower middle income,25.048809324365955,-0.6271089542977533,13,2014,0.0,1.0,2034.0,0.0,0.315,2051.0,0.0,15.022523525569015,14.365656371359709,15.675842272570153,19.408718484888055,18.983457507948785,19.83570872824039,25.048809324365955,likely halves by 2050
water_gap,TON,Tonga,East Asia & Pacific,Upper middle income,0.0037897311082275716,0.07215682656714244,15,2014,,,,,,,,,,,,,,,at/near parity
water_gap,TTO,Trinidad and Tobago,Latin America & Caribbean ,High income,0.049505367990008965,0.02423286212354172,10,2014,,,,,,,,,,,,,,,at/near parity
water_gap,TUN,Tunisia,"Middle East, North Africa, Afghanistan & Pakistan",Lower middle income,17.93813606763033,-0.8182920941087748,15,2014,0.98025,1.0,2026.0,0.08425,0.9995,2034.0,0.0,4.8476238488239956,2.248523263546357,7.398630446878696,10.598350001312479,8.820894008980453,12.286046446320086,17.93813606763033,likely halves by 2030
water_gap,TUR,Turkiye,Europe & Central Asia,Upper middle income,3.6518131121976443,-0.26514630147067625,15,2014,1.0,1.0,2021.0,1.0,1.0,2021.0,0.0,-0.5762691424459878,-1.2987717946943302,0.11632241251135628,1.2642721542842266,0.799302413674484,1.732701026115784,3.6518131121976443,likely halves by 2030
water_gap,TUV,Tuvalu,East Asia & Pacific,Upper middle income,-1.0315378429609012,-0.0694738267726114,15,2014,,,,,,,,,,,,,,,at/near parity
water_gap,TZA,Tanzania,Sub-Saharan Africa ,Lower middle income,42.84055643163269,-0.551812610153902,15,2014,0.0,0.15775,2053.0,0.0,0.0,2088.0,0.0,33.996094993059344,33.01977573014322,34.992474625452594,37.858656337711814,37.21655514576062,38.52406191911639,42.84055643163269,halves after 2050
water_gap,UGA,Uganda,Sub-Saharan Africa ,Low income,37.289334687506496,-0.9978218264804726,15,2014,0.0005,1.0,2033.0,0.0,0.65075,2050.0,0.0,21.3494502285824,20.312039187617124,22.362062857534358,28.31881469138662,27.653047231068626,29.003277443581236,37.289334687506496,likely halves by 2050
water_gap,UKR,Ukraine,Europe & Central Asia,Upper middle income,-7.006167558303965,-0.7581374985955968,15,2014,,,,,,,,,,,,,,,at/near parity
water_gap,URY,Uruguay,Latin America & Caribbean ,High income,10.035931181367703,-0.8627262057386699,15,2014,0.99625,1.0,2020.0,0.958,0.9995,2024.0,0.0,-3.805353892081496,-8.00122814550325,0.54130368054517,2.21901866772345,-0.5981008959465095,5.120520991547165,10.035931181367703,likely halves by 2030
water_gap,USA,United States,North America,High income,2.4351403897326165,-0.1675278519459904,10,2014,0.92525,0.9905,2022.0,0.98775,0.99775,2017.0,0.00675,-0.2442841346774628,-1.6063340717314527,1.1400489551583863,0.9254672288389878,0.05440165799811221,1.8098068185094014,2.4351403897326165,likely halves by 2030
water_gap,UZB,Uzbekistan,Europe & Central Asia,Lower middle income,7.7172081565988835,-0.6532386321413342,15,2014,1.0,1.0,2020.0,1.0,1.0,2023.0,0.0,-2.732832657499637,-2.8264330759277576,-2.6348984391313293,1.838748019819021,1.7768256767770407,1.9014621478659168,7.7172081565988835,likely halves by 2030
water_gap,VCT,St. Vincent and the Grenadines,Latin America & Caribbean ,Upper middle income,1.414119269604791,0.08620540393479004,15,2014,,,,,,,,,,,,,,,at/near parity
water_gap,VNM,Viet Nam,East Asia & Pacific,Upper middle income,8.10924528502211,-0.7523183758062812,15,2014,1.0,1.0,2020.0,1.0,1.0,2023.0,0.0,-3.9276811390700854,-3.951812794694039,-3.9035301619997096,1.3385081353431016,1.3232777523681882,1.3537008770167631,8.10924528502211,likely halves by 2030
water_gap,VUT,Vanuatu,East Asia & Pacific,Lower middle income,14.445075040253112,-0.061308723499912426,15,2014,0.0,0.0,,0.0,0.0,,0.0,13.461405305887542,13.148692763781217,13.777667799276292,13.894351391539058,13.685305296661035,14.096949589167995,14.445075040253112,halving unlikely before 2100
water_gap,WSM,Samoa,East Asia & Pacific,Upper middle income,-1.2749801304195485,0.14201362319131342,15,2014,,,,,,,,,,,,,,,at/near parity
water_gap,YEM,"Yemen, Rep.","Middle East, North Africa, Afghanistan & Pakistan",Low income,33.3742249426075,-0.6810183059748571,15,2014,0.0005,0.98975,2039.0,0.0,0.022,2061.0,0.0,22.435565058175918,20.227193806981067,24.73177473574992,27.25207314773442,25.741887451759638,28.709643366001316,33.3742249426075,likely halves by 2050
water_gap,ZAF,South Africa,Sub-Saharan Africa ,Upper middle income,18.4859785010541,-0.8022554307426416,15,2014,1.0,1.0,2026.0,0.0,1.0,2035.0,0.0,5.649890559178049,5.629608103992585,5.670930410550996,11.265687797760933,11.254276231632604,11.27749813722657,18.4859785010541,likely halves by 2030
water_gap,ZMB,Zambia,Sub-Saharan Africa ,Lower middle income,41.614196348145036,-0.9803216050205603,15,2014,0.0,1.0,2036.0,0.0,0.0,2055.0,0.0,25.928080984168947,25.816011021849125,26.041152512821448,32.791248231582045,32.71657122453328,32.862705516632154,41.614196348145036,likely halves by 2050
water_gap,ZWE,Zimbabwe,Sub-Saharan Africa ,Lower middle income,39.63328681596875,-0.06419165935034944,15,2014,0.0,0.0,,0.0,0.0,,0.0,38.607032451548804,38.44042294099897,38.76805421540314,39.056819126036785,38.94770099025824,39.16377386808991,39.63328681596875,halving unlikely before 2100
sanitation_gap,AFG,Afghanistan,"Middle East, North Africa, Afghanistan & Pakistan",Low income,17.378686986515167,0.3518931832528604,15,2014,0.0,0.0,,0.0,0.0,,1.0,23.002829137689318,21.29615625307449,24.79281402953001,20.563402936197615,19.368136311916462,21.679321906474527,17.378686986515167,halving unlikely before 2100
sanitation_gap,AGO,Angola,Sub-Saharan Africa ,Lower middle income,39.06099616710516,0.04937550401346857,15,2014,0.0,0.0,,0.0,0.0,,1.0,39.84585883850333,39.700276895730234,40.0079701189887,39.50319029642904,39.39893116307548,39.60623812914656,39.06099616710516,halving unlikely before 2100
sanitation_gap,ALB,Albania,Europe & Central Asia,Upper middle income,2.9604093591394247,-0.7011012090030763,15,2014,1.0,1.0,2017.0,1.0,1.0,2016.0,0.0,-8.255559512349116,-8.329545655579917,-8.18353727698923,-3.349757769785529,-3.398277854682831,-3.3019476973453235,2.9604093591394247,likely halves by 2030
sanitation_gap,AND,Andorra,Europe & Central Asia,High income,0.0,-5.736758677529855e-07,15,2014,,,,,,,,,,,,,,,at/near parity
sanitation_gap,ARE,United Arab Emirates,"Middle East, North Africa, Afghanistan & Pakistan",High income,-0.951942111000008,-5.292501252895582e-07,15,2014,,,,,,,,,,,,,,,at/near parity
sanitation_gap,ARG,Argentina,Latin America & Caribbean ,Upper middle income,18.87425824341157,-0.17729264489848987,15,2014,0.0,0.132,2068.0,0.0,0.0,,0.0215,16.07849188509971,14.17074323030797,17.88200966847612,17.2958870808746,16.061164831916077,18.4984827759201,18.87425824341157,halves after 2050
sanitation_gap,ARM,Armenia,Europe & Central Asia,Upper middle income,16.682630234519788,0.11490082372209326,15,2014,0.0,0.0,,0.0,0.0,,1.0,18.521792065564327,18.498735085870447,18.54363841070556,17.71717550017809,17.70338915495049,17.73044650534143,16.682630234519788,halving unlikely before 2100
sanitation_gap,ATG,Antigua and Barbuda,Latin America & Caribbean ,High income,-2.708669905116411,0.09160813454294088,15,2014,,,,,,,,,,,,,,,at/near parity
sanitation_gap,AUT,Austria,Europe & Central Asia,High income,-0.03722465689502569,-0.002663135127564762,15,2014,,,,,,,,,,,,,,,at/near parity
sanitation_gap,AZE,Azerbaijan,Europe & Central Asia,Upper middle income,8.757406304437247,-0.6457797129787827,15,2014,1.0,1.0,2021.0,1.0,1.0,2025.0,0.0,-1.6283994712938756,-2.981592837983878,-0.20027206586869156,2.930441343122259,2.000990110732239,3.8357301341458587,8.757406304437247,likely halves by 2030
sanitation_gap,BDI,Burundi,Sub-Saharan Africa ,Low income,-3.6616435321060146,0.11968260194741388,15,2014,,,,,,,,,,,,,,,at/near parity
sanitation_gap,BEL,Belgium,Europe & Central Asia,High income,-0.001524676184884975,-0.0003691644992286829,15,2014,,,,,,,,,,,,,,,at/near parity
sanitation_gap,BEN,Benin,Sub-Saharan Africa ,Lower middle income,19.283035062247,0.19137239741133935,15,2014,0.0,0.0,,0.0,0.0,,1.0,22.340728342917252,22.16844745082241,22.51539251750246,21.00556933875314,20.892765239547003,21.118792544405842,19.283035062247,halving unlikely before 2100
sanitation_gap,BFA,Burkina Faso,Sub-Saharan Africa ,Low income,33.473009913630904,-0.5764611860199872,15,2014,0.0,0.97225,2044.0,0.0,0.0,2069.0,0.0,24.275276926873907,22.842821233329495,25.653402533876882,28.307865830762474,27.366285315095677,29.235418239806457,33.473009913630904,likely halves by 2050
sanitation_gap,BGD,Bangladesh,South Asia,Lower middle income,10.429479567526426,-0.8649952660947555,15,2014,1.0,1.0,2021.0,1.0,1.0,2024.0,0.0,-3.4186171159276975,-3.814236420065661,-3.0039269714104178,2.6394665959547106,2.383498703408057,2.914149404541295,10.429479567526426,likely halves by 2030
sanitation_gap,BGR,Bulgaria,Europe & Central Asia,High income,3.0651008216302538,-7.731900031395615e-06,15,2014,0.0,0.0,,0.0,0.0,,0.5025,3.0651894083928126,3.044702721186352,3.0857005082449005,3.065151511042739,3.053623883890727,3.0767181451677046,3.0651008216302538,halving unlikely before 2100
sanitation_gap,BIH,Bosnia and Herzegovina,Europe & Central Asia,Upper middle income,6.7280774974087585,0.059848963927750326,15,2014,0.0,0.0,,0.0,0.0,,1.0,7.688726608400348,7.561679249417085,7.814796720640057,7.268502414280876,7.183929769163514,7.351392715963768,6.7280774974087585,halving unlikely before 2100
sanitation_gap,BLR,Belarus,Europe & Central Asia,Upper middle income,-0.32400606346185845,0.27685354082052693,15,2014,,,,,,,,,,,,,,,at/near parity
sanitation_gap,BLZ,Belize,Latin America & Caribbean ,Upper middle income,12.092184519975067,0.5980605957928907,15,2014,0.0,0.0,,0.0,0.0,,1.0,21.673695134579354,20.292795478220643,23.09427794539749,17.49364451671122,16.5638978844399,18.423739066094846,12.092184519975067,halving unlikely before 2100
sanitation_gap,BOL,Bolivia,Latin America & Caribbean ,Lower middle income,30.341296858637897,-0.3219875074555779,15,2014,0.0,0.01175,2062.0,0.0,0.0,,0.0,25.200250144682318,24.17592391164074,26.168491496434733,27.45248324000415,26.79090690476198,28.09113367986487,30.341296858637897,halves after 2050
sanitation_gap,BRA,Brazil,Latin America & Caribbean ,Upper middle income,35.65684407953276,-0.6616669444892707,15,2014,0.0,1.0,2041.0,0.0,0.0,2065.0,0.0,25.070178651671508,25.048047103901627,25.092686470168818,29.701722298037268,29.688282240722668,29.715399396534036,35.65684407953276,likely halves by 2050
sanitation_gap,BTN,Bhutan,South Asia,Lower middle income,10.051189839019576,-1.6216982064287284,15,2014,1.0,1.0,2018.0,1.0,1.0,2019.0,0.0,-15.842288358084287,-19.779765660693332,-12.03727310066185,-4.518303577576186,-7.137481568515724,-1.9761884740119549,10.051189839019576,likely halves by 2030
sanitation_gap,BWA,Botswana,Sub-Saharan Africa ,Upper middle income,28.419682141368472,-0.8403960240332093,15,2014,0.00775,1.0,2031.0,0.0,1.0,2046.0,0.0,14.974539321397101,14.563102124992028,15.391633259370852,20.857834267760552,20.59064559509463,21.13247919001006,28.419682141368472,likely halves by 2050
sanitation_gap,CAF,Central African Republic,Sub-Saharan Africa ,Low income,22.823321567141804,-0.5005641379531174,15,2014,0.00325,0.99725,2037.0,0.0,0.12425,2056.0,0.0,14.76564014401037,13.161759495605539,16.328615260932967,18.27546044727329,17.2459510835036,19.32583565662811,22.823321567141804,likely halves by 2050
sanitation_gap,CAN,Canada,North America,High income,0.2151112106663304,-0.031001290271386744,15,2014,,,,,,,,,,,,,,,at/near parity
sanitation_gap,CHE,Switzerland,Europe & Central Asia,High income,0.02778338260585314,-0.003096015265301401,15,2014,,,,,,,,,,,,,,,at/near parity
sanitation_gap,CHL,Chile,Latin America & Caribbean ,High income,8.026024691498902,-1.221507186600177,15,2014,1.0,1.0,2018.0,1.0,1.0,2019.0,0.0,-11.518381803836345,-11.538912787773192,-11.497095028381437,-2.967705863337896,-2.979262127760198,-2.9557314722712995,8.026024691498902,likely halves by 2030
sanitation_gap,CHN,China,East Asia & Pacific,Upper middle income,15.728519932678884,-1.1282571151582872,15,2014,0.9985,1.0,2021.0,0.90125,1.0,2027.0,0.0,-2.3215262234507827,-6.584953593299757,1.9814781427213162,5.534458161849656,2.761288885692678,8.476442985105972,15.728519932678884,likely halves by 2030
sanitation_gap,CIV,Cote d'Ivoire,Sub-Saharan Africa ,Lower middle income,30.328024479787743,0.006099286515955401,15,2014,0.0,0.0,,0.0,0.0,,0.65825,30.420455036540915,30.133818089813417,30.71941582288697,30.383900487802087,30.18849152854398,30.578987426866924,30.328024479787743,halving unlikely before 2100
sanitation_gap,CMR,Cameroon,Sub-Saharan Africa ,Lower middle income,33.69435107437774,0.28466825249055533,15,2014,0.0,0.0,,0.0,0.0,,1.0,38.251865401681776,37.42078975733213,39.079309464025414,36.25808746533153,35.70163324668677,36.7970851018459,33.69435107437774,halving unlikely before 2100
sanitation_gap,COD,"Congo, Dem. Rep.",Sub-Saharan Africa ,Low income,7.378472426332904,0.5348471496455505,15,2014,0.0,0.0,,0.0,0.0,,1.0,15.939586184869896,15.019207191869542,16.80949033521408,12.191533970226331,11.59219762362471,12.767101970452728,7.378472426332904,halving unlikely before 2100
sanitation_gap,COG,"Congo, Rep.",Sub-Saharan Africa ,Lower middle income,18.709528787434458,0.5832362551123681,15,2014,0.0,0.0,,0.0,0.0,,1.0,28.02459529505473,26.631042254428493,29.514549531890022,23.974752484370292,23.020256186813157,24.90724909893596,18.709528787434458,halving unlikely before 2100
sanitation_gap,COL,Colombia,Latin America & Caribbean ,Upper middle income,15.616255161737673,-0.34753140589315834,15,2014,0.0,1.0,2037.0,0.0,0.0,2054.0,0.0,10.055066996361386,9.877986196497684,10.232269898912682,12.488399448446255,12.36911115661756,12.604079377127938,15.616255161737673,likely halves by 2050
sanitation_gap,COM,Comoros,Sub-Saharan Africa ,Lower middle income,9.31072228433535,-0.8689824194190797,15,2014,1.0,1.0,2020.0,1.0,1.0,2023.0,0.0,-4.597298401016168,-5.0441904692387185,-4.162478883016141,1.4862950193000186,1.1974552581965743,1.7767653290081262,9.31072228433535,likely halves by 2030
sanitation_gap,CPV,Cabo Verde,Sub-Saharan Africa ,Upper middle income,19.43823175252824,-1.0222988047600985,15,2014,1.0,1.0,2024.0,0.0965,1.0,2032.0,0.0,3.096317108742375,2.0269552157725244,4.159141641609146,10.23431877022233,9.544551332985423,10.940970085104212,19.43823175252824,likely halves by 2030
sanitation_gap,CRI,Costa Rica,Latin America & Caribbean ,High income,3.80429019034089,-0.24891310639895012,15,2014,1.0,1.0,2022.0,1.0,1.0,2022.0,0.0,-0.18209386196608632,-0.4980442193999064,0.14225707288354902,1.5621768626463912,1.3539074216351354,1.7730466000352718,3.80429019034089,likely halves by 2030
sanitation_gap,CUB,Cuba,Latin America & Caribbean ,Upper middle income,6.24852901600656,-0.4064667629195027,15,2014,1.0,1.0,2022.0,1.0,1.0,2025.0,0.0,-0.25132999172658366,-1.0219256665265173,0.5017732325384554,2.598192223320513,2.088472436877102,3.088086079223573,6.24852901600656,likely halves by 2030
sanitation_gap,CYP,Cyprus,Europe & Central Asia,High income,0.5101126701003867,0.031223656057798196,15,2014,,,,,,,,,,,,,,,at/near parity
sanitation_gap,CZE,Czechia,Europe & Central Asia,High income,-0.4059753524368537,-0.13280886227338493,15,2014,,,,,,,,,,,,,,,at/near parity
sanitation_gap,DEU,Germany,Europe & Central Asia,High income,0.3017073011945967,-5.736758677529855e-07,15,2014,,,,,,,,,,,,,,,at/near parity
sanitation_gap,DJI,Djibouti,"Middle East, North Africa, Afghanistan & Pakistan",Lower middle income,53.548585265390116,0.5797709232370504,15,2014,0.0,0.0,,0.0,0.0,,1.0,62.88429551652129,59.94634920599904,65.84347773753855,58.79655185392369,56.84266057748733,60.70739012292763,53.548585265390116,halving unlikely before 2100
sanitation_gap,DNK,Denmark,Europe & Central Asia,High income,-0.0004052512456951,-5.736758677529855e-07,15,2014,,,,,,,,,,,,,,,at/near parity
sanitation_gap,DOM,Dominican Republic,Latin America & Caribbean ,Upper middle income,11.632726220566578,-0.09022680705112071,15,2014,0.0,0.0,2079.0,0.0,0.0,,0.0,10.188982046269484,10.156077562190998,10.222252007084261,10.820652082394478,10.799117848914145,10.84192762543934,11.632726220566578,halves after 2050
sanitation_gap,DZA,Algeria,"Middle East, North Africa, Afghanistan & Pakistan",Upper middle income,12.45185068625849,-0.40373831331436344,15,2014,0.63875,1.0,2030.0,0.0,0.9995,2040.0,0.0,5.990714028830709,5.127331003199807,6.8428516034785165,8.8105776311127,8.254399119306715,9.372264726700068,12.45185068625849,likely halves by 2030
sanitation_gap,ECU,Ecuador,Latin America & Caribbean ,Upper middle income,13.465871472700076,-0.6262616223287262,15,2014,1.0,1.0,2025.0,0.04175,1.0,2033.0,0.0,3.4367143207803332,2.3363850861786903,4.541324832883982,7.837798648852114,7.086337256067464,8.535362606887691,13.465871472700076,likely halves by 2030
sanitation_gap,EGY,"Egypt, Arab Rep.","Middle East, North Africa, Afghanistan & Pakistan",Lower middle income,5.24804557595002,-0.022765833811429333,15,2014,0.0,0.0,,0.0,0.0,,0.0,4.8842799439686875,4.863436918456966,4.905439122225458,5.043269692754809,5.031540563542811,5.055721691252976,5.24804557595002,halving unlikely before 2100
sanitation_gap,ERI,Eritrea,Sub-Saharan Africa ,Low income,16.43377116726332,-0.6753113038419072,15,2014,0.93375,1.0,2027.0,0.0155,0.998,2036.0,0.0,5.6737842208550955,3.6062453067471667,7.855823078402309,10.384757580780082,8.983365745165724,11.80906581431647,16.43377116726332,likely halves by 2030
sanitation_gap,ESP,Spain,Europe & Central Asia,High income,-0.1183240432335293,0.003701132272331384,15,2014,,,,,,,,,,,,,,,at/near parity
sanitation_gap,EST,Estonia,Europe & Central Asia,High income,0.025659903345568315,-0.04051343078498736,15,2014,,,,,,,,,,,,,,,at/near parity
sanitation_gap,ETH,Ethiopia,Sub-Saharan Africa ,Low income,15.423259519170081,0.12048875350660852,15,2014,0.0,0.0,,0.0,0.0,,0.99725,17.359945751328603,16.518639966661766,18.217067144935,16.51419707721935,15.947728780902251,17.088206991943434,15.423259519170081,halving unlikely before 2100
sanitation_gap,FIN,Finland,Europe & Central Asia,High income,-0.006664306287829844,-2.468835589003681e-06,15,2014,,,,,,,,,,,,,,,at/near parity
sanitation_gap,FJI,Fiji,East Asia & Pacific,Upper middle income,4.424484434888794,-0.6692509525895595,15,2014,1.0,1.0,2018.0,1.0,1.0,2018.0,0.0,-6.280982214028175,-8.361211866844364,-4.106150050547459,-1.6069055705833182,-2.955175753846097,-0.18907871231369788,4.424484434888794,likely halves by 2030
sanitation_gap,FRA,France,Europe & Central Asia,High income,-0.3021148036253862,-5.736758677529855e-07,15,2014,,,,,,,,,,,,,,,at/near parity
sanitation_gap,GAB,Gabon,Sub-Saharan Africa ,Upper middle income,29.41316668677066,0.6615309231196591,15,2014,0.0,0.0,,0.0,0.0,,1.0,39.99513865895692,39.828859795397065,40.16664585490881,35.36471386332143,35.25553733006033,35.47545242218212,29.41316668677066,halving unlikely before 2100
sanitation_gap,GBR,United Kingdom,Europe & Central Asia,High income,-0.4383776328986926,-5.736758677529855e-07,15,2014,,,,,,,,,,,,,,,at/near parity
sanitation_gap,GEO,Georgia,Europe & Central Asia,Upper middle income,22.22831963433256,-0.41069425055735903,15,2014,0.0,1.0,2042.0,0.0,0.0,2064.0,0.0,15.657816890125943,15.479892201903091,15.834414482179769,18.532437940733878,18.41680342121031,18.64600971794911,22.22831963433256,likely halves by 2050
sanitation_gap,GHA,Ghana,Sub-Saharan Africa ,Lower middle income,12.385025342758567,0.2649849429599842,15,2014,0.0,0.0,,0.0,0.0,,1.0,16.62674045200055,15.92888930394673,17.317484734165348,14.774536639449787,14.323852294528722,15.223538096473543,12.385025342758567,halving unlikely before 2100
sanitation_gap,GIN,Guinea,Sub-Saharan Africa ,Lower middle income,22.45903607225369,0.31746742607877276,15,2014,0.0,0.0,,0.0,0.0,,1.0,27.53248515734618,26.97620087725984,28.10096556871926,25.32323137816872,24.944974674852595,25.691238866576807,22.45903607225369,halving unlikely before 2100
sanitation_gap,GMB,"Gambia, The",Sub-Saharan Africa ,Low income,16.485260689124942,2.1957214327445738,15,2014,0.0,0.0,,0.0,0.0,,1.0,51.66632519262882,46.45891685461845,57.23608148119244,36.36226847287804,32.6680492263424,39.891410166305015,16.485260689124942,halving unlikely before 2100
sanitation_gap,GNB,Guinea-Bissau,Sub-Saharan Africa ,Low income,20.83322923042296,0.5900045715490494,15,2014,0.0,0.0,,0.0,0.0,,1.0,30.274040422947976,28.751813221475622,31.838796872115445,26.135729367096097,25.112129603688196,27.178541448467257,20.83322923042296,halving unlikely before 2100
sanitation_gap,GNQ,Equatorial Guinea,Sub-Saharan Africa ,Upper middle income,12.647259699435489,-0.4421083019082855,15,2014,0.832,1.0,2029.0,0.0,1.0,2039.0,0.0,5.574361453720153,4.641900417797609,6.5592968974889185,8.663639985453282,8.040900344457402,9.30966730944629,12.647259699435489,likely halves by 2030
sanitation_gap,GRC,Greece,Europe & Central Asia,High income,1.370794758064198,-0.12343999303008195,15,2014,,,,,,,,,,,,,,,at/near parity
sanitation_gap,GTM,Guatemala,Latin America & Caribbean ,Upper middle income,26.615821146531488,-0.5759113800078987,15,2014,0.0,1.0,2038.0,0.0,0.0,2057.0,0.0,17.403451387254208,17.019975797257338,17.77886598721939,21.432143880602343,21.185809523675328,21.67577923531598,26.615821146531488,likely halves by 2050
sanitation_gap,GUY,Guyana,Latin America & Caribbean ,High income,5.180156007951607,-0.3710714505676649,15,2014,1.0,1.0,2021.0,1.0,1.0,2023.0,0.0,-0.7373265767344009,-1.329642522007017,-0.14858658002406047,1.8472526830956675,1.4780589780294349,2.2336439285200544,5.180156007951607,likely halves by 2030
sanitation_gap,HND,Honduras,Latin America & Caribbean ,Lower middle income,13.467365620643479,-0.5419917215771282,15,2014,1.0,1.0,2027.0,0.0,1.0,2036.0,0.0,4.796121673460743,4.736267662618644,4.857701313640982,8.58941930626263,8.550820994594318,8.630024562515418,13.467365620643479,likely halves by 2030
sanitation_gap,HRV,Croatia,Europe & Central Asia,High income,4.18185231875776,0.1906529551558262,15,2014,0.0,0.0,,0.0,0.0,,1.0,7.2270331472014355,6.7591039752258615,7.711838772898874,5.895147533992254,5.5856740054831295,6.207377241141559,4.18185231875776,halving unlikely before 2100
sanitation_gap,HTI,Haiti,Latin America & Caribbean ,Lower middle income,14.435464597821309,-0.38293921641799833,15,2014,0.0,1.0,2033.0,0.0,1.0,2047.0,0.0,8.311884089536308,8.13923899334903,8.482675976721726,10.991783343582537,10.878381843732402,11.110437807006477,14.435464597821309,likely halves by 2050
sanitation_gap,HUN,Hungary,Europe & Central Asia,High income,-0.8147549448823099,-5.736758677529855e-07,15,2014,,,,,,,,,,,,,,,at/near parity
sanitation_gap,IDN,Indonesia,East Asia & Pacific,Upper middle income,20.36255186181392,-1.1879161529531128,15,2014,1.0,1.0,2023.0,0.78525,1.0,2030.0,0.0,1.3542586020733989,0.2428099350885272,2.432169589027243,9.677419495131488,8.955638423561227,10.379382862527104,20.36255186181392,likely halves by 2030
sanitation_gap,IND,India,South Asia,Lower middle income,23.030218018494583,-1.6495622147642945,15,2014,1.0,1.0,2021.0,1.0,1.0,2027.0,0.0,-3.345987298890109,-4.169737162763353,-2.5441339146215918,8.18634066897262,7.636830143780423,8.744599575036899,23.030218018494583,likely halves by 2030
sanitation_gap,IRL,Ireland,Europe & Central Asia,High income,-5.141632307426804,-0.02861700086835409,15,2014,,,,,,,,,,,,,,,at/near parity
sanitation_gap,IRN,"Iran, Islamic Rep.","Middle East, North Africa, Afghanistan & Pakistan",Upper middle income,15.648588128449793,-0.7656882620581025,15,2014,1.0,1.0,2025.0,0.0,1.0,2032.0,0.0,3.3975834679399313,3.3765056270972282,3.417695094120227,8.757390688025087,8.745545813611844,8.768738219051507,15.648588128449793,likely halves by 2030
sanitation_gap,IRQ,Iraq,"Middle East, North Africa, Afghanistan & Pakistan",Upper middle income,9.473843805208881,-0.9555408368681769,15,2014,1.0,1.0,2019.0,1.0,1.0,2022.0,0.0,-5.814212443870979,-7.523454209237503,-4.060903631974943,0.9019265957630691,-0.22648221024632315,1.9989959049790826,9.473843805208881,likely halves by 2030
sanitation_gap,ISL,Iceland,Europe & Central Asia,High income,-1.2987012969696432,0.00015244283570575135,15,2014,,,,,,,,,,,,,,,at/near parity
sanitation_gap,ISR,Israel,"Middle East, North Africa, Afghanistan & Pakistan",High income,0.3234536072713835,0.02303943603196587,15,2014,,,,,,,,,,,,,,,at/near parity
sanitation_gap,ITA,Italy,Europe & Central Asia,High income,-0.0201822809921026,-5.736758677529855e-07,15,2014,,,,,,,,,,,,,,,at/near parity
sanitation_gap,JAM,Jamaica,Latin America & Caribbean ,Upper middle income,-3.0385475190549376,-0.07875282622158257,15,2014,,,,,,,,,,,,,,,at/near parity
sanitation_gap,JOR,Jordan,"Middle East, North Africa, Afghanistan & Pakistan",Upper middle income,1.2027904844299109,0.0671113287050991,15,2014,,,,,,,,,,,,,,,at/near parity
sanitation_gap,KAZ,Kazakhstan,Europe & Central Asia,Upper middle income,-1.5478975460204198,-0.07511867658834791,15,2014,,,,,,,,,,,,,,,at/near parity
sanitation_gap,KEN,Kenya,Sub-Saharan Africa ,Lower middle income,1.9369129342150662,-0.3361794078308142,15,2014,,,,,,,,,,,,,,,at/near parity
sanitation_gap,KGZ,Kyrgyz Republic,Europe & Central Asia,Lower middle income,-3.222240174362724,-0.10831668061560168,15,2014,,,,,,,,,,,,,,,at/near parity
sanitation_gap,KHM,Cambodia,East Asia & Pacific,Lower middle income,34.601940615213344,-1.3249008039420134,15,2014,0.781,0.99925,2028.0,0.011,0.9505,2039.0,0.0,13.50023383841235,6.812345086874089,19.81325572196363,22.71196798849823,18.439650353683835,26.95752978043928,34.601940615213344,likely halves by 2030
sanitation_gap,KIR,Kiribati,East Asia & Pacific,Lower middle income,18.94228281576461,-0.694521578318686,15,2014,0.799,1.0,2028.0,0.0025,0.9835,2039.0,0.0,7.779136246023716,5.381091399388841,10.34700634592869,12.682394088798503,11.033097001444526,14.265880622372778,18.94228281576461,likely halves by 2030
sanitation_gap,LAO,Lao PDR,East Asia & Pacific,Lower middle income,31.742802827266978,-1.3751809421351306,15,2014,1.0,1.0,2026.0,0.0,1.0,2036.0,0.0,9.75008322925574,8.966732369831684,10.501660774147407,19.36181061456223,18.86146389720624,19.879214079748323,31.742802827266978,likely halves by 2030
sanitation_gap,LBR,Liberia,Sub-Saharan Africa ,Low income,23.45682627402531,0.240510849270855,15,2014,0.0,0.0,,0.0,0.0,,1.0,27.29733315307972,26.521924421155454,28.108129438777343,25.63480480504879,25.09335214430905,26.14193821376684,23.45682627402531,halving unlikely before 2100
sanitation_gap,LCA,St. Lucia,Latin America & Caribbean ,Upper middle income,-7.575309443823203,-0.40394893336494103,15,2014,,,,,,,,,,,,,,,at/near parity
sanitation_gap,LKA,Sri Lanka,South Asia,Upper middle income,0.0465650305651056,0.12267876260044512,15,2014,,,,,,,,,,,,,,,at/near parity
sanitation_gap,LSO,Lesotho,Sub-Saharan Africa ,Lower middle income,2.8883613240931716,-0.8429726961469178,15,2014,1.0,1.0,2016.0,1.0,1.0,2016.0,0.0,-10.59526642726259,-11.087950520064132,-10.094174096607825,-4.698905289426662,-5.029080990938358,-4.37471877230865,2.8883613240931716,likely halves by 2030
sanitation_gap,LTU,Lithuania,Europe & Central Asia,High income,14.275783526927748,-0.9898758857875501,15,2014,1.0,1.0,2022.0,1.0,1.0,2027.0,0.0,-1.562542611522367,-1.8739149077145372,-1.2375579231267064,5.3736931750268555,5.166580491345544,5.5757575497542184,14.275783526927748,likely halves by 2030
sanitation_gap,LUX,Luxembourg,Europe & Central Asia,High income,-1.3228954450609087,-0.00468748931488752,15,2014,,,,,,,,,,,,,,,at/near parity
sanitation_gap,LVA,Latvia,Europe & Central Asia,High income,14.370440816459428,-0.4472055682449903,15,2014,0.49775,1.0,2031.0,0.0,0.99275,2042.0,0.0,7.189442932134526,6.176245226357394,8.249521207120038,10.342946901061376,9.670093670673165,11.030598739681434,14.370440816459428,likely halves by 2050
sanitation_gap,MAR,Morocco,"Middle East, North Africa, Afghanistan & Pakistan",Lower middle income,27.277205884283184,-0.4940104193421314,15,2014,0.00125,0.857,2042.0,0.0,0.02125,2066.0,0.0,19.39484118352925,16.900223300515048,21.902001172866804,22.855184695216565,21.17774173852316,24.551556834545405,27.277205884283184,likely halves by 2050
sanitation_gap,MDA,Moldova,Europe & Central Asia,Upper middle income,16.128131072329854,-0.8546527212621523,15,2014,1.0,1.0,2024.0,0.24275,1.0,2031.0,0.0,2.4485689438515115,1.6490423502328702,3.2476891490501525,8.43269622172701,7.895401776404545,8.96404261338142,16.128131072329854,likely halves by 2030
sanitation_gap,MDG,Madagascar,Sub-Saharan Africa ,Low income,9.763768135181037,0.19051156654550244,15,2014,0.0,0.0,,0.0,0.0,,1.0,12.811027546129441,12.740490228552291,12.88558445648914,11.478237586683797,11.431161217651393,11.527635026017846,9.763768135181037,halving unlikely before 2100
sanitation_gap,MDV,Maldives,South Asia,Upper middle income,10.232431796950157,-0.9500740733267641,15,2014,1.0,1.0,2020.0,1.0,1.0,2023.0,0.0,-4.970462719650601,-5.2976254097182265,-4.639978945371266,1.6828638773795714,1.4665997162375668,1.8989266390913413,10.232431796950157,likely halves by 2030
sanitation_gap,MEX,Mexico,Latin America & Caribbean ,Upper middle income,14.211244657133197,-1.1246806653165162,15,2014,1.0,1.0,2021.0,1.0,1.0,2025.0,0.0,-3.782518607169843,-4.00829741453697,-3.5594265439445834,4.089250077884163,3.9417768190305544,4.2382962525341785,14.211244657133197,likely halves by 2030
sanitation_gap,MHL,Marshall Islands,East Asia & Pacific,Upper middle income,23.331923727192347,-0.6517581260321353,15,2014,0.315,0.98925,2032.0,0.0,0.6675,2047.0,0.0,12.930381751051069,9.680099840883447,16.202110124435812,17.43950708135027,15.328820799775706,19.680876983696443,23.331923727192347,likely halves by 2050
sanitation_gap,MKD,North Macedonia,Europe & Central Asia,Upper middle income,6.605504330543809,-0.3635929841191147,15,2014,0.962,1.0,2023.0,0.81175,0.99825,2027.0,0.0,0.7384411174174845,-1.0365479629496523,2.603761903495169,3.302757516054027,2.1268844525926114,4.538358965018299,6.605504330543809,likely halves by 2030
sanitation_gap,MLI,Mali,Sub-Saharan Africa ,Low income,22.661436683826853,-0.31832528066997284,15,2014,0.0,0.893,2050.0,0.0,0.0,2079.0,0.0,17.56873809191743,17.501076151451738,17.636823105664345,19.796996242501955,19.75395058424797,19.84203172327784,22.661436683826853,likely halves by 2050
sanitation_gap,MLT,Malta,"Middle East, North Africa, Afghanistan & Pakistan",High income,-0.03500001647816998,0.001428035975469581,15,2014,,,,,,,,,,,,,,,at/near parity
sanitation_gap,MMR,Myanmar,East Asia & Pacific,Lower middle income,12.93913583164314,-0.6177331022639003,15,2014,1.0,1.0,2025.0,0.0675,1.0,2032.0,0.0,3.0612346225653013,2.1560753619997364,3.9538946089962095,7.36471689897688,6.788356626731922,7.965401161488559,12.93913583164314,likely halves by 2030
sanitation_gap,MNE,Montenegro,Europe & Central Asia,Upper middle income,5.7010026158661855,0.12916073184655047,9,2014,0.0,0.0,,0.0,0.0,,1.0,7.767711019345011,7.746686622682617,7.788050591907642,6.863469174625445,6.851291249904025,6.875338436082599,5.7010026158661855,halving unlikely before 2100
sanitation_gap,MNG,Mongolia,East Asia & Pacific,Upper middle income,32.80476883868979,-0.06721015599431178,15,2014,0.0,0.0,,0.0,0.0,,0.09575,31.73259505264338,30.691389571282812,32.79158141506496,32.20998305495977,31.516034618060463,32.863583910731045,32.80476883868979,halving unlikely before 2100
sanitation_gap,MOZ,Mozambique,Sub-Saharan Africa ,Low income,36.17313222964613,0.5024507743820977,15,2014,0.0,0.0,,0.0,0.0,,1.0,44.213175648881986,44.125002859155494,44.29842858756617,40.695596048416284,40.637917818244134,40.751282892140445,36.17313222964613,halving unlikely before 2100
sanitation_gap,MRT,Mauritania,Sub-Saharan Africa ,Lower middle income,42.42852115918179,0.8388119605633058,15,2014,0.0,0.0,,0.0,0.0,,1.0,55.84798611479762,53.22289521100641,58.44656422901983,49.996610850531056,48.23786263329651,51.71588090255973,42.42852115918179,halving unlikely before 2100
sanitation_gap,MUS,Mauritius,Sub-Saharan Africa ,Upper middle income,2.2193712587918974,-0.07513153162519223,15,2014,1.0,1.0,2029.0,1.0,1.0,2017.0,0.0,1.0170064367626064,0.9955511472128681,1.039104457361297,1.543012718020766,1.5304868781695113,1.556150854060587,2.2193712587918974,likely halves by 2030
sanitation_gap,MWI,Malawi,Sub-Saharan Africa ,Low income,6.811356759418456,-0.7468411414150407,15,2014,0.99975,1.0,2019.0,0.997,1.0,2021.0,0.0,-5.106284854959348,-8.663351458750803,-1.5925339598920885,0.13750971867426487,-2.2492465097504066,2.479751267705533,6.811356759418456,likely halves by 2030
sanitation_gap,MYS,Malaysia,East Asia & Pacific,Upper middle income,1.4225135821785775,-0.17315372990243372,15,2014,,,,,,,,,,,,,,,at/near parity
sanitation_gap,NAM,Namibia,Sub-Saharan Africa ,Lower middle income,34.09179154472763,-0.9093510193742067,15,2014,0.0,1.0,2033.0,0.0,1.0,2050.0,0.0,19.542517956737488,19.52171785288257,19.56308142793179,25.907866720044282,25.895973276083133,25.919385551676378,34.09179154472763,likely halves by 2050
sanitation_gap,NER,Niger,Sub-Saharan Africa ,Low income,34.34188974673884,0.8276777494979147,15,2014,0.0,0.0,,0.0,0.0,,1.0,47.58172874533088,46.828308512891006,48.305639820077374,41.793722811161345,41.298471804128546,42.26207399160899,34.34188974673884,halving unlikely before 2100
sanitation_gap,NGA,Nigeria,Sub-Saharan Africa ,Lower middle income,14.088981463587865,0.969764409347453,15,2014,0.0,0.0,,0.0,0.0,,1.0,29.619478654465965,28.073416273226112,31.250719305620937,22.853556624691993,21.77735479062778,23.879257980773488,14.088981463587865,halving unlikely before 2100
sanitation_gap,NLD,Netherlands,Europe & Central Asia,High income,-2.3939519467149344,0.0003091513019431939,15,2014,,,,,,,,,,,,,,,at/near parity
sanitation_gap,NOR,Norway,Europe & Central Asia,High income,-0.2999999999999971,-5.736758677529855e-07,15,2014,,,,,,,,,,,,,,,at/near parity
sanitation_gap,NPL,Nepal,South Asia,Lower middle income,8.03767056986288,-0.9471539801924957,15,2014,1.0,1.0,2019.0,1.0,1.0,2021.0,0.0,-7.113262582391966,-7.849917298421285,-6.374389520369371,-0.4874173024671255,-0.9731751021420423,-0.0024647113668714634,8.03767056986288,likely halves by 2030
sanitation_gap,NZL,New Zealand,East Asia & Pacific,High income,0.0,-5.241526210341013e-07,15,2014,,,,,,,,,,,,,,,at/near parity
sanitation_gap,OMN,Oman,"Middle East, North Africa, Afghanistan & Pakistan",High income,1.4013538162336578,-0.9782651227869426,15,2014,,,,,,,,,,,,,,,at/near parity
sanitation_gap,PAK,Pakistan,"Middle East, North Africa, Afghanistan & Pakistan",Lower middle income,29.656019878516123,-1.013846306578973,15,2014,0.65275,1.0,2029.0,0.00025,0.913,2042.0,0.0,13.374704524740128,9.254990251260875,17.75487588472185,20.538407467287037,17.741840463808103,23.33216979612087,29.656019878516123,likely halves by 2030
sanitation_gap,PAN,Panama,Latin America & Caribbean ,High income,27.661273176319476,-0.16193298034713094,15,2014,0.0,0.0,2100.0,0.0,0.0,,0.0,25.07377448736687,24.559073170800325,25.57347335193681,26.202924849642564,25.868891973306763,26.534552919684,27.661273176319476,halving unlikely before 2100
sanitation_gap,PER,Peru,Latin America & Caribbean ,Upper middle income,31.307218355458446,-0.9272353928527046,15,2014,0.0,1.0,2031.0,0.0,1.0,2046.0,0.0,16.468192659951082,16.365378808891027,16.573731385036073,22.959953762261673,22.88954063946428,23.03119218592078,31.307218355458446,likely halves by 2050
sanitation_gap,PHL,Philippines,East Asia & Pacific,Upper middle income,7.580123482769681,-0.6153026310109809,15,2014,1.0,1.0,2021.0,1.0,1.0,2024.0,0.0,-2.278954354917534,-3.164687762796998,-1.3698488259508756,2.0346002187387042,1.4592316807783154,2.6294206696850253,7.580123482769681,likely halves by 2030
sanitation_gap,PLW,Palau,East Asia & Pacific,High income,5.667202698944802,-0.6183891173224878,15,2014,1.0,1.0,2019.0,1.0,1.0,2020.0,0.0,-4.22726770811235,-4.247580762412078,-4.206932023735734,0.10156039467769687,0.09013819803318665,0.11298624390262059,5.667202698944802,likely halves by 2030
sanitation_gap,PNG,Papua New Guinea,East Asia & Pacific,Lower middle income,37.396413849757295,-0.6163752676658819,15,2014,0.00025,0.77575,2045.0,0.0,0.00125,2072.0,0.0,27.551535140986527,24.316036052028412,30.606858310078117,31.810205608186145,29.771347858885516,33.890318261009334,37.396413849757295,likely halves by 2050
sanitation_gap,POL,Poland,Europe & Central Asia,High income,1.791169380762596,-1.0744076271378729,15,2014,,,,,,,,,,,,,,,at/near parity
sanitation_gap,PRK,"Korea, Dem. People's Rep.",East Asia & Pacific,Low income,16.42705979214325,0.25398418537367684,13,2014,0.0,0.0,,0.0,0.0,,0.99975,20.48142994307681,19.03779152878675,21.931396546637473,18.71022420402474,17.760109601478927,19.679950556305005,16.42705979214325,halving unlikely before 2100
sanitation_gap,PRT,Portugal,Europe & Central Asia,High income,0.31582547400360067,-0.11742203992248872,15,2014,,,,,,,,,,,,,,,at/near parity
sanitation_gap,PRY,Paraguay,Latin America & Caribbean ,Upper middle income,14.152136463502702,-1.3957114361247258,15,2014,1.0,1.0,2020.0,1.0,1.0,2023.0,0.0,-8.185186408658387,-8.349440544659162,-8.01631409604825,1.5891325656475068,1.4813239317176652,1.6988765401471575,14.152136463502702,likely halves by 2030
sanitation_gap,PSE,West Bank and Gaza,"Middle East, North Africa, Afghanistan & Pakistan",Lower middle income,2.272401006753367,-0.17783526415112588,15,2014,0.99925,1.0,2021.0,1.0,1.0,2016.0,0.0,-0.5746945220781601,-1.2653430892693678,0.12768348450839087,0.6722405414306714,0.22462875313038524,1.1182870094058457,2.272401006753367,likely halves by 2030
sanitation_gap,ROU,Romania,Europe & Central Asia,High income,27.805240651147706,-0.6965639730782055,14,2014,0.2005,0.97025,2034.0,0.0,0.4545,2051.0,0.00025,16.593220547069173,12.459457057589438,20.837325850833565,21.483924461100898,18.73346037570556,24.236088965843273,27.805240651147706,likely halves by 2050
sanitation_gap,RUS,Russian Federation,Europe & Central Asia,High income,21.197674418585585,0.460481069968105,13,2014,0.0,0.0,,0.0,0.0,,0.9995,28.57690011906583,25.718888982083055,31.360003378259957,25.353547013997257,23.483007050161245,27.202840081775374,21.197674418585585,halving unlikely before 2100
sanitation_gap,RWA,Rwanda,Sub-Saharan Africa ,Low income,-9.454974046020736,-2.0534489591838985,15,2014,,,,,,,,,,,,,,,at/near parity
sanitation_gap,SDN,Sudan,Sub-Saharan Africa ,Low income,30.27638019537184,-0.13848093320526472,15,2014,0.0,0.0,,0.0,0.0,,0.00175,28.048533567868006,27.183276917131135,28.952594822128823,29.03004288769721,28.444239049741654,29.61341195771554,30.27638019537184,halving unlikely before 2100
sanitation_gap,SEN,Senegal,Sub-Saharan Africa ,Lower middle income,27.317153631575767,-0.9088056455530552,15,2014,0.99,1.0,2030.0,0.0,1.0,2042.0,0.0,12.767883750465357,12.30807565488845,13.242326967434188,19.132479403157873,18.83063918805617,19.451123834131888,27.317153631575767,likely halves by 2030
sanitation_gap,SLB,Solomon Islands,East Asia & Pacific,Lower middle income,53.50432614445346,0.11725016643990395,15,2014,0.0,0.0,,0.0,0.0,,1.0,55.37923718549963,54.794315971224954,55.96650801040635,54.56058260096785,54.18500391130209,54.956425043405424,53.50432614445346,halving unlikely before 2100
sanitation_gap,SLE,Sierra Leone,Sub-Saharan Africa ,Low income,17.530068921600325,0.33918969668774845,15,2014,0.0,0.0,,0.0,0.0,,1.0,22.975385217127908,21.986127774811134,23.916143961035527,20.591555054350476,19.952257022200335,21.222578941045835,17.530068921600325,halving unlikely before 2100
sanitation_gap,SLV,El Salvador,Latin America & Caribbean ,Upper middle income,14.851262798881576,-0.08095963510132285,15,2014,0.0,0.0,,0.0,0.0,,0.0,13.548191937935076,13.234425977007367,13.874493827873717,14.119765738254369,13.918125505675192,14.329133679728296,14.851262798881576,halving unlikely before 2100
sanitation_gap,SOM,"Somalia, Fed. Rep.",Sub-Saharan Africa ,Low income,30.406937697237613,-0.845365230479803,15,2014,0.00775,1.0,2032.0,0.0,0.93125,2048.0,0.0,16.86651026958249,15.963920003800032,17.812209228401727,22.79812883705585,22.19676109972805,23.411826854481067,30.406937697237613,likely halves by 2050
sanitation_gap,SRB,Serbia,Europe & Central Asia,Upper middle income,3.4514896073367565,0.08487607451663161,15,2014,0.0,0.0,,0.0,0.0,,1.0,4.809025410129661,4.773014075444615,4.845787663928827,4.214894055846859,4.190835280378985,4.2392520325924465,3.4514896073367565,halving unlikely before 2100
sanitation_gap,STP,Sao Tome and Principe,Sub-Saharan Africa ,Lower middle income,13.366876876645042,-0.05021559507996752,15,2014,0.0,0.0005,,0.0,0.0,,0.14325,12.552228872493423,11.61751149733562,13.536056126940675,12.911201003055423,12.282270331616273,13.54630608227773,13.366876876645042,halving unlikely before 2100
sanitation_gap,SUR,Suriname,Latin America & Caribbean ,Upper middle income,17.284798968391176,-0.8922369622110498,15,2014,1.0,1.0,2024.0,0.0,1.0,2032.0,0.0,3.0144115049984053,2.832736234055648,3.1836542593026578,9.256755767431102,9.137152405183027,9.370824191518423,17.284798968391176,likely halves by 2030
sanitation_gap,SVK,Slovak Republic,Europe & Central Asia,High income,2.537804229012982,0.17098290705078378,15,2014,0.0,0.0,,0.0,0.0,,1.0,5.283641885071408,4.679684199441217,5.849657331099694,4.073542893345032,3.672956605015548,4.457055769967733,2.537804229012982,halving unlikely before 2100
sanitation_gap,SWE,Sweden,Europe & Central Asia,High income,-0.07167039880276486,-0.011935764754532058,15,2014,,,,,,,,,,,,,,,at/near parity
sanitation_gap,SWZ,Eswatini,Sub-Saharan Africa ,Lower middle income,-3.349347551131033,-1.7143607319210261,15,2014,,,,,,,,,,,,,,,at/near parity
sanitation_gap,SYR,Syrian Arab Republic,"Middle East, North Africa, Afghanistan & Pakistan",Low income,4.565651439531736,-0.23563503865395113,15,2014,1.0,1.0,2024.0,1.0,1.0,2025.0,0.0,0.7970290181529212,0.5656112010373275,1.0096488307200355,2.4441954144566633,2.3003560472470306,2.590402118133092,4.565651439531736,likely halves by 2030
sanitation_gap,TCD,Chad,Sub-Saharan Africa ,Low income,26.9405613916396,0.729183452672671,15,2014,0.0,0.0,,0.0,0.0,,1.0,38.61259436516042,36.599369247808895,40.78107751625579,33.501172157334295,32.16501395311685,34.939522338603474,26.9405613916396,halving unlikely before 2100
sanitation_gap,TGO,Togo,Sub-Saharan Africa ,Lower middle income,22.962052262510433,0.25284491441493767,15,2014,0.0,0.0,,0.0,0.0,,1.0,27.01144714946068,26.15049380572671,27.86194459904924,25.24062861881206,24.677081226866378,25.794270872592314,22.962052262510433,halving unlikely before 2100
sanitation_gap,THA,Thailand,East Asia & Pacific,Upper middle income,-0.9945145629400803,0.17416093248261316,15,2014,,,,,,,,,,,,,,,at/near parity
sanitation_gap,TJK,Tajikistan,Europe & Central Asia,Lower middle income,-1.484392850035077,-0.4164467722730683,15,2014,,,,,,,,,,,,,,,at/near parity
sanitation_gap,TKM,Turkmenistan,Europe & Central Asia,Upper middle income,-2.7975747384334215,0.2535386644925434,15,2014,,,,,,,,,,,,,,,at/near parity
sanitation_gap,TLS,Timor-Leste,East Asia & Pacific,Lower middle income,27.72967051519977,-1.4235917800237035,13,2014,1.0,1.0,2024.0,0.0,1.0,2033.0,0.0,4.951733183406489,3.984032938777661,5.946283083376383,14.918493924427246,14.283252028474605,15.567887174816963,27.72967051519977,likely halves by 2030
sanitation_gap,TON,Tonga,East Asia & Pacific,Upper middle income,6.18719885287066,-0.3025157892580867,15,2014,0.92725,0.9995,2025.0,0.70275,0.99775,2028.0,0.00025,1.3862608630289879,-0.1693395905060549,2.9240735817849206,3.5119363572727873,2.487306336894661,4.4913552561945815,6.18719885287066,likely halves by 2030
sanitation_gap,TTO,Trinidad and Tobago,Latin America & Caribbean ,High income,-1.0614842221209784,0.16254478570590494,10,2014,,,,,,,,,,,,,,,at/near parity
sanitation_gap,TUN,Tunisia,"Middle East, North Africa, Afghanistan & Pakistan",Lower middle income,18.723390419578912,-1.6970509595451737,15,2014,1.0,1.0,2020.0,1.0,1.0,2024.0,0.0,-8.432455864830056,-10.253739953514314,-6.534677623240575,3.4509762854890065,2.255167508410978,4.690283136123214,18.723390419578912,likely halves by 2030
sanitation_gap,TUR,Turkiye,Europe & Central Asia,Upper middle income,10.342272079700184,-1.103011641529875,15,2014,1.0,1.0,2019.0,1.0,1.0,2022.0,0.0,-7.317692643368616,-9.797931220054629,-4.869523947738893,0.4173466246532853,-1.2568065229984036,2.0099852831030827,10.342272079700184,likely halves by 2030
sanitation_gap,TUV,Tuvalu,East Asia & Pacific,Upper middle income,0.5812886365082495,-0.30887558296034356,15,2014,,,,,,,,,,,,,,,at/near parity
sanitation_gap,TZA,Tanzania,Sub-Saharan Africa ,Lower middle income,21.222163425375616,0.4751004442352663,15,2014,0.0,0.0,,0.0,0.0,,1.0,28.805769821848553,27.59009574223223,30.080162846596764,25.500819882989447,24.672682337306846,26.333964860464175,21.222163425375616,halving unlikely before 2100
sanitation_gap,UGA,Uganda,Sub-Saharan Africa ,Low income,13.381526439627633,-0.14606412546679545,15,2014,0.0,0.0,2060.0,0.0,0.0,2092.0,0.0,11.044483755899922,11.023452909307652,11.065141260640269,12.066929607223061,12.055131024552212,12.078495464062588,13.381526439627633,halves after 2050
sanitation_gap,UKR,Ukraine,Europe & Central Asia,Upper middle income,3.3247662806213194,-0.34053609774976257,15,2014,1.0,1.0,2019.0,1.0,1.0,2018.0,0.0,-2.129084611344105,-2.6535522112694254,-1.6161304669288663,0.2562063739888779,-0.08260124377200855,0.6024311242835958,3.3247662806213194,likely halves by 2030
sanitation_gap,URY,Uruguay,Latin America & Caribbean ,High income,3.09269300384711,-0.3442400183479432,15,2014,0.99925,1.0,2019.0,0.9995,1.0,2018.0,0.0,-2.423653345420048,-4.1368001826841585,-0.7400354804427952,-0.034323225216771634,-1.1153995911157495,1.0465048984082073,3.09269300384711,likely halves by 2030
sanitation_gap,USA,United States,North America,High income,0.3392749812644052,0.0355053046082902,15,2014,,,,,,,,,,,,,,,at/near parity
sanitation_gap,UZB,Uzbekistan,Europe & Central Asia,Lower middle income,0.7627537881610331,-0.32918708128607527,15,2014,,,,,,,,,,,,,,,at/near parity
sanitation_gap,VCT,St. Vincent and the Grenadines,Latin America & Caribbean ,Upper middle income,6.979453174859207,-0.5701898976465053,15,2014,1.0,1.0,2021.0,1.0,1.0,2023.0,0.0,-2.1467815171939337,-2.5534857460912095,-1.7482483032639544,1.8464676683788026,1.5836303043412676,2.110448657515521,6.979453174859207,likely halves by 2030
sanitation_gap,VNM,Viet Nam,East Asia & Pacific,Upper middle income,20.35975280756557,-1.4006342257464213,15,2014,1.0,1.0,2022.0,1.0,1.0,2028.0,0.0,-2.0466804383963124,-2.261637625933357,-1.8345036932596186,7.752974442344932,7.611907318363438,7.8973405860882515,20.35975280756557,likely halves by 2030
sanitation_gap,VUT,Vanuatu,East Asia & Pacific,Lower middle income,11.517091843986893,-0.5405119494212486,15,2014,0.9215,0.99975,2025.0,0.3345,0.99375,2032.0,0.0,2.9079656177853423,0.1963962660553139,5.548416005113879,6.680160632958478,4.859361908853224,8.408764283454582,11.517091843986893,likely halves by 2030
sanitation_gap,WSM,Samoa,East Asia & Pacific,Upper middle income,1.0054918034931284,-0.01810692206940589,15,2014,,,,,,,,,,,,,,,at/near parity
sanitation_gap,YEM,"Yemen, Rep.","Middle East, North Africa, Afghanistan & Pakistan",Low income,47.58705567067247,-0.6870190808196294,15,2014,0.0,0.613,2049.0,0.0,0.0,2081.0,0.0,36.591001502257996,34.40231079107993,38.80059465627531,41.400132493686755,39.94506629304577,42.856037519081404,47.58705567067247,likely halves by 2050
sanitation_gap,ZAF,South Africa,Sub-Saharan Africa ,Upper middle income,10.39138519061453,-1.161168137422091,15,2014,1.0,1.0,2019.0,1.0,1.0,2022.0,0.0,-8.190441741885314,-8.582806163013496,-7.817284729677925,-0.060691764018317426,-0.3251407449301463,0.19162964428595652,10.39138519061453,likely halves by 2030
sanitation_gap,ZMB,Zambia,Sub-Saharan Africa ,Lower middle income,21.730258792459654,-1.148296189607099,15,2014,1.0,1.0,2024.0,0.004,1.0,2032.0,0.0,3.3383503205404437,2.694546507119711,4.033056970422939,11.399664322915365,10.961653481934922,11.83061788756874,21.730258792459654,likely halves by 2030
sanitation_gap,ZWE,Zimbabwe,Sub-Saharan Africa ,Lower middle income,16.887282647734704,-0.7840894415709437,15,2014,0.9045,0.99975,2025.0,0.2425,0.983,2033.0,0.0,4.281153566203342,0.06365633781038844,8.44746801963424,9.806800565559174,7.00533111839455,12.554923773840736,16.887282647734704,likely halves by 2030
jobs_gap,BGR,Bulgaria,Europe & Central Asia,High income,13.350779725069563,0.2972488618545462,7,2014,0.123,0.2005,,0.07825,0.163,,0.707,18.1378247662051,6.753532451227571,29.59805852401233,15.994772905912406,8.684396587598407,23.598320354999608,13.350779725069563,halving unlikely before 2100
jobs_gap,BOL,Bolivia,Latin America & Caribbean ,Lower middle income,71.5320861345272,-0.169480909896674,13,2014,0.0,0.0055,,0.0,0.0,,0.3415,68.8237416670888,60.52511539757163,77.11749637288536,69.99990898288681,64.02005603822647,75.98782347368078,71.5320861345272,halving unlikely before 2100
jobs_gap,BRA,Brazil,Latin America & Caribbean ,Upper middle income,37.7725031444031,-0.6013908578426449,13,2014,0.338,0.64875,2038.0,0.08425,0.395,2059.0,0.25725,28.095448476860135,7.974484610320957,47.233243983384,32.24790647176185,18.48395233654528,45.86579775825187,37.7725031444031,likely halves by 2050
jobs_gap,CHL,Chile,Latin America & Caribbean ,High income,30.22671253052995,-0.15779075721841085,6,2013,0.1365,0.369,2075.0,0.015,0.16325,,0.411,27.618652154419316,14.311070975060591,40.58783226680193,28.671627994673123,19.284646627516754,37.97575694683386,30.22671253052995,halves after 2050
jobs_gap,CHN,China,East Asia & Pacific,Upper middle income,48.75167985098096,-0.6257889998294013,5,2013,0.07325,0.41325,2054.0,0.0005,0.0185,2085.0,0.1695,39.14992195154771,26.118419458227855,51.668810065871874,43.523099712332886,30.55427189570471,55.98003991359059,48.75167985098096,halves after 2050
jobs_gap,CMR,Cameroon,Sub-Saharan Africa ,Lower middle income,65.49881844566858,-0.2045333840159658,4,2014,0.03525,0.22425,,0.00025,0.04425,,0.4165,62.168625455349584,42.021610767123725,82.49803465200019,63.6890111637144,50.74821365742713,77.28959970364083,65.49881844566858,halving unlikely before 2100
jobs_gap,COL,Colombia,Latin America & Caribbean ,Upper middle income,33.469337225250804,0.07625642757998698,13,2014,0.0335,0.16025,,0.00125,0.04075,,0.56075,34.87378551800931,23.096185913708634,46.39898209660174,34.16310820022939,25.978053894463176,42.022394192667235,33.469337225250804,halving unlikely before 2100
jobs_gap,CRI,Costa Rica,Latin America & Caribbean ,High income,9.21047331464818,0.12615792233769918,15,2014,0.45425,0.55925,2036.0,0.47925,0.582,2033.0,0.5705,11.032366519524786,-2.677319933755309,25.103541330843637,10.20065840830711,0.7523344874566061,19.901155777981,9.21047331464818,likely halves by 2050
jobs_gap,CYP,Cyprus,Europe & Central Asia,High income,2.707636056723349,-0.27561751537874546,9,2014,,,,,,,,,,,,,,,at/near parity
jobs_gap,CZE,Czechia,Europe & Central Asia,High income,5.271282567374903,0.09138479318616569,13,2014,0.27325,0.38275,,0.678,0.7125,2017.0,0.63025,6.732878901804674,0.45230343816242413,13.046869554395531,6.0797945424589805,2.032720715397548,10.226982606189752,5.271282567374903,halving unlikely before 2100
jobs_gap,DEU,Germany,Europe & Central Asia,High income,1.249307452356098,-0.18289315326263708,10,2011,,,,,,,,,,,,,,,at/near parity
jobs_gap,DNK,Denmark,Europe & Central Asia,High income,0.4495093698013384,-0.06193903470242162,11,2014,,,,,,,,,,,,,,,at/near parity
jobs_gap,DOM,Dominican Republic,Latin America & Caribbean ,Upper middle income,5.3798743837552685,-0.05264431778296142,14,2013,0.11325,0.3895,2066.0,0.62225,0.7125,2022.0,0.28775,4.541532021525189,2.593226039023499,6.465214073447731,4.9041655125727015,3.515972360496088,6.298596197023562,5.3798743837552685,halves after 2050
jobs_gap,ECU,Ecuador,Latin America & Caribbean ,Upper middle income,49.4952440262206,-0.06664949395026687,13,2014,0.042,0.20725,,0.0,0.04,,0.4615,48.35218394297682,31.930934885214786,64.23457641701073,48.98800500360949,37.35215124881728,60.07037043200252,49.4952440262206,halving unlikely before 2100
jobs_gap,EGY,"Egypt, Arab Rep.","Middle East, North Africa, Afghanistan & Pakistan",Lower middle income,51.514059937356194,-0.24675040400448803,9,2014,0.02225,0.19925,2089.0,0.00025,0.0095,,0.3585,47.62396807392816,34.54739759868558,61.00864052630176,49.4672283626136,39.343660540191095,59.3691823160832,51.514059937356194,halves after 2050
jobs_gap,ESP,Spain,Europe & Central Asia,High income,10.191002946565103,-0.19542675528990117,15,2014,0.5465,0.695,2028.0,0.54225,0.6905,2028.0,0.37675,6.96922262282264,-5.974653470818087,19.886155139821337,8.515550228567406,-0.5280209834670851,17.37320944251567,10.191002946565103,likely halves by 2030
jobs_gap,EST,Estonia,Europe & Central Asia,High income,5.905300378898619,-0.5729616911167887,15,2014,0.872,0.94425,2019.0,0.951,0.9765,2016.0,0.115,-3.220183177140383,-13.10660002017025,6.551446105490791,0.7396962549455938,-5.797810735887976,7.430555436244856,5.905300378898619,likely halves by 2030
jobs_gap,ETH,Ethiopia,Sub-Saharan Africa ,Low income,63.5543857821931,-0.5953591120383318,5,2013,0.18825,0.457,2057.0,0.01475,0.19875,2100.0,0.3225,53.996459655295496,25.521784662464484,81.3463757091054,57.99205459356185,37.8409153503878,77.09064080121576,63.5543857821931,halves after 2050
jobs_gap,FIN,Finland,Europe & Central Asia,High income,4.21317815739474,-0.07717500386691356,11,2014,,,,,,,,,,,,,,,at/near parity
jobs_gap,FRA,France,Europe & Central Asia,High income,4.864287179777437,-0.30767641466846474,10,2014,,,,,,,,,,,,,,,at/near parity
jobs_gap,GBR,United Kingdom,Europe & Central Asia,High income,1.355267628040973,-0.13783329059369387,9,2014,,,,,,,,,,,,,,,at/near parity
jobs_gap,GEO,Georgia,Europe & Central Asia,Upper middle income,64.5249482831,-0.7381978159471674,5,2013,0.02725,0.39175,2058.0,0.0,0.05575,2095.0,0.13475,52.667122219645265,38.91593135155284,66.2492040035734,57.848407392480766,48.80132800372736,66.92091782470342,64.5249482831,halves after 2050
jobs_gap,GRC,Greece,Europe & Central Asia,High income,22.806373849029416,0.011870726292819857,11,2014,0.248,0.4185,2077.0,0.1055,0.288,,0.49925,22.771084092185127,6.196990121974002,39.72176359253587,22.74561135392885,11.549517549328687,33.73956085996492,22.806373849029416,halves after 2050
jobs_gap,GTM,Guatemala,Latin America & Caribbean ,Upper middle income,23.853488047038926,-0.23615141918132032,6,2011,0.12075,0.3965,2063.0,0.0105,0.19925,2094.0,0.292,20.093751434912342,11.1698794053252,28.893047131322437,21.746738674991793,15.391903100741619,28.19579854820169,23.853488047038926,halves after 2050
jobs_gap,HND,Honduras,Latin America & Caribbean ,Lower middle income,23.075776531105582,0.4249292437284133,14,2014,0.013,0.04625,,0.00125,0.0125,,0.80475,30.089856542236078,19.69310929187199,40.02593499504642,27.01792793038169,20.133290799715006,33.915139864753485,23.075776531105582,halving unlikely before 2100
jobs_gap,HRV,Croatia,Europe & Central Asia,High income,5.2398551500674815,-0.5815154108840472,4,2014,0.8745,0.927,2019.0,0.937,0.94825,2015.0,0.05875,-3.972633190918775,-11.424324509974328,3.4646637427278426,0.06653968591640183,-4.43369232624071,4.575539255291781,5.2398551500674815,likely halves by 2030
jobs_gap,HUN,Hungary,Europe & Central Asia,High income,6.435164803651437,0.10746124538076048,11,2014,0.177,0.28075,,0.3725,0.44025,,0.64525,8.155682767259105,2.31588894661896,13.839266339422911,7.387547043906988,3.642366451242349,11.058416539501392,6.435164803651437,halving unlikely before 2100
jobs_gap,IDN,Indonesia,East Asia & Pacific,Upper middle income,47.263620272088275,-0.6264478114977712,15,2014,0.0,0.39925,2052.0,0.0,0.0,2082.0,0.0,37.2174895353784,33.96544135222843,40.58104752657254,41.65798016106196,39.04856208514215,44.17848634563646,47.263620272088275,halves after 2050
jobs_gap,IND,India,South Asia,Lower middle income,62.71708697096172,-0.4419310894196164,5,2011,0.0,0.072,2082.0,0.0,0.0,,0.14375,55.46653994557242,46.88438924111942,64.16852104596465,58.619863280419096,51.61564087236688,65.69261513167923,62.71708697096172,halves after 2050
jobs_gap,IRL,Ireland,Europe & Central Asia,High income,2.0639717471902124,-0.15041356506398032,8,2014,,,,,,,,,,,,,,,at/near parity
jobs_gap,ISL,Iceland,Europe & Central Asia,High income,3.7805325328020274,-0.41950260366077546,10,2013,,,,,,,,,,,,,,,at/near parity
jobs_gap,ITA,Italy,Europe & Central Asia,High income,3.3596510330355605,-0.21961110759021082,15,2014,,,,,,,,,,,,,,,at/near parity
jobs_gap,JOR,Jordan,"Middle East, North Africa, Afghanistan & Pakistan",Upper middle income,0.5553609966331086,-0.24741905241963152,10,2014,,,,,,,,,,,,,,,at/near parity
jobs_gap,KGZ,Kyrgyz Republic,Europe & Central Asia,Lower middle income,-12.693191992499742,-0.5095326489654929,8,2012,,,,,,,,,,,,,,,at/near parity
jobs_gap,KHM,Cambodia,East Asia & Pacific,Lower middle income,38.712186224610434,-0.625666484057577,6,2012,0.551,0.744,2028.0,0.31675,0.57425,2043.0,0.368,28.65082597185251,-10.242089981198506,68.2420517029346,33.09698337510068,2.4961503236497036,64.02435761196882,38.712186224610434,likely halves by 2030
jobs_gap,KOR,"Korea, Rep.",East Asia & Pacific,High income,16.694009304034598,-0.6266050719844865,13,2014,0.6855,0.98825,2027.0,0.3855,0.96,2033.0,0.01425,6.667354949974787,1.0492739356986223,12.393037061868554,11.023275365112447,6.668373591261369,15.538098989509079,16.694009304034598,likely halves by 2030
jobs_gap,LKA,Sri Lanka,South Asia,Upper middle income,35.12887573823649,-0.4420184007202468,13,2014,0.0,0.314,2054.0,0.0,0.0,2082.0,0.0005,28.011669540002853,25.086562902162807,30.955228155699587,31.10017296072984,28.695658676637375,33.468943317157674,35.12887573823649,halves after 2050
jobs_gap,LTU,Lithuania,Europe & Central Asia,High income,13.533508766612483,-0.5018715490487268,12,2014,0.78475,0.86075,2018.0,0.7525,0.84025,2019.0,0.40975,4.708961679183474,-40.68246207593035,52.545821891495144,8.858607192530446,-25.65417121551743,43.26049256340296,13.533508766612483,likely halves by 2030
jobs_gap,LUX,Luxembourg,Europe & Central Asia,High income,2.9229104518954396,-0.031945745643714496,13,2014,,,,,,,,,,,,,,,at/near parity
jobs_gap,LVA,Latvia,Europe & Central Asia,High income,5.945960060962012,-0.7965185878414657,13,2014,0.98625,0.9995,2018.0,0.996,0.99975,2016.0,0.0035,-6.832545323244817,-12.837300476886899,-0.7537784946881323,-1.2644740758508695,-5.229157237555335,2.630486128810048,5.945960060962012,likely halves by 2030
jobs_gap,MDA,Moldova,Europe & Central Asia,Upper middle income,32.53080140422616,-0.7151845048585191,15,2014,0.4325,0.59925,2037.0,0.25275,0.48125,2053.0,0.324,21.01532079795851,-11.225811151515966,52.20807568035293,25.955395330513564,0.46853438064504244,50.77452460244047,32.53080140422616,likely halves by 2050
jobs_gap,MEX,Mexico,Latin America & Caribbean ,Upper middle income,15.70257445629368,-0.2769514144646728,8,2014,0.4355,0.65075,2034.0,0.29275,0.56725,2043.0,0.31575,11.17937763651224,-0.742786719424032,23.153527345302276,13.141282276763626,5.1259060818619595,21.167843482511678,15.70257445629368,likely halves by 2050
jobs_gap,MNG,Mongolia,East Asia & Pacific,Upper middle income,58.40382330014132,-0.6255805510602109,7,2014,0.0,0.12225,2061.0,0.0,0.0,2100.0,0.033,48.354689832248624,41.32387612589084,55.327353252905375,52.72623755749302,45.78297585507533,59.62670745703301,58.40382330014132,halves after 2050
jobs_gap,MOZ,Mozambique,Sub-Saharan Africa ,Low income,53.18006780511243,1.449392677549211,4,2014,0.0,0.0,,0.0,0.0,,0.992,76.52542325543888,64.67052035093046,88.65099959767448,66.24023818246589,58.011271909391674,74.61070198579208,53.18006780511243,halving unlikely before 2100
jobs_gap,MRT,Mauritania,Sub-Saharan Africa ,Lower middle income,10.458185258835261,-2.7157352955613194,4,2014,0.97725,0.99675,2016.0,0.977,0.99675,2017.0,0.0115,-32.764322055563184,-56.76467125132491,-8.469434323667262,-13.974336049806432,-31.684866433483954,4.1379058908332444,10.458185258835261,likely halves by 2030
jobs_gap,NAM,Namibia,Sub-Saharan Africa ,Lower middle income,48.48447010855602,-0.17354542012250954,4,2014,0.052,0.25725,,0.0,0.0865,,0.40125,45.55113063720466,28.902411752276112,62.12056171624224,46.801001535561085,36.43145464202385,57.165783698532216,48.48447010855602,halving unlikely before 2100
jobs_gap,NGA,Nigeria,Sub-Saharan Africa ,Lower middle income,38.145029145587934,0.718989171984864,4,2012,0.00875,0.03825,,0.0,0.00675,,0.81775,50.1018059810013,33.59344532261736,65.76108847265047,44.78779682847853,33.32251417717696,55.88768439931446,38.145029145587934,halving unlikely before 2100
jobs_gap,NIC,Nicaragua,Latin America & Caribbean ,Lower middle income,28.897842619272627,0.06207050199087037,4,2014,0.0515,0.182,,0.0045,0.059,,0.545,30.008603529972394,18.452311268116723,41.59468571721179,29.466290867502533,21.40105582330761,37.624561932149945,28.897842619272627,halving unlikely before 2100
jobs_gap,NOR,Norway,Europe & Central Asia,High income,0.26314660799517237,-0.21476038808201314,11,2014,,,,,,,,,,,,,,,at/near parity
jobs_gap,NPL,Nepal,South Asia,Lower middle income,37.74378465364253,-0.4419772890733156,4,2014,0.03025,0.32775,2057.0,0.0,0.004,2088.0,0.127,30.561938096280024,22.980362500868193,38.67368905508911,33.649733118499164,26.16665143018779,41.704236842787395,37.74378465364253,halves after 2050
jobs_gap,PAK,Pakistan,"Middle East, North Africa, Afghanistan & Pakistan",Lower middle income,68.86456875858403,-0.2461360456596972,10,2014,0.0,0.0,,0.0,0.0,,0.0115,64.926363560189,62.681381248583286,67.19137646921772,66.64391858503805,64.49274249960335,68.8463444694145,68.86456875858403,halving unlikely before 2100
jobs_gap,PAN,Panama,Latin America & Caribbean ,High income,33.268421110754154,1.0439943867823884,15,2014,0.0,0.0,,0.0,0.0,,0.99975,49.845040042353986,43.09519580304442,56.48335976729313,42.59183191512007,37.74563366587124,47.36961907783807,33.268421110754154,halving unlikely before 2100
jobs_gap,PER,Peru,Latin America & Caribbean ,Upper middle income,64.19542876069339,-0.15448642404553695,12,2014,0.0,0.0,,0.0,0.0,,0.01025,61.69317494677459,60.3590245393818,63.06421683565033,62.77534464866028,61.84545936553066,63.75232949081799,64.19542876069339,halving unlikely before 2100
jobs_gap,PHL,Philippines,East Asia & Pacific,Upper middle income,31.74485554556123,-0.6236886084542043,14,2014,0.0,1.0,2040.0,0.0,0.007,2057.0,0.0,21.787548347403384,20.233004089077944,23.375228622373925,26.09965691282442,24.910914967461796,27.394830668415025,31.74485554556123,likely halves by 2050
jobs_gap,POL,Poland,Europe & Central Asia,High income,25.6872475124219,-0.4433155957412524,15,2014,0.60075,0.75125,2024.0,0.451,0.646,2034.0,0.416,19.408950554913915,-18.24669990501585,56.69642040522954,22.202103393512544,-5.032459015207877,49.23356594847409,25.6872475124219,likely halves by 2030
jobs_gap,PRT,Portugal,Europe & Central Asia,High income,4.624801872803472,-0.5361385012616151,11,2014,,,,,,,,,,,,,,,at/near parity
jobs_gap,PRY,Paraguay,Latin America & Caribbean ,Upper middle income,42.00849043236422,-0.1732891047682404,13,2014,0.0605,0.284,2094.0,0.00075,0.0735,,0.3975,38.76892599368452,24.468495048982486,53.248145520150004,40.30326973853994,30.536870478872064,50.50739967189113,42.00849043236422,halves after 2050
jobs_gap,PSE,West Bank and Gaza,"Middle East, North Africa, Afghanistan & Pakistan",Lower middle income,22.596009629620653,-0.2464322243651686,10,2010,0.08725,0.3335,2061.0,0.00625,0.06125,2086.0,0.23725,18.732881350460456,11.648885538137199,25.594518468624585,20.45945045244556,13.458010156361714,27.23466336147385,22.596009629620653,halves after 2050
jobs_gap,ROU,Romania,Europe & Central Asia,High income,34.44684835188851,-0.5814839263188771,13,2014,0.455,0.6185,2034.0,0.2615,0.475,2054.0,0.3705,25.669629995240697,-8.577376002968398,58.49736654061555,29.15263376688317,2.9799205844869006,54.59207456703909,34.44684835188851,likely halves by 2050
jobs_gap,SLV,El Salvador,Latin America & Caribbean ,Upper middle income,12.052215912491574,0.19208634413733278,12,2014,0.002,0.011,,0.00125,0.00675,,0.83775,15.159335017560656,11.183379263263307,18.87974972395195,13.80429960301122,10.916179120408723,16.52514655264908,12.052215912491574,halving unlikely before 2100
jobs_gap,SVK,Slovak Republic,Europe & Central Asia,High income,2.1452867742939876,-0.028363509076952214,10,2014,,,,,,,,,,,,,,,at/near parity
jobs_gap,SWE,Sweden,Europe & Central Asia,High income,2.5133366306019456,0.2227089453685836,11,2014,,,,,,,,,,,,,,,at/near parity
jobs_gap,THA,Thailand,East Asia & Pacific,Upper middle income,36.50294357456388,-0.6260077119840084,14,2014,0.12825,0.7315,2041.0,0.001,0.2165,2062.0,0.0715,26.426720474210587,17.966514608841543,35.11167976421097,30.816374991154632,24.376626200076107,37.523718325939065,36.50294357456388,likely halves by 2050
jobs_gap,TUN,Tunisia,"Middle East, North Africa, Afghanistan & Pakistan",Lower middle income,54.37316053542373,-0.24669909266575274,4,2010,0.09775,0.293,2081.0,0.0025,0.0455,,0.40225,50.35370256422293,30.090620640185666,70.83014971979964,52.0257178113509,35.84920744001677,68.41174282907522,54.37316053542373,halves after 2050
jobs_gap,TUR,Turkiye,Europe & Central Asia,Upper middle income,71.93834442198379,-0.5433414664192733,14,2013,0.0,0.11,2079.5,0.0,0.00025,,0.09725,63.17916481622113,54.491500061584205,71.82534037787751,66.95207253156866,61.00325461352111,72.90036243501376,71.93834442198379,halves after 2050
jobs_gap,TZA,Tanzania,Sub-Saharan Africa ,Lower middle income,61.76978804796621,0.3696748997583925,7,2014,0.0005,0.01775,,0.0,0.0005,,0.6985,67.92654335979896,52.842533248258405,83.44181343965555,65.28083727177724,54.765910563629724,76.10037397181652,61.76978804796621,halving unlikely before 2100
jobs_gap,UGA,Uganda,Sub-Saharan Africa ,Low income,43.238394959688634,-1.245521832266617,5,2012,0.487,0.81,2031.0,0.15,0.61525,2044.0,0.1165,23.41078694739118,1.1949681362327549,44.8611148290998,31.911228129091256,16.490729587776045,46.77319743880876,43.238394959688634,likely halves by 2050
jobs_gap,UKR,Ukraine,Europe & Central Asia,Upper middle income,-1.8792786877917287,-0.1729631317621509,11,2013,,,,,,,,,,,,,,,at/near parity
jobs_gap,URY,Uruguay,Latin America & Caribbean ,High income,43.349857434910845,-0.7385134981852955,9,2014,0.059,0.648,2044.0,0.0,0.1715,2066.0,0.03175,31.631302385676634,23.5210383657359,39.60239479313821,36.75396388059583,31.315737258690977,42.23880863597492,43.349857434910845,likely halves by 2050
jobs_gap,USA,United States,North America,High income,1.5634106704699078,0.04191136795251845,7,2014,,,,,,,,,,,,,,,at/near parity
jobs_gap,XKX,Kosovo,Europe & Central Asia,Upper middle income,6.248084082245387,-0.40118678331005597,5,2014,0.8045,0.8685,2016.0,0.83275,0.8855,2016.0,0.4085,-2.615508914924212,-46.869574126872664,44.851123066226016,1.7525664298352654,-33.764474113218,36.84424695592322,6.248084082245387,likely halves by 2030
jobs_gap,ZAF,South Africa,Sub-Saharan Africa ,Upper middle income,8.513206243514988,-1.219500011591875,12,2014,0.9105,0.96075,2017.0,0.9215,0.96625,2017.0,0.1435,-10.56587439680997,-34.8997916592471,12.456781178683249,-2.2372666562941648,-18.8225247168803,13.74643109782144,8.513206243514988,likely halves by 2030
jobs_gap,ZMB,Zambia,Sub-Saharan Africa ,Lower middle income,4.900021256483146,-0.23937975471123488,6,2014,,,,,,,,,,,,,,,at/near parity
