iso3,slope,sxx,ssr,n,rural_slope,gap_first,gap_last,y0,y1,country_name,region_name,income_level_name,se,slope_post,slope_post_sd,p_shrinking,verdict,progress_without_convergence,series,label
AFG,-0.28868823387299547,1300.0,767.5774244864133,25,2.2975420962425717,25.12782576221467,19.9530151403068,2000,2024,Afghanistan,"Middle East, North Africa, Afghanistan & Pakistan",Low income,0.16022323729339752,-0.2817399077611088,0.15144076367148487,0.9685852944142911,gap shrinking,False,infra_gap,Time-tax infrastructure (composite)
AGO,0.16956834385445435,1012.0,58.224754334922636,23,0.5873077903594194,48.76354085789882,50.70406619960431,2000,2022,Angola,Sub-Saharan Africa ,Lower middle income,0.05234243576959804,0.16767870877725002,0.052093106438488766,0.0006435800968226744,gap widening,True,infra_gap,Time-tax infrastructure (composite)
ALB,-0.6043014180155223,1300.0,25.488353393746998,25,1.0090286473364674,17.397022104552796,0.5335493097945042,2000,2024,Albania,Europe & Central Asia,Upper middle income,0.02919680274894443,-0.5997761841686549,0.029050579052230043,1.0,gap shrinking,False,infra_gap,Time-tax infrastructure (composite)
AND,0.0,1300.0,0.0,25,-1.1029727775400327e-16,0.0,0.0,2000,2024,Andorra,Europe & Central Asia,High income,0.026757834359157257,-0.001272432681128545,0.026645144048262043,0.5190441574787548,no clear trend,False,infra_gap,Time-tax infrastructure (composite)
ARE,0.0048973360684614105,1300.0,0.010354887933297655,25,7.937000000054699e-05,-0.3541518610833272,-0.3173140370000027,2000,2024,United Arab Emirates,"Middle East, North Africa, Afghanistan & Pakistan",High income,0.026757834359157257,0.004139531829021008,0.026713411425633715,0.4384261072009539,no clear trend,False,infra_gap,Time-tax infrastructure (composite)
ARG,-0.6431468925326422,408.0,11.26812236452267,17,0.8505641548568891,17.164557591879824,7.5017408624979005,2000,2016,Argentina,Latin America & Caribbean ,Upper middle income,0.04776310541512545,-0.6423646739517679,0.047481360455444245,1.0,gap shrinking,False,infra_gap,Time-tax infrastructure (composite)
ARM,-0.3880556077474786,1300.0,45.605605269348146,25,0.5325291820082987,15.580322920864225,5.818568296709766,2000,2024,Armenia,Europe & Central Asia,Upper middle income,0.03905471903934802,-0.3838577104511532,0.03870680582486095,1.0,gap shrinking,False,infra_gap,Time-tax infrastructure (composite)
ATG,-0.021567075208508885,1300.0,3.8945257642402265,25,0.20999646789253706,0.2109689545966269,-0.6221576472401011,2000,2024,Antigua and Barbuda,Latin America & Caribbean ,High income,0.026757834359157257,-0.023632945316954736,0.026707994974385516,0.8118850275204494,no clear trend,False,infra_gap,Time-tax infrastructure (composite)
AUS,-0.013878131911649173,1150.0,0.023568249392126997,24,0.01615784205657522,0.2594444444444311,-0.0116666666666655,2000,2023,Australia,East Asia & Pacific,High income,0.02844943965933593,-0.015145645320477753,0.028404863573189894,0.7030545256133754,no clear trend,False,infra_gap,Time-tax infrastructure (composite)
AUT,-0.0006274735503242348,1300.0,2.0664486995869677e-05,25,1.8268317578128185e-07,1.2879389075237668e-05,-0.0155439954799684,2000,2024,Austria,Europe & Central Asia,High income,0.026757834359157257,-0.0018946321654769152,0.026645144048262043,0.5283433416492034,no clear trend,False,infra_gap,Time-tax infrastructure (composite)
AZE,-0.9527981101383172,1300.0,60.56577201529622,25,1.3292971936784226,26.852022391505848,2.2377800410263355,2000,2024,Azerbaijan,Europe & Central Asia,Upper middle income,0.04500678953436369,-0.9340294101908696,0.044476648399738264,1.0,gap shrinking,False,infra_gap,Time-tax infrastructure (composite)
BDI,0.7390113580968205,1300.0,226.08202069468888,25,-0.1991342938731061,10.372907926556168,31.042102992267004,2000,2024,Burundi,Sub-Saharan Africa ,Low income,0.08695557253644011,0.7191911657710462,0.0858265753377827,2.6557106244871385e-17,gap widening,False,infra_gap,Time-tax infrastructure (composite)
BEL,-9.193453613820483e-05,1300.0,2.5078293574672257e-07,25,-0.00029063819709867263,0.0006882570679742,-0.0017275101662998,2000,2024,Belgium,Europe & Central Asia,High income,0.026757834359157257,-0.001363594485398127,0.026645144048262043,0.5204074007790749,no clear trend,False,infra_gap,Time-tax infrastructure (composite)
BEN,-0.08096194051565435,1300.0,89.82818166511096,25,0.6447742499848118,21.06951359628325,19.982860679159295,2000,2024,Benin,Sub-Saharan Africa ,Lower middle income,0.054811376667723545,-0.08042353384326373,0.054525272177624526,0.9298906647283338,gap shrinking,False,infra_gap,Time-tax infrastructure (composite)
BFA,0.48105901886850366,1300.0,165.51270703944473,25,0.3011655734036491,29.826177118659054,49.04523996033516,2000,2024,Burkina Faso,Sub-Saharan Africa ,Low income,0.07440122338680326,0.4713536832073468,0.07369033044981788,7.953543639193123e-11,gap widening,True,infra_gap,Time-tax infrastructure (composite)
BGD,-0.8243541119389152,1300.0,238.27389742451356,25,1.796792290350924,31.101894482679104,-0.044691021815898,2000,2024,Bangladesh,South Asia,Lower middle income,0.0892694050037087,-0.8272008681761788,0.0885392266259982,1.0,gap shrinking,False,infra_gap,Time-tax infrastructure (composite)
BGR,-0.20556903458212814,1300.0,2.0564341880342054,25,0.3171336008905619,6.071091816300334,1.7485119094061663,2000,2024,Bulgaria,Europe & Central Asia,High income,0.026757834359157257,-0.20511361012820972,0.026645144048262043,0.9999999999999931,gap shrinking,False,infra_gap,Time-tax infrastructure (composite)
BIH,-0.0025940924923261955,1150.0,8.907777914131275,24,-0.4476450203871239,14.01832405104565,14.5309192228741,2000,2023,Bosnia and Herzegovina,Europe & Central Asia,Upper middle income,0.02844943965933593,-0.0040062984348619955,0.02831410854002681,0.5562604565147439,no clear trend,False,infra_gap,Time-tax infrastructure (composite)
BLR,-0.2136245012019755,1300.0,2.222260998292724,25,0.4558880301717473,5.811909429124469,0.3598793991858002,2000,2024,Belarus,Europe & Central Asia,Upper middle income,0.026757834359157257,-0.21310136861534373,0.026645144048262043,0.9999999999999993,gap shrinking,False,infra_gap,Time-tax infrastructure (composite)
BLZ,-0.19366947902089687,1300.0,22.195126059312358,25,0.40011196021489875,16.2843488318756,8.283710127135231,2000,2024,Belize,Latin America & Caribbean ,Upper middle income,0.02724540159987013,-0.19514704212575362,0.027192793230631684,0.9999999999996422,gap shrinking,False,infra_gap,Time-tax infrastructure (composite)
BOL,-1.491760282293937,1300.0,25.19452255859017,25,2.012457257391698,53.47605175132152,19.05736553351333,2000,2024,Bolivia,Latin America & Caribbean ,Lower middle income,0.02902802391703747,-1.487754670375312,0.028964423819925717,1.0,gap shrinking,False,infra_gap,Time-tax infrastructure (composite)
BRA,-0.9261491892243685,1300.0,12.577400918837094,25,1.1205211964171748,33.8183691195747,9.863197833420267,2000,2024,Brazil,Latin America & Caribbean ,Upper middle income,0.026757834359157257,-0.9248484319240835,0.026707994974385516,1.0,gap shrinking,False,infra_gap,Time-tax infrastructure (composite)
BTN,-2.3972176460081966,1300.0,203.60597409609093,25,2.732511820437843,53.346871705925565,-1.6016809617227967,2000,2024,Bhutan,South Asia,Lower middle income,0.08252008453122082,-2.377707113073686,0.08194228918631896,1.0,gap shrinking,False,infra_gap,Time-tax infrastructure (composite)
BWA,-0.024884501232547398,1300.0,132.29638255818602,25,0.9288934123299953,39.55521921520041,29.72193612650153,2000,2024,Botswana,Sub-Saharan Africa ,Upper middle income,0.06651787864329067,-0.024951171757405022,0.06600839938115823,0.6472846849566798,no clear trend,False,infra_gap,Time-tax infrastructure (composite)
CAF,-0.030476778861938537,1300.0,64.8226806750588,25,-0.2663703129633261,23.109285000488185,25.43402884841609,2000,2024,Central African Republic,Sub-Saharan Africa ,Low income,0.046561600394239774,-0.030467560607307816,0.046385831337857945,0.7443545721450187,no clear trend,False,infra_gap,Time-tax infrastructure (composite)
CAN,-0.030751952137522288,1300.0,0.03242410498290892,25,-0.009472188356239586,0.511471204729073,-0.1384149170971937,2000,2024,Canada,North America,High income,0.026757834359157257,-0.030475192851746876,0.026568286442571355,0.8743198318225762,no clear trend,False,infra_gap,Time-tax infrastructure (composite)
CHE,-0.0010306313896722055,1300.0,0.00022539659138663145,25,0.0009536313126720221,0.0177783528150001,3.3433567168117406e-05,2000,2024,Switzerland,Europe & Central Asia,High income,0.026757834359157257,-0.0022944013663040914,0.026645144048262043,0.5343103340277128,no clear trend,False,infra_gap,Time-tax infrastructure (composite)
CHL,-0.5735189198937396,1300.0,45.62964552796146,25,0.6240764059073052,14.814397828364424,5.171366138153199,2000,2024,Chile,Latin America & Caribbean ,High income,0.03906501121553165,-0.5735436343296021,0.03891040951383844,1.0,gap shrinking,False,infra_gap,Time-tax infrastructure (composite)
CHN,-1.0454558735096036,1300.0,42.72420189917714,25,1.5731125396701169,28.25663415123485,2.2171534216351367,2000,2024,China,East Asia & Pacific,Upper middle income,0.03780083429702412,-1.0419992601801935,0.037696457275744125,1.0,gap shrinking,False,infra_gap,Time-tax infrastructure (composite)
CIV,0.11465130079860929,1300.0,78.4693319931142,25,0.6806682569683824,39.1802621676333,33.801204498194295,2000,2024,Cote d'Ivoire,Sub-Saharan Africa ,Lower middle income,0.05122882366745937,0.1133406595276771,0.05099500176592121,0.013121942287343168,gap widening,True,infra_gap,Time-tax infrastructure (composite)
CMR,0.07023159490071197,1300.0,89.1382142670588,25,0.5584173460617597,42.29312356592435,38.41900391237687,2000,2024,Cameroon,Sub-Saharan Africa ,Lower middle income,0.05460046867473112,0.069203594944673,0.054317637206015665,0.10132216574104919,no clear trend,False,infra_gap,Time-tax infrastructure (composite)
COD,0.5365128617815373,1300.0,91.79494901913108,25,-0.3554807743202555,18.42955157262193,36.687873967126734,2000,2024,"Congo, Dem. Rep.",Sub-Saharan Africa ,Low income,0.055408168933707994,0.530494291795012,0.0551126674780521,3.116110911099085e-22,gap widening,False,infra_gap,Time-tax infrastructure (composite)
COG,0.45951406202444406,885.5,5.302165701353437,22,0.4692192039823632,31.643554368089585,41.43346187480144,2000,2021,"Congo, Rep.",Sub-Saharan Africa ,Lower middle income,0.03242114543531609,0.4577213251612995,0.03236163250796718,1.0176534220915014e-45,gap widening,True,infra_gap,Time-tax infrastructure (composite)
COL,-0.7211484489143181,1300.0,56.982283723246354,25,0.989031290603789,31.00999936701873,10.801704257683866,2000,2024,Colombia,Latin America & Caribbean ,Upper middle income,0.04365503404457484,-0.7197257707315757,0.04343960046743538,1.0,gap shrinking,False,infra_gap,Time-tax infrastructure (composite)
COM,-0.2666729182381187,1300.0,16.806476252551988,25,1.200287292150181,14.512665879639924,5.907187601675965,2000,2024,Comoros,Sub-Saharan Africa ,Lower middle income,0.026757834359157257,-0.26607905859095515,0.026724348582195086,1.0,gap shrinking,False,infra_gap,Time-tax infrastructure (composite)
CPV,-1.3119277364573803,1300.0,85.22747707140562,25,1.9814261251291971,40.78933410795517,6.43286216002033,2000,2024,Cabo Verde,Sub-Saharan Africa ,Upper middle income,0.05338929942748872,-1.299249347475598,0.05312478515760037,1.0,gap shrinking,False,infra_gap,Time-tax infrastructure (composite)
CRI,-0.39732570571354114,1300.0,2.6307608800919846,25,0.44321204526464225,11.3868369390531,0.4981947503297685,2000,2024,Costa Rica,Latin America & Caribbean ,High income,0.026757834359157257,-0.3979930965850835,0.026707994974385516,1.0,gap shrinking,False,infra_gap,Time-tax infrastructure (composite)
CUB,-0.852728217009806,1300.0,33.40185446317732,25,1.1587186807548,22.416375573706706,1.7618297835307004,2000,2024,Cuba,Latin America & Caribbean ,Upper middle income,0.03342332835561316,-0.8511283794417837,0.033326346578987275,1.0,gap shrinking,False,infra_gap,Time-tax infrastructure (composite)
CYP,0.011153397264816567,1300.0,0.0044884159357103555,25,-0.011608587310982682,-0.0077914740713289,0.2906384388844666,2000,2024,Cyprus,Europe & Central Asia,High income,0.026757834359157257,0.009787217599453743,0.026645144048262043,0.3566912423254187,no clear trend,False,infra_gap,Time-tax infrastructure (composite)
CZE,-0.038670356752434354,1300.0,0.19236658743907656,25,0.03765645444653975,0.7306659337447243,-0.0383430585469,2000,2024,Czechia,Europe & Central Asia,High income,0.026757834359157257,-0.03961775579235654,0.026645144048262043,0.9314748824865912,gap shrinking,False,infra_gap,Time-tax infrastructure (composite)
DEU,0.0002320825393804599,1300.0,0.000536827640683317,25,-0.0007754342431758618,0.0754268252986491,0.1005691003981989,2000,2024,Germany,Europe & Central Asia,High income,0.026757834359157257,-0.001042300851262305,0.026645144048262043,0.5156017867338722,no clear trend,False,infra_gap,Time-tax infrastructure (composite)
DJI,0.49653236865930367,1150.0,72.86138651150048,24,0.15099156587988696,20.854341965697213,32.373818181053025,2000,2023,Djibouti,"Middle East, North Africa, Afghanistan & Pakistan",Lower middle income,0.05366466901099184,0.4870190395696142,0.05330898218390461,3.246900262715322e-20,gap widening,True,infra_gap,Time-tax infrastructure (composite)
DNK,-3.1173172745815405e-07,1300.0,9.68527476710313e-10,25,-0.00030954960532368446,-0.0001013128114237,-0.000135083748565,2000,2024,Denmark,Europe & Central Asia,High income,0.026757834359157257,-0.001272741792675923,0.026645144048262043,0.5190487803510249,no clear trend,False,infra_gap,Time-tax infrastructure (composite)
DOM,-0.48172997197025624,1300.0,11.517963448833704,25,0.658729951374924,19.31492642315262,4.938252511333862,2000,2024,Dominican Republic,Latin America & Caribbean ,Upper middle income,0.026757834359157257,-0.48208323136408,0.026707994974385516,1.0,gap shrinking,False,infra_gap,Time-tax infrastructure (composite)
DZA,-0.2046186651272676,1300.0,2.517700415577111,25,0.16408279946545026,9.803837838646498,6.029659574143466,2000,2024,Algeria,"Middle East, North Africa, Afghanistan & Pakistan",Upper middle income,0.026757834359157257,-0.2046813765322517,0.026713411425633715,0.9999999999999909,gap shrinking,False,infra_gap,Time-tax infrastructure (composite)
ECU,-0.4501536539527704,1300.0,14.401119897216105,25,0.6414520559527696,21.07941212227025,9.481602920677298,2000,2024,Ecuador,Latin America & Caribbean ,Upper middle income,0.026757834359157257,-0.4506244324706817,0.026707994974385516,1.0,gap shrinking,False,infra_gap,Time-tax infrastructure (composite)
EGY,-0.18209333975719091,1300.0,38.74058394055874,25,0.2585788803721449,8.559053543205575,2.473884819238672,2000,2024,"Egypt, Arab Rep.","Middle East, North Africa, Afghanistan & Pakistan",Lower middle income,0.03599544004033868,-0.18234139395355228,0.035887514872493906,0.9999998121888974,gap shrinking,False,infra_gap,Time-tax infrastructure (composite)
ERI,-0.19810982293581317,408.0,0.6351345196608081,17,0.28259915092217924,40.93756247781248,37.69260480593752,2000,2016,Eritrea,Sub-Saharan Africa ,Low income,0.04776310541512545,-0.196771380790494,0.04757343131987621,0.9999823417928505,gap shrinking,False,infra_gap,Time-tax infrastructure (composite)
ESP,-0.0006522938364349833,1300.0,0.0006927280099442107,25,0.0006618108286568734,-0.0425361520318752,-0.0640516315401953,2000,2024,Spain,Europe & Central Asia,High income,0.026757834359157257,-0.0019192438311184496,0.026645144048262043,0.5287108953186331,no clear trend,False,infra_gap,Time-tax infrastructure (composite)
EST,-0.07887834781683054,1300.0,0.5347019253462456,25,0.07434314723094547,1.6639877566720251,-0.0872177804032361,2000,2024,Estonia,Europe & Central Asia,High income,0.026757834359157257,-0.07948778902965224,0.026645144048262043,0.9985737415413308,gap shrinking,False,infra_gap,Time-tax infrastructure (composite)
ETH,-0.10968551025095412,1300.0,314.34301925355663,25,1.0294195530722585,39.42154164083076,34.92437634209739,2000,2024,Ethiopia,Sub-Saharan Africa ,Low income,0.10253362598016658,-0.10682916021556754,0.10069655069906078,0.8556327531985748,no clear trend,False,infra_gap,Time-tax infrastructure (composite)
FIN,-5.6147612798476155e-06,1300.0,2.634145055757468e-07,25,-0.0004197663092633272,-0.0016594434620493,-0.0022277526767974,2000,2024,Finland,Europe & Central Asia,High income,0.026757834359157257,-0.0012780002489905771,0.026645144048262043,0.5191274220278432,no clear trend,False,infra_gap,Time-tax infrastructure (composite)
FJI,-0.45050687825331204,1300.0,74.19639819154283,25,0.8567573573403918,21.94911145667625,4.4526469260790025,2000,2024,Fiji,East Asia & Pacific,Upper middle income,0.04981450480883313,-0.45020322724936307,0.049576356871593466,1.0,gap shrinking,False,infra_gap,Time-tax infrastructure (composite)
FRA,-0.00023239600278875916,1300.0,0.0005382787577181891,25,-0.0008521186768917584,-0.0755287009063465,-0.1007049345417954,2000,2024,France,Europe & Central Asia,High income,0.026757834359157257,-0.0015028753396678105,0.026645144048262043,0.5224897551681841,no clear trend,False,infra_gap,Time-tax infrastructure (composite)
GAB,-0.17992680057907934,1300.0,159.21000365234295,25,0.7479650178890987,52.59688109830665,42.2922284982155,2000,2024,Gabon,Sub-Saharan Africa ,Upper middle income,0.07297087971260548,-0.1771683558912741,0.07229983869987677,0.9928664444625981,gap shrinking,False,infra_gap,Time-tax infrastructure (composite)
GBR,-0.0005295212560759068,1300.0,0.0014435927991954935,25,-0.000404019751562589,-0.1095944082246731,-0.1461258776328975,2000,2024,United Kingdom,Europe & Central Asia,High income,0.026757834359157257,-0.0017975031838002263,0.026645144048262043,0.5268925727395277,no clear trend,False,infra_gap,Time-tax infrastructure (composite)
GEO,-0.9671027492163184,1300.0,22.63123245957624,25,1.2118216655831466,28.66171160111655,7.968597860705533,2000,2024,Georgia,Europe & Central Asia,Upper middle income,0.02751176851230743,-0.9598581185910153,0.027389325870468464,1.0,gap shrinking,False,infra_gap,Time-tax infrastructure (composite)
GHA,-0.3068975862223209,1300.0,124.02343512232169,25,1.4508189764990742,28.35842414601849,17.469439401461766,2000,2024,Ghana,Sub-Saharan Africa ,Lower middle income,0.06440451050967387,-0.302921914038284,0.06394173374423107,0.9999989179746386,gap shrinking,False,infra_gap,Time-tax infrastructure (composite)
GIN,0.7005967861267847,1300.0,267.30303984247894,25,0.6661305965693688,18.575141129328543,40.28515915401863,2000,2024,Guinea,Sub-Saharan Africa ,Lower middle income,0.0945510496931484,0.6784387889849676,0.09310471931785214,1.5865978852444159e-13,gap widening,True,infra_gap,Time-tax infrastructure (composite)
GMB,0.6253388668942051,1300.0,183.55987059265644,25,0.18198301567921893,9.822178429773302,32.27979215700393,2000,2024,"Gambia, The",Sub-Saharan Africa ,Low income,0.07835257562312682,0.6115606823106665,0.07752358826896431,1.5266973710915023e-15,gap widening,True,infra_gap,Time-tax infrastructure (composite)
GNB,0.34779556170808384,1300.0,85.93972263017747,25,0.425878564159749,16.756923769595165,28.828463926241167,2000,2024,Guinea-Bissau,Sub-Saharan Africa ,Low income,0.053611922321962144,0.3440378452185916,0.0533441019234456,5.614417474355832e-11,gap widening,True,infra_gap,Time-tax infrastructure (composite)
GNQ,0.8353237828369633,484.5,13.439167113548198,18,-0.47455854802612457,31.22927971652117,43.88747409063257,2000,2017,Equatorial Guinea,Sub-Saharan Africa ,Upper middle income,0.04383043152299203,0.8295455323030483,0.04368371948302357,1.0353822845617394e-80,gap widening,False,infra_gap,Time-tax infrastructure (composite)
GRC,-0.030812262651054124,1300.0,0.12982771502404442,25,0.03632271891487667,0.9555284652111276,0.3550286893968035,2000,2024,Greece,Europe & Central Asia,High income,0.026757834359157257,-0.0318257108602422,0.026645144048262043,0.8838447400850319,no clear trend,False,infra_gap,Time-tax infrastructure (composite)
GTM,-0.6573335773439577,1300.0,17.404829110715827,25,0.8132353088008228,35.321924282062355,15.7879253925866,2000,2024,Guatemala,Latin America & Caribbean ,Upper middle income,0.026757834359157257,-0.6570332842279949,0.026707994974385516,1.0,gap shrinking,False,infra_gap,Time-tax infrastructure (composite)
GUY,-0.296084190666202,1300.0,12.717976705503963,25,0.5309187165257884,9.590666593533976,3.966765511640034,2000,2024,Guyana,Latin America & Caribbean ,High income,0.026757834359157257,-0.2971283770261569,0.026707994974385516,1.0,gap shrinking,False,infra_gap,Time-tax infrastructure (composite)
HND,-0.9000091074485884,1300.0,118.89148776244852,25,1.3612302266876306,34.26048990425245,8.792702596851532,2000,2024,Honduras,Latin America & Caribbean ,Lower middle income,0.06305794112198264,-0.893436850099814,0.06241383160519799,1.0,gap shrinking,False,infra_gap,Time-tax infrastructure (composite)
HRV,-0.016877287292377023,1150.0,1.56469256374042,24,0.010970774353766307,1.0783369536164749,0.0288373620680317,2000,2023,Croatia,Europe & Central Asia,High income,0.02844943965933593,-0.018153928997943145,0.02831410854002681,0.7392912653857904,no clear trend,False,infra_gap,Time-tax infrastructure (composite)
HTI,-0.3085450619744951,1300.0,771.6032176611046,25,0.42248294965660055,36.72882230453415,36.551715713640895,2000,2024,Haiti,Latin America & Caribbean ,Lower middle income,0.16064285754733512,-0.34035981220780137,0.1508105039539995,0.9879919232685725,gap shrinking,False,infra_gap,Time-tax infrastructure (composite)
HUN,-0.08836791112617827,1300.0,0.040592134020895135,25,0.12511538794177535,1.779134900942399,-0.2715849816274366,2000,2024,Hungary,Europe & Central Asia,High income,0.026757834359157257,-0.08889759027898997,0.026645144048262043,0.9995755725512604,gap shrinking,False,infra_gap,Time-tax infrastructure (composite)
IDN,-0.6711144565994545,1300.0,132.9365757678368,25,2.056613120687493,22.42162769617337,6.49368903990927,2000,2024,Indonesia,East Asia & Pacific,Upper middle income,0.06667862718547093,-0.6668325501838551,0.06611070850970562,1.0,gap shrinking,False,infra_gap,Time-tax infrastructure (composite)
IND,-1.2349900590032306,1300.0,176.3902120986816,25,2.3403547223065537,36.62282986087889,2.880437808469504,2000,2024,India,South Asia,Lower middle income,0.07680714938910518,-1.2321327953171137,0.07634058800560212,1.0,gap shrinking,False,infra_gap,Time-tax infrastructure (composite)
IRL,-0.019703910826601397,1300.0,0.27142003657779806,25,0.007611558847479364,-1.3483638887547222,-2.261351550306699,2000,2024,Ireland,Europe & Central Asia,High income,0.026757834359157257,-0.02081072740227282,0.026645144048262043,0.7826083533863539,no clear trend,False,infra_gap,Time-tax infrastructure (composite)
IRN,-0.39433961004281703,1300.0,6.859979554477994,25,0.472352964618744,14.205742507451324,4.8131907110757295,2000,2024,"Iran, Islamic Rep.","Middle East, North Africa, Afghanistan & Pakistan",Upper middle income,0.026757834359157257,-0.3937729009328788,0.026713411425633715,1.0,gap shrinking,False,infra_gap,Time-tax infrastructure (composite)
IRQ,-0.994070048672332,1300.0,34.17793285358838,25,1.5692867599389781,24.02610016261505,2.0578310417367667,2000,2024,Iraq,"Middle East, North Africa, Afghanistan & Pakistan",Upper middle income,0.03380938741499966,-0.9899968102538812,0.03371990822154256,1.0,gap shrinking,False,infra_gap,Time-tax infrastructure (composite)
ISL,-0.000991057341235333,1300.0,0.009959906920356466,25,-1.1029727775400327e-16,-0.325210981189624,-0.4329004329004344,2000,2024,Iceland,Europe & Central Asia,High income,0.026757834359157257,-0.002255159947254195,0.026645144048262043,0.5337249323491333,no clear trend,False,infra_gap,Time-tax infrastructure (composite)
ISR,0.014050555114988783,1300.0,0.05133675176488148,25,-0.014050555114988107,0.0,0.3776632302405668,2000,2024,Israel,"Middle East, North Africa, Afghanistan & Pakistan",High income,0.026757834359157257,0.013262384044685153,0.026713411425633715,0.3097817321132871,no clear trend,False,infra_gap,Time-tax infrastructure (composite)
ITA,0.0,1150.0,0.0,24,-7.726010304245404e-16,-0.0067274269973675,-0.0067274269973675,2000,2023,Italy,Europe & Central Asia,High income,0.02844943965933593,-0.0014368269166437587,0.02831410854002681,0.5202360276727472,no clear trend,False,infra_gap,Time-tax infrastructure (composite)
JAM,-0.6271320216393321,1300.0,5.93702285035461,25,0.7220475410579892,17.041450731597546,1.8364025665757235,2000,2024,Jamaica,Latin America & Caribbean ,Upper middle income,0.026757834359157257,-0.6269441311274514,0.026707994974385516,1.0,gap shrinking,False,infra_gap,Time-tax infrastructure (composite)
JOR,-0.010423219908663713,1300.0,1.2190064845143713,25,-0.01018693083131062,1.6479089014944002,1.1604791139427657,2000,2024,Jordan,"Middle East, North Africa, Afghanistan & Pakistan",Upper middle income,0.026757834359157257,-0.01113019648521054,0.026713411425633715,0.6615335183843382,no clear trend,False,infra_gap,Time-tax infrastructure (composite)
KAZ,-0.4317694852651401,1300.0,3.54781023555751,25,0.45782707823434066,11.253651283142425,-0.5292574205613695,2000,2024,Kazakhstan,Europe & Central Asia,Upper middle income,0.026757834359157257,-0.42941279166600255,0.026645144048262043,1.0,gap shrinking,False,infra_gap,Time-tax infrastructure (composite)
KEN,0.00012759826417117472,1300.0,64.05427139066614,25,1.3411199965012581,26.25728427086893,20.86740629953493,2000,2024,Kenya,Sub-Saharan Africa ,Lower middle income,0.04628480662271959,-9.120408498748354e-05,0.04611214206527261,0.5007890577252356,no clear trend,False,infra_gap,Time-tax infrastructure (composite)
KGZ,-0.5566629217925789,1300.0,19.405594295562032,25,0.743222664565342,18.429911919189152,1.4289471810442318,2000,2024,Kyrgyz Republic,Europe & Central Asia,Lower middle income,0.026757834359157257,-0.5532564688468397,0.026645144048262043,1.0,gap shrinking,False,infra_gap,Time-tax infrastructure (composite)
KHM,-1.1166375501521801,1300.0,832.9250944844955,25,2.8603552852388496,40.04094801437208,9.92426901101507,2000,2024,Cambodia,East Asia & Pacific,Lower middle income,0.16690424371892948,-1.0485421607078451,0.15855351627010023,0.9999999999811918,gap shrinking,False,infra_gap,Time-tax infrastructure (composite)
KIR,-0.6827417903883709,1150.0,179.1861230200516,24,0.7191865936220578,31.690544775582214,19.926902273469832,2000,2023,Kiribati,East Asia & Pacific,Lower middle income,0.08415732561897395,-0.675677675738184,0.08302404829259115,0.9999999999999998,gap shrinking,False,infra_gap,Time-tax infrastructure (composite)
LAO,-1.2637563950519433,1300.0,27.084969857341918,25,2.280090099066163,40.37321259203283,9.556504040698297,2000,2024,Lao PDR,East Asia & Pacific,Lower middle income,0.03009737255465516,-1.2607958941204864,0.030044607675771155,1.0,gap shrinking,False,infra_gap,Time-tax infrastructure (composite)
LBR,0.27354116653754773,1300.0,151.12905799906991,25,0.2405467615640672,16.76020436982809,28.85287898116917,2000,2024,Liberia,Sub-Saharan Africa ,Low income,0.07109489113234083,0.26827423618094376,0.07047385229337096,7.041095931375831e-05,gap widening,True,infra_gap,Time-tax infrastructure (composite)
LCA,0.15140047381429844,1150.0,17.44434483868955,24,0.2673843550328457,-4.131386984274576,2.350312683932496,2000,2023,St. Lucia,Latin America & Caribbean ,Upper middle income,0.02844943965933593,0.14833892051657885,0.028389559519355435,8.702001868960911e-08,gap widening,True,infra_gap,Time-tax infrastructure (composite)
LKA,-0.30750827983227624,1300.0,93.48545086547651,25,1.0034242179506658,18.89441066121665,3.6801948849754353,2000,2024,Sri Lanka,South Asia,Upper middle income,0.05591604159698242,-0.31197312504143154,0.05573525172642839,0.9999999891211916,gap shrinking,False,infra_gap,Time-tax infrastructure (composite)
LSO,0.1383830045891931,1300.0,268.63389788107276,25,1.1633191117219963,21.263163737046323,21.250557917240094,2000,2024,Lesotho,Sub-Saharan Africa ,Lower middle income,0.09478613453649393,0.13326905320051766,0.09332915475998034,0.0766536084913376,gap widening,True,infra_gap,Time-tax infrastructure (composite)
LTU,-0.464358942690456,1300.0,0.6227169581583694,25,0.5602802839146863,12.211476553880246,1.7026570531413323,2000,2024,Lithuania,Europe & Central Asia,High income,0.026757834359157257,-0.4617283268702305,0.026645144048262043,1.0,gap shrinking,False,infra_gap,Time-tax infrastructure (composite)
LUX,-0.0022254032743464795,1300.0,0.011065099785841883,25,0.0003350728301431847,-0.3143195303978743,-0.4565883206082664,2000,2024,Luxembourg,Europe & Central Asia,High income,0.026757834359157257,-0.0034791309061773384,0.026645144048262043,0.5519433671804065,no clear trend,False,infra_gap,Time-tax infrastructure (composite)
LVA,-0.1171984794918202,1300.0,1.0593977861122028,25,0.12001960189991648,5.699190229108876,3.795825151708333,2000,2024,Latvia,Europe & Central Asia,High income,0.026757834359157257,-0.1174858307893725,0.026645144048262043,0.999994814194192,gap shrinking,False,infra_gap,Time-tax infrastructure (composite)
MAR,-1.2875014071083566,1300.0,166.2139072217326,25,1.5618543691775542,42.35203698945468,14.210416264017796,2000,2024,Morocco,"Middle East, North Africa, Afghanistan & Pakistan",Lower middle income,0.07455865846812366,-1.260696444491446,0.07361348553203875,1.0,gap shrinking,False,infra_gap,Time-tax infrastructure (composite)
MDA,-0.8847919699066334,1300.0,82.32116773995116,25,0.9974655046326079,26.8326875808244,5.4553326585149335,2000,2024,Moldova,Europe & Central Asia,Upper middle income,0.052471099782384484,-0.8616410179101466,0.051636298822524296,1.0,gap shrinking,False,infra_gap,Time-tax infrastructure (composite)
MDG,0.2678832902535602,1300.0,501.1000860587534,25,0.43946150215040086,19.025369232910936,33.3265417451473,2000,2024,Madagascar,Sub-Saharan Africa ,Low income,0.1294573296597527,0.25140956266420106,0.12581750269013683,0.022847047713138804,gap widening,True,infra_gap,Time-tax infrastructure (composite)
MDV,-0.9131742274671827,1300.0,106.40683983867423,25,1.3908635807420908,20.749544337328903,-0.0969493731715308,2000,2024,Maldives,South Asia,Upper middle income,0.059655319840228344,-0.9138049800916201,0.059435927389329936,1.0,gap shrinking,False,infra_gap,Time-tax infrastructure (composite)
MEX,-0.7663674453865021,1300.0,40.21829441923696,25,0.8181443072716899,26.465504531883923,2.6033238173406,2000,2024,Mexico,Latin America & Caribbean ,Upper middle income,0.036675515795109914,-0.7650452593717395,0.036547493804828274,1.0,gap shrinking,False,infra_gap,Time-tax infrastructure (composite)
MHL,-0.3933314335929313,1300.0,589.6248527683998,25,1.2916567803126535,24.384336647981847,2.468024950202571,2000,2024,Marshall Islands,East Asia & Pacific,Upper middle income,0.14042754267385746,-0.3951329554345192,0.13534400983973705,0.9982468717358663,gap shrinking,False,infra_gap,Time-tax infrastructure (composite)
MKD,-0.18327302043557356,1300.0,93.06678879808557,25,0.5905812157282697,9.970084924330424,0.7569384104944987,2000,2024,North Macedonia,Europe & Central Asia,Upper middle income,0.05579069485176714,-0.18213973203623424,0.05479031581378484,0.9995568043386429,gap shrinking,False,infra_gap,Time-tax infrastructure (composite)
MLI,0.14424286558949104,1300.0,431.0772309993566,25,1.0599498340899565,23.49255030223808,29.96913891191093,2000,2024,Mali,Sub-Saharan Africa ,Low income,0.12007205626468906,0.13590347802877462,0.11715078992684727,0.12300952610469357,no clear trend,False,infra_gap,Time-tax infrastructure (composite)
MLT,0.0007086538461539461,1300.0,9.240264423077206e-05,25,-1.1029727775400327e-16,-0.0137500000000017,0.0,2000,2024,Malta,"Middle East, North Africa, Afghanistan & Pakistan",High income,0.026757834359157257,-3.52539701878668e-05,0.026713411425633715,0.5005264881730521,no clear trend,False,infra_gap,Time-tax infrastructure (composite)
MMR,-0.09044196037763523,1300.0,238.41138850044746,25,1.5514923540350292,27.9268756405753,14.769765352737869,2000,2024,Myanmar,East Asia & Pacific,Lower middle income,0.08929515683092662,-0.10029413526023452,0.08794480490874186,0.87294460386629,no clear trend,False,infra_gap,Time-tax infrastructure (composite)
MNE,-0.30900418944698377,570.0,29.036656736112455,19,0.4681506382936939,11.195852680612926,1.8126551062030007,2006,2024,Montenegro,Europe & Central Asia,Upper middle income,0.0547408348739292,-0.3036040616468091,0.05379493173570558,0.999999991679744,gap shrinking,False,infra_gap,Time-tax infrastructure (composite)
MNG,-0.9306742474458084,1300.0,247.25380125008715,25,1.7851434174331915,50.23238473916449,21.4837383119237,2000,2024,Mongolia,East Asia & Pacific,Upper middle income,0.09093600992643512,-0.9147537435102904,0.08951103379611097,1.0,gap shrinking,False,infra_gap,Time-tax infrastructure (composite)
MOZ,0.7160151033702459,1300.0,53.86417921145203,25,0.7968926103419528,28.894467800375303,48.64337872664,2000,2024,Mozambique,Sub-Saharan Africa ,Low income,0.04244381657674534,0.7113424504838926,0.04231055115967032,9.897392460093078e-64,gap widening,True,infra_gap,Time-tax infrastructure (composite)
MRT,0.30825888430814885,1150.0,144.09041230462452,24,1.0631321800230213,37.93580105878387,47.46975468939774,2000,2023,Mauritania,Sub-Saharan Africa ,Lower middle income,0.07546703395272351,0.3016583333057547,0.07472545598057077,2.708239869963117e-05,gap widening,True,infra_gap,Time-tax infrastructure (composite)
MUS,-0.10477339476270682,1300.0,0.6209590222202657,25,0.18818724632307687,3.082745677504949,0.480461663294534,2000,2024,Mauritius,Sub-Saharan Africa ,Upper middle income,0.026757834359157257,-0.10458449607239834,0.026724348582195086,0.999954507290123,gap shrinking,False,infra_gap,Time-tax infrastructure (composite)
MWI,-0.20796083719400277,1300.0,54.70841598679782,25,0.8805532417869701,23.489548044786737,22.5065219427435,2000,2024,Malawi,Sub-Saharan Africa ,Low income,0.042775143591313076,-0.2068229361649864,0.042638742897151284,0.9999993845171806,gap shrinking,False,infra_gap,Time-tax infrastructure (composite)
MYS,0.009902747609169904,1300.0,9.90629238379707,25,-0.03196596773115436,3.846019635370528,1.2138763506838046,2000,2024,Malaysia,East Asia & Pacific,Upper middle income,0.026757834359157257,0.008715184775357647,0.02672073628212132,0.37215236758448583,no clear trend,False,infra_gap,Time-tax infrastructure (composite)
NAM,-0.6707287423030551,1300.0,68.81208918786109,25,0.5267633662409499,49.805546367939954,27.959543008609497,2000,2024,Namibia,Sub-Saharan Africa ,Lower middle income,0.04797298891194769,-0.6655996524878421,0.04778081345048716,1.0,gap shrinking,False,infra_gap,Time-tax infrastructure (composite)
NER,0.466644590991638,1300.0,87.02972586098437,25,0.39647116207600447,30.484617893942342,47.85616050392225,2000,2024,Niger,Sub-Saharan Africa ,Low income,0.05395084033273414,0.461640359900235,0.05367793441731596,3.9792601008452105e-18,gap widening,True,infra_gap,Time-tax infrastructure (composite)
NGA,0.5796280149392936,1300.0,116.66198265854112,25,0.6573994731803856,25.327255016024875,38.49127674308887,2000,2024,Nigeria,Sub-Saharan Africa ,Lower middle income,0.062463897976774395,0.5714197794605842,0.06204143639419213,1.626186450041009e-20,gap widening,True,infra_gap,Time-tax infrastructure (composite)
NLD,-0.001778688747920065,1300.0,0.033874151452006646,25,-0.0001443881751552141,-0.5995267061933767,-0.7976612509945985,2000,2024,Netherlands,Europe & Central Asia,High income,0.026757834359157257,-0.003036171122693527,0.026645144048262043,0.5453606450366314,no clear trend,False,infra_gap,Time-tax infrastructure (composite)
NOR,-0.00023076923076922892,1300.0,0.0005307692307692223,25,-0.0013076923076919798,-0.0749999999999992,-0.099999999999999,2000,2024,Norway,Europe & Central Asia,High income,0.026757834359157257,-0.0015012622410580268,0.026645144048262043,0.5224656415248591,no clear trend,False,infra_gap,Time-tax infrastructure (composite)
NPL,-1.1313710102221453,1300.0,180.17702953622162,25,2.093350163595096,29.779248299389625,-0.1431375542535704,2000,2024,Nepal,South Asia,Lower middle income,0.07762723497527835,-1.1297348092286987,0.07714566275234952,1.0,gap shrinking,False,infra_gap,Time-tax infrastructure (composite)
NZL,0.0,1300.0,0.0,25,-1.1029727775400327e-16,0.0,0.0,2000,2024,New Zealand,East Asia & Pacific,High income,0.026757834359157257,-0.001160122778770146,0.02672073628212132,0.5173152663148808,no clear trend,False,infra_gap,Time-tax infrastructure (composite)
OMN,-0.20763523850176843,1300.0,9.436198433828809,25,0.31049944755117614,9.207371313283724,6.158121002620703,2000,2024,Oman,"Middle East, North Africa, Afghanistan & Pakistan",High income,0.026757834359157257,-0.20768794208622685,0.026713411425633715,0.9999999999999962,gap shrinking,False,infra_gap,Time-tax infrastructure (composite)
PAK,-0.9021863982639708,1300.0,150.0809531206561,25,1.374040528600293,37.57129259237633,8.671370345796864,2000,2024,Pakistan,"Middle East, North Africa, Afghanistan & Pakistan",Lower middle income,0.07084793483409418,-0.8867103983342502,0.07003548290165909,1.0,gap shrinking,False,infra_gap,Time-tax infrastructure (composite)
PAN,-0.49362576645539347,1300.0,53.8517572352658,25,0.7615381636211167,22.909918270334103,14.255769467154105,2000,2024,Panama,Latin America & Caribbean ,High income,0.042438922169299176,-0.49439866627359785,0.04224091550591783,1.0,gap shrinking,False,infra_gap,Time-tax infrastructure (composite)
PER,-1.7182304687661147,1300.0,62.06021251008967,25,2.272866327878743,56.0619018906182,16.606286372780165,2000,2024,Peru,Latin America & Caribbean ,Upper middle income,0.04555866977471791,-1.7060001963765086,0.0453139677258884,1.0,gap shrinking,False,infra_gap,Time-tax infrastructure (composite)
PHL,-0.551964933174058,1300.0,58.06878657633699,25,1.132473424560039,23.57112173770315,5.101894704373199,2000,2024,Philippines,East Asia & Pacific,Upper middle income,0.0440692623661461,-0.5509678126564406,0.04390411820408985,1.0,gap shrinking,False,infra_gap,Time-tax infrastructure (composite)
PLW,-0.19936163059824744,1300.0,0.7681900754018525,25,0.2397318427126724,4.739424825739473,0.4161909528953676,2000,2024,Palau,East Asia & Pacific,High income,0.026757834359157257,-0.19996933153079832,0.02672073628212132,0.9999999999999639,gap shrinking,False,infra_gap,Time-tax infrastructure (composite)
PNG,-0.8156226504893285,1300.0,44.04693366618481,25,0.727721560562225,52.35100842850593,30.952913803261,2000,2024,Papua New Guinea,East Asia & Pacific,Lower middle income,0.03838152673079567,-0.8133661429756365,0.038272279145422285,1.0,gap shrinking,False,infra_gap,Time-tax infrastructure (composite)
POL,-0.07828235312439515,1300.0,18.967615058653493,25,0.10407810744901044,5.544327927929468,4.480140829530531,2000,2024,Poland,Europe & Central Asia,High income,0.026757834359157257,-0.0788968038158276,0.026645144048262043,0.9984668897495844,gap shrinking,False,infra_gap,Time-tax infrastructure (composite)
PRK,0.6007279245748689,885.5,1.798110016754252,22,-0.09039331772466166,4.576497087949599,15.990504500600233,2002,2023,"Korea, Dem. People's Rep.",East Asia & Pacific,Low income,0.03242114543531609,0.5965863449062988,0.03235521874893808,3.216752259279774e-76,gap widening,False,infra_gap,Time-tax infrastructure (composite)
PRT,0.005405321954665141,1300.0,0.07108638601131956,25,0.016740971346108028,0.3692317245047292,0.6681481091144642,2000,2024,Portugal,Europe & Central Asia,High income,0.026757834359157257,0.004087456243578658,0.026645144048262043,0.43904007372128906,no clear trend,False,infra_gap,Time-tax infrastructure (composite)
PRY,-1.1364336673667157,1300.0,77.96293195307776,25,1.5940695242004226,36.1831296993938,0.1894864297537708,2000,2024,Paraguay,Latin America & Caribbean ,Upper middle income,0.05106325408905249,-1.1289202923144628,0.05071941433359812,1.0,gap shrinking,False,infra_gap,Time-tax infrastructure (composite)
PSE,-0.20354329142062508,1300.0,2.001893183204147,25,0.4012899067089876,3.869228920183664,-0.2463397188590666,2000,2024,West Bank and Gaza,"Middle East, North Africa, Afghanistan & Pakistan",Lower middle income,0.026757834359157257,-0.2036095704985009,0.026713411425633715,0.9999999999999876,gap shrinking,False,infra_gap,Time-tax infrastructure (composite)
ROU,-0.1773990597125965,1300.0,95.55788331026667,25,0.29195863243387515,0.6333333333333305,5.7415415022945,2000,2024,Romania,Europe & Central Asia,High income,0.05653243166338067,-0.17645068952497067,0.05549236395186385,0.9992629362752812,gap shrinking,False,infra_gap,Time-tax infrastructure (composite)
RUS,0.22900059442888143,1300.0,16.734206323630517,25,-0.10971252955010427,3.1489467851099704,12.528844684806904,2000,2024,Russian Federation,Europe & Central Asia,High income,0.026757834359157257,0.22580335672145962,0.026645144048262043,1.180805497729022e-17,gap widening,False,infra_gap,Time-tax infrastructure (composite)
RWA,0.08794881170206134,1300.0,252.86854745038028,25,1.173043221191815,16.47735055977547,8.228688565020933,2000,2024,Rwanda,Sub-Saharan Africa ,Low income,0.09196272100800773,0.08457720892927993,0.09063030557468231,0.17535548732207656,no clear trend,False,infra_gap,Time-tax infrastructure (composite)
SAU,0.039334691843880186,1300.0,0.6106687310523691,25,-0.06717140917935067,-0.2377913538650015,0.5298759966760022,2000,2024,Saudi Arabia,"Middle East, North Africa, Afghanistan & Pakistan",High income,0.026757834359157257,0.038462637813967915,0.026713411425633715,0.07495845704554417,gap widening,False,infra_gap,Time-tax infrastructure (composite)
SDN,-0.3326199955595594,1300.0,137.068212422474,25,1.9680752034008222,31.817428949334477,24.114970049732733,2000,2024,Sudan,Sub-Saharan Africa ,Low income,0.06770687669102239,-0.3278263143736765,0.06716980753032113,0.9999994710764247,gap shrinking,False,infra_gap,Time-tax infrastructure (composite)
SEN,-1.0775191237411488,1300.0,141.6568332688894,25,1.3512644706242134,53.07986790167732,20.13465839154944,2000,2024,Senegal,Sub-Saharan Africa ,Lower middle income,0.06883085595429554,-1.0604093612040768,0.06826681726399053,1.0,gap shrinking,False,infra_gap,Time-tax infrastructure (composite)
SLB,-0.46069971089171097,1300.0,139.01267879513958,25,0.8807244165546649,33.7523405195839,27.52936499249627,2000,2024,Solomon Islands,East Asia & Pacific,Lower middle income,0.06818543445200999,-0.4599548460449507,0.06757849098200434,0.9999999999949906,gap shrinking,False,infra_gap,Time-tax infrastructure (composite)
SLE,0.36829421174231447,1300.0,88.6915500338962,25,0.5216527526520136,17.653441789503884,25.861680419624765,2000,2024,Sierra Leone,Sub-Saharan Africa ,Low income,0.05446349765103678,0.36420664241449374,0.05418277847370028,8.973703502435137e-12,gap widening,True,infra_gap,Time-tax infrastructure (composite)
SLV,-0.9981163801005651,1300.0,33.56942638801462,25,1.2020356910607448,32.1008340675079,10.653960885357131,2000,2024,El Salvador,Latin America & Caribbean ,Upper middle income,0.03350706329371542,-0.9956618629329473,0.03340935292019089,1.0,gap shrinking,False,infra_gap,Time-tax infrastructure (composite)
SMR,0.0,1150.0,0.0,24,-8.075898920868532e-16,0.0,0.0,2000,2023,San Marino,Europe & Central Asia,High income,0.02844943965933593,-0.0014368269166437587,0.02831410854002681,0.5202360276727472,no clear trend,False,infra_gap,Time-tax infrastructure (composite)
SOM,-0.4020373434941279,1300.0,78.06036181909411,25,1.3800731497423535,33.14301855555048,27.885933300953702,2000,2024,"Somalia, Fed. Rep.",Sub-Saharan Africa ,Low income,0.051095150866889226,-0.3986596763511839,0.05086314628165623,0.9999999999999977,gap shrinking,False,infra_gap,Time-tax infrastructure (composite)
SRB,-0.27383160733098444,1300.0,28.811757763123623,25,0.5571589083596646,11.913397966193925,1.476353785943464,2000,2024,Serbia,Europe & Central Asia,Upper middle income,0.03104197059733817,-0.2724504898428964,0.030866406671748378,1.0,gap shrinking,False,infra_gap,Time-tax infrastructure (composite)
SSD,1.0416738252548736,227.5,53.7543726244663,14,0.0899474205176108,10.289168502117146,28.453821700594272,2011,2024,South Sudan,Sub-Saharan Africa ,Low income,0.14032193835102333,0.9725858351411939,0.13572023875376282,3.858006670870013e-13,gap widening,True,infra_gap,Time-tax infrastructure (composite)
STP,-0.30976241789790543,1300.0,48.85048787110073,25,1.0198852714939746,12.837056172161873,7.057124796054301,2000,2024,Sao Tome and Principe,Sub-Saharan Africa ,Lower middle income,0.04042023727012582,-0.30816646619061977,0.040305088053053384,0.9999999999999897,gap shrinking,False,infra_gap,Time-tax infrastructure (composite)
SUR,-0.8382135769364503,1300.0,15.795968291489217,25,1.0714834047549908,23.28078559430415,5.50457956518233,2000,2024,Suriname,Latin America & Caribbean ,Upper middle income,0.026757834359157257,-0.8372400938967823,0.026707994974385516,1.0,gap shrinking,False,infra_gap,Time-tax infrastructure (composite)
SVK,-0.0033796837204196953,1300.0,0.35654698406761687,25,-0.0007623755741974763,0.5580128023458535,0.7044523806213334,2000,2024,Slovak Republic,Europe & Central Asia,High income,0.026757834359157257,-0.004623709347721288,0.026645144048262043,0.5688822436800379,no clear trend,False,infra_gap,Time-tax infrastructure (composite)
SWE,-0.013394589396310221,1300.0,0.0002941153111270027,25,0.007486498700425499,0.3102093125966974,0.0088983223937664,2000,2024,Sweden,Europe & Central Asia,High income,0.026757834359157257,-0.01455443733476833,0.026645144048262043,0.707546854336052,no clear trend,False,infra_gap,Time-tax infrastructure (composite)
SWZ,-1.106605355326421,1300.0,250.37073007513527,25,1.7561377536511082,40.12161280340767,1.6467578325223329,2000,2024,Eswatini,Sub-Saharan Africa ,Lower middle income,0.09150739321249585,-1.0759101919882397,0.09019439068523294,1.0,gap shrinking,False,infra_gap,Time-tax infrastructure (composite)
SYR,0.14681850526075818,1300.0,53.02996487872016,25,-0.1083786552500359,7.605501762685879,14.6145054980999,2000,2024,Syrian Arab Republic,"Middle East, North Africa, Afghanistan & Pakistan",Low income,0.04211386257152129,0.14378984131102085,0.0419413040125883,0.000303621092924031,gap widening,False,infra_gap,Time-tax infrastructure (composite)
TCA,-2.960594732333751e-17,60.0,5.259072701473412e-32,9,-1.3804345051574876e-15,3.037379772228666,3.037379772228666,2016,2024,Turks and Caicos Islands,Latin America & Caribbean ,High income,0.1245509406808934,-0.04317851748701407,0.11979712440556065,0.640737326963104,no clear trend,False,infra_gap,Time-tax infrastructure (composite)
TCD,0.5991941468752859,1300.0,861.9285537839505,25,0.47222146684883654,17.988248149308347,6.6688721105140685,2000,2024,Chad,Sub-Saharan Africa ,Low income,0.16978528184908606,0.5415638840525698,0.1618132509415801,0.00040868436776018155,gap widening,True,infra_gap,Time-tax infrastructure (composite)
TGO,0.21408357470750747,1300.0,18.316759727944753,25,0.8250236239924018,27.42646408230227,34.10519140289514,2000,2024,Togo,Sub-Saharan Africa ,Lower middle income,0.026757834359157257,0.21347491315375405,0.026724348582195086,6.855573388418224e-16,gap widening,True,infra_gap,Time-tax infrastructure (composite)
THA,-0.5331803878193992,1300.0,29.65428012810683,25,0.7442596143564103,16.69794390824978,0.2681565941137999,2000,2024,Thailand,East Asia & Pacific,Upper middle income,0.03149256966466599,-0.5327413370750099,0.03143213651473866,1.0,gap shrinking,False,infra_gap,Time-tax infrastructure (composite)
TJK,-1.0670196482805936,1150.0,4.959258576471631,24,1.2805443483162724,28.018124527174,4.832800639952374,2000,2023,Tajikistan,Europe & Central Asia,Lower middle income,0.02844943965933593,-1.0583292098006818,0.02831410854002681,1.0,gap shrinking,False,infra_gap,Time-tax infrastructure (composite)
TKM,-0.07662310148590798,1300.0,0.2613020419388286,25,0.24068091659051175,1.9435261359711011,-0.1674262751027034,2000,2024,Turkmenistan,Europe & Central Asia,Upper middle income,0.026757834359157257,-0.07725149858608933,0.026645144048262043,0.9981298438679944,gap shrinking,False,infra_gap,Time-tax infrastructure (composite)
TLS,-1.1121518765347247,1012.0,75.13307795679218,23,2.627316303868353,36.64202429955546,11.3303932093983,2002,2024,Timor-Leste,East Asia & Pacific,Lower middle income,0.05945873795132995,-1.1027659088958277,0.05905499183190094,1.0,gap shrinking,False,infra_gap,Time-tax infrastructure (composite)
TON,-0.7803934204024449,1300.0,4.828858841538381,25,1.0407595205694786,19.483123328652823,1.5142324606445356,2000,2024,Tonga,East Asia & Pacific,Upper middle income,0.026757834359157257,-0.7793911091522476,0.02672073628212132,1.0,gap shrinking,False,infra_gap,Time-tax infrastructure (composite)
TTO,0.04934042773690203,665.0,7.467673336298909,20,0.005771422267877579,1.903854442713428,0.8420005490417329,2005,2024,Trinidad and Tobago,Latin America & Caribbean ,High income,0.03741207656475119,0.044802118569011305,0.03727621419289018,0.11470198582292407,no clear trend,False,infra_gap,Time-tax infrastructure (composite)
TUN,-0.8501534187207024,1300.0,3.3781751085219054,25,0.9440626846715297,22.79645660069528,1.4059726130129633,2000,2024,Tunisia,"Middle East, North Africa, Afghanistan & Pakistan",Lower middle income,0.026757834359157257,-0.8480744961738427,0.026713411425633715,1.0,gap shrinking,False,infra_gap,Time-tax infrastructure (composite)
TUR,-0.41246439969028625,1300.0,5.714886217068678,25,0.4950459906569522,13.212579642759874,1.5103925965432647,2000,2024,Turkiye,Europe & Central Asia,Upper middle income,0.026757834359157257,-0.410269969974525,0.026645144048262043,1.0,gap shrinking,False,infra_gap,Time-tax infrastructure (composite)
TUV,0.4920366371248349,1300.0,401.3282219750126,25,0.7877477467617535,1.1117916152667284,-1.3328420647049957,2000,2024,Tuvalu,East Asia & Pacific,Upper middle income,0.11585485989390869,0.446945879820198,0.11295036718048085,3.7946670228669824e-05,gap widening,True,infra_gap,Time-tax infrastructure (composite)
TZA,0.4907499977873703,1300.0,62.81891814961362,25,1.0377396426512917,24.32536912800684,38.80800718709063,2000,2024,Tanzania,Sub-Saharan Africa ,Lower middle income,0.04583630833950783,0.4869516482663454,0.045668596566829006,7.60382685145871e-27,gap widening,True,infra_gap,Time-tax infrastructure (composite)
UGA,-0.3440340937425698,1300.0,39.182765461622694,25,1.0317340348182535,27.42734943395937,22.93685820380033,2000,2024,Uganda,Sub-Saharan Africa ,Low income,0.03620028153663812,-0.34259596925117064,0.03611749353961984,1.0,gap shrinking,False,infra_gap,Time-tax infrastructure (composite)
UKR,-0.27577064540824103,1300.0,8.989576078839129,25,0.21461030479248017,6.000027407885,-2.650951723618832,2000,2024,Ukraine,Europe & Central Asia,Upper middle income,0.026757834359157257,-0.2747251595454909,0.026645144048262043,1.0,gap shrinking,False,infra_gap,Time-tax infrastructure (composite)
URY,-0.5883983637821006,1300.0,30.487942705973204,25,0.6676268689364676,12.9656994423676,1.5790401742877027,2000,2024,Uruguay,Latin America & Caribbean ,High income,0.03193217242298553,-0.5883361788902355,0.0318475683589612,1.0,gap shrinking,False,infra_gap,Time-tax infrastructure (composite)
USA,0.008456085946620165,1300.0,3.029820797412905,25,-0.007424417013098105,-0.0536622222147353,0.4773507506065992,2000,2024,United States,North America,High income,0.026757834359157257,0.008179326660844753,0.026568286442571355,0.37909423147228866,no clear trend,False,infra_gap,Time-tax infrastructure (composite)
UZB,-0.3195571076843622,1300.0,33.17661467641515,25,0.3152944784681858,12.383637718502923,-0.2822590792106609,2000,2024,Uzbekistan,Europe & Central Asia,Lower middle income,0.03331044543579298,-0.3173765916461786,0.033093788758580926,1.0,gap shrinking,False,infra_gap,Time-tax infrastructure (composite)
VCT,-0.30956388453553907,570.0,6.240801267196002,19,0.7843431340036839,6.592585501606299,2.198393110897399,2000,2018,St. Vincent and the Grenadines,Latin America & Caribbean ,Upper middle income,0.04040966120085566,-0.3118201893095311,0.040238610134682766,0.9999999999999953,gap shrinking,False,infra_gap,Time-tax infrastructure (composite)
VNM,-1.2784384081339766,1300.0,96.33247702541217,25,2.1531219478744745,26.97842125868697,1.8808387282972017,2000,2024,Viet Nam,East Asia & Pacific,Upper middle income,0.056761095603362455,-1.2678210247092696,0.05640953093556892,1.0,gap shrinking,False,infra_gap,Time-tax infrastructure (composite)
VUT,-0.784308674479702,1300.0,66.04757908696584,25,0.7902152142122557,38.63850834703058,16.425215849079027,2000,2024,Vanuatu,East Asia & Pacific,Lower middle income,0.046999458862239454,-0.7812008262791093,0.0467992885784872,1.0,gap shrinking,False,infra_gap,Time-tax infrastructure (composite)
WSM,-0.22560225981148677,1300.0,62.83958708047162,25,0.7675376932595421,12.568148010480522,0.3991144648751685,2000,2024,Samoa,East Asia & Pacific,Upper middle income,0.04584384834178959,-0.2271642653207542,0.045658025615799305,0.9999996743362889,gap shrinking,False,infra_gap,Time-tax infrastructure (composite)
YEM,-0.7753201647783088,1300.0,208.7213800967379,25,0.9398754379223726,52.399514983308194,25.067861132331004,2000,2024,"Yemen, Rep.","Middle East, North Africa, Afghanistan & Pakistan",Low income,0.08355027327166858,-0.7579752179027123,0.08222665183588788,1.0,gap shrinking,False,infra_gap,Time-tax infrastructure (composite)
ZAF,-0.9097736819528087,1300.0,83.46465518243534,25,1.1934133771957873,33.44221591127236,9.416378761993135,2000,2024,South Africa,Sub-Saharan Africa ,Upper middle income,0.0528342695562864,-0.9012485956513104,0.0525778800677553,1.0,gap shrinking,False,infra_gap,Time-tax infrastructure (composite)
ZMB,-0.4711742380015996,1300.0,8.470448405132327,25,0.864681127857957,42.9889667001321,30.61613773766706,2000,2024,Zambia,Sub-Saharan Africa ,Lower middle income,0.026757834359157257,-0.47006885708277457,0.026724348582195086,1.0,gap shrinking,False,infra_gap,Time-tax infrastructure (composite)
ZWE,-0.8754610915379943,1300.0,173.77436849603646,25,0.4458602854282581,57.38307515362502,28.79513861897913,2000,2024,Zimbabwe,Sub-Saharan Africa ,Lower middle income,0.07623550215723052,-0.8585802714145347,0.07547126844213213,1.0,gap shrinking,False,infra_gap,Time-tax infrastructure (composite)
AFG,1.6149565217391306,1150.0,895.6773311594204,24,0.8807608695652364,27.9,66.6,2000,2023,Afghanistan,"Middle East, North Africa, Afghanistan & Pakistan",Low income,0.18815489909575045,1.4421516950692774,0.17806347419026253,2.768642651623208e-16,gap widening,True,cooking_gap,Clean cooking
AGO,-0.23989130434782588,1150.0,3.6698822463768037,24,0.051260869565218525,73.45,66.6,2000,2023,Angola,Sub-Saharan Africa ,Lower middle income,0.0399694588765468,-0.23854036716698235,0.039912660787601396,0.999999998860499,gap shrinking,False,cooking_gap,Clean cooking
ALB,-1.216173913043478,1150.0,90.58374855072466,24,2.5250434782609146,46.4,22.700000000000003,2000,2023,Albania,Europe & Central Asia,Upper middle income,0.05983632106179708,-1.2090628485952948,0.05963640967950717,1.0,gap shrinking,False,cooking_gap,Clean cooking
AND,0.0,1150.0,0.0,24,-8.075898920868532e-16,0.0,0.0,2000,2023,Andorra,Europe & Central Asia,High income,0.0399694588765468,-0.0004486410968144414,0.03990970945559763,0.5044845761877695,no clear trend,False,cooking_gap,Clean cooking
ARE,0.0,1150.0,0.0,24,-8.075898920868532e-16,0.0,0.0,2000,2023,United Arab Emirates,"Middle East, North Africa, Afghanistan & Pakistan",High income,0.0399694588765468,-0.00021143881166558489,0.03986475624951791,0.502115941351194,no clear trend,False,cooking_gap,Clean cooking
ARG,-0.7616521739130433,1150.0,100.90719420289861,24,0.8214782608695738,20.700000000000003,1.7000000000000028,2000,2023,Argentina,Latin America & Caribbean ,Upper middle income,0.0631539915471375,-0.7592068591648548,0.06297926305557361,1.0,gap shrinking,False,cooking_gap,Clean cooking
ARM,-1.343086956521739,1150.0,489.59629130434735,24,1.5589130434782734,37.8,2.450000000000003,2000,2023,Armenia,Europe & Central Asia,Upper middle income,0.13911014365374477,-1.3013042596363595,0.13665221358033638,1.0,gap shrinking,False,cooking_gap,Clean cooking
ATG,0.0,1150.0,0.0,24,-8.075898920868532e-16,0.0,0.0,2000,2023,Antigua and Barbuda,Latin America & Caribbean ,High income,0.0399694588765468,-0.0007086701314776557,0.039925054355951,0.5070808578193197,no clear trend,False,cooking_gap,Clean cooking
AUS,0.0,1150.0,0.0,24,-8.075898920868532e-16,0.0,0.0,2000,2023,Australia,East Asia & Pacific,High income,0.0399694588765468,9.192288463814902e-05,0.039950440364386046,0.4990820653658434,no clear trend,False,cooking_gap,Clean cooking
AUT,0.0,1150.0,0.0,24,-8.075898920868532e-16,0.0,0.0,2000,2023,Austria,Europe & Central Asia,High income,0.0399694588765468,-0.0004486410968144414,0.03990970945559763,0.5044845761877695,no clear trend,False,cooking_gap,Clean cooking
AZE,-2.0055869565217392,1150.0,842.8964996376812,24,2.167152173913065,52.49999999999999,1.9000000000000057,2000,2023,Azerbaijan,Europe & Central Asia,Upper middle income,0.18252689440012665,-1.8964620873416478,0.17707796971297665,1.0,gap shrinking,False,cooking_gap,Clean cooking
BDI,-0.042086956521739126,1150.0,0.3213246376811596,24,-0.006000000000000148,1.1,0.0,2000,2023,Burundi,Sub-Saharan Africa ,Low income,0.0399694588765468,-0.04129779458856033,0.039912660787601396,0.8495964444950499,no clear trend,False,cooking_gap,Clean cooking
BEL,0.0,1150.0,0.0,24,-8.075898920868532e-16,0.0,0.0,2000,2023,Belgium,Europe & Central Asia,High income,0.0399694588765468,-0.0004486410968144414,0.03990970945559763,0.5044845761877695,no clear trend,False,cooking_gap,Clean cooking
BEN,0.2959130434782608,1150.0,45.539124637681155,24,0.08430434782608862,1.0,7.700000000000001,2000,2023,Benin,Sub-Saharan Africa ,Lower middle income,0.04242599911255903,0.2957206988895559,0.042358090017904,1.4607907431297726e-12,gap widening,True,cooking_gap,Clean cooking
BFA,1.3897391304347826,1150.0,85.22392173913047,24,0.11400000000000252,11.8,43.0,2000,2023,Burkina Faso,Sub-Saharan Africa ,Low income,0.05803907697484612,1.382850452259526,0.05786558229603542,1.620650348695064e-126,gap widening,True,cooking_gap,Clean cooking
BGD,0.985108695652174,1150.0,29.919882246376837,24,0.4246521739130531,33.4,52.400000000000006,2000,2023,Bangladesh,South Asia,Lower middle income,0.0399694588765468,0.9845637329281811,0.03995659458650337,2.3073943726682024e-134,gap widening,True,cooking_gap,Clean cooking
BHR,0.0,1150.0,0.0,24,-8.075898920868532e-16,0.0,0.0,2000,2023,Bahrain,"Middle East, North Africa, Afghanistan & Pakistan",High income,0.0399694588765468,-0.00021143881166558489,0.03986475624951791,0.502115941351194,no clear trend,False,cooking_gap,Clean cooking
BHS,0.0,1150.0,0.0,24,-8.075898920868532e-16,0.0,0.0,2000,2023,"Bahamas, The",Latin America & Caribbean ,High income,0.0399694588765468,-0.0007086701314776557,0.039925054355951,0.5070808578193197,no clear trend,False,cooking_gap,Clean cooking
BIH,-0.13128260869565228,1150.0,4.037003985507251,24,-0.9538260869565373,47.8,46.05,2000,2023,Bosnia and Herzegovina,Europe & Central Asia,Upper middle income,0.0399694588765468,-0.13133904048472908,0.03990970945559763,0.999500670862419,gap shrinking,False,cooking_gap,Clean cooking
BLR,-0.5588260869565214,1150.0,61.519998550724765,24,0.6219130434782659,14.599999999999994,0.5,2000,2023,Belarus,Europe & Central Asia,Upper middle income,0.04931146414451793,-0.5569707227810036,0.04919939532856872,1.0,gap shrinking,False,cooking_gap,Clean cooking
BLZ,-0.23434782608695642,1150.0,6.061594202898546,24,0.24278260869565269,27.200000000000003,20.700000000000003,2000,2023,Belize,Latin America & Caribbean ,Upper middle income,0.0399694588765468,-0.23453608274405713,0.039925054355951,0.9999999978782224,gap shrinking,False,cooking_gap,Clean cooking
BOL,-2.066239130434783,1150.0,39.46663007246383,24,2.3893043478261347,74.0,28.200000000000003,2000,2023,Bolivia,Latin America & Caribbean ,Lower middle income,0.0399694588765468,-2.0623593275143954,0.039925054355951,1.0,gap shrinking,False,cooking_gap,Clean cooking
BRA,-1.1943478260869562,1150.0,11.934510869565173,24,1.2830869565217609,41.4,15.5,2000,2023,Brazil,Latin America & Caribbean ,Upper middle income,0.0399694588765468,-1.1924042219807462,0.039925054355951,1.0,gap shrinking,False,cooking_gap,Clean cooking
BRB,0.0,1150.0,0.0,24,-8.075898920868532e-16,0.0,0.0,2000,2023,Barbados,Latin America & Caribbean ,High income,0.0399694588765468,-0.0007086701314776557,0.039925054355951,0.5070808578193197,no clear trend,False,cooking_gap,Clean cooking
BRN,0.0,1150.0,0.0,24,-8.075898920868532e-16,0.0,0.0,2000,2023,Brunei Darussalam,East Asia & Pacific,High income,0.0399694588765468,9.192288463814902e-05,0.039950440364386046,0.4990820653658434,no clear trend,False,cooking_gap,Clean cooking
BTN,-3.220739130434782,1150.0,150.76662173913058,24,3.652543478260934,75.69999999999999,10.599999999999994,2000,2023,Bhutan,South Asia,Lower middle income,0.07719556340523594,-3.2126889144306925,0.07710300707367078,1.0,gap shrinking,False,cooking_gap,Clean cooking
BWA,0.4751956521739132,1150.0,5.299851811594207,24,0.18641304347825896,50.60000000000001,60.00000000000001,2000,2023,Botswana,Sub-Saharan Africa ,Upper middle income,0.0399694588765468,0.47451570299398266,0.039912660787601396,6.762669647634493e-33,gap widening,True,cooking_gap,Clean cooking
CAF,0.05795652173913044,1150.0,0.2067811594202898,24,-0.0060869565217392665,0.7000000000000001,1.9,2000,2023,Central African Republic,Sub-Saharan Africa ,Low income,0.0399694588765468,0.05846155468123847,0.039912660787601396,0.07149633052079205,gap widening,False,cooking_gap,Clean cooking
CAN,0.0,1150.0,0.0,24,-8.075898920868532e-16,0.0,0.0,2000,2023,Canada,North America,High income,0.0399694588765468,0.0,0.03934582883815277,0.5,no clear trend,False,cooking_gap,Clean cooking
CHE,0.0,1150.0,0.0,24,-8.075898920868532e-16,0.0,0.0,2000,2023,Switzerland,Europe & Central Asia,High income,0.0399694588765468,-0.0004486410968144414,0.03990970945559763,0.5044845761877695,no clear trend,False,cooking_gap,Clean cooking
CHL,0.0,1150.0,0.0,24,-8.075898920868532e-16,0.0,0.0,2000,2023,Chile,Latin America & Caribbean ,High income,0.0399694588765468,-0.0007086701314776557,0.039925054355951,0.5070808578193197,no clear trend,False,cooking_gap,Clean cooking
CHN,-1.4317826086956524,1150.0,412.4745956521742,24,2.673173913043537,47.8,17.799999999999997,2000,2023,China,East Asia & Pacific,Upper middle income,0.12768454762290918,-1.4170715244789076,0.12706856955833715,1.0,gap shrinking,False,cooking_gap,Clean cooking
CIV,1.5994130434782607,1150.0,431.813666304348,24,0.24021739130435346,32.1,66.10000000000001,2000,2023,Cote d'Ivoire,Sub-Saharan Africa ,Lower middle income,0.13064353732971892,1.5591450120814132,0.12870013108009562,4.422060035278811e-34,gap widening,True,cooking_gap,Clean cooking
CMR,0.9994782608695653,1150.0,27.49302028985509,24,0.18278260869565596,20.4,44.8,2000,2023,Cameroon,Sub-Saharan Africa ,Lower middle income,0.0399694588765468,0.9973093201907963,0.039912660787601396,4.201553214033442e-138,gap widening,True,cooking_gap,Clean cooking
COD,0.20013043478260867,1150.0,21.13623043478261,24,0.032347826086957215,4.3,8.899999999999999,2000,2023,"Congo, Dem. Rep.",Sub-Saharan Africa ,Low income,0.0399694588765468,0.2002316859773019,0.039912660787601396,2.627697062280746e-07,gap widening,True,cooking_gap,Clean cooking
COG,1.7923913043478261,1150.0,71.22800724637679,24,0.17434782608696012,11.8,50.2,2000,2023,"Congo, Rep.",Sub-Saharan Africa ,Lower middle income,0.053059742317481166,1.7846173666773892,0.052927082405557,1.5527832481041832e-249,gap widening,True,cooking_gap,Clean cooking
COL,-1.200195652173913,1150.0,80.44235181159425,24,1.4332826086956822,59.2,35.6,2000,2023,Colombia,Latin America & Caribbean ,Upper middle income,0.056387406371424954,-1.1963100921997194,0.05626293397449061,1.0,gap shrinking,False,cooking_gap,Clean cooking
COM,0.6010217391304348,1150.0,3.5103619565217374,24,0.23921739130435307,0.8,13.4,2000,2023,Comoros,Sub-Saharan Africa ,Lower middle income,0.0399694588765468,0.5999844369300092,0.039912660787601396,2.2507838481548132e-51,gap widening,True,cooking_gap,Clean cooking
CPV,-0.9996086956521737,1150.0,180.68940724637682,24,1.2673478260869868,59.900000000000006,37.1,2000,2023,Cabo Verde,Sub-Saharan Africa ,Upper middle income,0.08450960776269534,-0.9840767108898939,0.08397667748234332,1.0,gap shrinking,False,cooking_gap,Clean cooking
CRI,-0.5550869565217392,1150.0,18.68982463768114,24,0.5978260869565332,20.200000000000003,8.100000000000009,2000,2023,Costa Rica,Latin America & Caribbean ,High income,0.0399694588765468,-0.5545629515460979,0.039925054355951,1.0,gap shrinking,False,cooking_gap,Clean cooking
CUB,-1.7972608695652177,1150.0,637.0909550724634,24,2.5515652173913326,49.1,6.399999999999992,2000,2023,Cuba,Latin America & Caribbean ,Upper middle income,0.15868667453444515,-1.7471631161909178,0.1559743545427932,1.0,gap shrinking,False,cooking_gap,Clean cooking
CYP,0.0,1150.0,0.0,24,-8.075898920868532e-16,0.0,0.0,2000,2023,Cyprus,Europe & Central Asia,High income,0.0399694588765468,-0.0004486410968144414,0.03990970945559763,0.5044845761877695,no clear trend,False,cooking_gap,Clean cooking
CZE,0.0,1150.0,0.0,24,-8.075898920868532e-16,0.0,0.0,2000,2023,Czechia,Europe & Central Asia,High income,0.0399694588765468,-0.0004486410968144414,0.03990970945559763,0.5044845761877695,no clear trend,False,cooking_gap,Clean cooking
DEU,0.0,1150.0,0.0,24,-8.075898920868532e-16,0.0,0.0,2000,2023,Germany,Europe & Central Asia,High income,0.0399694588765468,-0.0004486410968144414,0.03990970945559763,0.5044845761877695,no clear trend,False,cooking_gap,Clean cooking
DJI,0.45682608695652177,1150.0,2.995998550724644,24,-0.05552173913043568,2.9,12.2,2000,2023,Djibouti,"Middle East, North Africa, Afghanistan & Pakistan",Lower middle income,0.0399694588765468,0.45422441096582084,0.03986475624951791,2.2362507507520175e-30,gap widening,False,cooking_gap,Clean cooking
DMA,-1.061586956521739,1150.0,74.56799963768086,24,1.0524130434782757,38.9,16.39999999999999,2000,2023,Dominica,Latin America & Caribbean ,Upper middle income,0.054289517996895235,-1.0585507941311032,0.05417840122802331,1.0,gap shrinking,False,cooking_gap,Clean cooking
DNK,0.0,1150.0,0.0,24,-8.075898920868532e-16,0.0,0.0,2000,2023,Denmark,Europe & Central Asia,High income,0.0399694588765468,-0.0004486410968144414,0.03990970945559763,0.5044845761877695,no clear trend,False,cooking_gap,Clean cooking
DOM,-0.4016521739130434,1150.0,52.08144420289861,24,0.4608913043478336,28.90000000000001,17.30000000000001,2000,2023,Dominican Republic,Latin America & Caribbean ,Upper middle income,0.04537130267949045,-0.4014161646969311,0.04530638284213174,1.0,gap shrinking,False,cooking_gap,Clean cooking
DZA,-0.2453043478260868,1150.0,9.792976811594194,24,0.2537391304347837,7.0,0.8000000000000114,2000,2023,Algeria,"Middle East, North Africa, Afghanistan & Pakistan",Upper middle income,0.0399694588765468,-0.24423228819251422,0.03986475624951791,0.9999999995508948,gap shrinking,False,cooking_gap,Clean cooking
ECU,-0.5545652173913046,1150.0,64.3056159420293,24,0.5617391304347871,27.200000000000003,12.5,2000,2023,Ecuador,Latin America & Caribbean ,Upper middle income,0.05041551299231059,-0.5537344559763866,0.05032648888239391,1.0,gap shrinking,False,cooking_gap,Clean cooking
EGY,-0.6970434782608698,1150.0,446.38328115942056,24,0.8313478260869549,24.40000000000001,0.0,2000,2023,"Egypt, Arab Rep.","Middle East, North Africa, Afghanistan & Pakistan",Lower middle income,0.13282924358350173,-0.6609939615617173,0.12913157623988594,0.999999846227099,gap shrinking,False,cooking_gap,Clean cooking
ERI,0.6293260869565218,1150.0,48.467540217391324,24,0.030695652173913634,10.3,23.4,2000,2023,Eritrea,Sub-Saharan Africa ,Low income,0.043768859387363565,0.6279865676317173,0.04369430720155394,3.862605514454399e-47,gap widening,True,cooking_gap,Clean cooking
ESP,0.0,1150.0,0.0,24,-8.075898920868532e-16,0.0,0.0,2000,2023,Spain,Europe & Central Asia,High income,0.0399694588765468,-0.0004486410968144414,0.03990970945559763,0.5044845761877695,no clear trend,False,cooking_gap,Clean cooking
EST,0.0,1150.0,0.0,24,-8.075898920868532e-16,0.0,0.0,2000,2023,Estonia,Europe & Central Asia,High income,0.0399694588765468,-0.0004486410968144414,0.03990970945559763,0.5044845761877695,no clear trend,False,cooking_gap,Clean cooking
ETH,1.1109782608695653,1150.0,31.220461956521746,24,-0.008478260869565319,1.6,23.3,2000,2023,Ethiopia,Sub-Saharan Africa ,Low income,0.0399694588765468,1.1084926540466846,0.039912660787601396,4.602375270594526e-170,gap widening,False,cooking_gap,Clean cooking
FIN,0.0,1150.0,0.0,24,-8.075898920868532e-16,0.0,0.0,2000,2023,Finland,Europe & Central Asia,High income,0.0399694588765468,-0.0004486410968144414,0.03990970945559763,0.5044845761877695,no clear trend,False,cooking_gap,Clean cooking
FJI,0.31863043478260855,1150.0,14.53323876811595,24,0.890586956521759,36.6,42.00000000000001,2000,2023,Fiji,East Asia & Pacific,Upper middle income,0.0399694588765468,0.3184192044475042,0.039950440364386046,7.910940561512581e-16,gap widening,True,cooking_gap,Clean cooking
FRA,0.0,1150.0,0.0,24,-8.075898920868532e-16,0.0,0.0,2000,2023,France,Europe & Central Asia,High income,0.0399694588765468,-0.0004486410968144414,0.03990970945559763,0.5044845761877695,no clear trend,False,cooking_gap,Clean cooking
FSM,0.16867391304347848,1150.0,15.898040217391303,24,-0.028391304347826888,29.4,31.4,2000,2023,"Micronesia, Fed. Sts.",East Asia & Pacific,Upper middle income,0.0399694588765468,0.16860535521364695,0.039950440364386046,1.2195469411208005e-05,gap widening,False,cooking_gap,Clean cooking
GAB,-0.902782608695652,1150.0,47.03567898550726,24,1.6528260869565528,63.9,44.95,2000,2023,Gabon,Sub-Saharan Africa ,Upper middle income,0.04311748771047239,-0.8990213539578906,0.04304620933345299,1.0,gap shrinking,False,cooking_gap,Clean cooking
GBR,0.0,1150.0,0.0,24,-8.075898920868532e-16,0.0,0.0,2000,2023,United Kingdom,Europe & Central Asia,High income,0.0399694588765468,-0.0004486410968144414,0.03990970945559763,0.5044845761877695,no clear trend,False,cooking_gap,Clean cooking
GEO,-3.2871956521739127,1150.0,364.7855184782607,24,3.8680217391305143,76.60000000000001,10.800000000000011,2000,2023,Georgia,Europe & Central Asia,Upper middle income,0.12007664194110444,-3.2045919686873394,0.11848517461607555,1.0,gap shrinking,False,cooking_gap,Clean cooking
GHA,0.9763913043478261,1150.0,20.668607246376844,24,0.5364347826087073,12.7,34.1,2000,2023,Ghana,Sub-Saharan Africa ,Lower middle income,0.0399694588765468,0.9742879318977657,0.039912660787601396,6.615395032281682e-132,gap widening,True,cooking_gap,Clean cooking
GIN,0.0808695652173913,1150.0,0.8774637681159421,24,-0.021826086956522238,0.7,2.5,2000,2023,Guinea,Sub-Saharan Africa ,Lower middle income,0.0399694588765468,0.08130952385341748,0.039912660787601396,0.02081569048959139,gap widening,False,cooking_gap,Clean cooking
GMB,-0.09271739130434782,1150.0,0.6564039855072465,24,-0.0681956521739141,3.7,2.2,2000,2023,"Gambia, The",Sub-Saharan Africa ,Low income,0.0399694588765468,-0.0917844361464398,0.039912660787601396,0.9892654641950399,gap shrinking,False,cooking_gap,Clean cooking
GNB,-0.0593913043478261,1150.0,0.34357391304347806,24,-0.005565217391304475,3.3,1.5,2000,2023,Guinea-Bissau,Sub-Saharan Africa ,Low income,0.0399694588765468,-0.05855299711327999,0.039912660787601396,0.9288158017660217,gap shrinking,False,cooking_gap,Clean cooking
GNQ,0.0983695652173913,1150.0,70.10183876811593,24,-0.07402173913043751,22.5,24.6,2000,2023,Equatorial Guinea,Sub-Saharan Africa ,Upper middle income,0.05263861383740979,0.09904502408053774,0.05250907996207261,0.029630929219811662,gap widening,False,cooking_gap,Clean cooking
GRC,0.0,1150.0,0.0,24,-8.075898920868532e-16,0.0,0.0,2000,2023,Greece,Europe & Central Asia,High income,0.0399694588765468,-0.0004486410968144414,0.03990970945559763,0.5044845761877695,no clear trend,False,cooking_gap,Clean cooking
GRD,0.3725217391304349,1150.0,2.430020289855055,24,-0.365086956521748,0.3999999999999915,9.0,2000,2023,Grenada,Latin America & Caribbean ,Upper middle income,0.0399694588765468,0.37098581433319433,0.039925054355951,7.56686076099629e-21,gap widening,False,cooking_gap,Clean cooking
GTM,0.09513043478260877,1150.0,5.007313768115969,24,0.04500000000000486,50.9,52.5,2000,2023,Guatemala,Latin America & Caribbean ,Upper middle income,0.0399694588765468,0.09421050960810017,0.039925054355951,0.009145255368398612,gap widening,True,cooking_gap,Clean cooking
GUY,0.0,1150.0,0.0,24,-8.075898920868532e-16,0.0,0.0,2000,2023,Guyana,Latin America & Caribbean ,High income,0.0399694588765468,-0.0007086701314776557,0.039925054355951,0.5070808578193197,no clear trend,False,cooking_gap,Clean cooking
HND,-0.058195652173913,1150.0,141.60515181159406,24,0.7383043478261007,47.1,47.900000000000006,2000,2023,Honduras,Latin America & Caribbean ,Lower middle income,0.07481337830616121,-0.06021448099549862,0.07452339459731372,0.7904530796416112,no clear trend,False,cooking_gap,Clean cooking
HRV,0.0,1150.0,0.0,24,-8.075898920868532e-16,0.0,0.0,2000,2023,Croatia,Europe & Central Asia,High income,0.0399694588765468,-0.0004486410968144414,0.03990970945559763,0.5044845761877695,no clear trend,False,cooking_gap,Clean cooking
HTI,-0.020217391304347777,1150.0,1.139528985507244,24,0.03304347826087005,5.2,4.800000000000001,2000,2023,Haiti,Latin America & Caribbean ,Lower middle income,0.0399694588765468,-0.020881164911598107,0.039925054355951,0.6995160237049256,no clear trend,False,cooking_gap,Clean cooking
HUN,0.0,1150.0,0.0,24,-8.075898920868532e-16,0.0,0.0,2000,2023,Hungary,Europe & Central Asia,High income,0.0399694588765468,-0.0004486410968144414,0.03990970945559763,0.5044845761877695,no clear trend,False,cooking_gap,Clean cooking
IDN,0.04389130434782625,1150.0,2060.696982246377,24,4.069956521739218,12.6,11.900000000000006,2000,2023,Indonesia,East Asia & Pacific,Upper middle income,0.28539529359570065,0.046332755528829796,0.27870925943877606,0.4339838599226088,no clear trend,False,cooking_gap,Clean cooking
IND,-0.4191739130434781,1150.0,1139.0967985507248,24,2.499391304347883,43.6,29.5,2000,2023,India,South Asia,Lower middle income,0.2121876265844046,-0.40923478072453096,0.21028782774111213,0.9741768192604516,gap shrinking,False,cooking_gap,Clean cooking
IRL,0.0,1150.0,0.0,24,-8.075898920868532e-16,0.0,0.0,2000,2023,Ireland,Europe & Central Asia,High income,0.0399694588765468,-0.0004486410968144414,0.03990970945559763,0.5044845761877695,no clear trend,False,cooking_gap,Clean cooking
IRN,-0.3161304347826085,1150.0,31.30536376811598,24,0.3762173913043504,13.950000000000005,5.5,2000,2023,"Iran, Islamic Rep.","Middle East, North Africa, Afghanistan & Pakistan",Upper middle income,0.0399694588765468,-0.31468779397794533,0.03986475624951791,0.9999999999999986,gap shrinking,False,cooking_gap,Clean cooking
IRQ,-1.1488260869565219,1150.0,170.1829985507244,24,2.0573478260869766,26.000000000000007,0.1999999999999886,2000,2023,Iraq,"Middle East, North Africa, Afghanistan & Pakistan",Upper middle income,0.08201585659633272,-1.1248102936341413,0.08112248128982459,1.0,gap shrinking,False,cooking_gap,Clean cooking
ISL,0.0,1150.0,0.0,24,-8.075898920868532e-16,0.0,0.0,2000,2023,Iceland,Europe & Central Asia,High income,0.0399694588765468,-0.0004486410968144414,0.03990970945559763,0.5044845761877695,no clear trend,False,cooking_gap,Clean cooking
ISR,0.0,1150.0,0.0,24,-8.075898920868532e-16,0.0,0.0,2000,2023,Israel,"Middle East, North Africa, Afghanistan & Pakistan",High income,0.0399694588765468,-0.00021143881166558489,0.03986475624951791,0.502115941351194,no clear trend,False,cooking_gap,Clean cooking
ITA,0.0,1150.0,0.0,24,-8.075898920868532e-16,0.0,0.0,2000,2023,Italy,Europe & Central Asia,High income,0.0399694588765468,-0.0004486410968144414,0.03990970945559763,0.5044845761877695,no clear trend,False,cooking_gap,Clean cooking
JAM,-1.6789347826086958,1150.0,116.00459094202887,24,1.6232391304348057,45.8,6.799999999999997,2000,2023,Jamaica,Latin America & Caribbean ,Upper middle income,0.06771382205512694,-1.670303704731514,0.06749858155772694,1.0,gap shrinking,False,cooking_gap,Clean cooking
JOR,-0.012782608695652104,1150.0,0.11209565217391518,24,0.0017826086956511525,0.7000000000000028,0.2000000000000028,2000,2023,Jordan,"Middle East, North Africa, Afghanistan & Pakistan",Upper middle income,0.0399694588765468,-0.012927165454340018,0.03986475624951791,0.6271352827668726,no clear trend,False,cooking_gap,Clean cooking
JPN,0.0,1150.0,0.0,24,-8.075898920868532e-16,0.0,0.0,2000,2023,Japan,East Asia & Pacific,High income,0.0399694588765468,9.192288463814902e-05,0.039950440364386046,0.4990820653658434,no clear trend,False,cooking_gap,Clean cooking
KAZ,-0.9177173913043476,1150.0,49.075570652173816,24,0.959195652173926,28.5,6.799999999999997,2000,2023,Kazakhstan,Europe & Central Asia,Upper middle income,0.04404254619773921,-0.9149349541453071,0.0439626441835098,1.0,gap shrinking,False,cooking_gap,Clean cooking
KEN,1.9814782608695654,1150.0,171.54382028985515,24,0.40421739130435724,5.1,51.2,2000,2023,Kenya,Sub-Saharan Africa ,Lower middle income,0.08234311236375035,1.9606280521174686,0.08184989139959321,4.20252113129951e-127,gap widening,True,cooking_gap,Clean cooking
KGZ,-1.3938043478260869,1150.0,109.3132518115942,24,1.669739130434807,53.5,22.5,2000,2023,Kyrgyz Republic,Europe & Central Asia,Lower middle income,0.06573189400729551,-1.3838068215988786,0.06546715247232501,1.0,gap shrinking,False,cooking_gap,Clean cooking
KHM,1.2183913043478263,1150.0,1348.0293572463765,24,1.72621739130439,14.8,31.40000000000001,2000,2023,Cambodia,East Asia & Pacific,Lower middle income,0.23082849212464354,1.1838580977859179,0.2272477581583387,9.465062949674537e-08,gap widening,True,cooking_gap,Clean cooking
KIR,0.983086956521739,1150.0,93.0510413043478,24,0.08352173913043666,0.6000000000000001,23.45,2000,2023,Kiribati,East Asia & Pacific,Lower middle income,0.06064574816854713,0.9811476524060829,0.06057937547362851,2.687835385400247e-59,gap widening,True,cooking_gap,Clean cooking
KNA,0.0,1150.0,0.0,24,-8.075898920868532e-16,0.0,0.0,2000,2023,St. Kitts and Nevis,Latin America & Caribbean ,High income,0.0399694588765468,-0.0007086701314776557,0.039925054355951,0.5070808578193197,no clear trend,False,cooking_gap,Clean cooking
KOR,0.0,1150.0,0.0,24,-8.075898920868532e-16,0.0,0.0,2000,2023,"Korea, Rep.",East Asia & Pacific,High income,0.0399694588765468,9.192288463814902e-05,0.039950440364386046,0.4990820653658434,no clear trend,False,cooking_gap,Clean cooking
KWT,0.0,1150.0,0.0,24,-8.075898920868532e-16,0.0,0.0,2000,2023,Kuwait,"Middle East, North Africa, Afghanistan & Pakistan",High income,0.0399694588765468,-0.00021143881166558489,0.03986475624951791,0.502115941351194,no clear trend,False,cooking_gap,Clean cooking
LAO,0.804913043478261,1150.0,3.8684913043478293,24,0.09486956521739363,2.5,20.700000000000003,2000,2023,Lao PDR,East Asia & Pacific,Lower middle income,0.0399694588765468,0.804239151317925,0.039950440364386046,1.977876843666843e-90,gap widening,True,cooking_gap,Clean cooking
LBR,0.061652173913043486,1150.0,0.28219420289855074,24,-0.0174782608695655,-0.1,1.4,2000,2023,Liberia,Sub-Saharan Africa ,Low income,0.0399694588765468,0.06214671099933186,0.039912660787601396,0.05972721809255573,gap widening,False,cooking_gap,Clean cooking
LCA,1.5781304347826086,1150.0,371.02623043478263,24,-0.20856521739131054,-33.300000000000004,7.799999999999997,2000,2023,St. Lucia,Latin America & Caribbean ,Upper middle income,0.12109941534388895,1.540144546931974,0.11988098820060386,4.454432876356669e-38,gap widening,False,cooking_gap,Clean cooking
LKA,0.34078260869565224,1150.0,9.621878985507223,24,0.6814565217391442,39.8,46.3,2000,2023,Sri Lanka,South Asia,Upper middle income,0.0399694588765468,0.34065233578788007,0.03995659458650337,7.603628758411576e-18,gap widening,True,cooking_gap,Clean cooking
LSO,0.5735217391304349,1150.0,414.0533202898549,24,1.0940000000000225,38.2,52.400000000000006,2000,2023,Lesotho,Sub-Saharan Africa ,Lower middle income,0.1279286671742284,0.5639468493866696,0.1261022488991633,3.872043858937439e-06,gap widening,True,cooking_gap,Clean cooking
LTU,0.0,1150.0,0.0,24,-8.075898920868532e-16,0.0,0.0,2000,2023,Lithuania,Europe & Central Asia,High income,0.0399694588765468,-0.0004486410968144414,0.03990970945559763,0.5044845761877695,no clear trend,False,cooking_gap,Clean cooking
LUX,0.0,1150.0,0.0,24,-8.075898920868532e-16,0.0,0.0,2000,2023,Luxembourg,Europe & Central Asia,High income,0.0399694588765468,-0.0004486410968144414,0.03990970945559763,0.5044845761877695,no clear trend,False,cooking_gap,Clean cooking
LVA,0.0,1150.0,0.0,24,-8.075898920868532e-16,0.0,0.0,2000,2023,Latvia,Europe & Central Asia,High income,0.0399694588765468,-0.0004486410968144414,0.03990970945559763,0.5044845761877695,no clear trend,False,cooking_gap,Clean cooking
MAR,-0.8203913043478261,1150.0,63.391407246376744,24,0.7976956521739221,20.89999999999999,1.2999999999999972,2000,2023,Morocco,"Middle East, North Africa, Afghanistan & Pakistan",Lower middle income,0.05005586098774425,-0.8140095853909488,0.04985066456008436,1.0,gap shrinking,False,cooking_gap,Clean cooking
MCO,0.0,1150.0,0.0,24,-8.075898920868532e-16,0.0,0.0,2000,2023,Monaco,Europe & Central Asia,High income,0.0399694588765468,-0.0004486410968144414,0.03990970945559763,0.5044845761877695,no clear trend,False,cooking_gap,Clean cooking
MDA,-2.227891304347826,1150.0,1114.7794489130438,24,2.3770652173913294,56.6,1.0,2000,2023,Moldova,Europe & Central Asia,Upper middle income,0.20991052572653962,-2.0692842755500345,0.20173951500104761,1.0,gap shrinking,False,cooking_gap,Clean cooking
MDG,0.07869565217391304,1150.0,3.5513768115942024,24,-0.013869565217391503,1.8,3.8,2000,2023,Madagascar,Sub-Saharan Africa ,Low income,0.0399694588765468,0.07914178484277432,0.039912660787601396,0.02369074227577895,gap widening,False,cooking_gap,Clean cooking
MDV,-1.681978260869565,1150.0,544.0263952898551,24,3.2496956521739415,33.0,0.1000000000000085,2000,2023,Maldives,South Asia,Upper middle income,0.14663907929564382,-1.6663343132897372,0.1460076167874761,1.0,gap shrinking,False,cooking_gap,Clean cooking
MEX,-0.7997826086956521,1150.0,32.559528985507264,24,0.4393913043478324,51.5,30.3,2000,2023,Mexico,Latin America & Caribbean ,Upper middle income,0.0399694588765468,-0.7987152109493626,0.039925054355951,1.0,gap shrinking,False,cooking_gap,Clean cooking
MHL,3.6484782608695654,1150.0,3282.5735869565224,24,-0.05186956521739254,7.200000000000001,85.4,2000,2023,Marshall Islands,East Asia & Pacific,Upper middle income,0.3602027090116191,3.3934856894471217,0.34703222768826103,6.956799976736275e-23,gap widening,False,cooking_gap,Clean cooking
MKD,-0.031478260869565254,1150.0,313.63882028985506,24,1.1537391304348064,30.10000000000001,31.3,2000,2023,North Macedonia,Europe & Central Asia,Upper middle income,0.1113408789070957,-0.034175424141046906,0.11006856773628788,0.6219066286779645,no clear trend,False,cooking_gap,Clean cooking
MLI,0.025369565217391313,1150.0,0.2489054347826085,24,0.0050217391304348425,1.6,2.2,2000,2023,Mali,Sub-Saharan Africa ,Low income,0.0399694588765468,0.025967146911697308,0.039912660787601396,0.2576526094404322,no clear trend,False,cooking_gap,Clean cooking
MLT,0.0,1150.0,0.0,24,-8.075898920868532e-16,0.0,0.0,2000,2023,Malta,"Middle East, North Africa, Afghanistan & Pakistan",High income,0.0399694588765468,-0.00021143881166558489,0.03986475624951791,0.502115941351194,no clear trend,False,cooking_gap,Clean cooking
MMR,2.6437173913043477,1150.0,471.0286706521738,24,1.429695652173948,4.6,49.7,2000,2023,Myanmar,East Asia & Pacific,Lower middle income,0.13644681754395183,2.6157590468656498,0.13569589469738141,4.220263921601624e-83,gap widening,True,cooking_gap,Clean cooking
MNE,-0.5974130434782611,1150.0,4.962199637681166,24,-0.011282608695650823,38.50000000000001,25.599999999999994,2000,2023,Montenegro,Europe & Central Asia,Upper middle income,0.0399694588765468,-0.5960769016663262,0.03990970945559763,1.0,gap shrinking,False,cooking_gap,Clean cooking
MNG,0.8715217391304351,1150.0,29.743586956521757,24,0.7473478260869724,37.7,53.900000000000006,2000,2023,Mongolia,East Asia & Pacific,Upper middle income,0.0399694588765468,0.8707844737378352,0.039950440364386046,1.2490421226763493e-105,gap widening,True,cooking_gap,Clean cooking
MOZ,0.5602173913043478,1150.0,1.684528985507243,24,0.016217391304348454,3.5,16.4,2000,2023,Mozambique,Sub-Saharan Africa ,Low income,0.0399694588765468,0.5592959757002368,0.039912660787601396,6.490507581386248e-45,gap widening,True,cooking_gap,Clean cooking
MRT,0.6116739130434784,1150.0,28.974840217391275,24,0.24554347826087206,39.1,55.0,2000,2023,Mauritania,Sub-Saharan Africa ,Lower middle income,0.0399694588765468,0.610606358082161,0.039912660787601396,3.9081676409182202e-53,gap widening,True,cooking_gap,Clean cooking
MUS,-0.2474130434782604,1150.0,6.337199637681147,24,0.3424130434782636,6.649999999999992,0.3000000000000113,2000,2023,Mauritius,Sub-Saharan Africa ,Upper middle income,0.0399694588765468,-0.2460407441438075,0.039912660787601396,0.9999999996464213,gap shrinking,False,cooking_gap,Clean cooking
MWI,-0.2608260869565217,1150.0,22.824798550724637,24,-0.0002173913043480055,11.4,4.6,2000,2023,Malawi,Sub-Saharan Africa ,Low income,0.0399694588765468,-0.2594156938394763,0.039912660787601396,0.9999999999597288,gap shrinking,False,cooking_gap,Clean cooking
MYS,0.5171304347826082,1150.0,29.61586376811598,24,-0.7617391304348016,3.9000000000000057,15.699999999999989,2000,2023,Malaysia,East Asia & Pacific,Upper middle income,0.0399694588765468,0.5167303464240701,0.039950440364386046,1.4414795184542993e-38,gap widening,False,cooking_gap,Clean cooking
NAM,-0.3548260869565219,1150.0,13.45779855072465,24,0.10119565217391518,65.8,57.85,2000,2023,Namibia,Sub-Saharan Africa ,Lower middle income,0.0399694588765468,-0.35314872865968727,0.039912660787601396,1.0,gap shrinking,False,cooking_gap,Clean cooking
NER,0.8380869565217391,1150.0,121.45679130434782,24,0.006608695652174078,3.5,24.2,2000,2023,Niger,Sub-Saharan Africa ,Low income,0.06928682189218154,0.8329757637404474,0.06899220986756863,7.292092902644756e-34,gap widening,True,cooking_gap,Clean cooking
NGA,1.6030869565217394,1150.0,881.5686246376813,24,0.3664347826087046,1.4,39.0,2000,2023,Nigeria,Sub-Saharan Africa ,Lower middle income,0.18666710923318433,1.5231159823852083,0.1811259719382507,2.0649132644230163e-17,gap widening,True,cooking_gap,Clean cooking
NIC,1.3754347826086961,1150.0,9.485615942029025,24,0.18713043478261207,48.4,78.8,2000,2023,Nicaragua,Latin America & Caribbean ,Lower middle income,0.0399694588765468,1.3716717005547852,0.039925054355951,5.697251488030605e-259,gap widening,True,cooking_gap,Clean cooking
NLD,0.0,1150.0,0.0,24,-8.075898920868532e-16,0.0,0.0,2000,2023,Netherlands,Europe & Central Asia,High income,0.0399694588765468,-0.0004486410968144414,0.03990970945559763,0.5044845761877695,no clear trend,False,cooking_gap,Clean cooking
NOR,0.0,1150.0,0.0,24,-8.075898920868532e-16,0.0,0.0,2000,2023,Norway,Europe & Central Asia,High income,0.0399694588765468,-0.0004486410968144414,0.03990970945559763,0.5044845761877695,no clear trend,False,cooking_gap,Clean cooking
NPL,0.4282608695652173,1150.0,1830.6211050724637,24,0.9678043478261064,20.3,36.7,2000,2023,Nepal,South Asia,Lower middle income,0.2689917571560213,0.4200447677637314,0.2651524623529333,0.0565782949977114,gap widening,True,cooking_gap,Clean cooking
NRU,0.0,1150.0,0.0,24,-8.075898920868532e-16,0.0,0.0,2000,2023,Naoero,East Asia & Pacific,High income,0.0399694588765468,9.192288463814902e-05,0.039950440364386046,0.4990820653658434,no clear trend,False,cooking_gap,Clean cooking
NZL,0.0,1150.0,0.0,24,-8.075898920868532e-16,0.0,0.0,2000,2023,New Zealand,East Asia & Pacific,High income,0.0399694588765468,9.192288463814902e-05,0.039950440364386046,0.4990820653658434,no clear trend,False,cooking_gap,Clean cooking
OMN,0.0,1150.0,0.0,24,-8.075898920868532e-16,0.0,0.0,2000,2023,Oman,"Middle East, North Africa, Afghanistan & Pakistan",High income,0.0399694588765468,-0.00021143881166558489,0.03986475624951791,0.502115941351194,no clear trend,False,cooking_gap,Clean cooking
PAK,-0.23484782608695637,1150.0,439.97336920289837,24,1.209978260869591,60.900000000000006,55.1,2000,2023,Pakistan,"Middle East, North Africa, Afghanistan & Pakistan",Lower middle income,0.13187210374886013,-0.22431809397361524,0.1282516448003165,0.9598585114213843,gap shrinking,False,cooking_gap,Clean cooking
PAN,0.0,1150.0,0.0,24,-8.075898920868532e-16,0.0,0.0,2000,2023,Panama,Latin America & Caribbean ,High income,0.0399694588765468,-0.0007086701314776557,0.039925054355951,0.5070808578193197,no clear trend,False,cooking_gap,Clean cooking
PER,-1.2141304347826087,1150.0,2060.036630434783,24,2.7094782608696266,55.5,28.40000000000001,2000,2023,Peru,Latin America & Caribbean ,Upper middle income,0.28534956236948716,-1.122947633240116,0.27042359177697406,0.99998356049484,gap shrinking,False,cooking_gap,Clean cooking
PHL,0.19897826086956524,1150.0,8.98286195652176,24,0.7726956521739302,36.6,39.9,2000,2023,Philippines,East Asia & Pacific,Upper middle income,0.0399694588765468,0.19888087070103402,0.039950440364386046,3.2090868278025553e-07,gap widening,True,cooking_gap,Clean cooking
PLW,0.0,1150.0,0.0,24,-8.075898920868532e-16,0.0,0.0,2000,2023,Palau,East Asia & Pacific,High income,0.0399694588765468,9.192288463814902e-05,0.039950440364386046,0.4990820653658434,no clear trend,False,cooking_gap,Clean cooking
PNG,-0.5837391304347825,1150.0,22.874255072463775,24,0.2867173913043536,39.9,27.6,2000,2023,Papua New Guinea,East Asia & Pacific,Lower middle income,0.0399694588765468,-0.5830918230747042,0.039950440364386046,1.0,gap shrinking,False,cooking_gap,Clean cooking
POL,0.0,1150.0,0.0,24,-8.075898920868532e-16,0.0,0.0,2000,2023,Poland,Europe & Central Asia,High income,0.0399694588765468,-0.0004486410968144414,0.03990970945559763,0.5044845761877695,no clear trend,False,cooking_gap,Clean cooking
PRK,0.9571739130434782,1150.0,7.510398550724644,24,-0.005043478260869742,0.0999999999999999,21.2,2000,2023,"Korea, Dem. People's Rep.",East Asia & Pacific,Low income,0.0399694588765468,0.9563551559618707,0.039950440364386046,6.081963910833247e-127,gap widening,False,cooking_gap,Clean cooking
PRT,0.0,1150.0,0.0,24,-8.075898920868532e-16,0.0,0.0,2000,2023,Portugal,Europe & Central Asia,High income,0.0399694588765468,-0.0004486410968144414,0.03990970945559763,0.5044845761877695,no clear trend,False,cooking_gap,Clean cooking
PRY,-0.39826086956521717,1150.0,12.679855072463775,24,1.3260434782608956,54.900000000000006,42.95,2000,2023,Paraguay,Latin America & Caribbean ,Upper middle income,0.0399694588765468,-0.398085126445249,0.039925054355951,1.0,gap shrinking,False,cooking_gap,Clean cooking
QAT,0.0,1150.0,0.0,24,-8.075898920868532e-16,0.0,0.0,2000,2023,Qatar,"Middle East, North Africa, Afghanistan & Pakistan",High income,0.0399694588765468,-0.00021143881166558489,0.03986475624951791,0.502115941351194,no clear trend,False,cooking_gap,Clean cooking
ROU,0.0,1150.0,0.0,24,-8.075898920868532e-16,0.0,0.0,2000,2023,Romania,Europe & Central Asia,High income,0.0399694588765468,-0.0004486410968144414,0.03990970945559763,0.5044845761877695,no clear trend,False,cooking_gap,Clean cooking
RUS,0.0,1150.0,0.0,24,-8.075898920868532e-16,0.0,0.0,2000,2023,Russian Federation,Europe & Central Asia,High income,0.0399694588765468,-0.0004486410968144414,0.03990970945559763,0.5044845761877695,no clear trend,False,cooking_gap,Clean cooking
RWA,1.1591956521739128,1150.0,933.8068184782609,24,0.03256521739130512,0.3,37.85,2000,2023,Rwanda,Sub-Saharan Africa ,Low income,0.19211808976293854,1.1021842515570015,0.18609294420816047,1.5828925782016752e-09,gap widening,True,cooking_gap,Clean cooking
SAU,0.0,1150.0,0.0,24,-8.075898920868532e-16,0.0,0.0,2000,2023,Saudi Arabia,"Middle East, North Africa, Afghanistan & Pakistan",High income,0.0399694588765468,-0.00021143881166558489,0.03986475624951791,0.502115941351194,no clear trend,False,cooking_gap,Clean cooking
SDN,0.21200000000000008,1150.0,770.8039833333335,24,2.6774782608696213,12.15,17.799999999999997,2000,2023,Sudan,Sub-Saharan Africa ,Low income,0.17454672900418564,0.21322517617740014,0.16999114093802836,0.1048608407294287,no clear trend,False,cooking_gap,Clean cooking
SEN,-0.9326086956521733,1150.0,290.9184239130434,24,-0.011413043478261624,62.3,52.2,2000,2023,Senegal,Sub-Saharan Africa ,Lower middle income,0.10723223364885147,-0.909137728490146,0.10614971325581397,1.0,gap shrinking,False,cooking_gap,Clean cooking
SGP,0.0,1150.0,0.0,24,-8.075898920868532e-16,0.0,0.0,2000,2023,Singapore,East Asia & Pacific,High income,0.0399694588765468,9.192288463814902e-05,0.039950440364386046,0.4990820653658434,no clear trend,False,cooking_gap,Clean cooking
SLB,-0.045478260869565273,1150.0,8.306486956521727,24,-0.11765217391304561,34.2,32.2,2000,2023,Solomon Islands,East Asia & Pacific,Lower middle income,0.0399694588765468,-0.045343068793707815,0.039950440364386046,0.8718087695800336,no clear trend,False,cooking_gap,Clean cooking
SLE,0.09234782608695652,1150.0,0.37099420289855106,24,-0.019434782608696133,-0.1999999999999999,1.6,2000,2023,Sierra Leone,Sub-Saharan Africa ,Low income,0.0399694588765468,0.09275518582961344,0.039912660787601396,0.010063981044080433,gap widening,False,cooking_gap,Clean cooking
SLV,-2.305847826086957,1150.0,176.66473586956528,24,2.9225869565217955,58.1,10.099999999999994,2000,2023,El Salvador,Latin America & Caribbean ,Upper middle income,0.0835631251460388,-2.286707053253128,0.08315961356115871,1.0,gap shrinking,False,cooking_gap,Clean cooking
SMR,0.0,1150.0,0.0,24,-8.075898920868532e-16,0.0,0.0,2000,2023,San Marino,Europe & Central Asia,High income,0.0399694588765468,-0.0004486410968144414,0.03990970945559763,0.5044845761877695,no clear trend,False,cooking_gap,Clean cooking
SOM,0.34900000000000003,1150.0,14.148433333333333,24,0.0069565217391305565,-0.0999999999999999,8.3,2000,2023,"Somalia, Fed. Rep.",Sub-Saharan Africa ,Low income,0.0399694588765468,0.3486784534261464,0.039912660787601396,1.2071621197055418e-18,gap widening,True,cooking_gap,Clean cooking
SRB,-1.2939999999999998,1150.0,41.19193333333336,24,1.7479130434782948,51.6,21.69999999999999,2000,2023,Serbia,Europe & Central Asia,Upper middle income,0.0403502126071723,-1.290517574916029,0.040288741965748595,1.0,gap shrinking,False,cooking_gap,Clean cooking
SSD,-0.005695652173913044,1150.0,0.0222768115942029,24,-0.0046956521739131086,0.1,0.0,2000,2023,South Sudan,Sub-Saharan Africa ,Low income,0.0399694588765468,-0.005009843550393632,0.039912660787601396,0.5499441168829915,no clear trend,False,cooking_gap,Clean cooking
STP,0.1793913043478261,1150.0,1.8449072463768117,24,0.04539130434782703,0.4,4.4,2000,2023,Sao Tome and Principe,Sub-Saharan Africa ,Lower middle income,0.0399694588765468,0.17955145581576606,0.039912660787601396,3.419975916335543e-06,gap widening,True,cooking_gap,Clean cooking
SUR,-1.2040869565217391,1150.0,12.270791304347771,24,1.6863913043478547,31.099999999999994,5.099999999999994,2000,2023,Suriname,Latin America & Caribbean ,Upper middle income,0.0399694588765468,-1.2021217248425682,0.039925054355951,1.0,gap shrinking,False,cooking_gap,Clean cooking
SVK,0.0,1150.0,0.0,24,-8.075898920868532e-16,0.0,0.0,2000,2023,Slovak Republic,Europe & Central Asia,High income,0.0399694588765468,-0.0004486410968144414,0.03990970945559763,0.5044845761877695,no clear trend,False,cooking_gap,Clean cooking
SVN,0.0,1150.0,0.0,24,-8.075898920868532e-16,0.0,0.0,2000,2023,Slovenia,Europe & Central Asia,High income,0.0399694588765468,-0.0004486410968144414,0.03990970945559763,0.5044845761877695,no clear trend,False,cooking_gap,Clean cooking
SWE,0.0,1150.0,0.0,24,-8.075898920868532e-16,0.0,0.0,2000,2023,Sweden,Europe & Central Asia,High income,0.0399694588765468,-0.0004486410968144414,0.03990970945559763,0.5044845761877695,no clear trend,False,cooking_gap,Clean cooking
SWZ,0.47321739130434765,1150.0,8.67509565217393,24,0.9648260869565377,49.5,61.3,2000,2023,Eswatini,Sub-Saharan Africa ,Lower middle income,0.0399694588765468,0.47254306049429695,0.039912660787601396,1.2205654882804163e-32,gap widening,True,cooking_gap,Clean cooking
SYC,0.0,1150.0,0.0,24,-8.075898920868532e-16,0.0,0.0,2000,2023,Seychelles,Sub-Saharan Africa ,High income,0.0399694588765468,0.0006696326574914808,0.039912660787601396,0.4933070799618169,no clear trend,False,cooking_gap,Clean cooking
SYR,0.30145652173913035,1150.0,21.61412282608695,24,-0.354630434782618,2.299999999999997,9.599999999999994,2000,2023,Syrian Arab Republic,"Middle East, North Africa, Afghanistan & Pakistan",Low income,0.0399694588765468,0.29966778117807463,0.03986475624951791,2.8000024447093957e-14,gap widening,False,cooking_gap,Clean cooking
TCD,1.6397608695652175,1150.0,209.08183007246367,24,-0.09152173913043561,0.7999999999999998,40.0,2000,2023,Chad,Sub-Saharan Africa ,Low income,0.0909071171880032,1.6193759054834103,0.09024474480609182,2.660342100041077e-72,gap widening,False,cooking_gap,Clean cooking
TGO,1.1269130434782608,1150.0,40.84662463768116,24,0.05634782608695761,0.6,25.3,2000,2023,Togo,Sub-Saharan Africa ,Lower middle income,0.040180730361685374,1.124355431893152,0.04012302813269434,4.298406994654158e-173,gap widening,True,cooking_gap,Clean cooking
THA,-1.2585869565217387,1150.0,11.665099637681141,24,1.4844130434782872,38.7,10.800000000000011,2000,2023,Thailand,East Asia & Pacific,Upper middle income,0.0399694588765468,-1.2572975815215932,0.039950440364386046,1.0,gap shrinking,False,cooking_gap,Clean cooking
TJK,-1.9979565217391304,1150.0,54.223531159420446,24,2.747021739130478,58.1,14.900000000000006,2000,2023,Tajikistan,Europe & Central Asia,Lower middle income,0.046294951943718056,-1.990558256928413,0.04620217981814269,1.0,gap shrinking,False,cooking_gap,Clean cooking
TKM,-0.046130434782608726,1150.0,0.502363768115939,24,0.042434782608694585,1.2000000000000028,0.0,2000,2023,Turkmenistan,Europe & Central Asia,Upper middle income,0.0399694588765468,-0.04644126032204293,0.03990970945559763,0.8777187205410015,no clear trend,False,cooking_gap,Clean cooking
TLS,1.2586521739130436,1150.0,44.40349420289857,24,0.3233043478260943,3.3,30.700000000000003,2000,2023,Timor-Leste,East Asia & Pacific,Lower middle income,0.04189366088382532,1.2574376838847041,0.041871762800003126,1.9514815647847283e-198,gap widening,True,cooking_gap,Clean cooking
TON,-2.2315869565217388,1150.0,69.07249963768115,24,3.028369565217447,54.49999999999999,6.899999999999992,2000,2023,Tonga,East Asia & Pacific,Upper middle income,0.052250725598789974,-2.227804002794399,0.05220825884551037,1.0,gap shrinking,False,cooking_gap,Clean cooking
TTO,0.0,1150.0,0.0,24,-8.075898920868532e-16,0.0,0.0,2000,2023,Trinidad and Tobago,Latin America & Caribbean ,High income,0.0399694588765468,-0.0007086701314776557,0.039925054355951,0.5070808578193197,no clear trend,False,cooking_gap,Clean cooking
TUN,-0.22304347826086887,1150.0,15.209347826086946,24,0.3951739130434782,6.199999999999989,0.1000000000000085,2000,2023,Tunisia,"Middle East, North Africa, Afghanistan & Pakistan",Lower middle income,0.0399694588765468,-0.22208789349506694,0.03986475624951791,0.9999999873383705,gap shrinking,False,cooking_gap,Clean cooking
TUR,-0.14356521739130462,1150.0,4.401965942028951,24,0.2110434782608712,19.200000000000003,15.299999999999995,2000,2023,Turkiye,Europe & Central Asia,Upper middle income,0.0399694588765468,-0.14358495465167273,0.03990970945559763,0.999839505909941,gap shrinking,False,cooking_gap,Clean cooking
TUV,3.0775652173913044,1150.0,1418.3111826086956,24,1.7963043478261205,-3.0,53.5,2000,2023,Tuvalu,East Asia & Pacific,Upper middle income,0.23676936148474342,2.9811687132291396,0.23290963470987358,8.231447106744104e-38,gap widening,True,cooking_gap,Clean cooking
TZA,0.8235652173913044,1150.0,123.75971594202903,24,0.08886956521739338,1.2,20.8,2000,2023,Tanzania,Sub-Saharan Africa ,Lower middle income,0.06994060606797241,0.8184834984581395,0.06963761189505653,3.388913554399665e-32,gap widening,True,cooking_gap,Clean cooking
UGA,-0.019586956521739134,1150.0,2.730366304347826,24,0.01980434782608742,3.6,2.9000000000000004,2000,2023,Uganda,Sub-Saharan Africa ,Low income,0.0399694588765468,-0.018861695828403503,0.039912660787601396,0.6817415222325378,no clear trend,False,cooking_gap,Clean cooking
UKR,0.03293478260869521,1150.0,0.6049909420289912,24,0.13815217391304482,10.300000000000011,11.5,2000,2023,Ukraine,Europe & Central Asia,Upper middle income,0.0399694588765468,0.03238774821808668,0.03990970945559763,0.20853196819210723,no clear trend,False,cooking_gap,Clean cooking
URY,0.0,1150.0,0.0,24,-8.075898920868532e-16,0.0,0.0,2000,2023,Uruguay,Latin America & Caribbean ,High income,0.0399694588765468,-0.0007086701314776557,0.039925054355951,0.5070808578193197,no clear trend,False,cooking_gap,Clean cooking
USA,0.0,1150.0,0.0,24,-8.075898920868532e-16,0.0,0.0,2000,2023,United States,North America,High income,0.0399694588765468,0.0,0.03934582883815277,0.5,no clear trend,False,cooking_gap,Clean cooking
UZB,-0.040391304347826125,1150.0,7.222157246376818,24,-0.02078260869565517,26.8,25.89999999999999,2000,2023,Uzbekistan,Europe & Central Asia,Lower middle income,0.0399694588765468,-0.04071927564934722,0.03990970945559763,0.846203328970943,no clear trend,False,cooking_gap,Clean cooking
VCT,0.05799999999999989,1150.0,0.4647333333333347,24,-0.17739130434783018,-0.8999999999999915,0.5,2000,2023,St. Vincent and the Grenadines,Latin America & Caribbean ,Upper middle income,0.0399694588765468,0.05716252994740557,0.039925054355951,0.07610828808785147,gap widening,False,cooking_gap,Clean cooking
VEN,-0.45647826086956544,1150.0,9.895070289855024,24,0.3272608695652249,21.40000000000001,12.700000000000005,2000,2023,"Venezuela, RB",Latin America & Caribbean ,Lower middle income,0.0399694588765468,-0.45617323507015556,0.039925054355951,1.0,gap shrinking,False,cooking_gap,Clean cooking
VNM,-2.345152173913043,1150.0,1965.542035869565,24,4.889391304347928,34.9,0.7000000000000028,2000,2023,Viet Nam,East Asia & Pacific,Upper middle income,0.2787281983086639,-2.237074296002509,0.2724898331453163,0.9999999999999999,gap shrinking,False,cooking_gap,Clean cooking
VUT,-0.4175434782608696,1150.0,324.21595615942016,24,0.2426521739130487,48.9,43.3,2000,2023,Vanuatu,East Asia & Pacific,Lower middle income,0.11320273816145,-0.4136455091246413,0.11277281284180538,0.9998777505026514,gap shrinking,False,cooking_gap,Clean cooking
WSM,-0.30971739130434767,1150.0,18.73380398550728,24,1.1471956521739344,39.4,32.099999999999994,2000,2023,Samoa,East Asia & Pacific,Upper middle income,0.0399694588765468,-0.30933079529958457,0.039950440364386046,0.9999999999999951,gap shrinking,False,cooking_gap,Clean cooking
YEM,0.5034999999999998,1150.0,92.99080833333323,24,-0.707021739130455,51.2,61.6,2000,2023,"Yemen, Rep.","Middle East, North Africa, Afghanistan & Pakistan",Low income,0.06062611665842012,0.4969966837578926,0.060262585879303075,8.108474985086599e-17,gap widening,False,cooking_gap,Clean cooking
ZAF,-0.8851739130434783,1150.0,66.48554855072459,24,1.7727826086956795,46.7,26.099999999999994,2000,2023,South Africa,Sub-Saharan Africa ,Upper middle income,0.05126292319498609,-0.8799466954867045,0.05114325940125027,1.0,gap shrinking,False,cooking_gap,Clean cooking
ZMB,-1.0757826086956521,1150.0,185.44512898550735,24,0.035043478260869856,36.8,14.5,2000,2023,Zambia,Sub-Saharan Africa ,Lower middle income,0.08561452561028765,-1.058864516892936,0.08506055513111788,1.0,gap shrinking,False,cooking_gap,Clean cooking
ZWE,-0.5767173913043477,1150.0,0.7715039855072454,24,0.12143478260869908,82.8,69.5,2000,2023,Zimbabwe,Sub-Saharan Africa ,Lower middle income,0.0399694588765468,-0.5744098494760356,0.039912660787601396,1.0,gap shrinking,False,cooking_gap,Clean cooking
AFG,-0.4572969116413485,1300.0,16.259470890368824,25,2.273821843951502,35.119563913897906,22.07801491039919,2000,2024,Afghanistan,"Middle East, North Africa, Afghanistan & Pakistan",Low income,0.023319412793975185,-0.4570474744591833,0.023301113236262796,1.0,gap shrinking,False,water_gap,Basic water
AGO,0.20873609215541084,1300.0,24.268843906566982,25,0.9103724159120841,41.8346775149178,44.81340525541491,2000,2024,Angola,Sub-Saharan Africa ,Lower middle income,0.028489770449874132,0.20746001692457644,0.028464002032724083,1.5670680439741582e-13,gap widening,True,water_gap,Basic water
ALB,-0.5847206960877204,1300.0,6.476918823011976,25,0.6268661911743283,14.311795366989005,1.5724510577849031,2000,2024,Albania,Europe & Central Asia,Upper middle income,0.014717994382019688,-0.5841337605362774,0.014708038884309283,1.0,gap shrinking,False,water_gap,Basic water
AND,0.0,1300.0,0.0,25,-1.1029727775400327e-16,0.0,0.0,2000,2024,Andorra,Europe & Central Asia,High income,0.008227406051708743,-6.375195957648016e-05,0.008225665812755467,0.5030919196198739,no clear trend,False,water_gap,Basic water
ARE,0.02251839692307643,1300.0,0.026638905629850756,25,0.0005492953846165063,-0.4646653333333006,0.0,2000,2024,United Arab Emirates,"Middle East, North Africa, Afghanistan & Pakistan",High income,0.008227406051708743,0.02245565838889407,0.008226601554951536,0.003170178728330926,gap widening,True,water_gap,Basic water
ARG,-1.0889520600648022,408.0,23.11105830536087,17,1.1445454965287627,22.3007630323654,6.611279462520102,2000,2016,Argentina,Latin America & Caribbean ,Upper middle income,0.061451742990433024,-1.0754353983511078,0.0608417677387352,1.0,gap shrinking,False,water_gap,Basic water
ARM,-0.3881456493157939,1300.0,7.738879296626671,25,0.43568341565523094,8.847293333571201,-0.107035463925996,2000,2024,Armenia,Europe & Central Asia,Upper middle income,0.01608805129703436,-0.3877620967072582,0.01607505135009146,1.0,gap shrinking,False,water_gap,Basic water
ATG,-0.07696387819819141,1300.0,0.1180002834683408,25,0.09089685279432637,1.435101715394694,-0.2464620099439969,2000,2024,Antigua and Barbuda,Latin America & Caribbean ,High income,0.008227406051708743,-0.07708221617214614,0.008225920510403677,1.0,gap shrinking,False,water_gap,Basic water
AUS,-0.03959007306056159,1300.0,0.2537674879926612,25,0.04609007306056177,0.7783333333332934,-0.0349999999999965,2000,2024,Australia,East Asia & Pacific,High income,0.008227406051708743,-0.039642422208707534,0.0082263377836172,0.9999992784705619,gap shrinking,False,water_gap,Basic water
AUT,0.0,1300.0,0.0,25,-1.1029727775400327e-16,0.0,0.0,2000,2024,Austria,Europe & Central Asia,High income,0.008227406051708743,-6.375195957648016e-05,0.008225665812755467,0.5030919196198739,no clear trend,False,water_gap,Basic water
AZE,-1.252005722897272,1300.0,2.6591256481668983,25,1.555920690080293,35.3592013796708,5.091476237966703,2000,2024,Azerbaijan,Europe & Central Asia,Upper middle income,0.009430480802489183,-1.2513937739506056,0.009427860337523892,1.0,gap shrinking,False,water_gap,Basic water
BDI,-0.2556199643125962,1300.0,0.8337221388605133,25,0.6443610119351835,35.398631929347104,29.8178254227576,2000,2024,Burundi,Sub-Saharan Africa ,Low income,0.008227406051708743,-0.2556564234792056,0.008226784682093282,1.0,gap shrinking,False,water_gap,Basic water
BEL,0.0,1300.0,0.0,25,-1.1029727775400327e-16,0.0,0.0,2000,2024,Belgium,Europe & Central Asia,High income,0.008227406051708743,-6.375195957648016e-05,0.008225665812755467,0.5030919196198739,no clear trend,False,water_gap,Basic water
BEN,-0.490970913234845,1300.0,0.025497754785514144,25,0.4780152211733744,24.574632436297293,12.791330518661,2000,2024,Benin,Sub-Saharan Africa ,Lower middle income,0.008227406051708743,-0.49097182428206604,0.008226784682093282,1.0,gap shrinking,False,water_gap,Basic water
BFA,0.8632462294281584,1300.0,5.3459041799487945,25,-0.7365570459247976,27.846608716030204,47.11913556295509,2000,2024,Burkina Faso,Sub-Saharan Africa ,Low income,0.013371341815168991,0.862703684749779,0.013368674923050498,0.0,gap widening,False,water_gap,Basic water
BGD,-0.18118313965633417,1300.0,0.07822130924170717,25,0.22661203015480325,4.061735076947102,-0.0311811984247896,2000,2024,Bangladesh,South Asia,Lower middle income,0.008227406051708743,-0.18145892377627462,0.008222323836987655,1.0,gap shrinking,False,water_gap,Basic water
BGR,0.08468466991742282,1300.0,3.1740085070271713e-26,25,-0.08876020176134951,0.1480744113619891,2.180506489380093,2000,2024,Bulgaria,Europe & Central Asia,High income,0.008227406051708743,0.08458509719621381,0.008225665812755467,4.200411946631648e-25,gap widening,False,water_gap,Basic water
BIH,-0.20714237301875107,1300.0,6.803669350485715,25,0.04027882266749091,2.183402273681608,-2.4572423313776994,2000,2024,Bosnia and Herzegovina,Europe & Central Asia,Upper middle income,0.01508467665930928,-0.20706222116579504,0.0150739589278658,1.0,gap shrinking,False,water_gap,Basic water
BLR,0.05085141799097833,1300.0,0.41737538081481074,25,0.051686347063128156,-0.7895869786454028,0.0109045059546986,2000,2024,Belarus,Europe & Central Asia,Upper middle income,0.008227406051708743,0.05076615639424666,0.008225665812755467,3.3784614324696245e-10,gap widening,True,water_gap,Basic water
BLZ,0.11318879496187295,1300.0,1.0023452413593994,25,0.18439573907593632,5.115426734965396,7.583680415239399,2000,2024,Belize,Latin America & Caribbean ,Upper middle income,0.008227406051708743,0.11300179521379525,0.008225920510403677,3.0355992880842527e-43,gap widening,True,water_gap,Basic water
BOL,-0.71143766447037,1300.0,0.025004793453792036,25,0.8645774946484398,37.471962062841904,20.476576282988205,2000,2024,Bolivia,Latin America & Caribbean ,Lower middle income,0.008227406051708743,-0.7113269018217777,0.008225920510403677,1.0,gap shrinking,False,water_gap,Basic water
BRA,-0.9966092339780454,1300.0,16.287971591640378,25,1.0767476560217395,24.5532835947744,0.0,2000,2024,Brazil,Latin America & Caribbean ,Upper middle income,0.023339841768256202,-0.9948935356773636,0.023305991532606728,1.0,gap shrinking,False,water_gap,Basic water
BTN,-0.721692321929368,1300.0,29.074615759201723,25,0.9012854488083126,15.9421221565335,0.5441547906621054,2000,2024,Bhutan,South Asia,Lower middle income,0.0311832515285535,-0.7161557361232045,0.030909918914889,1.0,gap shrinking,False,water_gap,Basic water
BWA,-1.1145355472147347,1300.0,52.57656275629327,25,1.277693040699979,40.3330444919359,18.892514335443693,2000,2024,Botswana,Sub-Saharan Africa ,Upper middle income,0.041933440952420575,-1.1121216399993195,0.04185140277727149,1.0,gap shrinking,False,water_gap,Basic water
CAF,-0.8166759237836203,1300.0,6.634521059729576,25,-0.7620621980881973,38.7836087683521,20.691267842497695,2000,2024,Central African Republic,Sub-Saharan Africa ,Low income,0.014895983903247386,-0.8165177005832711,0.014892297042433068,1.0,gap shrinking,False,water_gap,Basic water
CAN,-0.0763856061986926,1300.0,0.11590271945975507,25,0.000645609991637381,1.3962431966402988,-0.205390481719391,2000,2024,Canada,North America,High income,0.008227406051708743,-0.07646889013031355,0.00822184255152744,1.0,gap shrinking,False,water_gap,Basic water
CHE,0.0,1300.0,0.0,25,-1.1029727775400327e-16,0.0,0.0,2000,2024,Switzerland,Europe & Central Asia,High income,0.008227406051708743,-6.375195957648016e-05,0.008225665812755467,0.5030919196198739,no clear trend,False,water_gap,Basic water
CHL,-0.6085719274944715,1300.0,0.00015715880491278209,25,0.6331567717613277,20.830414618203207,6.214098414459599,2000,2024,Chile,Latin America & Caribbean ,High income,0.008227406051708743,-0.6084983083889063,0.008225920510403677,1.0,gap shrinking,False,water_gap,Basic water
CHN,-1.0175582038360074,1300.0,8.300806018805199,25,0.9772501991815418,27.5061797866296,3.4983868247853,2000,2024,China,East Asia & Pacific,Upper middle income,0.01666190056370589,-1.0167320509140279,0.01665303302976069,1.0,gap shrinking,False,water_gap,Basic water
CIV,-0.49867088443804664,1300.0,0.04853134390613483,25,0.46208157396717103,36.5791627360574,24.788071381958,2000,2024,Cote d'Ivoire,Sub-Saharan Africa ,Lower middle income,0.008227406051708743,-0.4986706324583206,0.008226784682093282,1.0,gap shrinking,False,water_gap,Basic water
CMR,-0.9974622652387973,1300.0,1.185080860370746,25,0.944091991727424,49.2750416645198,25.3131480083664,2000,2024,Cameroon,Sub-Saharan Africa ,Lower middle income,0.008227406051708743,-0.9973866742998031,0.008226784682093282,1.0,gap shrinking,False,water_gap,Basic water
COD,-0.25000184503993994,1300.0,0.20627040456801063,25,-0.2607178055978847,51.11810340050489,45.485674484601496,2000,2024,"Congo, Dem. Rep.",Sub-Saharan Africa ,Low income,0.008227406051708743,-0.2500391527842821,0.008226784682093282,1.0,gap shrinking,False,water_gap,Basic water
COG,-1.222656858602761,885.5,33.862713110027514,22,1.3542644004752111,63.6837955451876,42.8945786428337,2000,2021,"Congo, Rep.",Sub-Saharan Africa ,Lower middle income,0.043727192561202055,-1.2195734998375138,0.043634193621461974,1.0,gap shrinking,False,water_gap,Basic water
COL,-0.4982180357385666,1300.0,0.0046194292467723495,25,0.568775018382365,28.258738186175307,16.244326210902997,2000,2024,Colombia,Latin America & Caribbean ,Upper middle income,0.008227406051708743,-0.4981842640559348,0.008225920510403677,1.0,gap shrinking,False,water_gap,Basic water
COM,0.22858558265684292,1300.0,0.006917673765103239,25,-0.17565419564717005,1.5710530074060929,7.009610521086898,2000,2024,Comoros,Sub-Saharan Africa ,Lower middle income,0.008227406051708743,0.2284759876194373,0.008226784682093282,4.6991850222424154e-170,gap widening,False,water_gap,Basic water
CPV,-0.38788228629299676,1300.0,73.30188700192124,25,0.6471124462142128,19.3851041519394,8.869278201483894,2000,2024,Cabo Verde,Sub-Saharan Africa ,Upper middle income,0.04951331262554099,-0.38847605925958734,0.049378416731474195,0.9999999999999982,gap shrinking,False,water_gap,Basic water
CRI,-0.5026513042814332,1300.0,9.716729268225643,25,0.5334470869499474,11.060517215911304,0.2034028571429047,2000,2024,Costa Rica,Latin America & Caribbean ,High income,0.018027041438283212,-0.5024817171363296,0.01801143073258422,1.0,gap shrinking,False,water_gap,Basic water
CUB,-0.48766417345437363,1300.0,6.334715484197293,25,0.4995443737996548,16.431393835513106,4.191182579598291,2000,2024,Cuba,Latin America & Caribbean ,Upper middle income,0.014555527957456946,-0.4875704712543181,0.014547306867504734,1.0,gap shrinking,False,water_gap,Basic water
CYP,0.006808734024425222,1300.0,0.0023383673340887975,25,-0.01213177738483488,-0.1040049810620047,0.0338474562563959,2000,2024,Cyprus,Europe & Central Asia,High income,0.008227406051708743,0.006742102038998183,0.008225665812755467,0.2062100817385994,no clear trend,False,water_gap,Basic water
CZE,-0.0692883173003505,1300.0,1.700847377512609,25,0.09006683800315532,1.4686589665018914,0.2909461777089035,2000,2024,Czechia,Europe & Central Asia,High income,0.008227406051708743,-0.06932276100023423,0.008225665812755467,1.0,gap shrinking,False,water_gap,Basic water
DEU,0.0,1300.0,0.0,25,-1.1029727775400327e-16,0.0,0.0,2000,2024,Germany,Europe & Central Asia,High income,0.008227406051708743,-6.375195957648016e-05,0.008225665812755467,0.5030919196198739,no clear trend,False,water_gap,Basic water
DJI,-0.4634932389855551,1300.0,1.290575763014235e-25,25,0.5577236782979419,32.9342315879568,21.810393852303505,2000,2024,Djibouti,"Middle East, North Africa, Afghanistan & Pakistan",Lower middle income,0.008227406051708743,-0.4634609352509199,0.008226601554951536,1.0,gap shrinking,False,water_gap,Basic water
DMA,-0.14832818583148652,1300.0,3.593569109849624e-26,25,0.2089708804844763,4.077660088292689,0.5177836283369999,2000,2024,Dominica,Latin America & Caribbean ,Upper middle income,0.008227406051708743,-0.14842075503822,0.008225920510403677,1.0,gap shrinking,False,water_gap,Basic water
DNK,0.0,1300.0,0.0,25,-1.1029727775400327e-16,0.0,0.0,2000,2024,Denmark,Europe & Central Asia,High income,0.008227406051708743,-6.375195957648016e-05,0.008225665812755467,0.5030919196198739,no clear trend,False,water_gap,Basic water
DOM,-0.5240413968324981,1300.0,1.2371489345023723,25,0.572724778787993,15.06384251337279,3.1072217732086926,2000,2024,Dominican Republic,Latin America & Caribbean ,Upper middle income,0.008227406051708743,-0.5239983006541489,0.008225920510403677,1.0,gap shrinking,False,water_gap,Basic water
DZA,-0.09564919461937701,1300.0,0.11580258124133282,25,0.14224633457672353,12.003211220791002,9.872116451355597,2000,2024,Algeria,"Middle East, North Africa, Afghanistan & Pakistan",Upper middle income,0.008227406051708743,-0.09568882482616327,0.008226601554951536,1.0,gap shrinking,False,water_gap,Basic water
ECU,-0.16902081297143665,1300.0,0.5272641272185552,25,0.36850047104029254,21.069880454774605,16.4329724854111,2000,2024,Ecuador,Latin America & Caribbean ,Upper middle income,0.008227406051708743,-0.16910591032690936,0.008225920510403677,1.0,gap shrinking,False,water_gap,Basic water
EGY,0.0505262249270042,1300.0,1.6729845334716392e-05,25,-0.09271116234282933,1.1694533309054975,2.3820827291535096,2000,2024,"Egypt, Arab Rep.","Middle East, North Africa, Afghanistan & Pakistan",Lower middle income,0.008227406051708743,0.05045800930683979,0.008226601554951536,4.297832447608646e-10,gap widening,False,water_gap,Basic water
ERI,0.16720389709865133,408.0,0.493226613848379,17,-0.22018831887254803,59.514664978750005,61.93664805624999,2000,2016,Eritrea,Sub-Saharan Africa ,Low income,0.01468603390192981,0.16688434357681023,0.014682500709823774,3.080345372253845e-30,gap widening,False,water_gap,Basic water
ESP,-0.005494625922019893,1300.0,0.010193583209424213,25,-1.1029727775400327e-16,0.0,-0.092054794520493,2000,2024,Spain,Europe & Central Asia,High income,0.008227406051708743,-0.005556053710225043,0.008225665812755467,0.7503061168973462,no clear trend,False,water_gap,Basic water
EST,-0.2788157350131215,1300.0,8.388874328139288,25,0.3096487830133479,6.0631196765992,0.0,2000,2024,Estonia,Europe & Central Asia,High income,0.016750055486494518,-0.27859144875830644,0.016735385294253967,1.0,gap shrinking,False,water_gap,Basic water
ETH,-1.305709575154156,1300.0,0.006845314138174683,25,1.591583290202235,67.85858918318472,36.521559379485005,2000,2024,Ethiopia,Sub-Saharan Africa ,Low income,0.008227406051708743,-1.3055874256088587,0.008226784682093282,1.0,gap shrinking,False,water_gap,Basic water
FIN,0.0,1300.0,0.0,25,-1.1029727775400327e-16,0.0,0.0,2000,2024,Finland,Europe & Central Asia,High income,0.008227406051708743,-6.375195957648016e-05,0.008225665812755467,0.5030919196198739,no clear trend,False,water_gap,Basic water
FJI,0.035825998098265144,1300.0,0.0057208714240846925,25,-0.022626886872079654,6.86068539411599,7.641251833128493,2000,2024,Fiji,East Asia & Pacific,Upper middle income,0.008227406051708743,0.03575406577857198,0.0082263377836172,6.9229123891368434e-06,gap widening,False,water_gap,Basic water
FRA,0.0,1300.0,0.0,25,-1.1029727775400327e-16,0.0,0.0,2000,2024,France,Europe & Central Asia,High income,0.008227406051708743,-6.375195957648016e-05,0.008225665812755467,0.5030919196198739,no clear trend,False,water_gap,Basic water
GAB,-0.1918650133672556,1300.0,0.21953011065943118,25,0.28711628861083593,47.73657621726661,43.252252095886696,2000,2024,Gabon,Sub-Saharan Africa ,Upper middle income,0.008227406051708743,-0.19191110227454874,0.008226784682093282,1.0,gap shrinking,False,water_gap,Basic water
GBR,0.0,1300.0,0.0,25,-1.1029727775400327e-16,0.0,0.0,2000,2024,United Kingdom,Europe & Central Asia,High income,0.008227406051708743,-6.375195957648016e-05,0.008225665812755467,0.5030919196198739,no clear trend,False,water_gap,Basic water
GEO,-0.16401333360688466,1300.0,0.0022812091081652547,25,0.19755146042777186,9.867370998716495,5.88940032696209,2000,2024,Georgia,Europe & Central Asia,Upper middle income,0.008227406051708743,-0.16400770957983432,0.008225665812755467,1.0,gap shrinking,False,water_gap,Basic water
GHA,-0.14111529211421625,1300.0,0.0900054825997269,25,0.9364458565619773,26.4664162284192,22.8002865277043,2000,2024,Ghana,Sub-Saharan Africa ,Lower middle income,0.008227406051708743,-0.14116904641295264,0.008226784682093282,1.0,gap shrinking,False,water_gap,Basic water
GIN,-0.2298715501750535,1300.0,3.618305122982156,25,1.0158577812868403,37.01668617529081,31.0118363059774,2000,2024,Guinea,Sub-Saharan Africa ,Lower middle income,0.011000615858378896,-0.2299436744637873,0.010999130697635544,1.0,gap shrinking,False,water_gap,Basic water
GMB,-0.2542711021819143,1300.0,0.10919745636973988,25,0.6771291529628278,19.64766856770201,13.374785681256512,2000,2024,"Gambia, The",Sub-Saharan Africa ,Low income,0.008227406051708743,-0.2543077650847409,0.008226784682093282,1.0,gap shrinking,False,water_gap,Basic water
GNB,-0.6477973526158339,1300.0,4.14868409778515,25,0.4370180623369335,34.459508491316704,20.111299779167098,2000,2024,Guinea-Bissau,Sub-Saharan Africa ,Low income,0.011779302887461275,-0.6477506725667559,0.01177747954460612,1.0,gap shrinking,False,water_gap,Basic water
GNQ,1.432004267632369,484.5,36.84245759706897,18,-0.5145171171209935,25.277047213268094,47.3026366630421,2000,2017,Equatorial Guinea,Sub-Saharan Africa ,Upper middle income,0.06893938648486674,1.4117588424850886,0.06857666393088341,1.8102731945818672e-94,gap widening,False,water_gap,Basic water
GRC,-0.03305275267255869,1300.0,0.12377019328165545,25,0.03510412017442972,0.7231539441835082,0.0,2000,2024,Greece,Europe & Central Asia,High income,0.008227406051708743,-0.03310252365097367,0.008225665812755467,0.9999714271394764,gap shrinking,False,water_gap,Basic water
GTM,-0.3245397298736605,1300.0,0.008127882226084796,25,0.3578811588869578,15.308127831079204,7.51917431411151,2000,2024,Guatemala,Latin America & Caribbean ,Upper middle income,0.008227406051708743,-0.3245686712752529,0.008225920510403677,1.0,gap shrinking,False,water_gap,Basic water
GUY,-0.4654236659599526,1300.0,0.825793034489715,25,0.41311733894902397,10.2915114647745,-0.2271590955725031,2000,2024,Guyana,Latin America & Caribbean ,High income,0.008227406051708743,-0.46540173591789735,0.008225920510403677,1.0,gap shrinking,False,water_gap,Basic water
HND,-0.4256724672624509,1300.0,0.08597948925456449,25,0.5513663955022445,19.386695974839,8.899808747529292,2000,2024,Honduras,Latin America & Caribbean ,Lower middle income,0.008227406051708743,-0.4256648908856938,0.008225920510403677,1.0,gap shrinking,False,water_gap,Basic water
HRV,-0.12985230048291305,1300.0,4.192896568822806,25,0.1267401466367592,2.909189582759197,0.0865120862040953,2000,2024,Croatia,Europe & Central Asia,High income,0.011841902485482607,-0.1298705760844347,0.01183671523872052,1.0,gap shrinking,False,water_gap,Basic water
HTI,-0.6793080372198611,1300.0,0.28980999851826683,25,0.6942294979132683,47.118984817242,30.703688833894496,2000,2024,Haiti,Latin America & Caribbean ,Lower middle income,0.008227406051708743,-0.6792088761815552,0.008225920510403677,1.0,gap shrinking,False,water_gap,Basic water
HUN,-0.3556570139050752,1300.0,0.9577325357021018,25,0.5048619918111058,7.9312945486519055,0.0,2000,2024,Hungary,Europe & Central Asia,High income,0.008227406051708743,-0.355570326533301,0.008225665812755467,1.0,gap shrinking,False,water_gap,Basic water
IDN,-0.4325354368475362,1300.0,22.286645873865304,25,0.659462973392028,24.1193235898629,14.586792646818507,2000,2024,Indonesia,East Asia & Pacific,Upper middle income,0.027301515923134758,-0.4319897327648078,0.02726255708767117,1.0,gap shrinking,False,water_gap,Basic water
IND,-0.5981989502774747,1300.0,0.07681773203902086,25,0.8372382819464823,16.518055039619398,2.2065747860998077,2000,2024,India,South Asia,Lower middle income,0.008227406051708743,-0.5979596973872067,0.008222323836987655,1.0,gap shrinking,False,water_gap,Basic water
IRL,-0.029324981773716393,1300.0,4.4850817849947466e-26,25,0.03946537636271218,-0.6524563087024973,-1.3562558712716992,2000,2024,Ireland,Europe & Central Asia,High income,0.008227406051708743,-0.02937632956164033,0.008225665812755467,0.9998223938914248,gap shrinking,False,water_gap,Basic water
IRN,-0.28188127148888614,1300.0,8.797463712983814e-26,25,0.3099122357277042,10.704722648960498,3.939572133227188,2000,2024,"Iran, Islamic Rep.","Middle East, North Africa, Afghanistan & Pakistan",Upper middle income,0.008227406051708743,-0.2818844829809657,0.008226601554951536,1.0,gap shrinking,False,water_gap,Basic water
IRQ,-1.56922948870858,1300.0,48.96095519734061,25,1.874707119556179,39.137333734239206,4.9775842460662005,2000,2024,Iraq,"Middle East, North Africa, Afghanistan & Pakistan",Upper middle income,0.04046591331453282,-1.563244297425642,0.04037051748295866,1.0,gap shrinking,False,water_gap,Basic water
ISL,0.0,1300.0,0.0,25,-1.1029727775400327e-16,0.0,0.0,2000,2024,Iceland,Europe & Central Asia,High income,0.008227406051708743,-6.375195957648016e-05,0.008225665812755467,0.5030919196198739,no clear trend,False,water_gap,Basic water
ISR,0.0,1300.0,0.0,25,-1.1029727775400327e-16,0.0,0.0,2000,2024,Israel,"Middle East, North Africa, Afghanistan & Pakistan",High income,0.008227406051708743,-5.8334936869919264e-05,0.008226601554951536,0.5028288811068315,no clear trend,False,water_gap,Basic water
JAM,-0.2019554865469469,1300.0,1.9076910195344243,25,-0.17609024323574093,10.7020555102781,5.99856354748789,2000,2024,Jamaica,Latin America & Caribbean ,Upper middle income,0.008227406051708743,-0.20202869159988038,0.008225920510403677,1.0,gap shrinking,False,water_gap,Basic water
JOR,-0.044864891438208224,1300.0,0.06024800641460253,25,0.06376641071003813,2.628449557422797,1.5856001350111055,2000,2024,Jordan,"Middle East, North Africa, Afghanistan & Pakistan",Upper middle income,0.008227406051708743,-0.04491445279692179,0.008226601554951536,0.9999999761477245,gap shrinking,False,water_gap,Basic water
KAZ,-0.6866050522233449,1300.0,0.6598849185534463,25,0.7190748892017383,16.21083938912099,0.4015088538088918,2000,2024,Kazakhstan,Europe & Central Asia,Upper middle income,0.008227406051708743,-0.6863783771677915,0.008225665812755467,1.0,gap shrinking,False,water_gap,Basic water
KEN,-0.6954166368157245,1300.0,0.0006421262161354688,25,0.8406125771293916,49.9857082711753,33.295708987598005,2000,2024,Kenya,Sub-Saharan Africa ,Lower middle income,0.008227406051708743,-0.6953866677622977,0.008226784682093282,1.0,gap shrinking,False,water_gap,Basic water
KGZ,-0.6123554455072756,1300.0,0.5206518460605704,25,0.8107141148371603,21.72464291088841,7.345702966869993,2000,2024,Kyrgyz Republic,Europe & Central Asia,Lower middle income,0.008227406051708743,-0.6121601772868208,0.008225665812755467,1.0,gap shrinking,False,water_gap,Basic water
KHM,-0.8149403213657203,1300.0,2.6300791006595023,25,1.3701151957557183,35.153323269984895,15.150545143631206,2000,2024,Cambodia,East Asia & Pacific,Lower middle income,0.009378833175173901,-0.8147467326634947,0.009377250788692774,1.0,gap shrinking,False,water_gap,Basic water
KIR,-0.2223029754759571,1300.0,9.87812499382615,25,0.9051573593303692,30.5991658630214,26.3806496137368,2000,2024,Kiribati,East Asia & Pacific,Lower middle income,0.01817614022206343,-0.22232688792452115,0.01816463040619552,1.0,gap shrinking,False,water_gap,Basic water
LAO,-1.1470065931358122,1300.0,41.441948270767966,25,2.046649002057765,39.45504312311499,6.770580869098893,2000,2024,Lao PDR,East Asia & Pacific,Lower middle income,0.03722926720760136,-1.142214649858464,0.0371306616406104,1.0,gap shrinking,False,water_gap,Basic water
LBR,-0.6089732330457146,1300.0,0.1261916403745164,25,0.9390993626358896,30.300992895799997,15.709526547656012,2000,2024,Liberia,Sub-Saharan Africa ,Low income,0.008227406051708743,-0.608956320665531,0.008226784682093282,1.0,gap shrinking,False,water_gap,Basic water
LCA,-0.3016219964596093,1300.0,0.667184445221612,25,0.43032012786897333,5.620924671065907,-0.7490619482025096,2000,2024,St. Lucia,Latin America & Caribbean ,Upper middle income,0.008227406051708743,-0.30165921317076716,0.008225920510403677,1.0,gap shrinking,False,water_gap,Basic water
LKA,-0.24739118878635566,1300.0,0.052232741403825764,25,0.32420162948018766,14.948580867987502,9.176043805424698,2000,2024,Sri Lanka,South Asia,Upper middle income,0.008227406051708743,-0.24758520239590498,0.008222323836987655,1.0,gap shrinking,False,water_gap,Basic water
LSO,0.1464894140957312,1300.0,0.017241959163662512,25,0.42723485584848975,20.5590351309731,24.0747810692708,2000,2024,Lesotho,Sub-Saharan Africa ,Lower middle income,0.008227406051708743,0.14639221911201009,0.008226784682093282,3.892097007893643e-71,gap widening,True,water_gap,Basic water
LTU,-0.9092579198114511,1300.0,0.6559554033220404,25,1.057965449131508,21.5999771645333,0.2633239405931959,2000,2024,Lithuania,Europe & Central Asia,High income,0.008227406051708743,-0.9089370648375671,0.008225665812755467,1.0,gap shrinking,False,water_gap,Basic water
LUX,0.0,1300.0,0.0,25,-1.1029727775400327e-16,0.0,0.0,2000,2024,Luxembourg,Europe & Central Asia,High income,0.008227406051708743,-6.375195957648016e-05,0.008225665812755467,0.5030919196198739,no clear trend,False,water_gap,Basic water
LVA,-0.09425714021953445,1300.0,0.00768615640666528,25,0.09916810850737884,2.5138298384103024,0.3257176547424905,2000,2024,Latvia,Europe & Central Asia,High income,0.008227406051708743,-0.0942810223590448,0.008225665812755467,1.0,gap shrinking,False,water_gap,Basic water
MAR,-2.0433728971674174,1300.0,1.7530706778264842,25,2.25580804331992,66.5145778900553,17.639035532980387,2000,2024,Morocco,"Middle East, North Africa, Afghanistan & Pakistan",Lower middle income,0.008227406051708743,-2.0430316392101293,0.008226601554951536,1.0,gap shrinking,False,water_gap,Basic water
MDA,-0.5297557524168339,1300.0,0.08976392962738149,25,0.644745946749861,21.867647255925803,9.191114280325197,2000,2024,Moldova,Europe & Central Asia,Upper middle income,0.008227406051708743,-0.5295954230338334,0.008225665812755467,1.0,gap shrinking,False,water_gap,Basic water
MDG,-0.39299316116202676,1300.0,0.0675815389856937,25,0.6631986798388405,48.179577142493805,38.9118555496642,2000,2024,Madagascar,Sub-Saharan Africa ,Low income,0.008227406051708743,-0.39300887106535626,0.008226784682093282,1.0,gap shrinking,False,water_gap,Basic water
MDV,-0.2648296471878898,1300.0,4.715995872729876,25,0.3431532348601544,5.16006413312391,-0.3785541122165909,2000,2024,Maldives,South Asia,Upper middle income,0.012558885877042243,-0.26523087646666077,0.012540831486877803,1.0,gap shrinking,False,water_gap,Basic water
MEX,-0.6420283775059757,1300.0,10.410134351698183,25,0.8020509454831112,18.80225599231919,2.528559192454196,2000,2024,Mexico,Latin America & Caribbean ,Upper middle income,0.018659180809587783,-0.6415882384828008,0.018641871225159423,1.0,gap shrinking,False,water_gap,Basic water
MHL,-3.111002959192669e-05,1300.0,1.922522432115509e-08,25,-0.022279153617792688,-8.148816114331098,-8.1494684214032,2000,2024,Marshall Islands,East Asia & Pacific,Upper middle income,0.008227406051708743,-9.37313909062609e-05,0.0082263377836172,0.504545474150836,no clear trend,False,water_gap,Basic water
MKD,0.10106488904957324,1300.0,0.3644705928594256,25,0.011511679730833491,-1.7489184391471042,0.1663587946126909,2000,2024,North Macedonia,Europe & Central Asia,Upper middle income,0.008227406051708743,0.10095838766080735,0.008225665812755467,6.278591806525815e-35,gap widening,True,water_gap,Basic water
MLI,-1.1903655890422051,1300.0,1.1316602136303051,25,1.7798918919248787,41.7596597841221,13.483813237683409,2000,2024,Mali,Sub-Saharan Africa ,Low income,0.008227406051708743,-1.1902608614015475,0.008226784682093282,1.0,gap shrinking,False,water_gap,Basic water
MLT,0.0,1300.0,0.0,25,-1.1029727775400327e-16,0.0,0.0,2000,2024,Malta,"Middle East, North Africa, Afghanistan & Pakistan",High income,0.008227406051708743,-5.8334936869919264e-05,0.008226601554951536,0.5028288811068315,no clear trend,False,water_gap,Basic water
MMR,-0.6785491469338789,1300.0,7.243574753868148,25,1.9186164668836898,30.0988499265496,15.27445860624691,2000,2024,Myanmar,East Asia & Pacific,Lower middle income,0.015564704469182239,-0.6781429632839491,0.015557475172732212,1.0,gap shrinking,False,water_gap,Basic water
MNE,-0.17024436865742057,570.0,2.190600697468083,19,0.3640856952445714,2.2157064920406957,-0.2836906620264017,2006,2024,Montenegro,Europe & Central Asia,Upper middle income,0.015035563954612368,-0.17021681064871996,0.0150249504935902,1.0,gap shrinking,False,water_gap,Basic water
MNG,-1.0953160318872008,1300.0,0.7292917254066873,25,1.4475664406769058,58.88955995160789,32.60197518631511,2000,2024,Mongolia,East Asia & Pacific,Upper middle income,0.008227406051708743,-1.0950942423505694,0.0082263377836172,1.0,gap shrinking,False,water_gap,Basic water
MOZ,-0.6554456416377908,1300.0,11.471787904059402,25,1.8433507971465015,54.04475343095345,37.5307550964402,2000,2024,Mozambique,Sub-Saharan Africa ,Low income,0.019587542884603147,-0.6553100909434136,0.01957916235409883,1.0,gap shrinking,False,water_gap,Basic water
MRT,-0.30333240825556,1300.0,1.7788029029279846,25,1.374597223328098,39.8847158678808,31.60000358882269,2000,2024,Mauritania,Sub-Saharan Africa ,Lower middle income,0.008227406051708743,-0.30336166079028043,0.008226784682093282,1.0,gap shrinking,False,water_gap,Basic water
MUS,-0.02437535665529027,1300.0,2.081792079844006e-07,25,0.034200239239823294,0.7097753807961027,0.1243813933228068,2000,2024,Mauritius,Sub-Saharan Africa ,Upper middle income,0.008227406051708743,-0.024446743707079405,0.008226784682093282,0.9985187559009402,gap shrinking,False,water_gap,Basic water
MWI,-0.8873986530218494,1300.0,0.041380352614851554,25,0.8881368931616472,37.1350673262407,15.8886814317392,2000,2024,Malawi,Sub-Saharan Africa ,Low income,0.008227406051708743,-0.887339686423846,0.008226784682093282,1.0,gap shrinking,False,water_gap,Basic water
MYS,-0.10716126218878161,1300.0,3.211517610475266e-26,25,0.11807095466046108,6.037412023598293,3.4655417310675034,2000,2024,Malaysia,East Asia & Pacific,Upper middle income,0.008227406051708743,-0.10719606523345102,0.0082263377836172,1.0,gap shrinking,False,water_gap,Basic water
NAM,-0.4434736137381586,1300.0,0.34675874395138107,25,0.35426226190352844,32.29946637492941,21.84220814697639,2000,2024,Namibia,Sub-Saharan Africa ,Lower middle income,0.008227406051708743,-0.4434816989212005,0.008226784682093282,1.0,gap shrinking,False,water_gap,Basic water
NER,-1.013047578502445,1300.0,0.6157924174133655,25,0.849459338783511,65.2176115231443,40.9044696390855,2000,2024,Niger,Sub-Saharan Africa ,Low income,0.008227406051708743,-1.0129696335105816,0.008226784682093282,1.0,gap shrinking,False,water_gap,Basic water
NGA,-0.33946982448058877,1300.0,0.2779117918752072,25,1.473000696551481,37.1925937451029,28.52661777707389,2000,2024,Nigeria,Sub-Saharan Africa ,Lower middle income,0.008227406051708743,-0.33949361871062744,0.008226784682093282,1.0,gap shrinking,False,water_gap,Basic water
NLD,0.0,1300.0,0.0,25,-1.1029727775400327e-16,0.0,0.0,2000,2024,Netherlands,Europe & Central Asia,High income,0.008227406051708743,-6.375195957648016e-05,0.008225665812755467,0.5030919196198739,no clear trend,False,water_gap,Basic water
NOR,0.0,1300.0,0.0,25,-1.1029727775400327e-16,0.0,0.0,2000,2024,Norway,Europe & Central Asia,High income,0.008227406051708743,-6.375195957648016e-05,0.008225665812755467,0.5030919196198739,no clear trend,False,water_gap,Basic water
NPL,-0.6289996109531997,1300.0,0.01595008822278728,25,0.6802737393695713,13.396484911589894,-1.6995057512869067,2000,2024,Nepal,South Asia,Lower middle income,0.008227406051708743,-0.6287223175863289,0.008222323836987655,1.0,gap shrinking,False,water_gap,Basic water
NZL,0.0,1300.0,0.0,25,-1.1029727775400327e-16,0.0,0.0,2000,2024,New Zealand,East Asia & Pacific,High income,0.008227406051708743,-6.262943960636105e-05,0.0082263377836172,0.5030372312379124,no clear trend,False,water_gap,Basic water
OMN,-0.15875705000459242,1300.0,0.7461149162398264,25,0.31301248830560263,21.539613598253297,18.449220086033407,2000,2024,Oman,"Middle East, North Africa, Afghanistan & Pakistan",High income,0.008227406051708743,-0.15878433912052226,0.008226601554951536,1.0,gap shrinking,False,water_gap,Basic water
PAK,-0.4551289758794915,1300.0,4.437924245294014,25,0.2870414235293762,13.723085760258911,3.603380370096289,2000,2024,Pakistan,"Middle East, North Africa, Afghanistan & Pakistan",Lower middle income,0.01218300291567223,-0.4550617451528785,0.012180391219925674,1.0,gap shrinking,False,water_gap,Basic water
PAN,-0.3639115036368278,1300.0,1.0414751198917025,25,0.4153689390096252,19.9197364568214,10.698569390096113,2000,2024,Panama,Latin America & Caribbean ,High income,0.008227406051708743,-0.3639262283787645,0.008225920510403677,1.0,gap shrinking,False,water_gap,Basic water
PER,-1.244926520619605,1300.0,0.08194048665369046,25,1.5172520819766482,40.3586624207585,10.480425925888,2000,2024,Peru,Latin America & Caribbean ,Upper middle income,0.008227406051708743,-1.2446231217554429,0.008225920510403677,1.0,gap shrinking,False,water_gap,Basic water
PHL,-0.3654204010156583,1300.0,0.0020675064689645965,25,0.553801684725177,13.468541609573409,4.665775429019092,2000,2024,Philippines,East Asia & Pacific,Upper middle income,0.008227406051708743,-0.3653881423194869,0.0082263377836172,1.0,gap shrinking,False,water_gap,Basic water
PLW,-0.022315846771701457,1300.0,0.0019447472447987019,25,0.021229940143197647,1.0330275317653983,0.5284953438834918,2000,2024,Palau,East Asia & Pacific,High income,0.008227406051708743,-0.022372681490781584,0.0082263377836172,0.9967323538742392,gap shrinking,False,water_gap,Basic water
PNG,-1.2421626952940974,1300.0,24.280576020625595,25,1.2537282162752121,62.6133117984994,36.0646146595704,2000,2024,Papua New Guinea,East Asia & Pacific,Lower middle income,0.028496655921057303,-1.2390533789858162,0.02845236198676996,1.0,gap shrinking,False,water_gap,Basic water
POL,0.6376724379256793,665.0,7.555945271108952,20,-0.8546182638046996,2.938446956996401,13.9053134540802,2005,2024,Poland,Europe & Central Asia,High income,0.025124494152954615,0.6345734981543413,0.02507506685980135,1.339144166710272e-141,gap widening,False,water_gap,Basic water
PRK,0.4703508429105659,1150.0,6.855728484239652,24,-0.5889036570867044,-0.5,8.159885560524899,2000,2023,"Korea, Dem. People's Rep.",East Asia & Pacific,Low income,0.016461391509962182,0.4696117693407712,0.01645284011098051,1.720460752886306e-179,gap widening,False,water_gap,Basic water
PRT,0.11571238965692845,1300.0,0.011583516585731432,25,-0.07376100980096759,-0.4828117432728902,2.203368730905794,2000,2024,Portugal,Europe & Central Asia,High income,0.008227406051708743,0.11559969252307341,0.008225665812755467,3.6640738567898144e-45,gap widening,False,water_gap,Basic water
PRY,-1.708074194288323,1300.0,67.57902860919963,25,1.9934672777332547,37.93821868182471,0.7755210040271976,2000,2024,Paraguay,Latin America & Caribbean ,Upper middle income,0.04754122611912409,-1.6925413870778663,0.047257095700600896,1.0,gap shrinking,False,water_gap,Basic water
PSE,-0.3555711620533999,1300.0,1.898120619951394,25,0.5463115991719495,6.145719163715896,-1.5772266666667036,2000,2024,West Bank and Gaza,"Middle East, North Africa, Afghanistan & Pakistan",Lower middle income,0.008227406051708743,-0.3555599630789994,0.008226601554951536,1.0,gap shrinking,False,water_gap,Basic water
ROU,0.0,1300.0,0.0,25,-1.1029727775400327e-16,0.0,0.0,2000,2024,Romania,Europe & Central Asia,High income,0.008227406051708743,-6.375195957648016e-05,0.008225665812755467,0.5030919196198739,no clear trend,False,water_gap,Basic water
RUS,0.06928054431862589,1300.0,0.004152439197474809,25,-0.03806716438891054,7.1468403553299,8.755138705583704,2000,2024,Russian Federation,Europe & Central Asia,High income,0.008227406051708743,0.06918748738724957,0.008225665812755467,2.0296751376675233e-17,gap widening,False,water_gap,Basic water
RWA,0.10713715754390084,1300.0,0.03662341006737923,25,0.5186852283050851,29.835409301233405,32.2760416943199,2000,2024,Rwanda,Sub-Saharan Africa ,Low income,0.008227406051708743,0.10704590644407104,0.008226784682093282,5.2369050939068235e-39,gap widening,True,water_gap,Basic water
SAU,0.0,1300.0,0.0,25,3.44607375069081e-16,-0.7133740615950046,-0.7133740615950046,2000,2024,Saudi Arabia,"Middle East, North Africa, Afghanistan & Pakistan",High income,0.008227406051708743,-5.8334936869919264e-05,0.008226601554951536,0.5028288811068315,no clear trend,False,water_gap,Basic water
SDN,-0.5152576429612389,1300.0,5.434108381742363,25,1.0185544301024245,25.708642412455497,14.280819719224796,2000,2024,Sudan,Sub-Saharan Africa ,Low income,0.013481200066841954,-0.5152502417330371,0.013478466913532253,1.0,gap shrinking,False,water_gap,Basic water
SEN,-1.3895234741295386,1300.0,1.5239195769935416,25,1.6767863704203678,48.1753755797021,14.826812200592911,2000,2024,Senegal,Sub-Saharan Africa ,Lower middle income,0.008227406051708743,-1.3893886650793579,0.008226784682093282,1.0,gap shrinking,False,water_gap,Basic water
SLB,0.5940056221572029,1300.0,10.672367928637655,25,-0.5080219223481308,15.199644421288395,26.73090452779931,2000,2024,Solomon Islands,East Asia & Pacific,Lower middle income,0.018892733582747737,0.5928632976803337,0.018879809056761686,9.507851247086996e-217,gap widening,False,water_gap,Basic water
SLE,-0.6947761387671977,1300.0,1.6393196288441683,25,1.3122397347344896,40.39681555030631,24.679500844063305,2000,2024,Sierra Leone,Sub-Saharan Africa ,Low income,0.008227406051708743,-0.6947462664565339,0.008226784682093282,1.0,gap shrinking,False,water_gap,Basic water
SLV,-0.4898363995095931,1300.0,158.38120562722463,25,0.39581228457664464,26.1224861675787,14.793129517178995,2000,2024,El Salvador,Latin America & Caribbean ,Upper middle income,0.0727806999728358,-0.487495759365539,0.07177336858886434,0.9999999999944764,gap shrinking,False,water_gap,Basic water
SMR,0.0,1300.0,0.0,25,-1.1029727775400327e-16,0.0,0.0,2000,2024,San Marino,Europe & Central Asia,High income,0.008227406051708743,-6.375195957648016e-05,0.008225665812755467,0.5030919196198739,no clear trend,False,water_gap,Basic water
SOM,-1.7080839006753814,1300.0,125.78796210723809,25,2.521571832335677,57.27469821107822,16.065079088493306,2000,2024,"Somalia, Fed. Rep.",Sub-Saharan Africa ,Low income,0.064861045739509,-1.6968191097880034,0.06455869069101865,1.0,gap shrinking,False,water_gap,Basic water
SRB,0.2957459194920286,1300.0,1.6726654267176984,25,0.14947066837115044,-5.809602970692396,0.1900312805708921,2000,2024,Serbia,Europe & Central Asia,Upper middle income,0.008227406051708743,0.2955570699900487,0.008225665812755467,4.997573694353593e-283,gap widening,True,water_gap,Basic water
SSD,1.4884669612003274,227.5,5.992161477039295,14,-0.4274319525639291,16.100364037007594,33.642835774242705,2011,2024,South Sudan,Sub-Saharan Africa ,Low income,0.04685009011699377,1.4787885888872576,0.04673576287016093,4.966760612151396e-220,gap widening,False,water_gap,Basic water
STP,-0.25941255347762887,1300.0,0.73715105999246,25,0.4380019485868168,12.8849173708007,5.977430482533194,2000,2024,Sao Tome and Principe,Sub-Saharan Africa ,Lower middle income,0.008227406051708743,-0.25944843980009613,0.008226784682093282,1.0,gap shrinking,False,water_gap,Basic water
SUR,-1.0472584868676378,1300.0,22.302408843507074,25,1.1043279705840545,25.045919821340192,2.1394412451289924,2000,2024,Suriname,Latin America & Caribbean ,Upper middle income,0.027311169167966918,-1.0447109639211585,0.027256976526791963,1.0,gap shrinking,False,water_gap,Basic water
SVK,-0.14447999880142176,1300.0,10.25868300583769,25,0.18640766395268696,2.1000000000000085,-0.3949059373826031,2000,2024,Slovak Republic,Europe & Central Asia,High income,0.01852295241265625,-0.14449334890301077,0.01850311931380301,0.9999999999999971,gap shrinking,False,water_gap,Basic water
SWE,-0.039226478350538975,1300.0,0.001331187833798651,25,0.04436743735959979,1.1454398139060942,0.2348251379114998,2000,2024,Sweden,Europe & Central Asia,High income,0.008227406051708743,-0.03927363790523215,0.008225665812755467,0.999999099335484,gap shrinking,False,water_gap,Basic water
SWZ,-0.917109369841922,1300.0,0.23156509859552965,25,1.351370632610162,45.7068264854249,23.696201609218704,2000,2024,Eswatini,Sub-Saharan Africa ,Lower middle income,0.008227406051708743,-0.9170459156473593,0.008226784682093282,1.0,gap shrinking,False,water_gap,Basic water
SYR,-0.21206155427655748,1300.0,0.8364191289650796,25,0.21486241608496998,8.157331768349408,3.520174449592403,2000,2024,Syrian Arab Republic,"Middle East, North Africa, Afghanistan & Pakistan",Low income,0.008227406051708743,-0.21207841940127004,0.008226601554951536,1.0,gap shrinking,False,water_gap,Basic water
TCA,0.0,60.0,0.0,9,-7.92251094962555e-16,7.459498880019993,7.459498880019993,2016,2024,Turks and Caicos Islands,Latin America & Caribbean ,High income,0.03829649101453938,-0.003142669231347792,0.038147503319390624,0.5328285421554364,no clear trend,False,water_gap,Basic water
TCD,-0.5340916682808322,1300.0,2.467860325454334,25,0.6840177808453858,45.6514932657537,34.0604102975808,2000,2024,Chad,Sub-Saharan Africa ,Low income,0.009084995026447716,-0.5340848377335234,0.00908415841364151,1.0,gap shrinking,False,water_gap,Basic water
TGO,-1.8259947912026595,1300.0,6.828268720216777,25,1.2496675199547271,57.5954814530592,16.111062498112496,2000,2024,Togo,Sub-Saharan Africa ,Lower middle income,0.015111922158071021,-1.825317803207607,0.01510807266471043,1.0,gap shrinking,False,water_gap,Basic water
THA,-0.25224497154635905,1300.0,0.46520027334232417,25,0.3561551796900086,5.624558386524313,0.0,2000,2024,Thailand,East Asia & Pacific,Upper middle income,0.008227406051708743,-0.25224210093440064,0.0082263377836172,1.0,gap shrinking,False,water_gap,Basic water
TJK,-1.7783867719884867,1300.0,11.864020271923158,25,1.967918545247819,47.9265993071923,7.971028080600391,2000,2024,Tajikistan,Europe & Central Asia,Lower middle income,0.01991958773794287,-1.7743592417605039,0.019894927805345592,1.0,gap shrinking,False,water_gap,Basic water
TKM,-0.559585494135003,1300.0,0.871284329759006,25,0.7102199171147934,12.787537445955692,-0.1431394765880043,2000,2024,Turkmenistan,Europe & Central Asia,Upper middle income,0.008227406051708743,-0.5594125470719822,0.008225665812755467,1.0,gap shrinking,False,water_gap,Basic water
TLS,-0.7303163297653755,1012.0,7.325687669196714,23,1.8613129734447609,32.58821077534349,15.388660082897502,2002,2024,Timor-Leste,East Asia & Pacific,Lower middle income,0.018566254343767317,-0.7296702270340785,0.018553987908366917,1.0,gap shrinking,False,water_gap,Basic water
TON,0.11138575708782368,1300.0,0.8686296254355886,25,-0.012743109242214666,-1.0107511105911016,1.2418962467717023,2000,2024,Tonga,East Asia & Pacific,Upper middle income,0.008227406051708743,0.11129420428539225,0.0082263377836172,5.2717142880515244e-42,gap widening,False,water_gap,Basic water
TTO,0.03827323932662758,665.0,0.02722045842243177,20,0.09219235028154693,-0.1699038584842043,0.4883313164420997,2005,2024,Trinidad and Tobago,Latin America & Caribbean ,High income,0.011503335471933879,0.03796066549246843,0.01149927613594849,0.0004814723010741131,gap widening,True,water_gap,Basic water
TUN,-1.0528108205098599,1300.0,27.179456401244337,25,1.049517850742375,29.636931003264905,5.426132400274199,2000,2024,Tunisia,"Middle East, North Africa, Afghanistan & Pakistan",Lower middle income,0.030149824539689417,-1.0508342018026788,0.030110306166951803,1.0,gap shrinking,False,water_gap,Basic water
TUR,-0.2632818610063627,1300.0,1.395436331991151,25,0.32219674380832225,7.373109136677797,1.9045868868171996,2000,2024,Turkiye,Europe & Central Asia,Upper middle income,0.008227406051708743,-0.26323424739299106,0.008225665812755467,1.0,gap shrinking,False,water_gap,Basic water
TUV,-0.06947335626525013,1300.0,4.1585152752789527e-26,25,0.03837013498718606,-0.0589108552473902,-1.7262714056134882,2000,2024,Tuvalu,East Asia & Pacific,Upper middle income,0.008227406051708743,-0.06951794566865734,0.0082263377836172,1.0,gap shrinking,False,water_gap,Basic water
TZA,-0.6644398257728014,1300.0,5.557835145918408,25,1.4234739776244136,50.56581838317629,34.911642366544704,2000,2024,Tanzania,Sub-Saharan Africa ,Lower middle income,0.013633809963138828,-0.6643703958419958,0.013630982955165964,1.0,gap shrinking,False,water_gap,Basic water
UGA,-1.1623358228272387,1300.0,14.265832700494373,25,1.581141097227037,51.2827190880493,23.3866593401954,2000,2024,Uganda,Sub-Saharan Africa ,Low income,0.021843034370668524,-1.161628132334341,0.021831414463203618,1.0,gap shrinking,False,water_gap,Basic water
UKR,-0.6550989710072962,1300.0,33.181957507489294,25,0.20945264892709106,4.398088064090288,-8.858170561632704,2000,2024,Ukraine,Europe & Central Asia,Upper middle income,0.03331312751954432,-0.6516238073882311,0.03319816626248685,1.0,gap shrinking,False,water_gap,Basic water
URY,-0.9751914564816133,1300.0,52.03954940372376,25,1.022328460534493,22.790653494911894,4.519323012123095,2000,2024,Uruguay,Latin America & Caribbean ,High income,0.041718738683176604,-0.9699416000482503,0.041526343275264825,1.0,gap shrinking,False,water_gap,Basic water
USA,-0.25841177195978987,665.0,1.3289769756866459,20,0.27538140856399596,3.999018423955292,-0.0234154995411017,2005,2024,United States,North America,High income,0.011503335471933879,-0.258093905776023,0.01148814363226508,1.0,gap shrinking,False,water_gap,Basic water
UZB,-0.6474723851503834,1300.0,0.40949725548996063,25,0.7192924877308552,16.863150544022005,1.6823593612274124,2000,2024,Uzbekistan,Europe & Central Asia,Lower middle income,0.008227406051708743,-0.6472622628184885,0.008225665812755467,1.0,gap shrinking,False,water_gap,Basic water
VCT,0.07410877094225124,570.0,0.10039512905157937,19,0.10038971327099605,0.2072049999738965,1.4141192696047966,2000,2018,St. Vincent and the Grenadines,Latin America & Caribbean ,Upper middle income,0.012425022393400114,0.0737146462449819,0.012419907496596943,1.4674294377474105e-09,gap widening,True,water_gap,Basic water
VNM,-0.7493785520636094,1300.0,0.13543447310984108,25,0.9383052139294698,18.641739308364198,0.6934774868866072,2000,2024,Viet Nam,East Asia & Pacific,Upper middle income,0.008227406051708743,-0.7492465915635202,0.0082263377836172,1.0,gap shrinking,False,water_gap,Basic water
VUT,-0.07441237404910529,1300.0,0.07674603173544045,25,0.06963590497176357,15.302517419122609,13.683567281550792,2000,2024,Vanuatu,East Asia & Pacific,Lower middle income,0.008227406051708743,-0.07445568094560052,0.0082263377836172,1.0,gap shrinking,False,water_gap,Basic water
WSM,0.2364689183097439,1300.0,6.586242063691789,25,0.4950659262546506,-3.2863310747990937,0.6770016283058027,2000,2024,Samoa,East Asia & Pacific,Upper middle income,0.014841686369953828,0.23606552975722656,0.014835418058006344,2.603515652487027e-57,gap widening,True,water_gap,Basic water
YEM,-0.8782511587908151,1300.0,12.315756950855477,25,1.6326870300954064,43.0600235006129,22.661264419404603,2000,2024,"Yemen, Rep.","Middle East, North Africa, Afghanistan & Pakistan",Low income,0.020295275947400163,-0.8775617271644565,0.020283209022032244,1.0,gap shrinking,False,water_gap,Basic water
ZAF,-0.2676243064451524,1300.0,155.5684555813004,25,0.23354457808961585,29.71756460962331,24.847217427495,2000,2024,South Africa,Sub-Saharan Africa ,Upper middle income,0.07213153527165146,-0.2702571759610787,0.0717163673414322,0.9999178569450333,gap shrinking,False,water_gap,Basic water
ZMB,-0.9701745339339812,1300.0,0.08124545988894821,25,1.3057001726621293,55.3389684897783,31.874122417377293,2000,2024,Zambia,Sub-Saharan Africa ,Lower middle income,0.008227406051708743,-0.9701030646164834,0.008226784682093282,1.0,gap shrinking,False,water_gap,Basic water
ZWE,-0.054689839651781716,1300.0,0.104021199233457,25,0.007037115053185684,40.5313062191547,39.2889407827833,2000,2024,Zimbabwe,Sub-Saharan Africa ,Lower middle income,0.008227406051708743,-0.05475664791234146,0.008226784682093282,0.9999999999859214,gap shrinking,False,water_gap,Basic water
AFG,0.5626808277547212,1300.0,21.300896832296946,25,1.2070147337174553,12.3639133727461,25.3810305105212,2000,2024,Afghanistan,"Middle East, North Africa, Afghanistan & Pakistan",Low income,0.026690908121137457,0.5614238878746848,0.026667366729415214,1.0768282001792149e-98,gap widening,True,sanitation_gap,Basic sanitation
AGO,0.0501094384690316,1012.0,0.051976785550268384,23,0.4871090789416761,38.3694859166775,39.291499584507605,2000,2022,Angola,Sub-Saharan Africa ,Lower middle income,0.007766014304975731,0.05008937661995527,0.007765701009421789,5.589632919676122e-11,gap widening,True,sanitation_gap,Basic sanitation
ALB,-0.5884485080647803,1300.0,17.142111375355654,25,0.7067556671960633,12.776293051222195,0.0281968715986096,2000,2024,Albania,Europe & Central Asia,Upper middle income,0.02394399218421148,-0.5863529957723002,0.0238926813115419,1.0,gap shrinking,False,sanitation_gap,Basic sanitation
AND,0.0,1300.0,0.0,25,-1.1029727775400327e-16,0.0,0.0,2000,2024,Andorra,Europe & Central Asia,High income,0.006851990722708522,-3.484446961267153e-05,0.006850784706626124,0.502029091969355,no clear trend,False,sanitation_gap,Basic sanitation
ARE,4.099285014000578e-18,1300.0,2.184537891381264e-32,25,1.597295907915267e-16,-0.951942111000008,-0.951942111000008,2000,2024,United Arab Emirates,"Middle East, North Africa, Afghanistan & Pakistan",High income,0.006851990722708522,-1.7480509750994113e-05,0.006851591946412445,0.5010178228522193,no clear trend,False,sanitation_gap,Basic sanitation
ARG,-0.15079237281086472,408.0,5.542284843829893,17,0.5567307307419456,21.25746733515389,19.695683987471497,2000,2016,Argentina,Latin America & Caribbean ,Upper middle income,0.030093223467502036,-0.15207090155395778,0.030022750000079534,0.9999997960022688,gap shrinking,False,sanitation_gap,Basic sanitation
ARM,0.11390566481778924,1300.0,0.07488816154564201,25,0.17308789808274272,15.0739983498857,17.562740354055293,2000,2024,Armenia,Europe & Central Asia,Upper middle income,0.006851990722708522,0.11383072689802318,0.006850784706626124,2.681313800214271e-62,gap widening,True,sanitation_gap,Basic sanitation
ATG,0.10582318641560308,1300.0,0.3454044720622991,25,0.6412960540180783,-3.991225897008192,-1.6200109317763065,2000,2024,Antigua and Barbuda,Latin America & Caribbean ,High income,0.006851990722708522,0.10569409189160532,0.006851156046362459,5.37230806047458e-54,gap widening,True,sanitation_gap,Basic sanitation
AUT,-0.0023664111660972363,1300.0,0.0004247459886131116,25,7.307327036702498e-07,5.151755630095067e-05,-0.0466319864399054,2000,2024,Austria,Europe & Central Asia,High income,0.006851990722708522,-0.0024004226868984324,0.006850784706626124,0.636975683328543,no clear trend,False,sanitation_gap,Basic sanitation
AZE,-0.6027662257270091,1300.0,4.4708857912168,25,1.6280433083372416,17.948888186352598,1.6218638851123046,2000,2024,Azerbaijan,Europe & Central Asia,Upper middle income,0.012228162285621867,-0.602201915483844,0.012221311569526858,1.0,gap shrinking,False,sanitation_gap,Basic sanitation
BDI,0.029711011873549794,1300.0,5.814999137173567,25,-0.07205407529891075,-5.379908149678606,-3.0915164459566,2000,2024,Burundi,Sub-Saharan Africa ,Low income,0.013945665150651626,0.029651637246998114,0.013943851227375395,0.016730712448201922,gap widening,False,sanitation_gap,Basic sanitation
BEL,-0.00035179189686391333,1300.0,1.5432124383891474e-06,25,0.00040265362420414247,0.002753028271897,-0.0051825304988994,2000,2024,Belgium,Europe & Central Asia,High income,0.006851990722708522,-0.00038651253987934017,0.006850784706626124,0.5224958799262068,no clear trend,False,sanitation_gap,Basic sanitation
BEN,0.16474289874921844,1300.0,0.38247235704069366,25,0.4028866600484114,16.60342194883572,20.557251518816894,2000,2024,Benin,Sub-Saharan Africa ,Lower middle income,0.006851990722708522,0.1647200810737742,0.006851775535825864,5.247602717495908e-128,gap widening,True,sanitation_gap,Basic sanitation
BFA,-0.7187093153499065,1300.0,7.727879307156341,25,0.9530765528863445,41.55809975860601,24.9165843180504,2000,2024,Burkina Faso,Sub-Saharan Africa ,Low income,0.016076613508807857,-0.718529512440688,0.016073834710303075,1.0,gap shrinking,False,sanitation_gap,Basic sanitation
BGD,-0.9236669294364104,1300.0,3.1163833091995055,25,2.06551476179034,22.5458428537693,-0.0028918670229103,2000,2024,Bangladesh,South Asia,Lower middle income,0.01020915601450049,-0.9236568981522166,0.01020793751914017,1.0,gap shrinking,False,sanitation_gap,Basic sanitation
BGR,-7.158279191760751e-06,1300.0,2.1619909653833258e-26,25,7.158279191728267e-06,3.065201037539012,3.065029238838406,2000,2024,Bulgaria,Europe & Central Asia,High income,0.006851990722708522,-4.200022917461038e-05,0.006850784706626124,0.5024457873017717,no clear trend,False,sanitation_gap,Basic sanitation
BIH,0.047653975259174884,570.0,0.07221391834781467,19,-0.025144606672951177,5.889893930501003,6.728077496515496,2000,2018,Bosnia and Herzegovina,Europe & Central Asia,Upper middle income,0.010347871204356245,0.04753630279850281,0.010343718710124265,2.156819636763909e-06,gap widening,False,sanitation_gap,Basic sanitation
BLR,0.28386707505478886,1300.0,4.8455901420607015,25,0.19388951536926444,-4.262775304856703,1.0687336916027022,2000,2024,Belarus,Europe & Central Asia,Upper middle income,0.012730273797995463,0.2834023074615759,0.012722544589168515,3.185976274966731e-110,gap widening,True,sanitation_gap,Basic sanitation
BLZ,0.626437503165599,1300.0,5.42707704503282,25,-0.28279352826060766,3.5219685925370072,16.9674499661663,2000,2024,Belize,Latin America & Caribbean ,Upper middle income,0.013472475402811412,0.6254487917361685,0.013466134039216924,0.0,gap widening,False,sanitation_gap,Basic sanitation
BOL,-0.306902223476272,1300.0,4.337676405454679,25,1.6700688181466103,34.8322449424442,25.595520317551795,2000,2024,Bolivia,Latin America & Caribbean ,Lower middle income,0.012044616618227812,-0.30699039137148,0.012040084711677678,1.0,gap shrinking,False,sanitation_gap,Basic sanitation
BRA,-0.6630708875356159,1300.0,0.029378493146990547,25,1.2533023374868841,44.92019288352439,28.8895935002608,2000,2024,Brazil,Latin America & Caribbean ,Upper middle income,0.006851990722708522,-0.6630126675599304,0.006851156046362459,1.0,gap shrinking,False,sanitation_gap,Basic sanitation
BTN,-1.6809319763028998,1300.0,10.109855156098776,25,2.3193358028649773,33.845364667168795,-5.349197675830496,2000,2024,Bhutan,South Asia,Lower middle income,0.018388100663836122,-1.6803133839014603,0.018380983769089913,1.0,gap shrinking,False,sanitation_gap,Basic sanitation
BWA,-0.897512637344699,1300.0,2.049269181054814,25,1.0975597175606793,40.1878323688657,19.473294044060907,2000,2024,Botswana,Sub-Saharan Africa ,Upper middle income,0.008278733647394922,-0.8974485515283963,0.008278354115901602,1.0,gap shrinking,False,sanitation_gap,Basic sanitation
CAF,-0.5395103062247781,1300.0,4.847218332356963,25,-0.18387542310628427,29.844246233112443,18.810818702750588,2000,2024,Central African Republic,Sub-Saharan Africa ,Low income,0.012732412398948142,-0.539436370352331,0.012731031863996004,1.0,gap shrinking,False,sanitation_gap,Basic sanitation
CAN,-0.045344526193576304,1300.0,0.1636698379308833,25,-0.029976082585212768,0.6496416222759933,-0.2098542695721903,2000,2024,Canada,North America,High income,0.006851990722708522,-0.04528765838077326,0.006848775992139635,0.9999999999811082,gap shrinking,False,sanitation_gap,Basic sanitation
CHE,-0.0041228341762319315,1300.0,0.0036056568244241154,25,0.004122834176232525,0.0711134112600007,0.0001003007015043,2000,2024,Switzerland,Europe & Central Asia,High income,0.006851990722708522,-0.004156227456855892,0.006850784706626124,0.7279680310924818,no clear trend,False,sanitation_gap,Basic sanitation
CHL,-1.1207779010480547,1300.0,16.621838066397864,25,1.2760548501837532,25.12717669525449,0.0,2000,2024,Chile,Latin America & Caribbean ,High income,0.023577835282356505,-1.1187735517716357,0.023543894612646436,1.0,gap shrinking,False,sanitation_gap,Basic sanitation
CHN,-1.3381928602482687,1300.0,5.118903557982513,25,2.2330163784737476,32.6203568183098,3.15307344012011,2000,2024,China,East Asia & Pacific,Upper middle income,0.013084371895218804,-1.3377577038141344,0.013081419789454048,1.0,gap shrinking,False,sanitation_gap,Basic sanitation
CIV,0.0017649691876135876,1300.0,0.20291805323243017,25,0.7324213750579954,30.241885934475796,30.0155421126249,2000,2024,Cote d'Ivoire,Sub-Saharan Africa ,Lower middle income,0.006851990722708522,0.001752388000607705,0.006851775535825864,0.39906932703564735,no clear trend,False,sanitation_gap,Basic sanitation
CMR,0.3229824548812427,1300.0,0.3778501397703464,25,0.03585042379068197,29.6974525991776,37.0438637287642,2000,2024,Cameroon,Sub-Saharan Africa ,Lower middle income,0.006851990722708522,0.3229496983300796,0.006851775535825864,0.0,gap widening,True,sanitation_gap,Basic sanitation
COD,0.5164380572517808,1300.0,7.047368538701033,25,-0.5814667503344331,-0.1294486826391008,10.577947416778702,2000,2024,"Congo, Dem. Rep.",Sub-Saharan Africa ,Low income,0.0153524572768714,0.5162126698244901,0.015350037268042417,3.1184371203962838e-248,gap widening,False,sanitation_gap,Basic sanitation
COG,0.5913737504046579,885.5,6.105091204628735,22,0.027411963732074583,10.49042192717073,20.93926885637204,2000,2021,"Congo, Rep.",Sub-Saharan Africa ,Lower middle income,0.01856678881198223,0.591009608282902,0.01856250878845761,9.379455786083166e-223,gap widening,True,sanitation_gap,Basic sanitation
COL,-0.3758530299896333,1300.0,0.4326469327141568,25,1.1184124150772436,20.4812592818996,11.460786562148598,2000,2024,Colombia,Latin America & Caribbean ,Upper middle income,0.006851990722708522,-0.37586478073047297,0.006851156046362459,1.0,gap shrinking,False,sanitation_gap,Basic sanitation
COM,-0.884958987317096,1300.0,0.05178571439618793,25,1.609666357370558,21.4796105111536,0.4119522839409981,2000,2024,Comoros,Sub-Saharan Africa ,Lower middle income,0.006851990722708522,-0.8849158742174388,0.006851775535825864,1.0,gap shrinking,False,sanitation_gap,Basic sanitation
CPV,-1.1109012333213273,1300.0,14.154360482954766,25,2.622680761707584,33.772232279881294,9.529308278577105,2000,2024,Cabo Verde,Sub-Saharan Africa ,Upper middle income,0.021757527035660952,-1.110323768967439,0.02175064038079232,1.0,gap shrinking,False,sanitation_gap,Basic sanitation
CRI,-0.275481008575775,1300.0,0.4469195713056434,25,0.37308696940548414,7.286830540301096,0.7911813938464007,2000,2024,Costa Rica,Latin America & Caribbean ,High income,0.006851990722708522,-0.2755172114948929,0.006851156046362459,1.0,gap shrinking,False,sanitation_gap,Basic sanitation
CUB,-0.46651173874051893,1300.0,1.484557707242244,25,0.9474081793030041,11.934108459313704,1.0943067709938106,2000,2024,Cuba,Latin America & Caribbean ,Upper middle income,0.007046329501204151,-0.46650080919828935,0.007045421780825049,1.0,gap shrinking,False,sanitation_gap,Basic sanitation
CYP,0.03512203867590752,1300.0,0.005498256847131204,25,-0.03003761622104574,0.0728390847766888,0.838067860397004,2000,2024,Cyprus,Europe & Central Asia,High income,0.006851990722708522,0.03507483166305181,0.006850784706626124,1.5290813391300182e-07,gap widening,False,sanitation_gap,Basic sanitation
CZE,-0.08742378916895395,1300.0,1.4508720130002812,25,0.0670507618101413,1.454004768477006,-0.4059753533496035,2000,2024,Czechia,Europe & Central Asia,High income,0.006965927618916424,-0.08742799800421436,0.006964660446157018,1.0,gap shrinking,False,sanitation_gap,Basic sanitation
DEU,6.832141690000963e-19,1300.0,6.0681608093923985e-34,25,-2.967615134110705e-16,0.3017073011945967,0.3017073011945967,2000,2024,Germany,Europe & Central Asia,High income,0.006851990722708522,-3.484446961267085e-05,0.006850784706626124,0.502029091969355,no clear trend,False,sanitation_gap,Basic sanitation
DJI,0.6723451824119228,1150.0,14.931623969612208,24,0.6877152134815576,45.08313627483205,57.42138563292311,2000,2023,Djibouti,"Middle East, North Africa, Afghanistan & Pakistan",Lower middle income,0.024293677481956506,0.6711433336039282,0.024275922492148043,1.5390490004461485e-168,gap widening,True,sanitation_gap,Basic sanitation
DNK,1.3344026738283131e-21,1300.0,2.314819644696197e-39,25,1.0563620598637141e-15,-0.0004052512456951,-0.0004052512456951,2000,2024,Denmark,Europe & Central Asia,High income,0.006851990722708522,-3.484446961267153e-05,0.006850784706626124,0.502029091969355,no clear trend,False,sanitation_gap,Basic sanitation
DOM,-0.09534697576853139,1300.0,0.014124615719681391,25,0.5195245739866936,12.895863179237692,10.6075357607929,2000,2024,Dominican Republic,Latin America & Caribbean ,Upper middle income,0.006851990722708522,-0.09542706212670068,0.006851156046362459,1.0,gap shrinking,False,sanitation_gap,Basic sanitation
DZA,-0.46140693888178747,1300.0,4.256079714181993,25,0.2665480129901802,18.112140133794995,8.216862271074802,2000,2024,Algeria,"Middle East, North Africa, Afghanistan & Pakistan",Upper middle income,0.011930792226415621,-0.4612971385575273,0.011928687431135785,1.0,gap shrinking,False,sanitation_gap,Basic sanitation
ECU,-0.5642701374920507,1300.0,1.6908461364695466,25,1.1045569074296302,22.2477680343064,7.911836276620804,2000,2024,Ecuador,Latin America & Caribbean ,Upper middle income,0.007519975931411944,-0.5642290058675163,0.007518872612827476,1.0,gap shrinking,False,sanitation_gap,Basic sanitation
EGY,-0.021966213056432437,1300.0,0.0003437266060382296,25,0.22141464313593529,5.566760841916803,5.039571728562507,2000,2024,"Egypt, Arab Rep.","Middle East, North Africa, Afghanistan & Pakistan",Lower middle income,0.006851990722708522,-0.021981136834705657,0.006851591946412445,0.9993321095049036,gap shrinking,False,sanitation_gap,Basic sanitation
ERI,-0.6559667182536701,408.0,7.5913204015904,17,0.287839824522056,25.93558493249993,16.43377116750008,2000,2016,Eritrea,Sub-Saharan Africa ,Low income,0.03521948083554368,-0.6552088741289225,0.03519029348494658,1.0,gap shrinking,False,sanitation_gap,Basic sanitation
ESP,0.0034766964058817757,1300.0,0.000805943000674677,25,0.002647243314625879,-0.1701446081275008,-0.1001001001000929,2000,2024,Spain,Europe & Central Asia,High income,0.006851990722708522,0.0034406281801524037,0.006850784706626124,0.3077549976089935,no clear trend,False,sanitation_gap,Basic sanitation
EST,-0.038277184435093765,1300.0,0.011666083216887606,25,-0.009829128034045696,0.5928313500889004,-0.2616533412097084,2000,2024,Estonia,Europe & Central Asia,High income,0.006851990722708522,-0.038298555787380666,0.006850784706626124,0.9999999886719673,gap shrinking,False,sanitation_gap,Basic sanitation
ETH,0.19118659549613692,1300.0,1.8121243025722797,25,0.21500568455841504,13.727577380138356,17.951569646807172,2000,2024,Ethiopia,Sub-Saharan Africa ,Low income,0.0077849960800008165,0.191154997355346,0.007784680481639724,1.8992307340725697e-133,gap widening,True,sanitation_gap,Basic sanitation
FIN,-1.895174256640832e-06,1300.0,2.1189058952447332e-26,25,1.8951742563796923e-06,-0.0066377738481975,-0.0066832580303923,2000,2024,Finland,Europe & Central Asia,High income,0.006851990722708522,-3.6738976790333344e-05,0.006850784706626124,0.5021394134476846,no clear trend,False,sanitation_gap,Basic sanitation
FJI,-0.6906471750445504,1300.0,12.422403985202667,25,0.5955585143686388,13.935760432588992,0.0166889451085126,2000,2024,Fiji,East Asia & Pacific,Upper middle income,0.020382958966438457,-0.6903003945811561,0.0203718040752697,1.0,gap shrinking,False,sanitation_gap,Basic sanitation
FRA,-6.832141690000963e-19,1300.0,6.0681608093923985e-34,25,2.7707288168206085e-16,-0.3021148036253862,-0.3021148036253862,2000,2024,France,Europe & Central Asia,High income,0.006851990722708522,-3.4844469612672216e-05,0.006850784706626124,0.502029091969355,no clear trend,False,sanitation_gap,Basic sanitation
GAB,0.6815678479629642,1300.0,0.49632874447390274,25,0.593171132884215,20.15094817596,35.9244333987598,2000,2024,Gabon,Sub-Saharan Africa ,Upper middle income,0.006851990722708522,0.6815125690049922,0.006851775535825864,0.0,gap widening,True,sanitation_gap,Basic sanitation
GBR,0.0,1300.0,0.0,25,1.7936885027981303e-16,-0.4383776328986926,-0.4383776328986926,2000,2024,United Kingdom,Europe & Central Asia,High income,0.006851990722708522,-3.484446961267153e-05,0.006850784706626124,0.502029091969355,no clear trend,False,sanitation_gap,Basic sanitation
GEO,-0.41014625889567136,1300.0,0.03467486046502178,25,0.7748523114157034,27.979475405749696,18.01639325515451,2000,2024,Georgia,Europe & Central Asia,Upper middle income,0.006851990722708522,-0.41003673672107077,0.006850784706626124,1.0,gap shrinking,False,sanitation_gap,Basic sanitation
GHA,0.2183455065960548,1300.0,2.345874748896508,25,0.9181097013285968,8.667280355654759,13.608031676681,2000,2024,Ghana,Sub-Saharan Africa ,Lower middle income,0.008857615337178605,0.21830175191826828,0.008857150498546565,1.983932975080684e-134,gap widening,True,sanitation_gap,Basic sanitation
GIN,0.3426011642107692,1300.0,0.33585966650026405,25,0.8359713780670931,18.00873721269482,25.6436411560785,2000,2024,Guinea,Sub-Saharan Africa ,Lower middle income,0.006851990722708522,0.3425671754271696,0.006851775535825864,0.0,gap widening,True,sanitation_gap,Basic sanitation
GMB,2.512187103192,1300.0,51.77575784896336,25,-1.5414058340982038,-16.458954848608805,37.0645907897553,2000,2024,"Gambia, The",Sub-Saharan Africa ,Low income,0.04161286696791924,2.505921648083221,0.04156474813687375,0.0,gap widening,False,sanitation_gap,Basic sanitation
GNB,0.5740839107220955,1300.0,3.13285157082973,25,0.8218022712938741,12.5112628174688,25.6740919995564,2000,2024,Guinea-Bissau,Sub-Saharan Africa ,Low income,0.010236095178795257,0.5739756193531222,0.010235377808740202,0.0,gap widening,True,sanitation_gap,Basic sanitation
GNQ,-0.40262864092847905,484.5,2.912522560458217,18,0.7613293646448923,18.8400716528166,12.647259699488195,2000,2017,Equatorial Guinea,Sub-Saharan Africa ,Upper middle income,0.01938330221092044,-0.4025261077256901,0.01937843247324406,1.0,gap shrinking,False,sanitation_gap,Basic sanitation
GRC,-0.09347348583378212,1300.0,0.8144148320188326,25,0.11589533262222962,3.098959916661002,1.0650860681904106,2000,2024,Greece,Europe & Central Asia,High income,0.006851990722708522,-0.09347542873918432,0.006850784706626124,1.0,gap shrinking,False,sanitation_gap,Basic sanitation
GTM,-0.5417985062029703,1300.0,0.9637652497658473,25,0.5697966538754686,34.679569297170204,21.044601863648296,2000,2024,Guatemala,Latin America & Caribbean ,Upper middle income,0.006851990722708522,-0.5417698300567982,0.006851156046362459,1.0,gap shrinking,False,sanitation_gap,Basic sanitation
GUY,-0.3290678552738402,1300.0,1.004388688433489,25,0.7205657636921372,10.371154909361394,2.627455630492605,2000,2024,Guyana,Latin America & Caribbean ,High income,0.006851990722708522,-0.3290910036075231,0.006851156046362459,1.0,gap shrinking,False,sanitation_gap,Basic sanitation
HND,-0.5323735249643767,1300.0,0.049799014869978925,25,1.1541582674627697,21.055263642170807,8.2782990430253,2000,2024,Honduras,Latin America & Caribbean ,Lower middle income,0.006851990722708522,-0.5323471448895427,0.006851156046362459,1.0,gap shrinking,False,sanitation_gap,Basic sanitation
HRV,0.15361947232079587,885.5,1.623657277005789,22,-0.24144258476885633,1.5041582317066968,4.205424011307514,2000,2021,Croatia,Europe & Central Asia,High income,0.009574980563706537,0.15344590016976853,0.009571690477429659,3.867300007963437e-58,gap widening,False,sanitation_gap,Basic sanitation
HTI,-0.44997678693058113,1300.0,4.791447917839845,25,0.4855229805599285,19.7963044008946,8.351458307028203,2000,2024,Haiti,Latin America & Caribbean ,Lower middle income,0.012658953125836878,-0.44995527266818813,0.012653692108401362,1.0,gap shrinking,False,sanitation_gap,Basic sanitation
HUN,0.0,1300.0,0.0,25,4.0395824129130563e-16,-0.8147549448823099,-0.8147549448823099,2000,2024,Hungary,Europe & Central Asia,High income,0.006851990722708522,-3.484446961267153e-05,0.006850784706626124,0.502029091969355,no clear trend,False,sanitation_gap,Basic sanitation
IDN,-1.3627102883802138,1300.0,14.821488026154919,25,2.54204807929423,37.0671871948306,4.594274472909305,2000,2024,Indonesia,East Asia & Pacific,Upper middle income,0.022264364816317522,-1.3614193926996006,0.022249829457960092,1.0,gap shrinking,False,sanitation_gap,Basic sanitation
IND,-1.651503788582858,1300.0,0.48025383602061217,25,3.322236972844852,46.17326440389614,6.334738639308711,2000,2024,India,South Asia,Lower middle income,0.006851990722708522,-1.651421001548216,0.006851622299156474,1.0,gap shrinking,False,sanitation_gap,Basic sanitation
IRL,-0.028616647222165805,1300.0,4.795671384152424e-26,25,0.01800548986557697,-4.740999246316392,-5.427798779648398,2000,2024,Ireland,Europe & Central Asia,High income,0.006851990722708522,-0.028641418969576345,0.006850784706626124,0.9999854725489835,gap shrinking,False,sanitation_gap,Basic sanitation
IRN,-0.7261373906307734,1300.0,8.252723948204027,25,0.9616808635248678,26.368247380844792,10.5,2000,2024,"Iran, Islamic Rep.","Middle East, North Africa, Afghanistan & Pakistan",Upper middle income,0.016613573799399532,-0.7257435113091588,0.01660789203382461,1.0,gap shrinking,False,sanitation_gap,Basic sanitation
IRQ,-0.9550460694429334,1300.0,14.555428474100811,25,2.0618196176368833,22.967066916221,1.195908879144099,2000,2024,Iraq,"Middle East, North Africa, Afghanistan & Pakistan",Upper middle income,0.022063626807402904,-0.954075786826043,0.022050323649744373,1.0,gap shrinking,False,sanitation_gap,Basic sanitation
ISL,3.1774631062677806e-05,1300.0,4.251575724159023e-06,25,-1.1029727775400327e-16,-1.300843924758496,-1.2987012987013031,2000,2024,Iceland,Europe & Central Asia,High income,0.006851990722708522,-3.081022845249725e-06,0.006850784706626124,0.5001794174377177,no clear trend,False,sanitation_gap,Basic sanitation
ISR,0.0527160983346576,1300.0,0.5895609069058142,25,-0.05271609833465734,0.0,1.1329896907217003,2000,2024,Israel,"Middle East, North Africa, Afghanistan & Pakistan",High income,0.006851990722708522,0.05269248199677584,0.006851591946412445,7.325430769533915e-15,gap widening,False,sanitation_gap,Basic sanitation
ITA,2.135044278125301e-20,1300.0,5.925938290422264e-37,25,2.5713529201296194e-16,-0.0201822809921026,-0.0201822809921026,2000,2024,Italy,Europe & Central Asia,High income,0.006851990722708522,-3.484446961267151e-05,0.006850784706626124,0.502029091969355,no clear trend,False,sanitation_gap,Basic sanitation
JAM,-0.07906246985569595,1300.0,0.009161143509179893,25,0.5533899505963676,-1.9362525838879063,-3.889355847760712,2000,2024,Jamaica,Latin America & Caribbean ,Upper middle income,0.006851990722708522,-0.07914652337160646,0.006851156046362459,1.0,gap shrinking,False,sanitation_gap,Basic sanitation
JOR,0.06899835844408168,1300.0,0.0007734220519414176,25,-0.17294736389683732,0.2631860485548003,1.8958372068171911,2000,2024,Jordan,"Middle East, North Africa, Afghanistan & Pakistan",Upper middle income,0.006851990722708522,0.06897284695172591,0.006851591946412445,3.877226449458263e-24,gap widening,False,sanitation_gap,Basic sanitation
KAZ,-0.07193358957049513,1300.0,0.14057261510097688,25,0.09563974677270567,-0.496234256551304,-1.989281115493,2000,2024,Kazakhstan,Europe & Central Asia,Upper middle income,0.006851990722708522,-0.07194311426525365,0.006850784706626124,1.0,gap shrinking,False,sanitation_gap,Basic sanitation
KEN,-0.3477721052002213,1300.0,0.06564876424258674,25,0.7961430722422458,6.6434288123004,-1.693490088993201,2000,2024,Kenya,Sub-Saharan Africa ,Lower middle income,0.006851990722708522,-0.34776273229669247,0.006851775535825864,1.0,gap shrinking,False,sanitation_gap,Basic sanitation
KGZ,-0.07479421564191051,1300.0,1.588439178246983,25,0.29703239456266267,-1.7049952341318004,-3.058861423737298,2000,2024,Kyrgyz Republic,Europe & Central Asia,Lower middle income,0.007288693718950032,-0.07480385332400552,0.007287242152829347,1.0,gap shrinking,False,sanitation_gap,Basic sanitation
KHM,-1.8617180092570602,1300.0,25.086400424391044,25,3.4388839423286277,56.2104687875034,13.222261889414,2000,2024,Cambodia,East Asia & Pacific,Lower middle income,0.02896567015690292,-1.85843360122304,0.028933684800337492,1.0,gap shrinking,False,sanitation_gap,Basic sanitation
KIR,-0.8948072715594413,1300.0,23.029771217215465,25,0.9810029055117636,28.8630132393075,9.950057206672705,2000,2024,Kiribati,East Asia & Pacific,Lower middle income,0.027752954115088897,-0.8937512093189461,0.02772481651428068,1.0,gap shrinking,False,sanitation_gap,Basic sanitation
LAO,-1.3610790243707147,1300.0,7.889923817033094,25,2.7171040597058838,51.03780724501631,16.098931252995996,2000,2024,Lao PDR,East Asia & Pacific,Lower middle income,0.01624429286663143,-1.3603925561969066,0.016238644847524245,1.0,gap shrinking,False,sanitation_gap,Basic sanitation
LBR,0.17198351283804203,1300.0,2.234112059887098,25,0.2995271808142675,20.07962021368428,24.5491103958515,2000,2024,Liberia,Sub-Saharan Africa ,Low income,0.008644042276959092,0.17194647665409393,0.00864361025677089,2.3441791897813857e-88,gap widening,True,sanitation_gap,Basic sanitation
LCA,-0.18786360056770254,1012.0,32.308529529488204,23,-0.07086573003386684,-1.9464726081642,-4.840656626292002,2000,2022,St. Lucia,Latin America & Caribbean ,Upper middle income,0.038990489949322846,-0.18971289342648875,0.03883757059611343,0.9999994822715857,gap shrinking,False,sanitation_gap,Basic sanitation
LKA,0.13473319359593902,1300.0,0.6075469624197316,25,0.7888084069974648,-1.6709382231208991,1.8645408495016085,2000,2024,Sri Lanka,South Asia,Upper middle income,0.006851990722708522,0.13462389803502856,0.006851622299156474,2.979070882797332e-86,gap widening,True,sanitation_gap,Basic sanitation
LSO,-0.7798760764935179,1300.0,1.8459831428009927,25,1.5871376001945696,14.6936198172122,-4.123107317550499,2000,2024,Lesotho,Sub-Saharan Africa ,Lower middle income,0.007857389302361354,-0.7798280632277191,0.007857064817929612,1.0,gap shrinking,False,sanitation_gap,Basic sanitation
LTU,-1.0110485314409083,1300.0,1.144477398792135,25,1.2012525081963834,28.14592905098769,4.844647218830801,2000,2024,Lithuania,Europe & Central Asia,High income,0.006851990722708522,-1.010727498755835,0.006850784706626124,1.0,gap shrinking,False,sanitation_gap,Basic sanitation
LUX,-0.004686951676386535,1300.0,2.4715151381235155e-26,25,0.004832598283301292,-1.2572781215914972,-1.3697649618247991,2000,2024,Luxembourg,Europe & Central Asia,High income,0.006851990722708522,-0.004720146394305917,0.006850784706626124,0.7545863330095097,no clear trend,False,sanitation_gap,Basic sanitation
LVA,-0.43703670222505425,1300.0,1.5216519266466153,25,0.4309997668559404,20.68293107802521,11.061757800382509,2000,2024,Latvia,Europe & Central Asia,High income,0.0071338186677380394,-0.4369077293587863,0.007132457663828171,1.0,gap shrinking,False,sanitation_gap,Basic sanitation
MAR,-0.3601134967800185,1300.0,7.115708697271874,25,0.9380537022005134,34.293570067763405,24.992213259073,2000,2024,Morocco,"Middle East, North Africa, Afghanistan & Pakistan",Lower middle income,0.01542671606242337,-0.35998969957393007,0.01542216675519269,1.0,gap shrinking,False,sanitation_gap,Basic sanitation
MDA,-0.9098844286729156,1300.0,1.173438136968094,25,1.0836764878132845,28.1631030673718,7.174883695219606,2000,2024,Moldova,Europe & Central Asia,Upper middle income,0.006851990722708522,-0.9095990045584794,0.006850784706626124,1.0,gap shrinking,False,sanitation_gap,Basic sanitation
MDG,0.1981519091521808,1300.0,0.04959801451551532,25,0.372518002277926,7.096530556239011,11.6677696857777,2000,2024,Madagascar,Sub-Saharan Africa ,Low income,0.006851990722708522,0.1981269930886318,0.006851775535825864,3.740275935368042e-184,gap widening,True,sanitation_gap,Basic sanitation
MDV,-0.9626646530823347,1300.0,1.3688888406142665,25,1.2896607148407964,23.538113216191704,0.0877059927019985,2000,2024,Maldives,South Asia,Upper middle income,0.006851990722708522,-0.9626559402105194,0.006851622299156474,1.0,gap shrinking,False,sanitation_gap,Basic sanitation
MEX,-1.083856700815485,1300.0,1.6630252600066138,25,1.3941807776009223,29.9597621352165,4.5814122595676,2000,2024,Mexico,Latin America & Caribbean ,Upper middle income,0.007457853170535384,-1.083666298905584,0.007456776966439286,1.0,gap shrinking,False,sanitation_gap,Basic sanitation
MHL,-0.8753840854209269,1300.0,17.892608336035103,25,0.7275675584979264,32.7861627062585,14.453543272010904,2000,2024,Marshall Islands,East Asia & Pacific,Upper middle income,0.024462522243550933,-0.8745938215216044,0.024443246531895578,1.0,gap shrinking,False,sanitation_gap,Basic sanitation
MKD,-0.4860671715041243,1300.0,6.757538689647324,25,0.8122734008094056,11.829258136468797,2.104456436870805,2000,2024,North Macedonia,Europe & Central Asia,Upper middle income,0.015033450650124984,-0.4854121988140489,0.015020726117522872,1.0,gap shrinking,False,sanitation_gap,Basic sanitation
MLI,-0.32893281768927257,1300.0,0.060557763316624935,25,1.2120717012628042,27.117991122592134,19.2236034980494,2000,2024,Mali,Sub-Saharan Africa ,Low income,0.006851990722708522,-0.3289246280634386,0.006851775535825864,1.0,gap shrinking,False,sanitation_gap,Basic sanitation
MLT,0.0028346153846157797,1300.0,0.0014784423076923613,25,-1.1029727775400327e-16,-0.0550000000000068,0.0,2000,2024,Malta,"Middle East, North Africa, Afghanistan & Pakistan",High income,0.006851990722708522,0.002816804943148166,0.006851591946412445,0.34049342514296776,no clear trend,False,sanitation_gap,Basic sanitation
MMR,-0.6520165286019346,1300.0,4.933273437726322,25,0.6376390491932183,21.6086526357516,7.634837451966703,2000,2024,Myanmar,East Asia & Pacific,Lower middle income,0.012844937627969712,-0.6518955197601457,0.012842144604383203,1.0,gap shrinking,False,sanitation_gap,Basic sanitation
MNE,0.06209796884171916,570.0,1.3201422340974809,19,0.38157421267020686,4.667704230411005,5.721655980635404,2006,2024,Montenegro,Europe & Central Asia,Upper middle income,0.011672085874347857,0.06193354193997046,0.011666127466251243,5.516417671811709e-08,gap widening,True,sanitation_gap,Basic sanitation
MNG,-0.0890770038522512,1300.0,2.5731979807119303,25,1.2501607829849282,33.7399790050501,30.849239749456004,2000,2024,Mongolia,East Asia & Pacific,Upper middle income,0.00927686009025566,-0.0891415796760785,0.009275807766459003,1.0,gap shrinking,False,sanitation_gap,Basic sanitation
MOZ,0.49129784612563665,1300.0,0.09100103989756045,25,0.8439824459313415,29.13864997017247,40.8993810834798,2000,2024,Mozambique,Sub-Saharan Africa ,Low income,0.006851990722708522,0.49125451784515345,0.006851775535825864,0.0,gap widening,True,sanitation_gap,Basic sanitation
MRT,1.1035397232671365,1300.0,29.441898435151398,25,0.8668694159966589,30.45848836725468,54.8200315131653,2000,2024,Mauritania,Sub-Saharan Africa ,Lower middle income,0.03137959332798646,1.1018266435346362,0.031358944326848166,9.523019233220233e-271,gap widening,True,sanitation_gap,Basic sanitation
MUS,-0.07923017621056375,1300.0,0.0207583306028038,25,0.3212868283582416,3.2712073292236994,1.3170035965607951,2000,2024,Mauritius,Sub-Saharan Africa ,Upper middle income,0.006851990722708522,-0.07923767016967527,0.006851775535825864,1.0,gap shrinking,False,sanitation_gap,Basic sanitation
MWI,-0.9293988175300028,1300.0,17.116238081657194,25,2.110951138238843,17.42312485290626,-1.4691156035087047,2000,2024,Malawi,Sub-Saharan Africa ,Low income,0.023925915534606757,-0.9288395083091517,0.023916758765176706,1.0,gap shrinking,False,sanitation_gap,Basic sanitation
MYS,-0.1663558367654656,1300.0,0.29138533851983683,25,0.2356705386310623,3.846666517883804,0.1760873209839104,2000,2024,Malaysia,East Asia & Pacific,Upper middle income,0.006851990722708522,-0.16638150436798338,0.006851566659834182,1.0,gap shrinking,False,sanitation_gap,Basic sanitation
NAM,-0.8830400755599104,1300.0,0.9030618866219292,25,0.5133274301070534,46.8227190968304,25.9364208788521,2000,2024,Namibia,Sub-Saharan Africa ,Lower middle income,0.006851990722708522,-0.8829970829852718,0.006851775535825864,1.0,gap shrinking,False,sanitation_gap,Basic sanitation
NER,0.9108749901641559,1300.0,3.0710164722734863,25,0.2438516315417298,22.736242158682728,44.36401187268126,2000,2024,Niger,Sub-Saharan Africa ,Low income,0.010134573548625082,0.9107225629009186,0.010133877310765772,0.0,gap widening,True,sanitation_gap,Basic sanitation
NGA,1.0855239450707888,1300.0,4.136566363862056,25,0.28406124945229466,0.4164263189965993,24.9472124521927,2000,2024,Nigeria,Sub-Saharan Africa ,Lower middle income,0.011762087447919702,1.0852863200145715,0.011760999072103378,0.0,gap widening,True,sanitation_gap,Basic sanitation
NLD,0.0002482719405775723,1300.0,4.741921107264379e-06,25,-0.0002482719405774212,-2.3981068247735067,-2.3929837529837954,2000,2024,Netherlands,Europe & Central Asia,High income,0.006851990722708522,0.00021334008217093736,0.006850784706626124,0.48757855801633626,no clear trend,False,sanitation_gap,Basic sanitation
NOR,-6.832141690000963e-19,1300.0,6.0681608093923985e-34,25,1.0281945647347633e-15,-0.2999999999999971,-0.2999999999999971,2000,2024,Norway,Europe & Central Asia,High income,0.006851990722708522,-3.4844469612672216e-05,0.006850784706626124,0.502029091969355,no clear trend,False,sanitation_gap,Basic sanitation
NPL,-1.0646006332267568,1300.0,7.2203730987926225,25,3.122228185461792,21.3205082859686,-4.229906911473805,2000,2024,Nepal,South Asia,Lower middle income,0.015539757080689632,-1.0644994832178367,0.015535460878999622,1.0,gap shrinking,False,sanitation_gap,Basic sanitation
NZL,0.0,1300.0,0.0,25,-1.1029727775400327e-16,0.0,0.0,2000,2024,New Zealand,East Asia & Pacific,High income,0.006851990722708522,-4.6258159092249164e-05,0.006851566659834182,0.502693427093959,no clear trend,False,sanitation_gap,Basic sanitation
OMN,-0.7333204055651336,1300.0,70.92777773704631,25,1.0042181187268726,15.289871654881594,0.0251429218287029,2000,2024,Oman,"Middle East, North Africa, Afghanistan & Pakistan",High income,0.04870489174097276,-0.729910712440644,0.048562290239645,1.0,gap shrinking,False,sanitation_gap,Basic sanitation
PAK,-1.286621574214517,1300.0,21.5208810821664,25,2.0981317505891286,44.6620846092464,18.010730667294297,2000,2024,Pakistan,"Middle East, North Africa, Afghanistan & Pakistan",Lower middle income,0.026828378801234995,-1.2845971245544066,0.026804472111786427,1.0,gap shrinking,False,sanitation_gap,Basic sanitation
PAN,-0.14768960698548023,1300.0,0.050262339952978186,25,1.1221155193955707,29.919936624515003,26.1687390113662,2000,2024,Panama,Latin America & Caribbean ,High income,0.006851990722708522,-0.14775694186836746,0.006851156046362459,1.0,gap shrinking,False,sanitation_gap,Basic sanitation
PER,-0.9104379978859015,1300.0,0.15241196812004995,25,1.1948020469977647,44.28894514171429,22.438433192452493,2000,2024,Peru,Latin America & Caribbean ,Upper middle income,0.006851990722708522,-0.910319515452638,0.006851156046362459,1.0,gap shrinking,False,sanitation_gap,Basic sanitation
PHL,-0.7135722058747875,1300.0,4.9530743908556865,25,1.3154315789961595,16.215945341239205,-0.6600913158994928,2000,2024,Philippines,East Asia & Pacific,Upper middle income,0.01287069003206619,-0.7134238375398361,0.012867880179525119,1.0,gap shrinking,False,sanitation_gap,Basic sanitation
PLW,-0.6017416690326302,1300.0,1.4140233984786612,25,0.7164734134734836,14.3246717711925,0.7200775148026111,2000,2024,Palau,East Asia & Pacific,High income,0.006876899916203544,-0.6017132415737518,0.006876471211970563,1.0,gap shrinking,False,sanitation_gap,Basic sanitation
PNG,-0.7978932648471636,1300.0,11.697348477864436,25,0.4376421119208896,46.2907219155243,28.9941267502126,2000,2024,Papua New Guinea,East Asia & Pacific,Lower middle income,0.01977917258522209,-0.7974561943227567,0.019768979425908127,1.0,gap shrinking,False,sanitation_gap,Basic sanitation
POL,-0.7934547473732417,1300.0,67.80664467683937,25,1.013418756815692,16.832983783788407,-0.4648909654886068,2000,2024,Poland,Europe & Central Asia,High income,0.047621221723331726,-0.7818409995445109,0.047221348803893774,1.0,gap shrinking,False,sanitation_gap,Basic sanitation
PRK,0.31714068275705565,885.5,2.9682132047999885,22,0.3524360937327019,13.329491263848794,18.6116279412758,2002,2023,"Korea, Dem. People's Rep.",East Asia & Pacific,Low income,0.012946079386198087,0.31683551975779556,0.012943219879211326,1.2399243146640646e-132,gap widening,True,sanitation_gap,Basic sanitation
PRT,-0.10025862284547832,1300.0,0.47229253180855846,25,0.14818553240207016,1.959738641291807,-0.1989244035624011,2000,2024,Portugal,Europe & Central Asia,High income,0.006851990722708522,-0.10025817746270367,0.006850784706626124,1.0,gap shrinking,False,sanitation_gap,Basic sanitation
PRY,-1.4003326576070358,1300.0,0.5643839888103305,25,1.8316018438149817,33.6943001157505,-0.5070617147658965,2000,2024,Paraguay,Latin America & Caribbean ,Upper middle income,0.006851990722708522,-1.4000948292505926,0.006851156046362459,1.0,gap shrinking,False,sanitation_gap,Basic sanitation
PSE,-0.19821255836232143,1300.0,0.9472597440290387,25,0.5819427363396277,4.761967596835092,0.8382075100895037,2000,2024,West Bank and Gaza,"Middle East, North Africa, Afghanistan & Pakistan",Lower middle income,0.006851990722708522,-0.1982069681549691,0.006851591946412445,1.0,gap shrinking,False,sanitation_gap,Basic sanitation
ROU,-1.0565281917937261,1150.0,21.868899070469812,24,1.3607248294419956,38.3858567953499,17.2246245068835,2001,2024,Romania,Europe & Central Asia,High income,0.0294003973182194,-1.050360790902058,0.02930556163480528,1.0,gap shrinking,False,sanitation_gap,Basic sanitation
RUS,0.6879400680209644,1012.0,9.190199367994218,23,-0.007859178233296868,15.090697674418294,28.83139534883701,2002,2024,Russian Federation,Europe & Central Asia,High income,0.020795174202010297,0.6853961428825824,0.02076153463845923,2.6617941151549846e-239,gap widening,False,sanitation_gap,Basic sanitation
RWA,-2.08965500945355,1300.0,0.7732684596927248,25,1.9284675449653699,19.296642378093,-30.389975999257096,2000,2024,Rwanda,Sub-Saharan Africa ,Low income,0.006851990722708522,-2.0895362305448133,0.006851775535825864,1.0,gap shrinking,False,sanitation_gap,Basic sanitation
SAU,0.0,143.0,0.0,12,1.4440248985978617e-15,2.303002051623011,2.303002051623011,2013,2024,Saudi Arabia,"Middle East, North Africa, Afghanistan & Pakistan",High income,0.020659529358382087,-0.00015876421169791082,0.020648606565588354,0.5030673804739607,no clear trend,False,sanitation_gap,Basic sanitation
SDN,-0.3129374474283774,1300.0,18.291250438570057,25,2.2125232093203633,32.2110733848824,24.3640904299734,2000,2024,Sudan,Sub-Saharan Africa ,Low income,0.024733530000925683,-0.3128438991657559,0.024723414723884424,1.0,gap shrinking,False,sanitation_gap,Basic sanitation
SEN,-0.965065252141668,1300.0,1.3835823138106123,25,1.399238502234142,40.0440960270072,16.977162974055396,2000,2024,Senegal,Sub-Saharan Africa ,Lower middle income,0.006851990722708522,-0.9650171076438582,0.006851775535825864,1.0,gap shrinking,False,sanitation_gap,Basic sanitation
SLB,0.14214436815917425,1300.0,0.515029957238773,25,0.3326835634757456,51.8573771374633,54.65719044968949,2000,2024,Solomon Islands,East Asia & Pacific,Lower middle income,0.006851990722708522,0.14208051619807766,0.006851566659834182,8.04212467667075e-96,gap widening,True,sanitation_gap,Basic sanitation
SLE,0.3834296354045628,1300.0,0.7013882546700698,25,0.5198108132018371,12.76350981820535,21.405540414811,2000,2024,Sierra Leone,Sub-Saharan Africa ,Low income,0.006851990722708522,0.38339308222359697,0.006851775535825864,0.0,gap widening,True,sanitation_gap,Basic sanitation
SLV,-0.07028106752673409,1300.0,0.21168918161244085,25,0.26740971390945434,15.980850102452903,14.368753138892387,2000,2024,El Salvador,Latin America & Caribbean ,Upper middle income,0.006851990722708522,-0.07036726032819704,0.006851156046362459,1.0,gap shrinking,False,sanitation_gap,Basic sanitation
SOM,-0.9863624427151115,1300.0,10.722091248474495,25,1.2280063536691501,42.25435745557323,18.592720814367794,2000,2024,"Somalia, Fed. Rep.",Sub-Saharan Africa ,Low income,0.018936693732386264,-0.9859846597714544,0.018932152829787628,1.0,gap shrinking,False,sanitation_gap,Basic sanitation
SRB,0.08391515469840143,1300.0,0.009694069989938676,25,0.07701209870561965,2.263194835468098,4.2390300772595,2000,2024,Serbia,Europe & Central Asia,Upper middle income,0.006851990722708522,0.08385077308436846,0.006850784706626124,9.550142815405099e-35,gap widening,True,sanitation_gap,Basic sanitation
SSD,1.2246026648571338,227.5,8.288612830871102,14,0.32084757084105275,15.156309971460988,29.6186293275401,2011,2024,South Sudan,Sub-Saharan Africa ,Low income,0.055101015562964,1.2188452945184518,0.054989446404445676,3.732140827740576e-109,gap widening,True,sanitation_gap,Basic sanitation
STP,-0.14754903930834026,1300.0,4.386823187078741,25,1.2352851020579705,14.0633073178468,11.393943905629698,2000,2024,Sao Tome and Principe,Sub-Saharan Africa ,Lower middle income,0.012112658442766744,-0.1475590469801853,0.012111469829871293,1.0,gap shrinking,False,sanitation_gap,Basic sanitation
SUR,-0.8413304014798467,1300.0,12.002217868928668,25,1.142871830753345,29.7772225558764,11.474297450417993,2000,2024,Suriname,Latin America & Caribbean ,Upper middle income,0.020035268125495366,-0.8404629358998738,0.020014430189807926,1.0,gap shrinking,False,sanitation_gap,Basic sanitation
SVK,0.11907401117554602,1300.0,2.778461646135723,25,-0.17771619173661118,0.1320512093834054,2.5082630792466034,2000,2024,Slovak Republic,Europe & Central Asia,High income,0.009639768600269749,0.11892214233762546,0.009636411298563491,2.7265962813844837e-35,gap widening,False,sanitation_gap,Basic sanitation
SWE,-0.01443401759525975,1300.0,0.0018911233271828528,25,-0.009745234365900617,0.0953974364806953,-0.2081301707302003,2000,2024,Sweden,Europe & Central Asia,High income,0.006851990722708522,-0.014463781460971869,0.006850784706626124,0.9826249756829717,gap shrinking,False,sanitation_gap,Basic sanitation
SWZ,-1.84635904684089,1300.0,3.145361194850539,25,1.033491168958463,20.8796247282058,-22.555928111651703,2000,2024,Eswatini,Sub-Saharan Africa ,Lower middle income,0.010256511423658148,-1.8461271671292159,0.010255789752880922,1.0,gap shrinking,False,sanitation_gap,Basic sanitation
SYR,-0.252067552355178,1300.0,0.10847858897124371,25,0.442308213032392,7.864675282394103,1.9233420447072973,2000,2024,Syrian Arab Republic,"Middle East, North Africa, Afghanistan & Pakistan",Low income,0.006851990722708522,-0.2520556937592772,0.006851591946412445,1.0,gap shrinking,False,sanitation_gap,Basic sanitation
TCA,0.0,60.0,0.0,9,-7.32902854079936e-16,1.6526404366660046,1.6526404366660046,2016,2024,Turks and Caicos Islands,Latin America & Caribbean ,High income,0.031894281076526546,-0.002227264095645116,0.03181041813629387,0.5279098611493668,no clear trend,False,sanitation_gap,Basic sanitation
TCD,0.8784194404973263,1300.0,19.901862157177504,25,-0.0784483282890876,16.601499331479687,34.9462060339614,2000,2024,Chad,Sub-Saharan Africa ,Low income,0.0257994984247591,0.877461248184858,0.02578801874419494,4.608165392691141e-254,gap widening,False,sanitation_gap,Basic sanitation
TGO,0.22812732323673432,1300.0,2.5572721257446025,25,0.6007912630866341,19.41037487614987,24.1045117105729,2000,2024,Togo,Sub-Saharan Africa ,Lower middle income,0.009248107689916954,0.2280785069199498,0.00924757862700218,1.3153615367292635e-134,gap widening,True,sanitation_gap,Basic sanitation
THA,0.1745481286307888,1300.0,0.0030507162610445577,25,0.23788020447554908,-3.4327827535252027,0.8044697823413998,2000,2024,Thailand,East Asia & Pacific,Upper middle income,0.006851990722708522,0.1744802659209491,0.006851566659834182,2.3624843921082085e-143,gap widening,True,sanitation_gap,Basic sanitation
TJK,-0.3763239100516448,1150.0,2.849812278787539,24,0.3129928004382518,4.345898801503694,-3.539825520790899,2000,2023,Tajikistan,Europe & Central Asia,Lower middle income,0.01061323709021448,-0.3760898246680467,0.010608757007681853,1.0,gap shrinking,False,sanitation_gap,Basic sanitation
TKM,0.305023176884627,1300.0,2.1040214940799253,25,0.18663831589254024,-6.413432902071293,-0.359139348720106,2000,2024,Turkmenistan,Europe & Central Asia,Upper middle income,0.008388600112184272,0.30481007054043513,0.008386387455210031,1.5299819558029952e-289,gap widening,True,sanitation_gap,Basic sanitation
TLS,-1.5622974266733065,1012.0,5.528628663980853,23,2.8126549896057993,44.87988642287834,10.702519545297392,2002,2024,Timor-Leste,East Asia & Pacific,Lower middle income,0.0161290506943994,-1.561482733995243,0.01612352199028693,1.0,gap shrinking,False,sanitation_gap,Basic sanitation
TON,-0.34436004602662945,1300.0,2.048111422829221,25,0.30985827017879874,10.443244425202394,3.3008011351619047,2000,2024,Tonga,East Asia & Pacific,Upper middle income,0.008276394734038453,-0.3443653495177271,0.008275647451150923,1.0,gap shrinking,False,sanitation_gap,Basic sanitation
TTO,0.2705937269354221,665.0,1.355703054997822,20,-0.15866370972428673,-2.614678370662091,2.037670330683099,2005,2024,Trinidad and Tobago,Latin America & Caribbean ,High income,0.010642293013472866,0.2701856160907328,0.01063916649218665,1.4183769697661728e-142,gap widening,False,sanitation_gap,Basic sanitation
TUN,-1.8900118323392234,1300.0,11.278051326044183,25,2.096023737912274,42.7488953995162,-1.2082145612353088,2000,2024,Tunisia,"Middle East, North Africa, Afghanistan & Pakistan",Lower middle income,0.019421440524369234,-1.8883862458228027,0.01941236531233203,1.0,gap shrinking,False,sanitation_gap,Basic sanitation
TUR,-1.1489409001844124,1300.0,25.18878078439851,25,1.3360722581457818,26.6772094343617,2.6265909028125947,2000,2024,Turkiye,Europe & Central Asia,Upper middle income,0.029024716018359913,-1.142348921544544,0.028933458338539594,1.0,gap shrinking,False,sanitation_gap,Basic sanitation
TUV,-0.293538476176595,1300.0,0.11330460181982613,25,0.6077989385716416,4.90607731631431,-2.272254788501499,2000,2024,Tuvalu,East Asia & Pacific,Upper middle income,0.006851990722708522,-0.2935484018527518,0.006851566659834182,1.0,gap shrinking,False,sanitation_gap,Basic sanitation
TZA,0.6521933166608731,1300.0,15.175114786742837,25,1.0655330869057742,14.53565812885106,30.0123791947272,2000,2024,Tanzania,Sub-Saharan Africa ,Lower middle income,0.02252840257616016,0.6516160490279251,0.022520757953565042,2.2294799327021336e-184,gap widening,True,sanitation_gap,Basic sanitation
UGA,-0.14594847402427444,1300.0,9.638918510983667e-06,25,0.3416612797720655,15.4266786477882,11.9239152712056,2000,2024,Uganda,Sub-Saharan Africa ,Low income,0.006851990722708522,-0.14595177747068255,0.006851775535825864,1.0,gap shrinking,False,sanitation_gap,Basic sanitation
UKR,-0.31351328702303205,1300.0,1.0522593064061885,25,0.35677469440832194,8.102021567449697,0.9053153907762096,2000,2024,Ukraine,Europe & Central Asia,Upper middle income,0.006851990722708522,-0.31343777851445187,0.006850784706626124,1.0,gap shrinking,False,sanitation_gap,Basic sanitation
URY,-0.4213623694863682,1300.0,4.067925510013072,25,0.6528287904849158,7.872144274558508,-0.4822024892599899,2000,2024,Uruguay,Latin America & Caribbean ,High income,0.011664091066250083,-0.42136429262341557,0.011659975117583208,1.0,gap shrinking,False,sanitation_gap,Basic sanitation
USA,0.07589398701653192,1300.0,1.0974939247616748,25,-0.07497857129492093,-0.1609866666442059,1.4554677513608991,2000,2024,United States,North America,High income,0.006851990722708522,0.07583711920372888,0.006848775992139635,8.472658227629071e-29,gap widening,False,sanitation_gap,Basic sanitation
UZB,-0.32918903870204386,1300.0,6.387894857259638e-26,25,0.28871773245647286,5.371400329989697,-2.5291365988593952,2000,2024,Uzbekistan,Europe & Central Asia,Lower middle income,0.006851990722708522,-0.32910801251381566,0.006850784706626124,1.0,gap shrinking,False,sanitation_gap,Basic sanitation
VCT,-0.5004344845230035,570.0,3.8061227076470656,19,1.6182108929192052,14.963137006451298,6.979453173984808,2000,2018,St. Vincent and the Grenadines,Latin America & Caribbean ,Upper middle income,0.019818898080352705,-0.5002791593672021,0.019798727319513324,1.0,gap shrinking,False,sanitation_gap,Basic sanitation
VNM,-1.4230828225796566,1300.0,1.4731606786922669,25,2.265212519714126,39.9719457263837,4.949038698004998,2000,2024,Viet Nam,East Asia & Pacific,Upper middle income,0.00701922986631221,-1.4229465231001002,0.0070187739907029865,1.0,gap shrinking,False,sanitation_gap,Basic sanitation
VUT,-0.7005550855535094,1300.0,9.260038843934804,25,-0.17154446341565432,19.251515968999705,3.9920802656862975,2000,2024,Vanuatu,East Asia & Pacific,Lower middle income,0.017598303775755567,-0.7002884289180265,0.017591123074990122,1.0,gap shrinking,False,sanitation_gap,Basic sanitation
WSM,-0.027331321846846557,1300.0,0.07347519053570348,25,0.24344957987835714,1.258923116721192,0.520341766319703,2000,2024,Samoa,East Asia & Pacific,Upper middle income,0.006851990722708522,-0.02737419709410545,0.006851566659834182,0.9999676964520183,gap shrinking,False,sanitation_gap,Basic sanitation
YEM,-0.8206389333198383,1300.0,4.468349329006787,25,0.8401321184316362,57.3380364326199,38.842318977588405,2000,2024,"Yemen, Rep.","Middle East, North Africa, Afghanistan & Pakistan",Low income,0.012224693099275107,-0.8203906020175271,0.012222428923304968,1.0,gap shrinking,False,sanitation_gap,Basic sanitation
ZAF,-1.2228908407075583,1300.0,2.0335171445319746,25,1.4132941718575733,26.651299035466103,-2.698081141515601,2000,2024,South Africa,Sub-Saharan Africa ,Upper middle income,0.008246854360332446,-1.2227976440558506,0.008246479196215446,1.0,gap shrinking,False,sanitation_gap,Basic sanitation
ZMB,-1.1866713818047279,1300.0,5.102603057068573,25,1.0352198172736427,37.8168983107501,10.974290795623894,2000,2024,Zambia,Sub-Saharan Africa ,Lower middle income,0.01306352252027549,-1.1864458278040866,0.013062031469305738,1.0,gap shrinking,False,sanitation_gap,Basic sanitation
ZWE,-0.9951865752907719,1300.0,28.18349282306088,25,-0.16577553115739452,28.100994395345403,8.596475074154096,2000,2024,Zimbabwe,Sub-Saharan Africa ,Lower middle income,0.030701656848006405,-0.9941832170890058,0.030682316651871138,1.0,gap shrinking,False,sanitation_gap,Basic sanitation
ABW,0.0,1300.0,0.0,25,-1.1029727775400327e-16,0.0,0.0,2000,2024,Aruba,Latin America & Caribbean ,High income,0.055697625313178,-0.001977298156705792,0.05556440000166767,0.5141936452046412,no clear trend,False,electricity_gap,Electricity
AFG,-3.651214003387917,885.5,2550.3469904009025,22,4.776962168266382,75.4,12.400000000000006,2003,2024,Afghanistan,"Middle East, North Africa, Afghanistan & Pakistan",Low income,0.3794812791723552,-3.5250433016614147,0.3727176077930053,1.0,gap shrinking,False,electricity_gap,Electricity
AGO,1.48040095751053,607.6363636363635,559.0738659485338,11,-0.010263315380008646,41.4,76.7,2000,2024,Angola,Sub-Saharan Africa ,Lower middle income,0.3197359451639121,1.371432194182801,0.30904312636210124,4.546841177857542e-06,gap widening,False,electricity_gap,Electricity
ALB,0.17807692307692322,1300.0,9.304792307692324,25,-0.0023846153846159056,-3.9000000000000057,0.0,2000,2024,Albania,Europe & Central Asia,Upper middle income,0.055697625313178,0.1400345495713664,0.05030403403037912,0.0026866072887586526,gap widening,False,electricity_gap,Electricity
AND,0.0,1300.0,0.0,25,-1.1029727775400327e-16,0.0,0.0,2000,2024,Andorra,Europe & Central Asia,High income,0.055697625313178,-0.005223400892081464,0.05030403403037912,0.5413504977168556,no clear trend,False,electricity_gap,Electricity
ARE,0.0,1300.0,0.0,25,-1.1029727775400327e-16,0.0,0.0,2000,2024,United Arab Emirates,"Middle East, North Africa, Afghanistan & Pakistan",High income,0.055697625313178,-6.301307469888724e-05,0.05567566705880053,0.5004515181528418,no clear trend,False,electricity_gap,Electricity
ARG,-0.06138461538461548,1300.0,409.7311076923079,25,0.24653846153845985,4.400000000000006,20.200000000000003,2000,2024,Argentina,Latin America & Caribbean ,Upper middle income,0.11706144338837973,-0.0687037651436292,0.11583953918168384,0.7234409623590909,no clear trend,False,electricity_gap,Electricity
ARM,-0.03615384615384608,1300.0,10.542369230769262,25,0.07446153846153758,0.5999999999999943,0.0,2000,2024,Armenia,Europe & Central Asia,Upper middle income,0.055697625313178,-0.034714215888980084,0.05030403403037912,0.754930610804215,no clear trend,False,electricity_gap,Electricity
ATG,-0.10938461538461552,1300.0,61.38310769230771,25,0.11092307692307746,3.4000000000000057,0.0,2000,2024,Antigua and Barbuda,Latin America & Caribbean ,High income,0.055697625313178,-0.11083925675820262,0.05556440000166767,0.9769670539949252,gap shrinking,False,electricity_gap,Electricity
AUS,0.0,1300.0,0.0,25,-1.1029727775400327e-16,0.0,0.0,2000,2024,Australia,East Asia & Pacific,High income,0.055697625313178,-0.0005315578033431064,0.055640970781792844,0.5038111782310449,no clear trend,False,electricity_gap,Electricity
AUT,0.0,1300.0,0.0,25,-1.1029727775400327e-16,0.0,0.0,2000,2024,Austria,Europe & Central Asia,High income,0.055697625313178,-0.005223400892081464,0.05030403403037912,0.5413504977168556,no clear trend,False,electricity_gap,Electricity
AZE,-0.054615384615384704,1300.0,4.862307692307723,25,0.07715384615384603,1.6000000000000083,0.0,2000,2024,Azerbaijan,Europe & Central Asia,Upper middle income,0.055697625313178,-0.04977335546186465,0.05030403403037912,0.8387786301221296,no clear trend,False,electricity_gap,Electricity
BDI,1.4881521055941787,244.76923076923075,49.50564110622246,13,0.11759899434317903,38.7,66.4,2008,2024,Burundi,Sub-Saharan Africa ,Low income,0.13559778346936083,1.467339243520996,0.13474743548505924,6.463711236598348e-28,gap widening,True,electricity_gap,Electricity
BEL,0.0,1300.0,0.0,25,-1.1029727775400327e-16,0.0,0.0,2000,2024,Belgium,Europe & Central Asia,High income,0.055697625313178,-0.005223400892081464,0.05030403403037912,0.5413504977168556,no clear trend,False,electricity_gap,Electricity
BEN,-0.38438461538461566,1300.0,1269.9630076923077,25,1.2644615384615352,42.1,26.599999999999994,2000,2024,Benin,Sub-Saharan Africa ,Lower middle income,0.20609143404574995,-0.3784770760939373,0.2031421414587291,0.96877692304192,gap shrinking,False,electricity_gap,Electricity
BFA,1.0827548806940697,922.0,287.70580260303683,18,0.20144613159796376,38.1,75.1,2000,2024,Burkina Faso,Sub-Saharan Africa ,Low income,0.13965254630887664,1.0660676440408303,0.13872413991937588,7.661648378902783e-15,gap widening,True,electricity_gap,Electricity
BGD,-2.672769230769231,1300.0,1072.7976307692309,25,3.738230769230751,64.4,-0.0999999999999943,2000,2024,Bangladesh,South Asia,Lower middle income,0.18941889933087483,-2.6460516056195194,0.1870381807055586,1.0,gap shrinking,False,electricity_gap,Electricity
BGR,-0.7013846153846154,1300.0,18.50790769230769,25,1.0401538461538418,15.0,0.0,2000,2024,Bulgaria,Europe & Central Asia,High income,0.055697625313178,-0.5773452118319159,0.05030403403037912,1.0,gap shrinking,False,electricity_gap,Electricity
BHR,0.0,1300.0,0.0,25,-1.1029727775400327e-16,0.0,0.0,2000,2024,Bahrain,"Middle East, North Africa, Afghanistan & Pakistan",High income,0.055697625313178,-6.301307469888724e-05,0.05567566705880053,0.5004515181528418,no clear trend,False,electricity_gap,Electricity
BHS,0.0,1300.0,0.0,25,-1.1029727775400327e-16,0.0,0.0,2000,2024,"Bahamas, The",Latin America & Caribbean ,High income,0.055697625313178,-0.001977298156705792,0.05556440000166767,0.5141936452046412,no clear trend,False,electricity_gap,Electricity
BIH,-0.019769230769230563,1300.0,3.851930769230779,25,0.059692307692306774,0.1999999999999886,0.0,2000,2024,Bosnia and Herzegovina,Europe & Central Asia,Upper middle income,0.055697625313178,-0.02134922951804504,0.05030403403037912,0.6643643708626564,no clear trend,False,electricity_gap,Electricity
BLR,-0.6566923076923077,1300.0,19.921776923076877,25,0.9856923076923029,13.699999999999989,0.0,2000,2024,Belarus,Europe & Central Asia,Upper middle income,0.055697625313178,-0.5408895447825582,0.05030403403037912,1.0,gap shrinking,False,electricity_gap,Electricity
BLZ,-1.172923076923077,1300.0,184.69329230769247,25,1.3324615384615375,29.3,0.2999999999999971,2000,2024,Belize,Latin America & Caribbean ,Upper middle income,0.0785941040253545,-1.1657349529464722,0.07822110581966543,1.0,gap shrinking,False,electricity_gap,Electricity
BMU,0.0,1300.0,0.0,25,-1.1029727775400327e-16,0.0,0.0,2000,2024,Bermuda,North America,High income,0.055697625313178,0.0,0.00984262016923269,0.5,no clear trend,False,electricity_gap,Electricity
BOL,-2.798,1300.0,456.0052,25,3.115307692307677,67.6,11.099999999999994,2000,2024,Bolivia,Latin America & Caribbean ,Lower middle income,0.1234949797904547,-2.743023996906626,0.1220628612048941,1.0,gap shrinking,False,electricity_gap,Electricity
BRA,-0.8254615384615384,1300.0,211.56362307692308,25,0.8523846153846183,24.40000000000001,0.7000000000000028,2000,2024,Brazil,Latin America & Caribbean ,Upper middle income,0.08411721855495566,-0.8210026580379692,0.08366040103457159,1.0,gap shrinking,False,electricity_gap,Electricity
BRB,0.002461538461538485,1300.0,0.04572307692307827,25,0.0005384615384614658,0.0,0.0,2000,2024,Barbados,Latin America & Caribbean ,High income,0.055697625313178,0.00047247868946012026,0.05556440000166767,0.49660772987135754,no clear trend,False,electricity_gap,Electricity
BRN,0.0,1300.0,0.0,25,-1.1029727775400327e-16,0.0,0.0,2000,2024,Brunei Darussalam,East Asia & Pacific,High income,0.055697625313178,-0.0005315578033431064,0.055640970781792844,0.5038111782310449,no clear trend,False,electricity_gap,Electricity
BTN,-3.928307692307693,1300.0,1934.5686769230774,25,4.076384615384605,87.9,0.0,2000,2024,Bhutan,South Asia,Lower middle income,0.25436448954714147,-3.82563290901194,0.2486848924102178,1.0,gap shrinking,False,electricity_gap,Electricity
BWA,1.7231538461538458,1300.0,535.1566692307692,25,0.8605384615384606,27.1,50.8,2000,2024,Botswana,Sub-Saharan Africa ,Upper middle income,0.13378421566923762,1.700026175337642,0.13296732886211635,9.905818406192313e-38,gap widening,True,electricity_gap,Electricity
CAF,1.08345521023766,1094.0,176.8272059719683,21,0.0312614259597807,13.1,36.8,2001,2024,Central African Republic,Sub-Saharan Africa ,Low income,0.09223358318747933,1.076117453535213,0.09196461341887474,6.266205594978809e-32,gap widening,True,electricity_gap,Electricity
CAN,0.0,1300.0,0.0,25,-1.1029727775400327e-16,0.0,0.0,2000,2024,Canada,North America,High income,0.055697625313178,0.0,0.00984262016923269,0.5,no clear trend,False,electricity_gap,Electricity
CHE,0.0,1300.0,0.0,25,-1.1029727775400327e-16,0.0,0.0,2000,2024,Switzerland,Europe & Central Asia,High income,0.055697625313178,-0.005223400892081464,0.05030403403037912,0.5413504977168556,no clear trend,False,electricity_gap,Electricity
CHI,0.0,1300.0,0.0,25,-1.1029727775400327e-16,0.0,0.0,2000,2024,Channel Islands,Europe & Central Asia,High income,0.055697625313178,-0.005223400892081464,0.05030403403037912,0.5413504977168556,no clear trend,False,electricity_gap,Electricity
CHL,-0.6124615384615385,1300.0,427.19652307692303,25,0.6353846153846154,13.299999999999995,9.299999999999995,2000,2024,Chile,Latin America & Caribbean ,High income,0.11953036908253675,-0.6081642492403769,0.11823037436000379,0.9999998654476954,gap shrinking,False,electricity_gap,Electricity
CHN,-0.21315384615384617,1300.0,13.99506923076924,25,0.22430769230769168,5.099999999999994,0.0,2000,2024,China,East Asia & Pacific,Upper middle income,0.055697625313178,-0.21325199267988407,0.055640970781792844,0.999936613140695,gap shrinking,False,electricity_gap,Electricity
CIV,-0.3810769230769228,1300.0,259.85609230769217,25,0.9246923076923057,57.8,46.6,2000,2024,Cote d'Ivoire,Sub-Saharan Africa ,Lower middle income,0.09322467059536935,-0.3798598644225801,0.09294696297603522,0.9999781360816153,gap shrinking,False,electricity_gap,Electricity
CMR,0.032000000000000105,1300.0,1106.2432000000001,25,0.7361538461538498,69.8,52.89999999999999,2000,2024,Cameroon,Sub-Saharan Africa ,Lower middle income,0.1923489026078604,0.026820191003678044,0.18994451054043301,0.44385591873155,no clear trend,False,electricity_gap,Electricity
COD,1.1181376518220758,224.5454545454545,147.54249392712558,11,-0.04048582995951469,34.800000000000004,54.0,2007,2024,"Congo, Dem. Rep.",Sub-Saharan Africa ,Low income,0.27019989211754336,1.056167449047482,0.26365375303997174,3.0892439302161456e-05,gap widening,False,electricity_gap,Electricity
COG,0.6800000000000002,1300.0,29.973600000000015,25,0.3538461538461535,40.6,52.6,2000,2024,"Congo, Rep.",Sub-Saharan Africa ,Lower middle income,0.055697625313178,0.6781742575746201,0.055638229737104195,1.7788491900710057e-34,gap widening,True,electricity_gap,Electricity
COL,-0.5906923076923076,1300.0,252.63777692307676,25,0.6228461538461516,16.10000000000001,4.700000000000003,2000,2024,Colombia,Latin America & Caribbean ,Upper middle income,0.09192074835074193,-0.5884092811163907,0.09132557462636966,0.9999999999414267,gap shrinking,False,electricity_gap,Electricity
COM,-0.9336923076923075,1300.0,142.00427692307684,25,2.4733846153846066,34.2,10.299999999999995,2000,2024,Comoros,Sub-Saharan Africa ,Lower middle income,0.06891521544988627,-0.9312240429192227,0.06880280132065046,1.0,gap shrinking,False,electricity_gap,Electricity
CPV,-2.4274615384615386,1300.0,143.71322307692296,25,3.08530769230768,50.10000000000001,0.8999999999999915,2000,2024,Cabo Verde,Sub-Saharan Africa ,Upper middle income,0.06932865432319439,-2.4200359794273703,0.06921420820235007,1.0,gap shrinking,False,electricity_gap,Electricity
CRI,-0.18323076923076953,1300.0,13.904830769230745,25,0.18492307692307877,7.0,0.5,2000,2024,Costa Rica,Latin America & Caribbean ,High income,0.055697625313178,-0.18433256214317947,0.05556440000166767,0.9995457971053886,gap shrinking,False,electricity_gap,Electricity
CUB,-0.7070769230769229,1300.0,30.84929230769225,25,0.7239230769230717,12.200000000000005,0.0,2000,2024,Cuba,Latin America & Caribbean ,Upper middle income,0.055697625313178,-0.7056756972178574,0.05556440000166767,1.0,gap shrinking,False,electricity_gap,Electricity
CUW,0.02630769230769242,1300.0,0.3602769230769223,25,-1.1029727775400327e-16,-0.4000000000000057,0.0,2000,2024,Curacao,Latin America & Caribbean ,High income,0.055697625313178,0.024204691886692265,0.05556440000166767,0.33155800517310813,no clear trend,False,electricity_gap,Electricity
CYM,0.0,1300.0,0.0,25,-1.1029727775400327e-16,0.0,0.0,2000,2024,Cayman Islands,Latin America & Caribbean ,High income,0.055697625313178,-0.001977298156705792,0.05556440000166767,0.5141936452046412,no clear trend,False,electricity_gap,Electricity
CYP,0.0,1300.0,0.0,25,-1.1029727775400327e-16,0.0,0.0,2000,2024,Cyprus,Europe & Central Asia,High income,0.055697625313178,-0.005223400892081464,0.05030403403037912,0.5413504977168556,no clear trend,False,electricity_gap,Electricity
CZE,0.0023846153846153254,1300.0,0.04620769230769178,25,-1.1029727775400327e-16,0.0,0.0,2000,2024,Czechia,Europe & Central Asia,High income,0.055697625313178,-0.0032782620305839396,0.05030403403037912,0.5259802660999745,no clear trend,False,electricity_gap,Electricity
DEU,0.0,1300.0,0.0,25,-1.1029727775400327e-16,0.0,0.0,2000,2024,Germany,Europe & Central Asia,High income,0.055697625313178,-0.005223400892081464,0.05030403403037912,0.5413504977168556,no clear trend,False,electricity_gap,Electricity
DJI,1.117390024529806,1273.9583333333333,1531.1643218315614,24,-0.3250760425184026,2.5,21.000000000000007,2000,2024,Djibouti,"Middle East, North Africa, Afghanistan & Pakistan",Lower middle income,0.2337340304765991,1.1009827144136648,0.23212703892641004,1.0527879763627648e-06,gap widening,False,electricity_gap,Electricity
DNK,0.0,1300.0,0.0,25,-1.1029727775400327e-16,0.0,0.0,2000,2024,Denmark,Europe & Central Asia,High income,0.055697625313178,-0.005223400892081464,0.05030403403037912,0.5413504977168556,no clear trend,False,electricity_gap,Electricity
DOM,-0.7744615384615386,1300.0,145.74572307692304,25,0.9499230769230717,20.39999999999999,1.0999999999999943,2000,2024,Dominican Republic,Latin America & Caribbean ,Upper middle income,0.06981718197473848,-0.7717612936997676,0.06955531826684831,1.0,gap shrinking,False,electricity_gap,Electricity
DZA,-0.07546153846153804,1300.0,3.1396230769231037,25,0.1063846153846141,2.0999999999999943,0.0,2000,2024,Algeria,"Middle East, North Africa, Afghanistan & Pakistan",Upper middle income,0.055697625313178,-0.07546506328986946,0.05567566705880053,0.9123613998260012,gap shrinking,False,electricity_gap,Electricity
ECU,-0.5108461538461538,1300.0,70.56146923076913,25,0.5460769230769226,13.799999999999995,4.099999999999994,2000,2024,Ecuador,Latin America & Caribbean ,Upper middle income,0.055697625313178,-0.5103825492625705,0.05556440000166767,1.0,gap shrinking,False,electricity_gap,Electricity
EGY,-0.13069230769230758,1300.0,13.195376923076841,25,0.15638461538461584,3.0999999999999943,0.0,2000,2024,"Egypt, Arab Rep.","Middle East, North Africa, Afghanistan & Pakistan",Lower middle income,0.055697625313178,-0.13065229270321613,0.05567566705880053,0.9905289314866438,gap shrinking,False,electricity_gap,Electricity
ERI,-1.3450000000000002,1300.0,38.745900000000056,25,1.234923076923072,68.0,34.89999999999999,2000,2024,Eritrea,Sub-Saharan Africa ,Low income,0.055697625313178,-1.3425091522623578,0.055638229737104195,1.0,gap shrinking,False,electricity_gap,Electricity
ESP,0.0,1300.0,0.0,25,-1.1029727775400327e-16,0.0,0.0,2000,2024,Spain,Europe & Central Asia,High income,0.055697625313178,-0.005223400892081464,0.05030403403037912,0.5413504977168556,no clear trend,False,electricity_gap,Electricity
EST,0.0023846153846153254,1300.0,0.04620769230769178,25,-1.1029727775400327e-16,0.0,0.0,2000,2024,Estonia,Europe & Central Asia,High income,0.055697625313178,-0.0032782620305839396,0.05030403403037912,0.5259802660999745,no clear trend,False,electricity_gap,Electricity
ETH,-1.422546767311951,1059.8260869565217,617.8386215950117,23,2.1574622579588127,74.5,50.3,2000,2024,Ethiopia,Sub-Saharan Africa ,Low income,0.16661364920504418,-1.3991743467893596,0.16504365362735549,1.0,gap shrinking,False,electricity_gap,Electricity
FIN,0.0,1300.0,0.0,25,-1.1029727775400327e-16,0.0,0.0,2000,2024,Finland,Europe & Central Asia,High income,0.055697625313178,-0.005223400892081464,0.05030403403037912,0.5413504977168556,no clear trend,False,electricity_gap,Electricity
FJI,-1.1153846153846152,1300.0,434.09230769230743,25,1.3735384615384545,30.39999999999999,5.700000000000003,2000,2024,Fiji,East Asia & Pacific,Upper middle income,0.1204912336272379,-1.1073188509291116,0.11992085705286833,1.0,gap shrinking,False,electricity_gap,Electricity
FRA,0.0,1300.0,0.0,25,-1.1029727775400327e-16,0.0,0.0,2000,2024,France,Europe & Central Asia,High income,0.055697625313178,-0.005223400892081464,0.05030403403037912,0.5413504977168556,no clear trend,False,electricity_gap,Electricity
FRO,-0.0007692307692307254,1300.0,0.008830769230768226,25,-1.1029727775400327e-16,0.0,0.0,2000,2024,Faroe Islands,Europe & Central Asia,High income,0.055697625313178,-0.005850865040951613,0.05030403403037912,0.5462965921188715,no clear trend,False,electricity_gap,Electricity
FSM,-0.6657692307692309,1300.0,24.03433076923082,25,1.901230769230763,30.9,12.799999999999995,2000,2024,"Micronesia, Fed. Sts.",East Asia & Pacific,Upper middle income,0.055697625313178,-0.6649470626234305,0.055640970781792844,1.0,gap shrinking,False,electricity_gap,Electricity
GAB,-0.17407686017998494,1273.9583333333333,1860.0488883074408,24,0.5350776778413668,78.60000000000001,47.7,2000,2024,Gabon,Sub-Saharan Africa ,Upper middle income,0.257616233991618,-0.1741824435064123,0.25192408243385583,0.7553455575019575,no clear trend,False,electricity_gap,Electricity
GBR,-0.0007692307692307254,1300.0,0.008830769230768226,25,-1.1029727775400327e-16,0.0,0.0,2000,2024,United Kingdom,Europe & Central Asia,High income,0.055697625313178,-0.005850865040951613,0.05030403403037912,0.5462965921188715,no clear trend,False,electricity_gap,Electricity
GEO,-0.011000000000000027,1300.0,0.6042999999999971,25,0.020923076923076694,0.2000000000000028,0.0,2000,2024,Georgia,Europe & Central Asia,Upper middle income,0.055697625313178,-0.014196138220925126,0.05030403403037912,0.6111075106010481,no clear trend,False,electricity_gap,Electricity
GHA,-2.1006153846153843,1300.0,1780.8259076923077,25,2.965461538461528,65.6,16.0,2000,2024,Ghana,Sub-Saharan Africa ,Lower middle income,0.24404793567268143,-2.0248106861609196,0.2391922493552925,1.0,gap shrinking,False,electricity_gap,Electricity
GIB,0.0,249.66666666666663,0.0,12,-2.0074292709329788e-15,0.0,0.0,2009,2024,Gibraltar,Europe & Central Asia,High income,0.12709488542269806,-0.015319980762950396,0.08614999257550268,0.5705714267884597,no clear trend,False,electricity_gap,Electricity
GIN,0.19403508771929828,570.0,205.9576140350879,19,1.4212280701754092,63.1,64.19999999999999,2006,2024,Guinea,Sub-Saharan Africa ,Lower middle income,0.145789765522739,0.18869025788914393,0.14473444417351225,0.09616798829247397,gap widening,True,electricity_gap,Electricity
GMB,0.3797019009215827,1207.6521739130437,557.2606926843318,23,1.1784670218893698,32.400000000000006,46.39999999999999,2000,2024,"Gambia, The",Sub-Saharan Africa ,Low income,0.14823427175722914,0.3714115825732639,0.14712537670993164,0.005793870722382218,gap widening,True,electricity_gap,Electricity
GNB,1.552835583796664,393.4375,564.6991803018267,16,1.2424781572677406,32.3,40.7,2006,2024,Guinea-Bissau,Sub-Saharan Africa ,Low income,0.3201892043346262,1.4388016137683566,0.3094523575443003,1.6636284192105626e-06,gap widening,True,electricity_gap,Electricity
GNQ,1.3420769230769225,1300.0,438.93199230769267,25,-1.5486923076923038,58.3,84.2,2000,2024,Equatorial Guinea,Sub-Saharan Africa ,Upper middle income,0.12116104878521065,1.3268797833262898,0.1205532626308078,1.7760613069191082e-28,gap widening,False,electricity_gap,Electricity
GRC,0.0,1300.0,0.0,25,-1.1029727775400327e-16,0.0,0.0,2000,2024,Greece,Europe & Central Asia,High income,0.055697625313178,-0.005223400892081464,0.05030403403037912,0.5413504977168556,no clear trend,False,electricity_gap,Electricity
GRL,0.0,1300.0,0.0,25,-1.1029727775400327e-16,0.0,0.0,2000,2024,Greenland,Europe & Central Asia,High income,0.055697625313178,-0.005223400892081464,0.05030403403037912,0.5413504977168556,no clear trend,False,electricity_gap,Electricity
GTM,-1.5151538461538463,1300.0,535.4998692307691,25,1.7069999999999952,40.400000000000006,18.8,2000,2024,Guatemala,Latin America & Caribbean ,Upper middle income,0.13382710720591193,-1.485450844169207,0.13201011158236536,1.0,gap shrinking,False,electricity_gap,Electricity
GUM,0.0,1300.0,0.0,25,-1.1029727775400327e-16,0.0,0.0,2000,2024,Guam,East Asia & Pacific,High income,0.055697625313178,-0.0005315578033431064,0.055640970781792844,0.5038111782310449,no clear trend,False,electricity_gap,Electricity
GUY,-0.42646153846153845,1300.0,131.5561230769234,25,1.0613846153846103,17.700000000000003,9.5,2000,2024,Guyana,Latin America & Caribbean ,High income,0.06633151842842774,-0.4263760419134728,0.06610682733967264,0.9999999999440023,gap shrinking,False,electricity_gap,Electricity
HKG,0.0,1300.0,0.0,25,-1.1029727775400327e-16,0.0,0.0,2000,2024,"Hong Kong SAR, China",East Asia & Pacific,High income,0.055697625313178,-0.0005315578033431064,0.055640970781792844,0.5038111782310449,no clear trend,False,electricity_gap,Electricity
HND,-2.1908461538461537,1300.0,394.31346923076916,25,2.4293846153846017,49.50000000000001,9.200000000000005,2000,2024,Honduras,Latin America & Caribbean ,Lower middle income,0.11483789202978746,-2.155302943024576,0.11368362513002163,1.0,gap shrinking,False,electricity_gap,Electricity
HRV,0.011384615384615226,1300.0,0.19710769230769062,25,-1.1029727775400327e-16,-0.0999999999999943,0.0,2000,2024,Croatia,Europe & Central Asia,High income,0.055697625313178,0.00406306851119714,0.05030403403037912,0.4678123409656474,no clear trend,False,electricity_gap,Electricity
HTI,1.0604803912166476,993.2380952380954,1303.798285070477,21,-0.3099769872471059,74.80000000000001,70.6,2000,2024,Haiti,Latin America & Caribbean ,Lower middle income,0.2628462092660124,0.9180707972568347,0.24982911057340218,0.00011902017501245612,gap widening,False,electricity_gap,Electricity
HUN,0.004692307692307654,1300.0,0.10177692307692332,25,4.782474083492574e-16,0.0,0.0,2000,2024,Hungary,Europe & Central Asia,High income,0.055697625313178,-0.0013958695839733685,0.05030403403037912,0.5110686935927372,no clear trend,False,electricity_gap,Electricity
IDN,-0.7507692307692307,1300.0,115.0892307692305,25,0.9403076923076885,15.900000000000006,0.2999999999999971,2000,2024,Indonesia,East Asia & Pacific,Upper middle income,0.062041422878727354,-0.7495352708932157,0.06196315016122926,1.0,gap shrinking,False,electricity_gap,Electricity
IMN,0.0,1300.0,0.0,25,-1.1029727775400327e-16,0.0,0.0,2000,2024,Isle of Man,Europe & Central Asia,High income,0.055697625313178,-0.005223400892081464,0.05030403403037912,0.5413504977168556,no clear trend,False,electricity_gap,Electricity
IND,-1.8932307692307697,1300.0,109.49003076923056,25,2.37599999999999,40.2,0.0999999999999943,2000,2024,India,South Asia,Lower middle income,0.06051341949328473,-1.8924743298214324,0.06043446245819525,1.0,gap shrinking,False,electricity_gap,Electricity
IRL,0.0,1300.0,0.0,25,-1.1029727775400327e-16,0.0,0.0,2000,2024,Ireland,Europe & Central Asia,High income,0.055697625313178,-0.005223400892081464,0.05030403403037912,0.5413504977168556,no clear trend,False,electricity_gap,Electricity
IRN,-0.26599999999999996,1300.0,15.31559999999998,25,0.2743846153846148,5.799999999999997,0.0,2000,2024,"Iran, Islamic Rep.","Middle East, North Africa, Afghanistan & Pakistan",Upper middle income,0.055697625313178,-0.26585331852226385,0.05567566705880053,0.9999991016247733,gap shrinking,False,electricity_gap,Electricity
IRQ,-0.3743846153846153,1300.0,19.080607692307662,25,0.41207692307692123,8.0,0.0,2000,2024,Iraq,"Middle East, North Africa, Afghanistan & Pakistan",Upper middle income,0.055697625313178,-0.3741524915632179,0.05567566705880053,0.9999999999909273,gap shrinking,False,electricity_gap,Electricity
ISL,0.0,1300.0,0.0,25,-1.1029727775400327e-16,0.0,0.0,2000,2024,Iceland,Europe & Central Asia,High income,0.055697625313178,-0.005223400892081464,0.05030403403037912,0.5413504977168556,no clear trend,False,electricity_gap,Electricity
ISR,0.0,1300.0,0.0,25,-1.1029727775400327e-16,0.0,0.0,2000,2024,Israel,"Middle East, North Africa, Afghanistan & Pakistan",High income,0.055697625313178,-6.301307469888724e-05,0.05567566705880053,0.5004515181528418,no clear trend,False,electricity_gap,Electricity
ITA,0.0,1300.0,0.0,25,-1.1029727775400327e-16,0.0,0.0,2000,2024,Italy,Europe & Central Asia,High income,0.055697625313178,-0.005223400892081464,0.05030403403037912,0.5413504977168556,no clear trend,False,electricity_gap,Electricity
JAM,-0.5563846153846155,1300.0,101.42460769230757,25,0.9257692307692279,13.599999999999994,3.3999999999999915,2000,2024,Jamaica,Latin America & Caribbean ,Upper middle income,0.05824197238734979,-0.555640095973043,0.058089693582126845,1.0,gap shrinking,False,electricity_gap,Electricity
JOR,-0.061538461538461604,1300.0,18.463323076923068,25,0.08407692307692381,3.0,0.0,2000,2024,Jordan,"Middle East, North Africa, Afghanistan & Pakistan",Upper middle income,0.055697625313178,-0.06155296228177011,0.05567566705880053,0.8655421626127013,no clear trend,False,electricity_gap,Electricity
JPN,0.0,1300.0,0.0,25,-1.1029727775400327e-16,0.0,0.0,2000,2024,Japan,East Asia & Pacific,High income,0.055697625313178,-0.0005315578033431064,0.055640970781792844,0.5038111782310449,no clear trend,False,electricity_gap,Electricity
KAZ,-0.014230769230769297,1300.0,0.5503307692307864,25,0.0185384615384614,0.8000000000000114,0.0,2000,2024,Kazakhstan,Europe & Central Asia,Upper middle income,0.055697625313178,-0.016831487646179935,0.05030403403037912,0.6310347617629306,no clear trend,False,electricity_gap,Electricity
KEN,-0.6819999999999999,1300.0,649.2604000000002,25,2.896153846153829,43.3,31.0,2000,2024,Kenya,Sub-Saharan Africa ,Lower middle income,0.14735804914842432,-0.6745527061868041,0.14626855860613844,0.9999980034481244,gap shrinking,False,electricity_gap,Electricity
KGZ,-0.0016923076923077702,1300.0,3.154676923076916,25,0.02099999999999919,0.2000000000000028,0.0,2000,2024,Kyrgyz Republic,Europe & Central Asia,Lower middle income,0.055697625313178,-0.006603822019595934,0.05030403403037912,0.5522223737693251,no clear trend,False,electricity_gap,Electricity
KHM,-2.9855687666370194,1173.9583333333333,4077.0938441881103,24,4.651677018633742,54.0,1.4000000000000057,2000,2024,Cambodia,East Asia & Pacific,Lower middle income,0.39731747977890863,-2.7296628241401604,0.37819534582882874,0.9999999999997354,gap shrinking,False,electricity_gap,Electricity
KIR,-3.7189997205922634,596.5,886.9824476110647,18,3.428359877060402,66.69999999999999,-5.899999999999992,2000,2020,Kiribati,East Asia & Pacific,Lower middle income,0.3048542805972667,-3.520095942346593,0.29595574366439925,1.0,gap shrinking,False,electricity_gap,Electricity
KNA,-0.29761538461538445,1300.0,40.55500769230767,25,0.3358461538461525,6.0,0.0,2000,2024,St. Kitts and Nevis,Latin America & Caribbean ,High income,0.055697625313178,-0.2981706299634502,0.05556440000166767,0.9999999597974092,gap shrinking,False,electricity_gap,Electricity
KOR,0.0,1300.0,0.0,25,-1.1029727775400327e-16,0.0,0.0,2000,2024,"Korea, Rep.",East Asia & Pacific,High income,0.055697625313178,-0.0005315578033431064,0.055640970781792844,0.5038111782310449,no clear trend,False,electricity_gap,Electricity
KWT,0.0,1300.0,0.0,25,-1.1029727775400327e-16,0.0,0.0,2000,2024,Kuwait,"Middle East, North Africa, Afghanistan & Pakistan",High income,0.055697625313178,-6.301307469888724e-05,0.05567566705880053,0.5004515181528418,no clear trend,False,electricity_gap,Electricity
LAO,-3.2471538461538456,1300.0,689.0838692307689,25,3.4540769230769097,68.5,5.799999999999997,2000,2024,Lao PDR,East Asia & Pacific,Lower middle income,0.15181002355531462,-3.202634899945808,0.15067398605910298,1.0,gap shrinking,False,electricity_gap,Electricity
LBN,0.004769230769230831,1300.0,193.02403076923076,25,0.04261538461538544,-1.0999999999999943,0.0,2000,2024,Lebanon,"Middle East, North Africa, Afghanistan & Pakistan",Lower middle income,0.08034707961702346,0.00463039660085636,0.08028120462342041,0.4770028701409431,no clear trend,False,electricity_gap,Electricity
LBR,2.9532142857142856,280.0,161.8764404761905,15,0.7382142857142955,8.9,46.3,2010,2024,Liberia,Sub-Saharan Africa ,Low income,0.21088278635623872,2.860220228060172,0.20772614474747234,1.9529064380468164e-43,gap widening,True,electricity_gap,Electricity
LBY,7.953846153846153,182.0,10.40307692307698,13,-7.94890109890076,0.7999999999999972,99.2,2000,2012,Libya,"Middle East, North Africa, Afghanistan & Pakistan",Upper middle income,0.14885816512772837,7.908826792501233,0.14844049653503943,0.0,gap widening,False,electricity_gap,Electricity
LCA,-0.5206923076923078,1300.0,218.30977692307698,25,0.7477692307692309,13.099999999999994,0.0,2000,2024,St. Lucia,Latin America & Caribbean ,Upper middle income,0.08544782227696317,-0.5194981736984953,0.08496910571929102,0.9999999995140731,gap shrinking,False,electricity_gap,Electricity
LIE,0.0,1300.0,0.0,25,-1.1029727775400327e-16,0.0,0.0,2000,2024,Liechtenstein,Europe & Central Asia,High income,0.055697625313178,-0.005223400892081464,0.05030403403037912,0.5413504977168556,no clear trend,False,electricity_gap,Electricity
LKA,-1.0492307692307692,1300.0,153.36763076923074,25,1.5803076923076873,22.5,0.0,2000,2024,Sri Lanka,South Asia,Upper middle income,0.0716194959465635,-1.0512521755345587,0.07148870152875515,1.0,gap shrinking,False,electricity_gap,Electricity
LSO,1.0128859675940363,934.5714285714287,1075.8905304188324,21,2.0300519718740326,11.6,43.8,2000,2024,Lesotho,Sub-Saharan Africa ,Lower middle income,0.2461506529584848,0.9652495305555638,0.24117092716834032,3.135872576080768e-05,gap widening,True,electricity_gap,Electricity
LTU,0.047153846153846435,1300.0,0.7158692307692408,25,0.0040769230769232105,-0.9000000000000057,0.0,2000,2024,Lithuania,Europe & Central Asia,High income,0.055697625313178,0.03324015143366109,0.05030403403037912,0.2543750998924606,no clear trend,False,electricity_gap,Electricity
LUX,0.0,1300.0,0.0,25,-1.1029727775400327e-16,0.0,0.0,2000,2024,Luxembourg,Europe & Central Asia,High income,0.055697625313178,-0.005223400892081464,0.05030403403037912,0.5413504977168556,no clear trend,False,electricity_gap,Electricity
LVA,0.027461538461538475,1300.0,0.43962307692307256,25,0.0007692307692306997,-0.4000000000000057,0.0,2000,2024,Latvia,Europe & Central Asia,High income,0.055697625313178,0.017177069222584142,0.05030403403037912,0.36637675780251033,no clear trend,False,electricity_gap,Electricity
MAC,0.0,1300.0,0.0,25,-1.1029727775400327e-16,0.0,0.0,2000,2024,"Macao SAR, China",East Asia & Pacific,High income,0.055697625313178,-0.0005315578033431064,0.055640970781792844,0.5038111782310449,no clear trend,False,electricity_gap,Electricity
MAF,0.0,280.0,0.0,15,-1.3279652625317442e-15,0.0,0.0,2010,2024,St. Martin (French part),Latin America & Caribbean ,High income,0.1200132895198533,-0.009023252862363338,0.11869764768385638,0.5302979297916162,no clear trend,False,electricity_gap,Electricity
MAR,-2.0781538461538465,1300.0,1575.1379692307696,25,2.4176923076923096,47.7,0.0,2000,2024,Morocco,"Middle East, North Africa, Afghanistan & Pakistan",Lower middle income,0.22952167575160537,-2.0517367070538595,0.22799945191734106,1.0,gap shrinking,False,electricity_gap,Electricity
MCO,0.0,1300.0,0.0,25,-1.1029727775400327e-16,0.0,0.0,2000,2024,Monaco,Europe & Central Asia,High income,0.055697625313178,-0.005223400892081464,0.05030403403037912,0.5413504977168556,no clear trend,False,electricity_gap,Electricity
MDA,-0.02969230769230748,1300.0,1.423476923076945,25,0.07846153846153825,0.6999999999999886,0.0,2000,2024,Moldova,Europe & Central Asia,Upper middle income,0.055697625313178,-0.02944351703847042,0.05030403403037912,0.7208307741342528,no clear trend,False,electricity_gap,Electricity
MDG,0.5544909415667261,979.75,537.5002398571062,16,0.6626945649400335,37.6,49.400000000000006,2001,2024,Madagascar,Sub-Saharan Africa ,Low income,0.19795554766731335,0.5352844240720642,0.19533760655137813,0.0030691190481143523,gap widening,True,electricity_gap,Electricity
MDV,-0.8295384615384616,1300.0,287.1881230769232,25,0.8740000000000018,21.3,0.0,2000,2024,Maldives,South Asia,Upper middle income,0.09800486696619193,-0.8348080624176554,0.09767051610818275,1.0,gap shrinking,False,electricity_gap,Electricity
MEX,-0.2723076923076923,1300.0,40.52307692307688,25,0.2969230769230769,5.6000000000000085,0.7000000000000028,2000,2024,Mexico,Latin America & Caribbean ,Upper middle income,0.055697625313178,-0.27298386176380723,0.05556440000166767,0.9999995513673982,gap shrinking,False,electricity_gap,Electricity
MHL,-3.3644615384615384,1300.0,2534.679723076922,25,3.7257692307692203,65.69999999999999,1.1000000000000083,2000,2024,Marshall Islands,East Asia & Pacific,Upper middle income,0.2911561386831362,-3.2008077708468217,0.283374382705178,1.0,gap shrinking,False,electricity_gap,Electricity
MKD,0.015769230769230726,1300.0,5.351130769230748,25,0.04307692307692316,-0.2999999999999971,0.0,2000,2024,North Macedonia,Europe & Central Asia,Upper middle income,0.055697625313178,0.007639614159757289,0.05030403403037912,0.439645201531144,no clear trend,False,electricity_gap,Electricity
MLI,1.6388438133874241,986.0,1660.2817819472616,20,1.0950304259634815,38.0,57.2,2002,2024,Mali,Sub-Saharan Africa ,Low income,0.30585542723319437,1.5289819740683692,0.29645600907165504,1.2511164935733444e-07,gap widening,True,electricity_gap,Electricity
MLT,0.0,1300.0,0.0,25,-1.1029727775400327e-16,0.0,0.0,2000,2024,Malta,"Middle East, North Africa, Afghanistan & Pakistan",High income,0.055697625313178,-6.301307469888724e-05,0.05567566705880053,0.5004515181528418,no clear trend,False,electricity_gap,Electricity
MMR,-1.2260000000000004,1300.0,544.1628000000001,25,1.7744615384615283,55.4,21.39999999999999,2000,2024,Myanmar,East Asia & Pacific,Lower middle income,0.13490524359402745,-1.2146066361708197,0.13410614204225926,1.0,gap shrinking,False,electricity_gap,Electricity
MNE,-0.06053846153846163,1300.0,27.474023076923114,25,0.08061538461538362,1.5,0.0,2000,2024,Montenegro,Europe & Central Asia,Upper middle income,0.055697625313178,-0.05460482940816508,0.05030403403037912,0.8611489902364943,no clear trend,False,electricity_gap,Electricity
MNG,-3.087692307692308,1300.0,2941.837476923077,25,3.2036153846153708,70.6,1.0,2000,2024,Mongolia,East Asia & Pacific,Upper middle income,0.31367054894430124,-2.91614488887698,0.3040020338705788,1.0,gap shrinking,False,electricity_gap,Electricity
MNP,0.007769230769230762,1300.0,0.20393076923076667,25,-1.1029727775400327e-16,0.0,0.0,2000,2024,Northern Mariana Islands,East Asia & Pacific,High income,0.055697625313178,0.007221875586238494,0.055640970781792844,0.4483646238062345,no clear trend,False,electricity_gap,Electricity
MOZ,2.2304912478825525,885.5,628.0712817617163,22,0.3498023715414901,24.0,67.5,2003,2024,Mozambique,Sub-Saharan Africa ,Low income,0.18831945445473072,2.1731120609768073,0.1860612770198764,8.10754629452135e-32,gap widening,True,electricity_gap,Electricity
MRT,2.721428571428571,182.0,274.8595054945057,13,-0.1945054945054719,42.3,73.60000000000001,2000,2012,Mauritania,Sub-Saharan Africa ,Lower middle income,0.37052997218439143,2.47112283242148,0.3541665274897222,1.5046327734860923e-12,gap widening,False,electricity_gap,Electricity
MUS,-0.07892307692307705,1300.0,1.7680923076923238,25,0.0713076923076927,1.7000000000000028,0.0,2000,2024,Mauritius,Sub-Saharan Africa ,Upper middle income,0.055697625313178,-0.07913106137890803,0.055638229737104195,0.922522084331808,gap shrinking,False,electricity_gap,Electricity
MWI,1.0378811881188121,1262.5,427.347915511551,24,0.23201980198020158,28.0,53.1,2000,2024,Malawi,Sub-Saharan Africa ,Low income,0.12404057225267993,1.0251499083614815,0.12338864950204104,4.854144438723029e-17,gap widening,True,electricity_gap,Electricity
MYS,-0.08407692307692326,1300.0,2.0903923076923054,25,0.1278461538461531,1.6000000000000083,0.0,2000,2024,Malaysia,East Asia & Pacific,Upper middle income,0.055697625313178,-0.08443752507871652,0.055640970781792844,0.9354350850733351,gap shrinking,False,electricity_gap,Electricity
NAM,-0.6911891891892592,1233.3333333333333,169.8638391891892,24,0.8112162162161426,54.3,36.1,2000,2024,Namibia,Sub-Saharan Africa ,Lower middle income,0.07912229808123385,-0.6889799134978615,0.07895230373225007,1.0,gap shrinking,False,electricity_gap,Electricity
NCL,0.0,1300.0,0.0,25,-1.1029727775400327e-16,0.0,0.0,2000,2024,New Caledonia,East Asia & Pacific,High income,0.055697625313178,-0.0005315578033431064,0.055640970781792844,0.5038111782310449,no clear trend,False,electricity_gap,Electricity
NER,0.7078366533864439,1091.304347826087,487.95906653386413,23,0.4102470119522085,39.1,58.3,2001,2024,Niger,Sub-Saharan Africa ,Low income,0.1459180797550145,0.695058144663905,0.14485998966967964,8.007392559483218e-07,gap widening,True,electricity_gap,Electricity
NGA,-0.09738461538461514,1300.0,369.75270769230764,25,0.18884615384615594,62.3,62.0,2000,2024,Nigeria,Sub-Saharan Africa ,Lower middle income,0.11120391762009606,-0.09805257195379272,0.11073344262663855,0.8120518858087298,no clear trend,False,electricity_gap,Electricity
NIC,-0.7104615384615387,1300.0,81.95532307692314,25,1.0269230769230726,46.1,27.8,2000,2024,Nicaragua,Latin America & Caribbean ,Lower middle income,0.055697625313178,-0.7090441403813358,0.05556440000166767,1.0,gap shrinking,False,electricity_gap,Electricity
NLD,0.0,1300.0,0.0,25,-1.1029727775400327e-16,0.0,0.0,2000,2024,Netherlands,Europe & Central Asia,High income,0.055697625313178,-0.005223400892081464,0.05030403403037912,0.5413504977168556,no clear trend,False,electricity_gap,Electricity
NOR,0.0,1300.0,0.0,25,-1.1029727775400327e-16,0.0,0.0,2000,2024,Norway,Europe & Central Asia,High income,0.055697625313178,-0.005223400892081464,0.05030403403037912,0.5413504977168556,no clear trend,False,electricity_gap,Electricity
NPL,-2.990932816972609,1079.8181818181815,687.7007694898131,22,3.5659201885838163,64.10000000000001,5.5,2000,2024,Nepal,South Asia,Lower middle income,0.17844707737144633,-2.9600805999689506,0.176452344087827,1.0,gap shrinking,False,electricity_gap,Electricity
NRU,0.10372340425532098,53.71428571428571,0.27925531914893614,7,-5.976206217790358e-15,-1.0,0.0,2015,2024,Naoero,East Asia & Pacific,High income,0.2740081326265177,0.08656380762922837,0.2674923233770559,0.3731157850095472,no clear trend,False,electricity_gap,Electricity
NZL,0.0,1300.0,0.0,25,-1.1029727775400327e-16,0.0,0.0,2000,2024,New Zealand,East Asia & Pacific,High income,0.055697625313178,-0.0005315578033431064,0.055640970781792844,0.5038111782310449,no clear trend,False,electricity_gap,Electricity
OMN,0.004692307692307654,1300.0,0.0857769230769248,25,-1.1029727775400327e-16,0.0,0.0,2000,2024,Oman,"Middle East, North Africa, Afghanistan & Pakistan",High income,0.055697625313178,0.00462559555234025,0.05567566705880053,0.4668935277360618,no clear trend,False,electricity_gap,Electricity
PAK,-1.1326153846153846,1300.0,89.11470769230765,25,1.4134615384615339,30.999999999999996,4.400000000000006,2000,2024,Pakistan,"Middle East, North Africa, Afghanistan & Pakistan",Lower middle income,0.055697625313178,-1.1317855282308433,0.05567566705880053,1.0,gap shrinking,False,electricity_gap,Electricity
PAN,-1.6099820143884893,1112.0,674.595108731197,22,1.7162769784173117,41.8,5.900000000000006,2000,2024,Panama,Latin America & Caribbean ,High income,0.17416232049958,-1.556347773588948,0.17021294247848773,1.0,gap shrinking,False,electricity_gap,Electricity
PER,-3.2428461538461537,1300.0,995.9150692307694,25,3.4971538461538336,84.10000000000001,16.900000000000006,2000,2024,Peru,Latin America & Caribbean ,Upper middle income,0.1825053322381115,-3.104162363565858,0.17797575762860005,1.0,gap shrinking,False,electricity_gap,Electricity
PHL,-0.9875384615384615,1300.0,416.95172307692314,25,1.382769230769225,28.0,11.299999999999995,2000,2024,Philippines,East Asia & Pacific,Upper middle income,0.11808841467943605,-0.9809485653883174,0.11755133490314462,1.0,gap shrinking,False,electricity_gap,Electricity
PLW,-0.17723076923076922,1300.0,7.984430769230757,25,0.228846153846154,3.5999999999999943,0.0,2000,2024,Palau,East Asia & Pacific,High income,0.055697625313178,-0.17740195908647205,0.055640970781792844,0.9992845225026886,gap shrinking,False,electricity_gap,Electricity
PNG,-0.6633076923076924,1300.0,599.4297769230769,25,0.6642307692307668,60.6,27.8,2000,2024,Papua New Guinea,East Asia & Pacific,Lower middle income,0.14159031967684044,-0.6580848678236195,0.14066726962950266,0.9999985537435567,gap shrinking,False,electricity_gap,Electricity
POL,0.01807692307692322,1300.0,0.27519230769231584,25,0.0003076923076919899,-0.2000000000000028,0.0,2000,2024,Poland,Europe & Central Asia,High income,0.055697625313178,0.009522006606367994,0.05030403403037912,0.4249331089600939,no clear trend,False,electricity_gap,Electricity
PRI,0.0,1300.0,0.0,25,-1.1029727775400327e-16,0.0,0.0,2000,2024,Puerto Rico (US),Latin America & Caribbean ,High income,0.055697625313178,-0.001977298156705792,0.05556440000166767,0.5141936452046412,no clear trend,False,electricity_gap,Electricity
PRT,0.0,1300.0,0.0,25,-1.1029727775400327e-16,0.0,0.0,2000,2024,Portugal,Europe & Central Asia,High income,0.055697625313178,-0.005223400892081464,0.05030403403037912,0.5413504977168556,no clear trend,False,electricity_gap,Electricity
PRY,-0.6386923076923077,1300.0,134.7353769230771,25,0.7486923076923099,18.200000000000003,0.3000000000000113,2000,2024,Paraguay,Latin America & Caribbean ,Upper middle income,0.06712823472349679,-0.6371349274169139,0.06689537817943846,1.0,gap shrinking,False,electricity_gap,Electricity
PSE,-0.05684615384615383,1300.0,10.748669230769217,25,0.07561538461538399,0.7000000000000028,0.0,2000,2024,West Bank and Gaza,"Middle East, North Africa, Afghanistan & Pakistan",Lower middle income,0.055697625313178,-0.05686435365473085,0.05567566705880053,0.8464557245878823,no clear trend,False,electricity_gap,Electricity
PYF,0.0,1300.0,0.0,25,-1.1029727775400327e-16,0.0,0.0,2000,2024,French Polynesia,East Asia & Pacific,High income,0.055697625313178,-0.0005315578033431064,0.055640970781792844,0.5038111782310449,no clear trend,False,electricity_gap,Electricity
QAT,0.0,1300.0,0.0,25,-1.1029727775400327e-16,0.0,0.0,2000,2024,Qatar,"Middle East, North Africa, Afghanistan & Pakistan",High income,0.055697625313178,-6.301307469888724e-05,0.05567566705880053,0.5004515181528418,no clear trend,False,electricity_gap,Electricity
ROU,-0.091,1300.0,5.93710000000005,25,0.3180769230769214,1.8999999999999917,0.0,2000,2024,Romania,Europe & Central Asia,High income,0.055697625313178,-0.0794524097034243,0.05030403403037912,0.9428828854662655,gap shrinking,False,electricity_gap,Electricity
RUS,-0.11700000000000024,1300.0,9.224300000000035,25,0.17338461538461467,2.300000000000012,0.0,2000,2024,Russian Federation,Europe & Central Asia,High income,0.055697625313178,-0.10066069793523676,0.05030403403037912,0.9773062962584649,gap shrinking,False,electricity_gap,Electricity
RWA,0.6664031620553367,885.5,2951.8864031620556,22,2.7120271033313434,39.9,22.8,2003,2024,Rwanda,Sub-Saharan Africa ,Low income,0.4082634861802548,0.5796197519381279,0.38667560792827044,0.06693915898966567,gap widening,True,electricity_gap,Electricity
SAU,0.0,1300.0,0.0,25,-1.1029727775400327e-16,0.0,0.0,2000,2024,Saudi Arabia,"Middle East, North Africa, Afghanistan & Pakistan",High income,0.055697625313178,-6.301307469888724e-05,0.05567566705880053,0.5004515181528418,no clear trend,False,electricity_gap,Electricity
SDN,-0.6835384615384613,1300.0,434.6453230769231,25,2.0253846153846093,57.2,33.7,2000,2024,Sudan,Sub-Saharan Africa ,Low income,0.12056795958639616,-0.6785132492905785,0.11996901130003389,0.9999999922410808,gap shrinking,False,electricity_gap,Electricity
SEN,-0.8071538461538458,1300.0,702.851069230769,25,1.7843076923076895,61.8,28.60000000000001,2000,2024,Senegal,Sub-Saharan Africa ,Lower middle income,0.15331902922806773,-0.7971080640474819,0.15209302009869063,0.9999999201130408,gap shrinking,False,electricity_gap,Electricity
SGP,0.0,1300.0,0.0,25,-1.1029727775400327e-16,0.0,0.0,2000,2024,Singapore,East Asia & Pacific,High income,0.055697625313178,-0.0005315578033431064,0.055640970781792844,0.5038111782310449,no clear trend,False,electricity_gap,Electricity
SLB,-3.1175592461279966,974.363636363636,791.2673045344281,22,4.089736891210687,59.6,1.2000000000000028,2002,2024,Solomon Islands,East Asia & Pacific,Lower middle income,0.20150511690250664,-3.043370379508465,0.19887082455495325,1.0,gap shrinking,False,electricity_gap,Electricity
SLE,0.9191207910209195,498.93333333333345,686.0935876536611,15,0.5650187065739738,19.4,31.5,2004,2024,Sierra Leone,Sub-Saharan Africa ,Low income,0.325236099599539,0.8447351093275491,0.31400124952420355,0.0035701555151596035,gap widening,True,electricity_gap,Electricity
SLV,-1.1407692307692303,1300.0,91.33283076923111,25,1.2836923076923035,28.19999999999999,2.800000000000012,2000,2024,El Salvador,Latin America & Caribbean ,Upper middle income,0.055697625313178,-1.1372957553017096,0.05556440000166767,1.0,gap shrinking,False,electricity_gap,Electricity
SMR,0.0,1300.0,0.0,25,-1.1029727775400327e-16,0.0,0.0,2000,2024,San Marino,Europe & Central Asia,High income,0.055697625313178,-0.005223400892081464,0.05030403403037912,0.5413504977168556,no clear trend,False,electricity_gap,Electricity
SOM,1.036403361344538,743.75,569.2438789915967,20,1.2008739495798262,28.1,49.00000000000001,2004,2024,"Somalia, Fed. Rep.",Sub-Saharan Africa ,Low income,0.20620511920216714,1.0019002513902293,0.2032510128582781,4.1246766527868023e-07,gap widening,True,electricity_gap,Electricity
SRB,0.016230769230769368,1300.0,0.9375307692307956,25,0.006846153846153398,-0.4000000000000057,0.0,2000,2024,Serbia,Europe & Central Asia,Upper middle income,0.055697625313178,0.008016092649079546,0.05030403403037912,0.43669543076629624,no clear trend,False,electricity_gap,Electricity
SSD,0.7146428571428571,280.0,141.01596428571435,15,0.1103571428571384,3.0,22.1,2010,2024,South Sudan,Sub-Saharan Africa ,Low income,0.19682644519739315,0.6914877873588948,0.19425246755916498,0.00018561285901392307,gap widening,True,electricity_gap,Electricity
STP,-1.0385384615384616,1300.0,771.0236230769234,25,1.7903846153846044,23.999999999999996,3.8000000000000114,2000,2024,Sao Tome and Principe,Sub-Saharan Africa ,Lower middle income,0.16058251226929987,-1.0234983202096033,0.1591755038246437,0.9999999999361976,gap shrinking,False,electricity_gap,Electricity
SUR,-0.2932307692307691,1300.0,248.70203076923056,25,0.4079230769230717,7.200000000000003,2.9000000000000057,2000,2024,Suriname,Latin America & Caribbean ,Upper middle income,0.0912019389662946,-0.2947633733214894,0.09062053112449849,0.9994284731751605,gap shrinking,False,electricity_gap,Electricity
SVK,0.005384615384615405,1300.0,0.09990769230769496,25,-1.1029727775400327e-16,0.0,0.0,2000,2024,Slovak Republic,Europe & Central Asia,High income,0.055697625313178,-0.0008311518499901541,0.05030403403037912,0.50659125127242,no clear trend,False,electricity_gap,Electricity
SVN,0.0,1300.0,0.0,25,-1.1029727775400327e-16,0.0,0.0,2000,2024,Slovenia,Europe & Central Asia,High income,0.055697625313178,-0.005223400892081464,0.05030403403037912,0.5413504977168556,no clear trend,False,electricity_gap,Electricity
SWE,0.0,1300.0,0.0,25,-1.1029727775400327e-16,0.0,0.0,2000,2024,Sweden,Europe & Central Asia,High income,0.055697625313178,-0.005223400892081464,0.05030403403037912,0.5413504977168556,no clear trend,False,electricity_gap,Electricity
SWZ,-1.5775384615384618,1300.0,308.64652307692313,25,3.2853846153846025,44.4,3.799999999999997,2000,2024,Eswatini,Sub-Saharan Africa ,Lower middle income,0.10160032573699579,-1.5676498448853644,0.10124114196325594,1.0,gap shrinking,False,electricity_gap,Electricity
SXM,0.0,280.0,0.0,15,-1.3279652625317442e-15,0.0,0.0,2010,2024,Sint Maarten (Dutch part),Latin America & Caribbean ,High income,0.1200132895198533,-0.009023252862363338,0.11869764768385638,0.5302979297916162,no clear trend,False,electricity_gap,Electricity
SYC,-0.3876923076923079,1300.0,64.14307692307705,25,0.46069230769230807,9.200000000000005,0.0,2000,2024,Seychelles,Sub-Saharan Africa ,High income,0.055697625313178,-0.3872421043831105,0.055638229737104195,0.9999999999982987,gap shrinking,False,electricity_gap,Electricity
SYR,0.6866923076923076,1300.0,602.948176923077,25,-0.6588461538461471,12.100000000000009,38.4,2000,2024,Syrian Arab Republic,"Middle East, North Africa, Afghanistan & Pakistan",Low income,0.14200524943463372,0.6827807931253022,0.14164251287000104,7.161701732810568e-07,gap widening,False,electricity_gap,Electricity
TCA,-1.6584615384615382,1300.0,1496.9745230769227,25,1.6768461538461459,27.099999999999994,0.0,2000,2024,Turks and Caicos Islands,Latin America & Caribbean ,High income,0.2237544135008315,-1.5689572627998756,0.21555904826584668,0.9999999999998312,gap shrinking,False,electricity_gap,Electricity
TCD,0.6872161172161402,1186.9565217391305,7622.210366300365,23,0.9907032967032994,8.9,-49.0,2000,2024,Chad,Sub-Saharan Africa ,Low income,0.5529850782946277,0.5369802630033144,0.502595390887388,0.14266676278598833,no clear trend,False,electricity_gap,Electricity
TGO,1.239153846153846,1300.0,492.12706923076934,25,1.0799230769230714,32.1,62.1,2000,2024,Togo,Sub-Saharan Africa ,Lower middle income,0.12829302126529293,1.22328900987795,0.12757212019211306,4.447159616323912e-22,gap widening,True,electricity_gap,Electricity
THA,-0.7256923076923079,1300.0,403.62027692307714,25,0.7487692307692387,25.90000000000001,0.0,2000,2024,Thailand,East Asia & Pacific,Upper middle income,0.11618522245604115,-0.721612345195202,0.11567358279165106,0.9999999997788954,gap shrinking,False,electricity_gap,Electricity
TJK,-0.0796153846153846,1300.0,4.606207692307675,25,0.061153846153846815,1.7000000000000028,0.0,2000,2024,Tajikistan,Europe & Central Asia,Lower middle income,0.055697625313178,-0.07016594030014557,0.05030403403037912,0.918467537847397,gap shrinking,False,electricity_gap,Electricity
TKM,-0.00653846153846157,1300.0,0.09882307692307932,25,0.025230769230768627,0.2000000000000028,0.0,2000,2024,Turkmenistan,Europe & Central Asia,Upper middle income,0.055697625313178,-0.01055684615747806,0.05030403403037912,0.5831118513577292,no clear trend,False,electricity_gap,Electricity
TLS,-3.0205384615384614,1300.0,1431.5500230769237,25,4.455999999999981,68.39999999999999,7.900000000000006,2000,2024,Timor-Leste,East Asia & Pacific,Lower middle income,0.21881025385755612,-2.936422819160083,0.21544906392593363,1.0,gap shrinking,False,electricity_gap,Electricity
TON,-0.6265384615384615,1300.0,32.31882307692308,25,0.8050769230769208,14.0,0.0,2000,2024,Tonga,East Asia & Pacific,Upper middle income,0.055697625313178,-0.6257960623394044,0.055640970781792844,1.0,gap shrinking,False,electricity_gap,Electricity
TTO,-0.4399230769230772,1300.0,324.9903923076924,25,0.4431538461538518,19.8,0.0,2000,2024,Trinidad and Tobago,Latin America & Caribbean ,High income,0.10425566598458512,-0.43949125168905684,0.10338970414234279,0.9999893506409661,gap shrinking,False,electricity_gap,Electricity
TUN,-0.25915384615384646,1300.0,97.16946923076925,25,0.28138461538462073,12.600000000000009,0.0,2000,2024,Tunisia,"Middle East, North Africa, Afghanistan & Pakistan",Lower middle income,0.05700714888889325,-0.2590058455606953,0.05698360579576214,0.999997256749588,gap shrinking,False,electricity_gap,Electricity
TUR,0.027769230769230796,1300.0,0.4111307692307629,25,0.0005384615384611911,-0.4000000000000057,0.0,2000,2024,Turkiye,Europe & Central Asia,Upper middle income,0.055697625313178,0.017428054882132227,0.05030403403037912,0.3645006169395173,no clear trend,False,electricity_gap,Electricity
TUV,-0.07438461538461527,1300.0,32.127007692307636,25,0.2702307692307667,2.5999999999999943,0.0,2000,2024,Tuvalu,East Asia & Pacific,Upper middle income,0.055697625313178,-0.0747649250085451,0.055640970781792844,0.9104777348520614,gap shrinking,False,electricity_gap,Electricity
TZA,0.9113704600484263,1290.625,268.69147183212266,24,1.2635060532686877,31.000000000000004,51.5,2000,2024,Tanzania,Sub-Saharan Africa ,Lower middle income,0.09727820853311722,0.9043275228769501,0.09696280271471541,5.469135587525317e-21,gap widening,True,electricity_gap,Electricity
UGA,-0.23923076923076922,1300.0,438.8592307692307,25,1.8153846153846007,39.4,33.5,2000,2024,Uganda,Sub-Saharan Africa ,Low income,0.12115100596554106,-0.23860301988037944,0.12054337017682941,0.9761142598031258,gap shrinking,False,electricity_gap,Electricity
UKR,-0.03976923076923088,1300.0,1.0583307692307524,25,0.06053846153846176,1.2000000000000028,0.0,2000,2024,Ukraine,Europe & Central Asia,Upper middle income,0.055697625313178,-0.03766329738867011,0.05030403403037912,0.772984975589261,no clear trend,False,electricity_gap,Electricity
URY,-0.9716153846153848,1300.0,257.1470076923078,25,1.0131538461538436,21.200000000000003,0.7000000000000028,2000,2024,Uruguay,Latin America & Caribbean ,High income,0.09273744858998545,-0.9642886624771063,0.09212637514572457,1.0,gap shrinking,False,electricity_gap,Electricity
USA,0.0,1300.0,0.0,25,-1.1029727775400327e-16,0.0,0.0,2000,2024,United States,North America,High income,0.055697625313178,0.0,0.00984262016923269,0.5,no clear trend,False,electricity_gap,Electricity
UZB,-0.02815384615384615,1300.0,0.6919692307692268,25,0.03807692307692302,0.5,0.0,2000,2024,Uzbekistan,Europe & Central Asia,Lower middle income,0.055697625313178,-0.02818858874073022,0.05030403403037912,0.7123845380554987,no clear trend,False,electricity_gap,Electricity
VCT,-0.48269230769230775,1300.0,219.1929769230769,25,1.1188461538461538,12.099999999999994,0.0,2000,2024,St. Vincent and the Grenadines,Latin America & Caribbean ,Upper middle income,0.08562049283561701,-0.4819196882990383,0.08513888462166126,0.9999999924487367,gap shrinking,False,electricity_gap,Electricity
VEN,-0.38992307692307693,1300.0,833.0615923076922,25,0.404769230769228,8.0,0.0,2000,2024,"Venezuela, RB",Latin America & Caribbean ,Lower middle income,0.1669179190979097,-0.39091091740129175,0.1634315668376286,0.9916191494212724,gap shrinking,False,electricity_gap,Electricity
VGB,-0.05676923076923078,1300.0,4.564830769230751,25,0.16984615384615365,1.0999999999999943,0.0,2000,2024,British Virgin Islands,Latin America & Caribbean ,High income,0.055697625313178,-0.058475276671406624,0.05556440000166767,0.8536890855834072,no clear trend,False,electricity_gap,Electricity
VIR,0.0,1300.0,0.0,25,-1.1029727775400327e-16,0.0,0.0,2000,2024,Virgin Islands (U.S.),Latin America & Caribbean ,High income,0.055697625313178,-0.001977298156705792,0.05556440000166767,0.5141936452046412,no clear trend,False,electricity_gap,Electricity
VNM,-0.6095384615384614,1300.0,116.87132307692316,25,0.6530000000000012,14.399999999999991,0.0,2000,2024,Viet Nam,East Asia & Pacific,Upper middle income,0.06251991604471517,-0.608647078242923,0.062439820639786314,1.0,gap shrinking,False,electricity_gap,Electricity
VUT,-1.772769230769231,1300.0,693.4584307692307,25,2.5094615384615246,71.10000000000001,31.599999999999994,2000,2024,Vanuatu,East Asia & Pacific,Lower middle income,0.15229113453459397,-1.7500932824935385,0.15114434341830385,1.0,gap shrinking,False,electricity_gap,Electricity
WSM,-0.4929230769230768,1300.0,128.84449230769218,25,0.5883846153846151,12.899999999999991,0.0,2000,2024,Samoa,East Asia & Pacific,Upper middle income,0.06564434739365507,-0.49226974116452454,0.06555165182029611,0.9999999999999704,gap shrinking,False,electricity_gap,Electricity
YEM,-1.6330099009900991,1262.5,1457.4538957095715,24,1.75558415841584,58.0,13.700000000000005,2000,2024,"Yemen, Rep.","Middle East, North Africa, Afghanistan & Pakistan",Low income,0.22907114092417885,-1.612557178132809,0.22755780464340655,0.9999999999993116,gap shrinking,False,electricity_gap,Electricity
ZAF,-1.138923076923077,1300.0,802.2720923076926,25,1.3317692307692286,30.7,6.1000000000000085,2000,2024,South Africa,Sub-Saharan Africa ,Upper middle income,0.16380428123860727,-1.1214633300872177,0.16231166856847173,0.9999999999975651,gap shrinking,False,electricity_gap,Electricity
ZMB,1.220923076923077,1300.0,622.5292923076925,25,0.7306923076923063,42.0,49.0,2000,2024,Zambia,Sub-Saharan Africa ,Lower middle income,0.14429268058066422,1.2011715261586713,0.14326931066500376,2.5576929761604684e-17,gap widening,True,electricity_gap,Electricity
ZWE,-1.505692307692308,1300.0,851.456276923077,25,1.4766153846153725,78.10000000000001,38.49999999999999,2000,2024,Zimbabwe,Sub-Saharan Africa ,Lower middle income,0.16875069943351415,-1.480129016835013,0.16712010671978544,1.0,gap shrinking,False,electricity_gap,Electricity
ARM,-0.8917029039843545,77.2,33.2898302255654,5,1.2428638076536438,68.8095033168793,57.4391633272171,2010,2020,Armenia,Europe & Central Asia,Upper middle income,0.4384949526974883,-0.6780346382226488,0.35305191849704765,0.9726023326142897,gap shrinking,False,jobs_gap,Women's non-farm employment
BGD,0.7063693504044194,78.80000000000001,465.3665176294634,5,1.8322250413409746,44.664292037487,46.3207244873047,2005,2016,Bangladesh,South Asia,Lower middle income,1.4030522047045595,-0.4937342242680845,0.009999746016328182,1.0,gap shrinking,False,jobs_gap,Women's non-farm employment
BGR,0.5151527886949411,79.55555555555556,27.745422789727016,9,-0.4559207811702185,10.645866394043,14.792108535766598,2006,2016,Bulgaria,Europe & Central Asia,High income,0.43195448982490914,0.23942483470238288,0.3496112126605069,0.24672507039570307,no clear trend,False,jobs_gap,Women's non-farm employment
BOL,-0.1387436706293091,840.55,320.2794392192359,20,0.3134952174348637,78.7393376231193,68.5758650302887,2000,2021,Bolivia,Latin America & Caribbean ,Lower middle income,0.14549447471775048,-0.1375448161278747,0.14060911188359332,0.8360140200449271,no clear trend,False,jobs_gap,Women's non-farm employment
BRA,-1.8599875233047067,768.9500000000003,348.12316696715726,20,2.0648000599449072,64.1133785247803,37.84862160682679,2001,2021,Brazil,Latin America & Caribbean ,Upper middle income,0.15859195751893293,-1.725204820762732,0.15232359060179718,1.0,gap shrinking,False,jobs_gap,Women's non-farm employment
BTN,-0.573873951291121,110.75,13.719185755377872,4,0.8006325163972956,83.1652257591486,73.6024931073189,2003,2017,Bhutan,South Asia,Lower middle income,0.36610139311951523,-0.49385489018170947,0.009996271584507067,1.0,gap shrinking,False,jobs_gap,Women's non-farm employment
BWA,-1.3653862325451058,98.75,352.5535161433131,4,1.3123625139646447,27.1490216255188,2.02066302299499,2002,2015,Botswana,Sub-Saharan Africa ,Upper middle income,1.3360692700591994,-1.1893939110056295,1.138171407991067,0.8519894877069323,no clear trend,False,jobs_gap,Women's non-farm employment
CHL,-0.4771730382670705,245.5,30.30110982076105,8,0.49092801792312235,33.496993780136094,25.173157453536998,2000,2017,Chile,Latin America & Caribbean ,High income,0.24589375595039234,-0.41726550133062296,0.22428921332062518,0.9685848446882415,gap shrinking,False,jobs_gap,Women's non-farm employment
CHN,-2.5678518854207795,73.2,393.0473213103637,5,2.5464189834282247,73.2252031564712,42.0324802398682,2002,2013,China,East Asia & Pacific,Upper middle income,1.3378463943972252,-1.5865357263493602,0.8054529881692467,0.9755661081953843,gap shrinking,False,jobs_gap,Women's non-farm employment
CMR,-0.35980386866463115,90.0,42.12102435294984,4,0.49317806959150967,69.4479957222938,65.49881845712659,2001,2014,Cameroon,Sub-Saharan Africa ,Lower middle income,0.4837413470541063,-0.3769871541445325,0.4721846012674393,0.7876777074995147,no clear trend,False,jobs_gap,Women's non-farm employment
COL,0.40332752344151845,849.8,51.74309355816602,20,-0.38545993909636256,30.7595610618591,34.3072414398194,2000,2021,Colombia,Latin America & Caribbean ,Upper middle income,0.13216452077747637,0.3744495246859555,0.12847046176442656,0.0017803008647115674,gap widening,False,jobs_gap,Women's non-farm employment
CRI,0.021368769990865996,885.5,56.23989836332752,22,-0.07947120607272107,4.2213976383209,9.6251547336578,2000,2021,Costa Rica,Latin America & Caribbean ,High income,0.12947292698692592,0.013842951419958309,0.12599417029321086,0.4562563258469517,no clear trend,False,jobs_gap,Women's non-farm employment
CYP,-0.3187872763651857,142.72727272727275,2.786603439055636,11,0.34563325392975675,4.7105312347412,1.24053955078119,2005,2016,Cyprus,Europe & Central Asia,High income,0.32249260866576973,-0.31094988970740295,0.2835561050168091,0.8635936028789921,no clear trend,False,jobs_gap,Women's non-farm employment
CZE,0.08795606238501322,280.0,10.06622240593915,15,0.03918700984547276,4.0090560913086,3.9268434047698,2002,2016,Czechia,Europe & Central Asia,High income,0.2302471341327658,0.03952029304807158,0.21474378668694963,0.4269931445422553,no clear trend,False,jobs_gap,Women's non-farm employment
DEU,-0.14413783044526088,82.5,4.50189079585817,10,0.23849935242625916,3.49152684211739,1.84272527694699,2002,2011,Germany,Europe & Central Asia,High income,0.42417617805439106,-0.19131970349017613,0.3454485410065075,0.710152341127433,no clear trend,False,jobs_gap,Women's non-farm employment
DJI,-0.43944622340965006,12.666666666666668,7.708202469760561,3,0.5018925980517622,7.779854536056501,6.0330092906952,2012,2017,Djibouti,"Middle East, North Africa, Afghanistan & Pakistan",Lower middle income,1.0825353273940757,-0.4872331460588316,0.3593984471235227,0.9124012062342899,gap shrinking,False,jobs_gap,Women's non-farm employment
DNK,-0.0037513263932935394,182.0,5.0948416429754815,13,0.08034892789608968,0.787889957428,2.1998584270477,2004,2016,Denmark,Europe & Central Asia,High income,0.2855864217208348,-0.05623032712097491,0.2574882899241467,0.5864335283996625,no clear trend,False,jobs_gap,Women's non-farm employment
DOM,-0.05234496934073537,227.5,11.926509725063521,14,0.04771271904746066,6.22734427452089,5.0617158412933,2000,2013,Dominican Republic,Latin America & Caribbean ,Upper middle income,0.2554362609674837,-0.06455462243848739,0.23146003374750168,0.6098399104093211,no clear trend,False,jobs_gap,Women's non-farm employment
ECU,0.017498517920069453,706.8000000000001,407.34140621169354,20,-0.10033695371930967,50.2702116966248,60.654565691947894,2000,2021,Ecuador,Latin America & Caribbean ,Upper middle income,0.17893477691613807,0.004159673051137611,0.17007291424035148,0.49024357273315383,no clear trend,False,jobs_gap,Women's non-farm employment
EGY,-1.8005971760436519,241.4285714285714,339.13079886414647,14,2.4594439310435554,57.46636539697649,33.8072836399079,2005,2019,"Egypt, Arab Rep.","Middle East, North Africa, Afghanistan & Pakistan",Lower middle income,0.3421359113809318,-1.2169551221023418,0.2545640300685787,0.9999991259023798,gap shrinking,False,jobs_gap,Women's non-farm employment
ESP,-0.17245740574949012,408.0,106.06056625930542,17,0.22396811959790575,12.98831701278689,8.5637509822845,2000,2016,Spain,Europe & Central Asia,High income,0.19074061008792031,-0.18286579977424944,0.18164392027318726,0.8429669564776776,no clear trend,False,jobs_gap,Women's non-farm employment
EST,-0.5399174257820721,408.0,76.48937457987702,17,0.5531791232380193,15.0858581066131,5.1776707172393,2000,2016,Estonia,Europe & Central Asia,High income,0.19074061008792031,-0.5161122195538834,0.18164392027318726,0.9977537838030837,gap shrinking,False,jobs_gap,Women's non-farm employment
ETH,-0.9656771862041076,205.42857142857144,120.60587058256931,7,0.8345190306117567,76.1123076081276,57.116007804870605,2004,2021,Ethiopia,Sub-Saharan Africa ,Low income,0.34266425136340933,-0.9598088817435239,0.3384823024930682,0.9977131943931901,gap shrinking,False,jobs_gap,Women's non-farm employment
FIN,-0.07393389612763729,182.0,4.838895212197752,13,-0.004342624119339209,4.9044191837310995,3.507912158966,2004,2016,Finland,Europe & Central Asia,High income,0.2855864217208348,-0.11328209700618817,0.2574882899241467,0.670013513589893,no clear trend,False,jobs_gap,Women's non-farm employment
FRA,-0.2898186948465178,177.66666666666666,3.4420518527063755,12,0.3367067501647528,7.6668381690979,4.5700788497925,2004,2016,France,Europe & Central Asia,High income,0.28904820171050055,-0.28875537356606557,0.2600168831271081,0.8666136723819546,no clear trend,False,jobs_gap,Women's non-farm employment
GBR,-0.08319188301225407,129.63636363636363,12.44341726688983,11,0.1313626975197295,3.08800339698799,1.70487165451049,2005,2016,United Kingdom,Europe & Central Asia,High income,0.3383840069372165,-0.1322915225978739,0.294177785102472,0.6735363356439694,no clear trend,False,jobs_gap,Women's non-farm employment
GEO,-1.094414934860687,17.200000000000003,22.422884329617663,5,0.8314673810502989,73.16056191921241,64.2734497785569,2008,2013,Georgia,Europe & Central Asia,Upper middle income,0.9289856927259151,-0.5200771718327932,0.5012129099755718,0.8502805091512944,no clear trend,False,jobs_gap,Women's non-farm employment
GHA,-0.2344430934998306,62.0,1.279450925193589,3,0.7294714931519282,55.8400362730026,53.01234722137449,2005,2016,Ghana,Sub-Saharan Africa ,Lower middle income,0.48930246561911356,-0.2580530847743259,0.477352372168216,0.7056057359162325,no clear trend,False,jobs_gap,Women's non-farm employment
GIN,-1.2465770542621624,50.0,0.050303970839189804,3,0.29501870274547165,86.05202138423923,73.5862508416176,2002,2012,Guinea,Sub-Saharan Africa ,Lower middle income,0.5448641661437925,-1.2156568271410346,0.5285059296618057,0.9892808837364959,gap shrinking,False,jobs_gap,Women's non-farm employment
GMB,-0.09244772829586874,158.0,352.6422073293509,4,1.2469894712483793,55.0825834274292,50.5061447620392,2003,2020,"Gambia, The",Sub-Saharan Africa ,Low income,1.0563883529782372,-0.21311578558045735,0.9500846814298217,0.5887428901793789,no clear trend,False,jobs_gap,Women's non-farm employment
GRC,0.3203381548871054,182.0,61.509581344554555,13,-0.45131936178101084,21.120792627334602,27.728039026260397,2004,2016,Greece,Europe & Central Asia,High income,0.2855864217208348,0.20722366976479967,0.2574882899241467,0.2104708076908154,no clear trend,False,jobs_gap,Women's non-farm employment
GTM,-0.2799338373269226,73.33333333333333,12.51669048507254,6,0.03885347734790555,28.0083060264587,25.2837657928467,2000,2011,Guatemala,Latin America & Caribbean ,Upper middle income,0.44990677788007855,-0.21566275193919238,0.34752481204923635,0.7325580258280531,no clear trend,False,jobs_gap,Women's non-farm employment
HND,0.429397310112032,408.0,130.21658779027064,17,-0.4433841535857972,11.35873794555659,23.13638925552359,2001,2017,Honduras,Latin America & Caribbean ,Lower middle income,0.19074061008792031,0.3698123933433429,0.18011213453903024,0.020024934808186786,gap widening,False,jobs_gap,Women's non-farm employment
HRV,-0.5496306078774686,17.5,3.65927369403239,6,0.48356260572157367,7.30220675468449,3.6759614944458,2011,2016,Croatia,Europe & Central Asia,High income,0.9209885365310632,-0.36244656845786627,0.4999453701529208,0.7657655024421044,no clear trend,False,jobs_gap,Women's non-farm employment
HUN,0.08484534509889809,182.0,8.906602788529296,13,-0.07023519867067593,5.28018474578859,5.5482029914856,2004,2016,Hungary,Europe & Central Asia,High income,0.2855864217208348,0.01579036026196216,0.2574882899241467,0.4755503593187097,no clear trend,False,jobs_gap,Women's non-farm employment
IDN,-1.0747990079392178,665.0,52.04688229953945,20,1.3835217092269394,57.3241084814072,37.6991808414459,2000,2019,Indonesia,East Asia & Pacific,Upper middle income,0.14940406924121027,-1.0738076469889786,0.1477919176065613,0.9999999999998144,gap shrinking,False,jobs_gap,Women's non-farm employment
IND,-0.24207990315303138,253.5,27.16834144254539,8,0.7745725457249883,65.6874060630798,65.93239605426791,2004,2019,India,South Asia,Lower middle income,0.24198267153453815,-0.49336604693447983,0.009991472030350558,1.0,gap shrinking,False,jobs_gap,Women's non-farm employment
IRL,-0.13801634548605984,176.1,5.375265968375218,10,0.13932428665962043,3.5085022449493,2.3384809494018,2004,2016,Ireland,Europe & Central Asia,High income,0.2903311076302359,-0.16611552929125592,0.26094957161868465,0.7378010853270751,no clear trend,False,jobs_gap,Women's non-farm employment
ISL,-0.35281119924602855,82.5,13.452967495952192,10,0.4183870734590408,8.4643721580506,4.248911142349289,2004,2013,Iceland,Europe & Central Asia,High income,0.42417617805439106,-0.32972133303580126,0.3454485410065075,0.8300778853223907,no clear trend,False,jobs_gap,Women's non-farm employment
ITA,-0.19448998512006108,408.0,40.97573354283244,17,0.3338640227037249,6.4770877361296995,4.114079475402789,2000,2016,Italy,Europe & Central Asia,High income,0.19074061008792031,-0.20284696178774514,0.18164392027318726,0.8679448084606396,no clear trend,False,jobs_gap,Women's non-farm employment
JOR,-0.1969207018817349,159.63636363636363,29.553530869856715,11,0.303326686313877,4.45730686187739,4.7468602657318,2002,2016,Jordan,"Middle East, North Africa, Afghanistan & Pakistan",Upper middle income,0.30493504270305904,-0.31258254966980464,0.23807531856262776,0.905401205681976,gap shrinking,False,jobs_gap,Women's non-farm employment
KAZ,1.3232547303900206,26.833333333333336,16.682244807396685,6,-1.335448730066138,22.30229973793029,28.5525798797608,2011,2017,Kazakhstan,Europe & Central Asia,Upper middle income,0.7437653401070401,0.34342514454597317,0.46475738060846195,0.2299734630251593,no clear trend,False,jobs_gap,Women's non-farm employment
KGZ,-1.0922577738928565,458.35714285714295,12540.55271422868,14,1.0285552285144193,57.5177699327468,33.38863849639899,2002,2020,Kyrgyz Republic,Europe & Central Asia,Lower middle income,1.5099609441538546,-0.3929374211566891,0.55380337089147,0.7610006757258847,no clear trend,False,jobs_gap,Women's non-farm employment
KHM,0.7669014250573916,81.5,299.5496934241728,6,1.575312347499648,38.0930483341217,38.6166214942932,2001,2012,Cambodia,East Asia & Pacific,Lower middle income,0.9585739878894058,-0.08508101224308467,0.6948795562201475,0.5487246961594517,no clear trend,False,jobs_gap,Women's non-farm employment
KOR,-1.3948860187156509,398.4375,23.02313262080634,16,1.46848915604978,36.59905195236199,12.6696407794952,2001,2017,"Korea, Rep.",East Asia & Pacific,High income,0.1930159264537337,-1.381950084988968,0.1895768430009883,0.9999999999998447,gap shrinking,False,jobs_gap,Women's non-farm employment
LAO,0.2996379137039105,50.0,6.679177888222192,3,0.3111112117767791,49.8961359262467,52.892515063285806,2002,2012,Lao PDR,East Asia & Pacific,Lower middle income,0.5448641661437925,-0.0003498229995231826,0.4794025503414531,0.5002911106181684,no clear trend,False,jobs_gap,Women's non-farm employment
LBR,-0.8256077919250822,48.75,240.67829848804234,4,0.6517766225032461,55.7145476341247,56.404209136962905,2007,2016,Liberia,Sub-Saharan Africa ,Low income,1.5711446047732611,-0.7906537057801476,1.2732414689142355,0.7326926316766417,no clear trend,False,jobs_gap,Women's non-farm employment
LKA,-0.6211726417438026,507.0,66.46916378745844,16,0.6712174098167193,41.9352829456329,28.41339707374569,2000,2019,Sri Lanka,South Asia,Upper middle income,0.17110758797170886,-0.4942287718806284,0.00998296584143457,1.0,gap shrinking,False,jobs_gap,Women's non-farm employment
LSO,1.2930148469117337,164.75,101.00173292155856,4,-1.2242961544910878,0.16664862632759,15.565931797027499,2002,2018,Lesotho,Sub-Saharan Africa ,Lower middle income,0.5536517833279975,1.170091693340389,0.5365140722258356,0.014594844743714287,gap widening,False,jobs_gap,Women's non-farm employment
LTU,-2.4773027215685177,227.5,1272.82021723179,14,2.5411771155974527,54.33433353900901,9.00609493255609,2003,2016,Lithuania,Europe & Central Asia,High income,0.6828136728321398,-1.2312908205719613,0.4487067735569235,0.9969660354615555,gap shrinking,False,jobs_gap,Women's non-farm employment
LUX,-0.14732188708570712,338.93333333333334,48.7182850342669,15,0.18345323324578058,3.0196845531464,0.9754419326781999,2000,2016,Luxembourg,Europe & Central Asia,High income,0.20927440099923184,-0.16238274430952762,0.19742966294104308,0.7945992632066928,no clear trend,False,jobs_gap,Women's non-farm employment
LVA,-0.587721573454993,280.0,39.440268379327094,15,0.6276047229766702,16.2898063659668,9.14433002471919,2002,2016,Latvia,Europe & Central Asia,High income,0.2302471341327658,-0.5482292388566394,0.21474378668694963,0.9946591934869176,gap shrinking,False,jobs_gap,Women's non-farm employment
MDA,-1.8564160493825312,790.952380952381,11528.49699487369,21,1.545722142247586,67.7674025297165,17.19115376472469,2000,2021,Moldova,Europe & Central Asia,Upper middle income,0.8758593610673464,-0.7810147774807208,0.4923364066210656,0.9436693226026529,gap shrinking,False,jobs_gap,Women's non-farm employment
MDG,0.40842013863416926,26.0,213.83213075499265,3,1.4504581116712716,41.0084888339043,48.834615945816104,2005,2012,Madagascar,Sub-Saharan Africa ,Low income,2.8678062558941932,-0.3107857849796586,1.7320489624840707,0.5712009224105351,no clear trend,False,jobs_gap,Women's non-farm employment
MEX,-0.39807848166797327,282.35714285714283,30.34031356864445,14,0.40137565440537876,20.21463513374329,12.6583814620971,2005,2020,Mexico,Latin America & Caribbean ,Upper middle income,0.22928405805317884,-0.3566356293851572,0.21147049956456634,0.9541459695927779,gap shrinking,False,jobs_gap,Women's non-farm employment
MMR,-0.0728833292604253,72.66666666666666,6.855085463769456,3,0.04073611093223576,55.5824995040894,55.062556266784604,2005,2017,Myanmar,East Asia & Pacific,Lower middle income,0.4519658585594426,-0.23266247374869534,0.4124593421096904,0.7136521422684894,no clear trend,False,jobs_gap,Women's non-farm employment
MNG,-0.3504748065840185,139.875,331.9333298828322,8,1.3281852419724498,61.4481985569,50.38576722145089,2002,2016,Mongolia,East Asia & Pacific,Upper middle income,0.6288973379191092,-0.5402769623644328,0.5336789531531453,0.8443177997875361,no clear trend,False,jobs_gap,Women's non-farm employment
MOZ,1.6414971068678847,84.0,33.59827472588494,4,0.30563954219581035,34.7203398123384,51.77813433110716,2002,2014,Mozambique,Sub-Saharan Africa ,Low income,0.4472021137150627,1.5454050804898691,0.4380238850784418,0.0002092535171530244,gap widening,True,jobs_gap,Women's non-farm employment
MRT,-4.271148068604073,107.0,181.59029797543712,4,4.955721702252474,68.502376973629,13.7102782726287,2000,2014,Mauritania,Sub-Saharan Africa ,Lower middle income,0.9211692538712652,-3.7308513145856614,0.848121694705278,0.9999945613945738,gap shrinking,False,jobs_gap,Women's non-farm employment
MWI,-0.2485188416072297,78.75,99.45205838886369,4,-0.9419861577806073,44.41445022821431,45.43311819434171,2004,2016,Malawi,Sub-Saharan Africa ,Low income,0.794633022573448,-0.3045688539244467,0.7463058638290008,0.6584005737600536,no clear trend,False,jobs_gap,Women's non-farm employment
NAM,-4.343190536183226,21.200000000000003,705.2243802951468,5,4.577370156657355,50.98719000816341,12.2139573097229,2009,2015,Namibia,Sub-Saharan Africa ,Lower middle income,3.329929977107539,-1.8048780807983955,1.8199050782734023,0.8393385398151612,no clear trend,False,jobs_gap,Women's non-farm employment
NGA,-1.8247246668572419,134.83333333333331,764.4461600337216,6,5.384160731130139,28.232964873313897,10.923171043396,2003,2018,Nigeria,Sub-Saharan Africa ,Lower middle income,1.190542272416693,-1.5705803239276979,1.0441252218244055,0.9337359443302037,gap shrinking,False,jobs_gap,Women's non-farm employment
NIC,0.197966208033805,92.75,19.789726885773764,4,-0.1696264004771447,26.338160037994392,27.720177173614502,2001,2014,Nicaragua,Latin America & Caribbean ,Lower middle income,0.40005185617207495,0.08700967261246186,0.32295011580933136,0.39380270965642333,no clear trend,False,jobs_gap,Women's non-farm employment
NOR,-0.31421662686945045,182.0,22.732262792009013,13,0.22405202572159402,1.53214335441589,-1.0580122470856002,2004,2016,Norway,Europe & Central Asia,High income,0.2855864217208348,-0.3086091577502225,0.2574882899241467,0.8846459220998948,no clear trend,False,jobs_gap,Women's non-farm employment
NPL,-0.45749940848968984,77.0,140.75811575937382,4,0.5573398010297206,41.69187024235721,29.667796939611492,2003,2014,Nepal,South Asia,Lower middle income,0.9560406574498976,-0.4937912173353931,0.009999453007154331,1.0,gap shrinking,False,jobs_gap,Women's non-farm employment
PAK,-0.19093752976921874,407.23076923076917,90.40160238936814,13,0.08293802744045096,69.937726855278,63.352239131927504,2001,2020,Pakistan,"Middle East, North Africa, Afghanistan & Pakistan",Lower middle income,0.19092067300924914,-0.2515918681535334,0.17069000882155083,0.9297550992643397,gap shrinking,False,jobs_gap,Women's non-farm employment
PAN,0.8007281131507572,706.8,299.2251387785388,20,-0.822346009436366,5.254065990448,31.183761358261098,2000,2021,Panama,Latin America & Caribbean ,High income,0.15336085304439748,0.7336318534321233,0.1476709237889187,3.38202884247553e-07,gap widening,False,jobs_gap,Women's non-farm employment
PER,-0.12065665626292436,766.4210526315791,11.987702349710867,19,-0.11121926276897402,65.2258902788162,62.787616252899205,2000,2021,Peru,Latin America & Caribbean ,Upper middle income,0.13916804809229563,-0.12065241654375837,0.13487445629577652,0.8144870899726008,no clear trend,False,jobs_gap,Women's non-farm employment
PHL,-0.9648493791031043,652.1052631578948,172.55918541350792,19,1.0766473044494531,39.321988821029606,17.6885664463043,2000,2019,Philippines,East Asia & Pacific,Upper middle income,0.15087399709696658,-0.9662445212920762,0.1492143210543791,0.9999999999527658,gap shrinking,False,jobs_gap,Women's non-farm employment
POL,-1.5245772152425596,522.2777777777778,1290.9150807437977,18,1.60594568926147,48.95741939544679,22.04475998878479,2000,2019,Poland,Europe & Central Asia,High income,0.39304119545544786,-1.1480244893078155,0.3279974563328273,0.9997674597495622,gap shrinking,False,jobs_gap,Women's non-farm employment
PRT,-0.7383689448073641,182.0,32.40736470314636,13,1.1182305904534127,11.3540649414063,4.596537351608291,2004,2016,Portugal,Europe & Central Asia,High income,0.2855864217208348,-0.6534047463254311,0.2574882899241467,0.9944193786807366,gap shrinking,False,jobs_gap,Women's non-farm employment
PRY,-0.5483027240809275,403.75,177.6660837157604,16,0.6575201161136836,45.2484726905823,39.84695672988889,2001,2017,Paraguay,Latin America & Caribbean ,Upper middle income,0.19174188001264278,-0.501529842724394,0.18095445946020092,0.9972107557505475,gap shrinking,False,jobs_gap,Women's non-farm employment
PSE,-0.19185055742870144,328.91666666666663,278.3617124783806,12,1.1443004733192101,13.1375312805176,12.3562514781952,2000,2017,West Bank and Gaza,"Middle East, North Africa, Afghanistan & Pakistan",Lower middle income,0.29091211624871044,-0.3028140451931994,0.23121938172172146,0.9048410975155703,gap shrinking,False,jobs_gap,Women's non-farm employment
ROU,-1.924446909129783,333.33333333333326,4891.806046011739,15,2.3336246833204997,78.7713259458542,39.99227881431579,2001,2016,Romania,Europe & Central Asia,High income,1.062486855594177,-0.6761111418538002,0.5193302551237389,0.9035230951461575,gap shrinking,False,jobs_gap,Women's non-farm employment
RUS,-0.8268215366311965,74.0,3.073405816241486,4,0.821119385796588,14.9050712585449,6.8452715873717995,2005,2016,Russian Federation,Europe & Central Asia,High income,0.4478755856650872,-0.6307049562571502,0.35789309888763493,0.9609883165608661,gap shrinking,False,jobs_gap,Women's non-farm employment
RWA,-0.8160834917659329,325.875,308.7029546048774,8,1.6823840635857379,74.45427607744935,54.8946350812912,2000,2021,Rwanda,Sub-Saharan Africa ,Low income,0.39734636630906056,-0.8130975228485914,0.39086656437666073,0.9812483853539562,gap shrinking,False,jobs_gap,Women's non-farm employment
SEN,0.9993375524091458,50.66666666666667,52.77580820011969,3,-1.0318805904767527,61.920192837715106,70.7350790500641,2001,2011,Senegal,Sub-Saharan Africa ,Lower middle income,1.0206016820598596,0.6879660459347213,0.9237982059130444,0.2282221242517759,no clear trend,False,jobs_gap,Women's non-farm employment
SLE,9.194353395257112,121.0,2674.3805654419693,4,-3.5978145897386504,-65.66216796636577,67.9101184010506,2003,2018,Sierra Leone,Sub-Saharan Africa ,Low income,3.3243284075630153,2.2457127540826742,1.8189890274621325,0.10849084053843544,no clear trend,False,jobs_gap,Women's non-farm employment
SLV,0.05792527069076382,450.9333333333333,37.80955983313764,15,-0.09200590415369796,9.4225108623504,9.6609592437744,2000,2017,El Salvador,Latin America & Caribbean ,Upper middle income,0.18143333308824813,0.04024435626585062,0.17221397315173542,0.4076135632136594,no clear trend,False,jobs_gap,Women's non-farm employment
STP,-1.1164935892575372,146.0,6.923747200575464,3,1.0242258032707592,32.64084458351131,14.03763890266419,2000,2017,Sao Tome and Principe,Sub-Saharan Africa ,Lower middle income,0.31885763535766276,-1.10821742429543,0.31547989424137074,0.9997782935230948,gap shrinking,False,jobs_gap,Women's non-farm employment
SVK,-0.062113437619235955,143.0,1.7387298072308857,12,0.09917987810146534,2.1479249000549,1.7564058303833001,2005,2016,Slovak Republic,Europe & Central Asia,High income,0.3221849355710795,-0.1124397198814177,0.2833468922272995,0.6542525100746374,no clear trend,False,jobs_gap,Women's non-farm employment
SWE,0.08237489632197519,182.0,15.18110217732901,13,-0.11753731376520077,0.5752921104431999,0.52490234375,2004,2016,Sweden,Europe & Central Asia,High income,0.2855864217208348,0.013782119816111953,0.2574882899241467,0.4786567146053721,no clear trend,False,jobs_gap,Women's non-farm employment
TGO,-3.9375760027621935,40.66666666666667,9.964909442049539,3,4.392184634678463,60.95756888389581,25.80518126487729,2006,2015,Togo,Sub-Saharan Africa ,Lower middle income,0.6041627720916267,-3.7070054897556672,0.5820869312433035,0.9999999999045409,gap shrinking,False,jobs_gap,Women's non-farm employment
THA,-1.186152906604534,878.9523809523811,58.58353775515276,21,0.9202626239040804,55.0335228443146,31.636273860931407,2000,2021,Thailand,East Asia & Pacific,Upper middle income,0.1299542764312802,-1.1835810593011211,0.12888915441889848,1.0,gap shrinking,False,jobs_gap,Women's non-farm employment
TJK,-1.3890796978220137,50.66666666666667,1.891980152302452,3,2.752735779473617,64.6185293793678,50.5045980215072,2003,2013,Tajikistan,Europe & Central Asia,Lower middle income,0.5412676636970378,-0.889056035635495,0.40047298360199945,0.9867911257147388,gap shrinking,False,jobs_gap,Women's non-farm employment
TLS,1.5764998183363954,42.0,16.92057189164827,3,0.4720068048862769,36.57085001468659,49.65997934341429,2001,2010,Timor-Leste,East Asia & Pacific,Lower middle income,0.6347210090464619,0.8376437915023707,0.5372238876625611,0.05947357722021143,gap widening,True,jobs_gap,Women's non-farm employment
TUN,-0.9364551238209793,158.8,53.96254365755327,5,1.0249470620972452,59.5729231834412,46.7191100120544,2000,2015,Tunisia,"Middle East, North Africa, Afghanistan & Pakistan",Lower middle income,0.3365583191957749,-0.7421600107507742,0.2522413554764217,0.9983708763276736,gap shrinking,False,jobs_gap,Women's non-farm employment
TUR,-0.5240356758400642,227.5,14.47432909576828,14,0.7395235490013404,80.2660524845124,72.5271508097649,2000,2013,Turkiye,Europe & Central Asia,Upper middle income,0.2554362609674837,-0.4867496384080966,0.23473823172952438,0.9809410577724808,gap shrinking,False,jobs_gap,Women's non-farm employment
TZA,0.31912687948987134,246.875,219.3426090525076,8,0.6125443717346846,54.42639067769054,61.3170266151428,2000,2020,Tanzania,Sub-Saharan Africa ,Lower middle income,0.3848108607049193,0.28742085512981125,0.378916282908214,0.22406570599215947,no clear trend,False,jobs_gap,Women's non-farm employment
UGA,-1.045679721620775,124.0,62.417231341867705,6,0.18020364786345755,65.2958691120148,52.963717281818404,2002,2016,Uganda,Sub-Saharan Africa ,Low income,0.3547410213402271,-1.0373249891888423,0.3501072024399349,0.9984761141683612,gap shrinking,False,jobs_gap,Women's non-farm employment
UKR,-0.13312724745198024,142.72727272727275,2.7568841867024894,11,-0.007225518014016797,0.11702775955209,-1.7191827297211,2002,2013,Ukraine,Europe & Central Asia,Upper middle income,0.32249260866576973,-0.1674151958165183,0.2835561050168091,0.7225430839187518,no clear trend,False,jobs_gap,Women's non-farm employment
URY,-0.640463991200223,340.0,89.14519741529601,16,0.6872406645732613,54.0789753198624,40.0455713272095,2006,2021,Uruguay,Latin America & Caribbean ,High income,0.20894586955490282,-0.5743096484444602,0.1951995127456938,0.9983703817058043,gap shrinking,False,jobs_gap,Women's non-farm employment
USA,0.06951146751473218,288.90909090909093,1.0968075622447482,11,-0.06118263929725496,1.1377036571502,2.3315966129303,2000,2018,United States,North America,High income,0.22666926954666078,0.06951146751473218,0.15918558442698874,0.3311755760226502,no clear trend,False,jobs_gap,Women's non-farm employment
XKX,-2.5190577921220796,118.0,615.2482914808547,8,2.415024426023905,42.8460657596588,1.27649307250979,2005,2017,Kosovo,Europe & Central Asia,Upper middle income,0.9321988854201706,-0.9315955732599654,0.5017156932915431,0.9683315936110125,gap shrinking,False,jobs_gap,Women's non-farm employment
ZAF,-0.976611645927169,712.0,337.73837131899177,18,0.9955212697107692,36.32220029830939,9.83515977859499,2000,2020,South Africa,Sub-Saharan Africa ,Upper middle income,0.17218297772844438,-0.9750343834962039,0.17164506536106464,0.9999999932859722,gap shrinking,False,jobs_gap,Women's non-farm employment
ZMB,-2.0207533162736664,145.42857142857144,3210.1267473726157,7,1.9898776418743773,74.06003810465333,76.148783415556,2002,2015,Zambia,Sub-Saharan Africa ,Lower middle income,2.1011217525827686,-1.3941245545994312,1.5105487757512304,0.8219770830375062,no clear trend,False,jobs_gap,Women's non-farm employment
ZWE,-0.43144219500177045,136.0,73.57353574548316,4,0.15073762658762083,91.06083214282987,82.68194049596785,2001,2017,Zimbabwe,Sub-Saharan Africa ,Lower middle income,0.5200874351883026,-0.4472787065946723,0.5058042232927589,0.8117307389533477,no clear trend,False,jobs_gap,Women's non-farm employment
