iso3,kappa_hat,se,n_pairs,gap_first,gap_last,year_first,year_last,resid_sd,country_name,region_name,income_level_name,kappa_post,kappa_post_sd,region_mu,region_tau,p_converging,half_life_years,verdict,series,label
AFG,0.011943040169471923,0.026223432007531775,24,25.12782576221467,19.9530151403068,2000,2024,4.498589689428798,Afghanistan,"Middle East, North Africa, Afghanistan & Pakistan",Low income,0.02310745809859405,0.02189063494515323,0.04877075133203485,0.03975828843080571,0.8544214078181056,,no clear trend,infra_gap,Time-tax infrastructure (composite)
AGO,-0.0009652226318860792,0.008275795851636035,22,48.76354085789882,50.70406619960431,2000,2022,1.9806986433658582,Angola,Sub-Saharan Africa ,Lower middle income,-0.0010032382399522964,0.007688020641795818,-0.0012427037828369365,0.020770660806232147,0.44808792008983556,,no clear trend,infra_gap,Time-tax infrastructure (composite)
ALB,0.042491698336034056,0.018105451273463025,24,17.397022104552796,0.5335493097945042,2000,2024,1.144745899937522,Albania,Europe & Central Asia,Upper middle income,0.048001616167571905,0.015077162099273013,0.06046616030058946,0.027231714961864703,0.9992730476930117,14.44008006189195,converging,infra_gap,Time-tax infrastructure (composite)
ARG,0.05599750606068142,0.011905382125488953,16,17.164557591879824,7.5017408624979005,2000,2016,0.5625969802184064,Argentina,Latin America & Caribbean ,Upper middle income,0.04601888331522059,0.009980208419501677,0.02242922586928334,0.018304962971916684,0.9999979964547467,15.062233818496182,converging,infra_gap,Time-tax infrastructure (composite)
ARM,0.061843030236584516,0.009523381964717808,24,15.580322920864225,5.818568296709766,2000,2024,0.40107285348895416,Armenia,Europe & Central Asia,Upper middle income,0.06169298724109897,0.008989517805463991,0.06046616030058946,0.027231714961864703,0.999999999996623,11.235429042381995,converging,infra_gap,Time-tax infrastructure (composite)
AZE,0.08058977994361143,0.0030559512420582757,24,26.852022391505848,2.2377800410263355,2000,2024,0.20805966438333515,Azerbaijan,Europe & Central Asia,Upper middle income,0.08033950702064692,0.003036888698992095,0.06046616030058946,0.027231714961864703,1.0,8.627725091489662,converging,infra_gap,Time-tax infrastructure (composite)
BDI,-0.04362909449107831,0.04291865150122227,24,10.372907926556168,31.042102992267004,2000,2024,3.462404030315053,Burundi,Sub-Saharan Africa ,Low income,-0.00928620787533525,0.018696292464517508,-0.0012427037828369365,0.020770660806232147,0.3097048492149522,,no clear trend,infra_gap,Time-tax infrastructure (composite)
BEN,0.005273906344065791,0.017125910268343578,24,21.06951359628325,19.982860679159295,2000,2024,1.8619043938577875,Benin,Sub-Saharan Africa ,Lower middle income,0.002636600319256433,0.01321355593671458,-0.0012427037828369365,0.020770660806232147,0.5790788557188064,,no clear trend,infra_gap,Time-tax infrastructure (composite)
BFA,-0.02397082038517905,0.011263921043148618,24,29.826177118659054,49.04523996033516,2000,2024,1.9336984020020738,Burkina Faso,Sub-Saharan Africa ,Low income,-0.018805730075538745,0.009901649496138674,-0.0012427037828369365,0.020770660806232147,0.028765658964647556,,diverging,infra_gap,Time-tax infrastructure (composite)
BGD,0.04672599792597228,0.027161284826552487,24,31.101894482679104,-0.044691021815898,2000,2024,3.0991319582819967,Bangladesh,South Asia,Lower middle income,0.0599057024157775,0.008259259024813035,0.061248542415079175,0.00866981055901397,0.9999999999997964,11.57063772909521,converging,infra_gap,Time-tax infrastructure (composite)
BGR,0.04090395021968305,0.006992409798603363,24,6.071091816300334,1.7485119094061663,2000,2024,0.14462692491154705,Bulgaria,Europe & Central Asia,High income,0.042113967894140764,0.006772700804576743,0.06046616030058946,0.027231714961864703,0.9999999997485454,16.45884287850211,converging,infra_gap,Time-tax infrastructure (composite)
BIH,-0.001136240811435606,0.007057805698347408,23,14.01832405104565,14.5309192228741,2000,2023,0.4651165958852356,Bosnia and Herzegovina,Europe & Central Asia,Upper middle income,0.00274126589828361,0.006832072266756138,0.06046616030058946,0.027231714961864703,0.6558764095197659,,no clear trend,infra_gap,Time-tax infrastructure (composite)
BLR,0.0850196779035321,0.00612249199044421,18,5.811909429124469,0.3598793991858002,2000,2024,0.08716605585937555,Belarus,Europe & Central Asia,Upper middle income,0.0838382583212319,0.0059733809915313565,0.06046616030058946,0.027231714961864703,1.0,8.267671519416654,converging,infra_gap,Time-tax infrastructure (composite)
BLZ,0.025685379758871505,0.015792176585799997,24,16.2843488318756,8.283710127135231,2000,2024,1.0440089653318332,Belize,Latin America & Caribbean ,Upper middle income,0.02429596867334768,0.011957262776263354,0.02242922586928334,0.018304962971916684,0.9789181369851966,28.529308293038653,converging,infra_gap,Time-tax infrastructure (composite)
BOL,0.035640186876697844,0.005404907074626413,24,53.47605175132152,19.05736553351333,2000,2024,1.0255763635702595,Bolivia,Latin America & Caribbean ,Lower middle income,0.03458076251642965,0.0051836614161733735,0.02242922586928334,0.018304962971916684,0.999999999987306,20.044300070902846,converging,infra_gap,Time-tax infrastructure (composite)
BRA,0.04468735755686617,0.00437240843097342,24,33.8183691195747,9.863197833420267,2000,2024,0.4796942800240257,Brazil,Latin America & Caribbean ,Upper middle income,0.043485939048449745,0.004252767692578821,0.02242922586928334,0.018304962971916684,1.0,15.939570254828283,converging,infra_gap,Time-tax infrastructure (composite)
BTN,0.07403511151128134,0.01333941056884655,24,53.346871705925565,-1.6016809617227967,2000,2024,1.9113072602395842,Bhutan,South Asia,Lower middle income,0.0650458141912992,0.007269348092056507,0.061248542415079175,0.00866981055901397,1.0,10.65629186409144,converging,infra_gap,Time-tax infrastructure (composite)
BWA,0.01103943049588194,0.014228664713488643,24,39.55521921520041,29.72193612650153,2000,2024,2.8234411831342867,Botswana,Sub-Saharan Africa ,Upper middle income,0.007116610884355189,0.011738498854499393,-0.0012427037828369365,0.020770660806232147,0.7278297500324589,,no clear trend,infra_gap,Time-tax infrastructure (composite)
CAF,-0.002290078595837559,0.01839235058776984,24,23.109285000488185,25.43402884841609,2000,2024,1.7570262161775771,Central African Republic,Sub-Saharan Africa ,Low income,-0.0018297629596161816,0.013769783575884629,-0.0012427037828369365,0.020770660806232147,0.4471431623658325,,no clear trend,infra_gap,Time-tax infrastructure (composite)
CHL,0.06529905470000334,0.029249261716499973,24,14.814397828364424,5.171366138153199,2000,2024,1.2433316698195915,Chile,Latin America & Caribbean ,High income,0.034494213216116995,0.015516810958080832,0.02242922586928334,0.018304962971916684,0.9868928440929887,20.09459314862937,converging,infra_gap,Time-tax infrastructure (composite)
CHN,0.04118342679022672,0.009834361912505042,24,28.25663415123485,2.2171534216351367,2000,2024,0.9890977577986667,China,East Asia & Pacific,Upper middle income,0.027292757399144368,0.006694367550145712,0.015298484056716086,0.009138429592894659,0.9999771871298719,25.396744287247266,converging,infra_gap,Time-tax infrastructure (composite)
CIV,0.0064176530711440635,0.01002794203481386,24,39.1802621676333,33.801204498194295,2000,2024,1.9407281176524287,Cote d'Ivoire,Sub-Saharan Africa ,Lower middle income,0.0049696237724909924,0.009030555944676142,-0.0012427037828369365,0.020770660806232147,0.7089473203380302,,no clear trend,infra_gap,Time-tax infrastructure (composite)
CMR,0.005507482889289381,0.013132049041995076,24,42.29312356592435,38.41900391237687,2000,2024,2.771873868223861,Cameroon,Sub-Saharan Africa ,Lower middle income,0.0035797957213469637,0.011099686180037927,-0.0012427037828369365,0.020770660806232147,0.626468044370623,,no clear trend,infra_gap,Time-tax infrastructure (composite)
COD,-0.03582793521547024,0.016462172740140085,24,18.42955157262193,36.687873967126734,2000,2024,1.8559857785005571,"Congo, Dem. Rep.",Sub-Saharan Africa ,Low income,-0.02248455154353122,0.012901433179463103,-0.0012427037828369365,0.020770660806232147,0.04068472649140975,,diverging,infra_gap,Time-tax infrastructure (composite)
COG,-0.013275070839437523,0.002,21,31.643554368089585,41.43346187480144,2000,2021,0.20405072987268286,"Congo, Rep.",Sub-Saharan Africa ,Lower middle income,-0.013164535196833324,0.001990792279317907,-0.0012427037828369365,0.020770660806232147,1.886713008047991e-11,,diverging,infra_gap,Time-tax infrastructure (composite)
COL,0.03047379328918443,0.013314114410746387,24,31.00999936701873,10.801704257683866,2000,2024,1.636280443763199,Colombia,Latin America & Caribbean ,Upper middle income,0.027690421125152073,0.01076720908692675,0.02242922586928334,0.018304962971916684,0.9949405014944122,25.0320201858663,converging,infra_gap,Time-tax infrastructure (composite)
COM,0.028512072027127428,0.015067221669869025,24,14.512665879639924,5.907187601675965,2000,2024,0.8845159848935984,Comoros,Sub-Saharan Africa ,Lower middle income,0.018253053137089484,0.01219620981709505,-0.0012427037828369365,0.020770660806232147,0.9327535086177625,37.97431450804784,converging,infra_gap,Time-tax infrastructure (composite)
CPV,0.03860186145926451,0.011233892917784082,24,40.78933410795517,6.43286216002033,2000,2024,1.6769075481454678,Cabo Verde,Sub-Saharan Africa ,Upper middle income,0.029584265665353895,0.009881233216403811,-0.0012427037828369365,0.020770660806232147,0.9986232033381055,23.42958883619306,converging,infra_gap,Time-tax infrastructure (composite)
CRI,0.05633093324576668,0.011911563619246906,24,11.3868369390531,0.4981947503297685,2000,2024,0.4157591028385989,Costa Rica,Latin America & Caribbean ,High income,0.046245840941956204,0.009983849092724505,0.02242922586928334,0.018304962971916684,0.9999981898204081,14.988313898971453,converging,infra_gap,Time-tax infrastructure (composite)
CUB,0.06724947412212706,0.008059411538493646,24,22.416375573706706,1.7618297835307004,2000,2024,0.5024596354741836,Cuba,Latin America & Caribbean ,Upper middle income,0.05997179441164503,0.0073761237630448106,0.02242922586928334,0.018304962971916684,0.9999999999999998,11.557886292382696,converging,infra_gap,Time-tax infrastructure (composite)
DJI,-0.012909591347085596,0.01718716723934601,23,20.854341965697213,32.373818181053025,2000,2023,2.3613075425767853,Djibouti,"Middle East, North Africa, Afghanistan & Pakistan",Lower middle income,-0.003197903378625229,0.015776172679705894,0.04877075133203485,0.03975828843080571,0.41968294875631806,,no clear trend,infra_gap,Time-tax infrastructure (composite)
DMA,0.02486620612560511,0.003363090215363205,3,6.137032123887631,5.688703938056165,2020,2023,0.03495003711246526,Dominica,Latin America & Caribbean ,Upper middle income,0.024786631670491072,0.0033077272118525016,0.02242922586928334,0.018304962971916684,0.9999999999999665,27.964557257093926,converging,infra_gap,Time-tax infrastructure (composite)
DOM,0.04105955419217241,0.012182977126717915,24,19.31492642315262,4.938252511333862,2000,2024,0.8197223466909375,Dominican Republic,Latin America & Caribbean ,Upper middle income,0.03534037188111144,0.010142045879847301,0.02242922586928334,0.018304962971916684,0.9997535087810242,19.613465950266793,converging,infra_gap,Time-tax infrastructure (composite)
DZA,0.02468493773900632,0.008623292600716257,24,9.803837838646498,6.029659574143466,2000,2024,0.3073207717162578,Algeria,"Middle East, North Africa, Afghanistan & Pakistan",Upper middle income,0.025767088760334,0.00842734854920359,0.04877075133203485,0.03975828843080571,0.9988842496900469,26.90048483967579,converging,infra_gap,Time-tax infrastructure (composite)
ECU,0.03613602367706318,0.005681601937396028,24,21.07941212227025,9.481602920677298,2000,2024,0.40364591779690856,Ecuador,Latin America & Caribbean ,Upper middle income,0.03493155673523181,0.005426231195957827,0.02242922586928334,0.018304962971916684,0.9999999999392856,19.84300859574461,converging,infra_gap,Time-tax infrastructure (composite)
EGY,0.13610179724181967,0.0215059434229018,24,8.559053543205575,2.473884819238672,2000,2024,0.35743699797639267,"Egypt, Arab Rep.","Middle East, North Africa, Afghanistan & Pakistan",Lower middle income,0.11633351109415437,0.018915936992151928,0.04877075133203485,0.03975828843080571,0.9999999996126496,5.958276115288462,converging,infra_gap,Time-tax infrastructure (composite)
ERI,0.005087301807092171,0.002,16,40.93756247781248,37.69260480593752,2000,2016,0.16753138245389018,Eritrea,Sub-Saharan Africa ,Low income,0.0050291510515276475,0.001990792279317907,-0.0012427037828369365,0.020770660806232147,0.9942349046261173,137.82588223302537,converging,infra_gap,Time-tax infrastructure (composite)
EST,0.0756857168040148,0.007090060193490139,7,1.6639877566720251,-0.0872177804032361,2000,2024,0.02552013394092699,Estonia,Europe & Central Asia,High income,0.07471951685815262,0.006861317216610072,0.06046616030058946,0.027231714961864703,1.0,9.276655012047447,converging,infra_gap,Time-tax infrastructure (composite)
ETH,0.011034448255697873,0.022339740019710695,24,39.42154164083076,34.92437634209739,2000,2024,3.992366803998634,Ethiopia,Sub-Saharan Africa ,Low income,0.004449614762722572,0.015211564923268932,-0.0012427037828369365,0.020770660806232147,0.6150536503116714,,no clear trend,infra_gap,Time-tax infrastructure (composite)
FJI,0.04284155610483623,0.025313474789041255,24,21.94911145667625,4.4526469260790025,2000,2024,2.0695362106302704,Fiji,East Asia & Pacific,Upper middle income,0.01847424121636077,0.008595461884823595,0.015298484056716086,0.009138429592894659,0.9841947558029969,37.519656284778556,converging,infra_gap,Time-tax infrastructure (composite)
GAB,0.010565761405598164,0.014314971009015664,24,52.59688109830665,42.2922284982155,2000,2024,3.505350403176004,Gabon,Sub-Saharan Africa ,Upper middle income,0.006763114228278246,0.011786818680801931,-0.0012427037828369365,0.020770660806232147,0.7169437652452771,,no clear trend,infra_gap,Time-tax infrastructure (composite)
GEO,0.036504455290513646,0.005139939977798849,24,28.66171160111655,7.968597860705533,2000,2024,0.5308258722431879,Georgia,Europe & Central Asia,Upper middle income,0.03732874696764566,0.005050758359963666,0.06046616030058946,0.027231714961864703,0.999999999999927,18.568723487041343,converging,infra_gap,Time-tax infrastructure (composite)
GHA,0.023949602009414737,0.025566120069237433,24,28.35842414601849,17.469439401461766,2000,2024,3.1781503047987716,Ghana,Sub-Saharan Africa ,Lower middle income,0.008773889909224187,0.01612095974061345,-0.0012427037828369365,0.020770660806232147,0.7068665041000846,,no clear trend,infra_gap,Time-tax infrastructure (composite)
GIN,-0.02703102188380882,0.021016802853848986,24,18.575141129328543,40.28515915401863,2000,2024,2.9478939475583226,Guinea,Sub-Saharan Africa ,Lower middle income,-0.013984966340030425,0.014773330573316283,-0.0012427037828369365,0.020770660806232147,0.17191215027258488,,no clear trend,infra_gap,Time-tax infrastructure (composite)
GMB,-0.03941047121378845,0.03835037424073985,24,9.822178429773302,32.27979215700393,2000,2024,3.489529689576594,"Gambia, The",Sub-Saharan Africa ,Low income,-0.009899310783039092,0.018263965515192493,-0.0012427037828369365,0.020770660806232147,0.29390469893754834,,no clear trend,infra_gap,Time-tax infrastructure (composite)
GNB,-0.027183437232187052,0.020765042165249784,24,16.756923769595165,28.828463926241167,2000,2024,1.910262730719664,Guinea-Bissau,Sub-Saharan Africa ,Low income,-0.014216579576938459,0.014685088213166254,-0.0012427037828369365,0.020770660806232147,0.1664981385755393,,no clear trend,infra_gap,Time-tax infrastructure (composite)
GNQ,-0.018266783396158826,0.003084371366093012,17,31.22927971652117,43.88747409063257,2000,2017,0.49431744101851144,Equatorial Guinea,Sub-Saharan Africa ,Upper middle income,-0.01789948107133979,0.003050916568120037,-0.0012427037828369365,0.020770660806232147,2.2198340943191397e-09,,diverging,infra_gap,Time-tax infrastructure (composite)
GTM,0.028423528616208758,0.008180641105254047,24,35.321924282062355,15.7879253925866,2000,2024,1.10722844343589,Guatemala,Latin America & Caribbean ,Upper middle income,0.027425614469252246,0.007468718787352868,0.02242922586928334,0.018304962971916684,0.9998797003652312,25.273715611260243,converging,infra_gap,Time-tax infrastructure (composite)
GUY,0.05499886569518421,0.027736954377846488,24,9.590666593533976,3.966765511640034,2000,2024,0.810576367150915,Guyana,Latin America & Caribbean ,High income,0.03231066532489476,0.0152778556107596,0.02242922586928334,0.018304962971916684,0.9827794488949854,21.45258148014329,converging,infra_gap,Time-tax infrastructure (composite)
HND,0.02989190927383003,0.016178993506443022,24,34.26048990425245,8.792702596851532,2000,2024,2.3299461733279205,Honduras,Latin America & Caribbean ,Lower middle income,0.026618907187035905,0.012122564039231582,0.02242922586928334,0.018304962971916684,0.9859474039380282,26.039655786377505,converging,infra_gap,Time-tax infrastructure (composite)
HRV,0.06256355337867146,0.05824625529665542,17,1.0783369536164749,0.0288373620680317,2000,2023,0.2529747192144851,Croatia,Europe & Central Asia,High income,0.06084237790609613,0.024668778853488144,0.06046616030058946,0.027231714961864703,0.9931755191242951,11.392506414357205,converging,infra_gap,Time-tax infrastructure (composite)
HTI,0.025482959628307995,0.04649111448136563,24,36.72882230453415,36.551715713640895,2000,2024,6.816129707928851,Haiti,Latin America & Caribbean ,Lower middle income,0.022839088299051267,0.017032305068811513,0.02242922586928334,0.018304962971916684,0.9100280231568636,30.34916155513697,converging,infra_gap,Time-tax infrastructure (composite)
HUN,0.0662390670642516,0.004890766719260792,9,1.779134900942399,-0.2715849816274366,2000,2024,0.020635824598295518,Hungary,Europe & Central Asia,High income,0.06605867756831729,0.0048137479137415895,0.06046616030058946,0.027231714961864703,1.0,10.492901251967975,converging,infra_gap,Time-tax infrastructure (composite)
IDN,0.02742573263491301,0.011929587534312188,24,22.42162769617337,6.49368903990927,2000,2024,1.135601665353649,Indonesia,East Asia & Pacific,Upper middle income,0.019783165153498754,0.00725454320300806,0.015298484056716086,0.009138429592894659,0.9968043825403283,35.03722357781351,converging,infra_gap,Time-tax infrastructure (composite)
IND,0.038013443584667996,0.013137600549607968,24,36.62282986087889,2.880437808469504,2000,2024,1.8050149202821077,India,South Asia,Lower middle income,0.05419952220674556,0.007236160127686934,0.061248542415079175,0.00866981055901397,0.9999999999999656,12.788806106369654,converging,infra_gap,Time-tax infrastructure (composite)
IRL,-0.02670332735398573,0.015395001291521555,24,-1.3483638887547222,-2.261351550306699,2000,2024,0.1145069179734654,Ireland,Europe & Central Asia,High income,-0.005591248180777635,0.013401649296998882,0.06046616030058946,0.027231714961864703,0.33826387707274186,,no clear trend,infra_gap,Time-tax infrastructure (composite)
IRN,0.04644408402952605,0.0038732315135515086,24,14.205742507451324,4.8131907110757295,2000,2024,0.17218986234634553,"Iran, Islamic Rep.","Middle East, North Africa, Afghanistan & Pakistan",Upper middle income,0.046465957796469684,0.0038549817555898155,0.04877075133203485,0.03975828843080571,1.0,14.917311800524386,converging,infra_gap,Time-tax infrastructure (composite)
IRQ,0.07382456307216026,0.007917413751575696,24,24.02610016261505,2.0578310417367667,2000,2024,0.5051639242335882,Iraq,"Middle East, North Africa, Afghanistan & Pakistan",Upper middle income,0.07286892074902947,0.007764946411358693,0.04877075133203485,0.03975828843080571,1.0,9.512247106653865,converging,infra_gap,Time-tax infrastructure (composite)
JAM,0.06394095853152217,0.012595134581912922,24,17.041450731597546,1.8364025665757235,2000,2024,0.6156310386716017,Jamaica,Latin America & Caribbean ,Upper middle income,0.05060250847339918,0.010376146808932419,0.02242922586928334,0.018304962971916684,0.999999460927182,13.69788181398794,converging,infra_gap,Time-tax infrastructure (composite)
JOR,0.13163384533156988,0.04194758610261427,18,1.6479089014944002,1.1604791139427657,2000,2024,0.23074219160041323,Jordan,"Middle East, North Africa, Afghanistan & Pakistan",Upper middle income,0.08798358608051839,0.028856291808278447,0.04877075133203485,0.03975828843080571,0.9988520772213352,7.8781419516773274,converging,infra_gap,Time-tax infrastructure (composite)
KAZ,0.07074195175106147,0.012375717508219928,24,11.253651283142425,-0.5292574205613695,2000,2024,0.3815291141851594,Kazakhstan,Europe & Central Asia,Upper middle income,0.06898294851788915,0.011266802219985328,0.06046616030058946,0.027231714961864703,0.9999999995399086,10.048094426990076,converging,infra_gap,Time-tax infrastructure (composite)
KEN,0.009073796545293788,0.013131845786119577,24,26.25728427086893,20.86740629953493,2000,2024,1.7625648252990482,Kenya,Sub-Saharan Africa ,Lower middle income,0.0061277231320407775,0.011099563441597456,-0.0012427037828369365,0.020770660806232147,0.7095494057355427,,no clear trend,infra_gap,Time-tax infrastructure (composite)
KGZ,0.05158256534627329,0.0176278796318807,24,18.429911919189152,1.4289471810442318,2000,2024,1.0600829864541494,Kyrgyz Republic,Europe & Central Asia,Lower middle income,0.054205852592353526,0.01479801768905011,0.06046616030058946,0.027231714961864703,0.9998753842082905,12.787312576238735,converging,infra_gap,Time-tax infrastructure (composite)
KHM,0.025814293796130632,0.01779850600577363,24,40.04094801437208,9.92426901101507,2000,2024,3.303687710514708,Cambodia,East Asia & Pacific,Lower middle income,0.01749231295531996,0.00812949495754689,0.015298484056716086,0.009138429592894659,0.9842898861820594,39.625816341751275,converging,infra_gap,Time-tax infrastructure (composite)
KIR,0.031510746591636385,0.024155518928473865,23,31.690544775582214,19.926902273469832,2000,2023,2.6837320811272667,Kiribati,East Asia & Pacific,Lower middle income,0.0173283200105139,0.008547222866286043,0.015298484056716086,0.009138429592894659,0.9786873283109685,40.00082986344785,converging,infra_gap,Time-tax infrastructure (composite)
LAO,0.044032898237940404,0.010435933650802285,24,40.37321259203283,9.556504040698297,2000,2024,1.4156102881650157,Lao PDR,East Asia & Pacific,Lower middle income,0.027769337210997478,0.006875087316633094,0.015298484056716086,0.009138429592894659,0.9999731745179274,24.96088312419061,converging,infra_gap,Time-tax infrastructure (composite)
LBR,-0.03344130866692163,0.021256245717446495,24,16.76020436982809,28.85287898116917,2000,2024,1.783010365899358,Liberia,Sub-Saharan Africa ,Low income,-0.016970028580084777,0.014855780102904632,-0.0012427037828369365,0.020770660806232147,0.12666088110636287,,no clear trend,infra_gap,Time-tax infrastructure (composite)
LCA,0.14343817185858299,0.04814210510696366,17,-4.131386984274576,2.350312683932496,2000,2023,0.41010757220084193,St. Lucia,Latin America & Caribbean ,Upper middle income,0.03771408679224062,0.017109884716742702,0.02242922586928334,0.018304962971916684,0.9862458428575626,18.378999453926983,converging,infra_gap,Time-tax infrastructure (composite)
LKA,0.03675172214741381,0.02900509670699515,24,18.89441066121665,3.6801948849754353,2000,2024,2.339268498308419,Sri Lanka,South Asia,Upper middle income,0.059239381019652364,0.008306668370749512,0.061248542415079175,0.00866981055901397,0.9999999999995037,11.700783644751407,converging,infra_gap,Time-tax infrastructure (composite)
LSO,0.0033116461150236682,0.016922983354517813,24,21.263163737046323,21.250557917240094,2000,2024,2.4573949797473102,Lesotho,Sub-Saharan Africa ,Lower middle income,0.0014945741605507006,0.013119678105571105,-0.0012427037828369365,0.020770660806232147,0.545348803253263,,no clear trend,infra_gap,Time-tax infrastructure (composite)
LTU,0.05427514906585331,0.006366296187075811,24,12.211476553880246,1.7026570531413323,2000,2024,0.23794465875903523,Lithuania,Europe & Central Asia,High income,0.054595979229211895,0.006199144971425066,0.06046616030058946,0.027231714961864703,1.0,12.69593824207979,converging,infra_gap,Time-tax infrastructure (composite)
LVA,0.020994805513199204,0.00983743210450016,24,5.699190229108876,3.795825151708333,2000,2024,0.21089549216345818,Latvia,Europe & Central Asia,High income,0.02555123476105626,0.009252227256893526,0.06046616030058946,0.027231714961864703,0.9971243253443047,27.127737154072918,converging,infra_gap,Time-tax infrastructure (composite)
MAR,0.05516385621182246,0.017575061950653052,24,42.35203698945468,14.210416264017796,2000,2024,2.215359688206366,Morocco,"Middle East, North Africa, Afghanistan & Pakistan",Lower middle income,0.05411881193942984,0.016074560594525607,0.04877075133203485,0.03975828843080571,0.999619683529704,12.80787873421391,converging,infra_gap,Time-tax infrastructure (composite)
MDA,0.07364452125756613,0.0037395024877293474,24,26.8326875808244,5.4553326585149335,2000,2024,0.26113551648645306,Moldova,Europe & Central Asia,Upper middle income,0.07340061342939766,0.00370473512357073,0.06046616030058946,0.027231714961864703,1.0,9.443343157161314,converging,infra_gap,Time-tax infrastructure (composite)
MDG,-0.007094269774471718,0.040484478535501175,24,19.025369232910936,33.3265417451473,2000,2024,4.8607984854873525,Madagascar,Sub-Saharan Africa ,Low income,-0.002462018103275633,0.018480356009805195,-0.0012427037828369365,0.020770660806232147,0.44700830465591523,,no clear trend,infra_gap,Time-tax infrastructure (composite)
MDV,0.08895982683674265,0.012987390372226513,21,20.749544337328903,-0.0969493731715308,2000,2024,0.6597832837143145,Maldives,South Asia,Upper middle income,0.06979083849039801,0.007210757273634878,0.061248542415079175,0.00866981055901397,1.0,9.931778949113932,converging,infra_gap,Time-tax infrastructure (composite)
MEX,0.04594454847864668,0.016298647155621546,24,26.465504531883923,2.6033238173406,2000,2024,1.484020195845321,Mexico,Latin America & Caribbean ,Upper middle income,0.035545736549771924,0.012172653111054824,0.02242922586928334,0.018304962971916684,0.9982505762484291,19.50014960554792,converging,infra_gap,Time-tax infrastructure (composite)
MHL,0.03321044937393609,0.036491939375721365,24,24.384336647981847,2.468024950202571,2000,2024,4.753038755882666,Marshall Islands,East Asia & Pacific,Upper middle income,0.016355488927598666,0.008864695436585811,0.015298484056716086,0.009138429592894659,0.9674822632393364,42.380095369103344,converging,infra_gap,Time-tax infrastructure (composite)
MKD,0.027400541261244426,0.029677332738061498,24,9.970084924330424,0.7569384104944987,2000,2024,1.604922045892603,North Macedonia,Europe & Central Asia,Upper middle income,0.04535169817930397,0.02006470991687861,0.06046616030058946,0.027231714961864703,0.9880978067472147,15.283819755094854,converging,infra_gap,Time-tax infrastructure (composite)
MLI,0.020471023391607165,0.05112695418499151,24,23.49255030223808,29.96913891191093,2000,2024,6.795729558064026,Mali,Sub-Saharan Africa ,Low income,0.00183334122966812,0.01924327896666374,-0.0012427037828369365,0.020770660806232147,0.537950517169262,,no clear trend,infra_gap,Time-tax infrastructure (composite)
MMR,0.018276306921360598,0.017707473221072138,24,27.9268756405753,14.769765352737869,2000,2024,2.46424303576015,Myanmar,East Asia & Pacific,Lower middle income,0.015924780352352626,0.00812076765654897,0.015298484056716086,0.009138429592894659,0.9750601651835428,43.526325966407704,converging,infra_gap,Time-tax infrastructure (composite)
MNE,0.0472735358172924,0.0350149510890057,18,11.195852680612926,1.8126551062030007,2006,2024,1.4470460668677867,Montenegro,Europe & Central Asia,Upper middle income,0.055494041684080876,0.021496050020894848,0.06046616030058946,0.027231714961864703,0.9950827184963953,12.490479329401282,converging,infra_gap,Time-tax infrastructure (composite)
MNG,0.02865149866308966,0.01545342670623608,24,50.23238473916449,21.4837383119237,2000,2024,3.1074313327228373,Mongolia,East Asia & Pacific,Upper middle income,0.018758165908601805,0.00786598685594528,0.015298484056716086,0.009138429592894659,0.9914539072490216,36.95175658096154,converging,infra_gap,Time-tax infrastructure (composite)
MOZ,-0.02323207217758809,0.010434254262572013,24,28.894467800375303,48.64337872664,2000,2024,1.8350686199780508,Mozambique,Sub-Saharan Africa ,Low income,-0.01880103461681421,0.009323879490324533,-0.0012427037828369365,0.020770660806232147,0.021877043275721042,,diverging,infra_gap,Time-tax infrastructure (composite)
MRT,-0.007945117184201442,0.009922453119979743,23,37.93580105878387,47.46975468939774,2000,2023,2.103425221477509,Mauritania,Sub-Saharan Africa ,Lower middle income,-0.006699755373517218,0.008953286457109492,-0.0012427037828369365,0.020770660806232147,0.22713923785012402,,no clear trend,infra_gap,Time-tax infrastructure (composite)
MUS,0.07742432425726387,0.008466497166369743,15,3.082745677504949,0.480461663294534,2000,2024,0.06459982232646905,Mauritius,Sub-Saharan Africa ,Upper middle income,0.06621590676324912,0.007840181046442008,-0.0012427037828369365,0.020770660806232147,1.0,10.467985933323396,converging,infra_gap,Time-tax infrastructure (composite)
MWI,0.007205270408797359,0.02071621648965705,24,23.489548044786737,22.5065219427435,2000,2024,2.079368113514635,Malawi,Sub-Saharan Africa ,Low income,0.0029923697918663584,0.01466778824172958,-0.0012427037828369365,0.020770660806232147,0.5808270063082883,,no clear trend,infra_gap,Time-tax infrastructure (composite)
MYS,0.038427765297751805,0.04046333388051975,24,3.846019635370528,1.2138763506838046,2000,2024,0.7603149286991886,Malaysia,East Asia & Pacific,Upper middle income,0.01642095944479728,0.008913925657007053,0.015298484056716086,0.009138429592894659,0.9672747991358311,42.21112553685515,converging,infra_gap,Time-tax infrastructure (composite)
NAM,0.019684499049906195,0.00921921374729996,24,49.805546367939954,27.959543008609497,2000,2024,1.974762891623712,Namibia,Sub-Saharan Africa ,Lower middle income,0.016240200948617205,0.00842645853181904,-0.0012427037828369365,0.020770660806232147,0.9730280411632668,42.68094851492366,converging,infra_gap,Time-tax infrastructure (composite)
NER,-0.020328510193586634,0.01172401946623651,24,30.484617893942342,47.85616050392225,2000,2024,2.056472712376339,Niger,Sub-Saharan Africa ,Low income,-0.015716945902551103,0.010209845969811615,-0.0012427037828369365,0.020770660806232147,0.06185442412756559,,diverging,infra_gap,Time-tax infrastructure (composite)
NGA,-0.019316458321071605,0.011219252821794232,24,25.327255016024875,38.49127674308887,2000,2024,1.588616156095954,Nigeria,Sub-Saharan Africa ,Lower middle income,-0.015234266079782979,0.009871265890953104,-0.0012427037828369365,0.020770660806232147,0.06137972129387048,,diverging,infra_gap,Time-tax infrastructure (composite)
NPL,0.037587716461480326,0.021183847994278977,24,29.779248299389625,-0.1431375542535704,2000,2024,2.5045389827703004,Nepal,South Asia,Lower middle income,0.05785398401386177,0.008023826760476721,0.061248542415079175,0.00866981055901397,0.9999999999997208,11.980975768131504,converging,infra_gap,Time-tax infrastructure (composite)
OMN,0.024075705026961464,0.01137232579179736,24,9.207371313283724,6.158121002620703,2000,2024,0.3686085007745469,Oman,"Middle East, North Africa, Afghanistan & Pakistan",High income,0.025943371372808884,0.010933832190727523,0.04877075133203485,0.03975828843080571,0.9911721595789761,26.717698736966366,converging,infra_gap,Time-tax infrastructure (composite)
PAK,0.03179174033491229,0.016265076773956135,24,37.57129259237633,8.671370345796864,2000,2024,2.5017710828000217,Pakistan,"Middle East, North Africa, Afghanistan & Pakistan",Lower middle income,0.034225982103369246,0.015054049518443259,0.04877075133203485,0.03975828843080571,0.9885031674745798,20.252075702795132,converging,infra_gap,Time-tax infrastructure (composite)
PAN,0.02755966719395423,0.022599807315878382,24,22.909918270334103,14.255769467154105,2000,2024,1.9634479652930474,Panama,Latin America & Caribbean ,High income,0.024461643550629894,0.014224396712907945,0.02242922586928334,0.018304962971916684,0.9572561769985656,28.336083760083103,converging,infra_gap,Time-tax infrastructure (composite)
PER,0.03478184058911155,0.00509990471016721,24,56.0619018906182,16.606286372780165,2000,2024,1.0490972059786294,Peru,Latin America & Caribbean ,Upper middle income,0.03389206856574718,0.0049127965559635865,0.02242922586928334,0.018304962971916684,0.9999999999973765,20.451604457701066,converging,infra_gap,Time-tax infrastructure (composite)
PHL,0.03918585407914575,0.021488786091526848,24,23.57112173770315,5.101894704373199,2000,2024,1.9217330317762364,Philippines,East Asia & Pacific,Upper middle income,0.01895689801917416,0.008409576724721979,0.015298484056716086,0.009138429592894659,0.9879083183817234,36.564377772083496,converging,infra_gap,Time-tax infrastructure (composite)
PLW,0.06026378173401772,0.013477279711440405,18,4.739424825739473,0.4161909528953676,2000,2024,0.1854685071232765,Palau,East Asia & Pacific,High income,0.029460736022002863,0.00756361934437586,0.015298484056716086,0.009138429592894659,0.9999509123821597,23.527829720284846,converging,infra_gap,Time-tax infrastructure (composite)
PNG,0.018124563099235956,0.005692608869130515,24,52.35100842850593,30.952913803261,2000,2024,1.2814827348767928,Papua New Guinea,East Asia & Pacific,Lower middle income,0.017334501381024145,0.004831810880007313,0.015298484056716086,0.009138429592894659,0.9998331184408538,39.98656582754232,converging,infra_gap,Time-tax infrastructure (composite)
POL,0.028186701168352667,0.02270324067783531,24,5.544327927929468,4.480140829530531,2000,2024,0.3546241381477616,Poland,Europe & Central Asia,High income,0.04142296728955633,0.017437917279284162,0.06046616030058946,0.027231714961864703,0.9912363073591508,16.733402407284895,converging,infra_gap,Time-tax infrastructure (composite)
PRK,-0.04857242288781058,0.005294121373057011,21,4.576497087949599,15.990504500600233,2002,2023,0.2564236355105219,"Korea, Dem. People's Rep.",East Asia & Pacific,Low income,-0.03252277100369628,0.004580921368294792,0.015298484056716086,0.009138429592894659,6.254996520738132e-13,,diverging,infra_gap,Time-tax infrastructure (composite)
PRY,0.056723370718509934,0.019783389657196355,24,36.1831296993938,0.1894864297537708,2000,2024,2.2498410216661378,Paraguay,Latin America & Caribbean ,Upper middle income,0.03824714907663893,0.01343585930677207,0.02242922586928334,0.018304962971916684,0.997790883995966,18.122845683766645,converging,infra_gap,Time-tax infrastructure (composite)
PSE,0.06636255856794171,0.0377253519619786,16,3.869228920183664,-0.2463397188590666,2000,2024,0.4390607081111466,West Bank and Gaza,"Middle East, North Africa, Afghanistan & Pakistan",Lower middle income,0.058027893280066425,0.02736632832616975,0.04877075133203485,0.03975828843080571,0.9830143457460397,11.945068851880121,converging,infra_gap,Time-tax infrastructure (composite)
ROU,0.02497190608737516,0.009922133994396393,23,0.6333333333333305,5.7415415022945,2000,2024,0.3766956031755856,Romania,Europe & Central Asia,High income,0.029131789581366925,0.009322589225462662,0.06046616030058946,0.027231714961864703,0.9991105525995477,23.793498117372483,converging,infra_gap,Time-tax infrastructure (composite)
RUS,-0.05470384831148345,0.025886653704722446,24,3.1489467851099704,12.528844684806904,2000,2024,0.8780717347247052,Russian Federation,Europe & Central Asia,High income,-3.33057084009975e-05,0.018762123273006612,0.06046616030058946,0.027231714961864703,0.499291815319182,,no clear trend,infra_gap,Time-tax infrastructure (composite)
RWA,0.027886127830953733,0.038217770252823816,24,16.47735055977547,8.228688565020933,2000,2024,3.7294344989539434,Rwanda,Sub-Saharan Africa ,Low income,0.005399288342864935,0.01824958491939509,-0.0012427037828369365,0.020770660806232147,0.616330791901876,,no clear trend,infra_gap,Time-tax infrastructure (composite)
SDN,0.010404809079314556,0.007171680964224719,24,31.817428949334477,24.114970049732733,2000,2024,1.0654799577511467,Sudan,Sub-Saharan Africa ,Low income,0.009164128838919433,0.0067789689857219995,-0.0012427037828369365,0.020770660806232147,0.9117878662704754,75.63699646126715,converging,infra_gap,Time-tax infrastructure (composite)
SEN,0.029121069565276523,0.013037383771917264,24,53.07986790167732,20.13465839154944,2000,2024,2.768664759000521,Senegal,Sub-Saharan Africa ,Lower middle income,0.02053928224395698,0.011042345126179418,-0.0012427037828369365,0.020770660806232147,0.9685605701218354,33.74739060143553,converging,infra_gap,Time-tax infrastructure (composite)
SLB,0.009343851346311402,0.015180183544223784,24,33.7523405195839,27.52936499249627,2000,2024,2.5704574374015725,Solomon Islands,East Asia & Pacific,Lower middle income,0.013714542337297445,0.007829231453478006,0.015298484056716086,0.009138429592894659,0.9600881491478084,50.541036187178754,converging,infra_gap,Time-tax infrastructure (composite)
SLE,-0.006951996581941105,0.029719069454475857,24,17.653441789503884,25.861680419624765,2000,2024,3.0342105376222546,Sierra Leone,Sub-Saharan Africa ,Low income,-0.003116295530514453,0.017024780891290565,-0.0012427037828369365,0.020770660806232147,0.42738148153788535,,no clear trend,infra_gap,Time-tax infrastructure (composite)
SLV,0.0361103566943542,0.00749042869471395,24,32.1008340675079,10.653960885357131,2000,2024,0.8595960362671701,El Salvador,Latin America & Caribbean ,Upper middle income,0.03414807790466326,0.006932473395570162,0.02242922586928334,0.018304962971916684,0.9999995799516371,20.298278061070288,converging,infra_gap,Time-tax infrastructure (composite)
SOM,0.010499163122678163,0.011671514449009887,24,33.14301855555048,27.885933300953702,2000,2024,1.5689464508740678,"Somalia, Fed. Rep.",Sub-Saharan Africa ,Low income,0.007681331317853278,0.010175113685696293,-0.0012427037828369365,0.020770660806232147,0.7748495761273994,,no clear trend,infra_gap,Time-tax infrastructure (composite)
SRB,0.03529098868013096,0.021016240522768345,24,11.913397966193925,1.476353785943464,2000,2024,1.021293432453042,Serbia,Europe & Central Asia,Upper middle income,0.044688361931370685,0.016637651038898874,0.06046616030058946,0.027231714961864703,0.9963841057068471,15.51068668895121,converging,infra_gap,Time-tax infrastructure (composite)
SSD,-0.10925018008707765,0.035850849233928984,13,10.289168502117146,28.453821700594272,2011,2024,1.9180776975659344,South Sudan,Sub-Saharan Africa ,Low income,-0.028385781617996875,0.017972234825978345,-0.0012427037828369365,0.020770660806232147,0.05711940143866023,,diverging,infra_gap,Time-tax infrastructure (composite)
STP,0.032555664448546386,0.034875668654814104,24,12.837056172161873,7.057124796054301,2000,2024,1.9689562599429482,Sao Tome and Principe,Sub-Saharan Africa ,Lower middle income,0.007606610562845478,0.01784553150906802,-0.0012427037828369365,0.020770660806232147,0.6650361919318595,,no clear trend,infra_gap,Time-tax infrastructure (composite)
SUR,0.047683719258908436,0.010938553174718466,24,23.28078559430415,5.50457956518233,2000,2024,0.823229919588854,Suriname,Latin America & Caribbean ,Upper middle income,0.04103847549171744,0.009389770609334217,0.02242922586928334,0.018304962971916684,0.9999938033424451,16.890178600806923,converging,infra_gap,Time-tax infrastructure (composite)
SWZ,0.04272460288879884,0.023372547127585665,24,40.12161280340767,1.6467578325223329,2000,2024,3.51485435589088,Eswatini,Sub-Saharan Africa ,Lower middle income,0.018158403352155093,0.015525813670830427,-0.0012427037828369365,0.020770660806232147,0.8789113830364039,,no clear trend,infra_gap,Time-tax infrastructure (composite)
SYR,-0.01979642130912605,0.04434639131056654,24,7.605501762685879,14.6145054980999,2000,2024,1.8958170996993007,Syrian Arab Republic,"Middle East, North Africa, Afghanistan & Pakistan",Low income,0.01821656278792305,0.029602987455151993,0.04877075133203485,0.03975828843080571,0.7308422624001174,,no clear trend,infra_gap,Time-tax infrastructure (composite)
TCA,-0.0,0.002,8,3.037379772228666,3.037379772228666,2016,2024,0.0,Turks and Caicos Islands,Latin America & Caribbean ,High income,0.00026459569339730817,0.0019881680854552425,0.02242922586928334,0.018304962971916684,0.5529369894254894,,no clear trend,infra_gap,Time-tax infrastructure (composite)
TCD,0.041074045579363005,0.052780066442975566,24,17.988248149308347,6.6688721105140685,2000,2024,6.887709285321574,Chad,Sub-Saharan Africa ,Low income,0.004431969180951098,0.019327879170127345,-0.0012427037828369365,0.020770660806232147,0.5906838621028907,,no clear trend,infra_gap,Time-tax infrastructure (composite)
TGO,-0.007610365433194203,0.00829842786212516,24,27.42646408230227,34.10519140289514,2000,2024,1.295480146107018,Togo,Sub-Saharan Africa ,Lower middle income,-0.006733859642338717,0.0077061546263292235,-0.0012427037828369365,0.020770660806232147,0.1911057542454303,,no clear trend,infra_gap,Time-tax infrastructure (composite)
THA,0.09593287546375372,0.02402876245306023,24,16.69794390824978,0.2681565941137999,2000,2024,0.9747733779042276,Thailand,East Asia & Pacific,Upper middle income,0.025487511860535435,0.00854156836972226,0.015298484056716086,0.009138429592894659,0.9985771786403947,27.195560883022335,converging,infra_gap,Time-tax infrastructure (composite)
TJK,0.05531745936039672,0.00459517282729388,23,28.018124527174,4.832800639952374,2000,2023,0.3874953622333311,Tajikistan,Europe & Central Asia,Lower middle income,0.05546000630723231,0.004531115358366843,0.06046616030058946,0.027231714961864703,1.0,12.498144639943087,converging,infra_gap,Time-tax infrastructure (composite)
TKM,0.10236910281112097,0.014795772981479686,7,1.9435261359711011,-0.1674262751027034,2000,2024,0.05642510719272723,Turkmenistan,Europe & Central Asia,Upper middle income,0.09281849587491932,0.013000744337929434,0.06046616030058946,0.027231714961864703,0.9999999999995316,7.467770017454485,converging,infra_gap,Time-tax infrastructure (composite)
TLS,0.03597163475745453,0.010891715602939101,22,36.64202429955546,11.3303932093983,2002,2024,1.4537624549834547,Timor-Leste,East Asia & Pacific,Lower middle income,0.023839248950932257,0.00700069796510239,0.015298484056716086,0.009138429592894659,0.99966950358882,29.075881626415043,converging,infra_gap,Time-tax infrastructure (composite)
TON,0.05166555620104238,0.008709176110553081,24,19.483123328652823,1.5142324606445356,2000,2024,0.5378782955575381,Tonga,East Asia & Pacific,Upper middle income,0.034356180382955764,0.006304608233092927,0.015298484056716086,0.009138429592894659,0.9999999747265655,20.17532719975525,converging,infra_gap,Time-tax infrastructure (composite)
TUN,0.06707155513979655,0.006281290612103774,24,22.79645660069528,1.4059726130129633,2000,2024,0.3983243694837035,Tunisia,"Middle East, North Africa, Afghanistan & Pakistan",Lower middle income,0.0666258930267417,0.006204338081091109,0.04877075133203485,0.03975828843080571,1.0,10.40357058001063,converging,infra_gap,Time-tax infrastructure (composite)
TUR,0.04783694767379077,0.01550139447238004,24,13.212579642759874,1.5103925965432647,2000,2024,0.6864508617103195,Turkiye,Europe & Central Asia,Upper middle income,0.05092773022268622,0.013471658984994628,0.06046616030058946,0.027231714961864703,0.9999216993416628,13.610407876594833,converging,infra_gap,Time-tax infrastructure (composite)
TUV,0.04087493279078957,0.060174964371711846,23,1.1117916152667284,-1.3328420647049957,2000,2024,3.0400528959308124,Tuvalu,East Asia & Pacific,Upper middle income,0.015875050575411692,0.00903483925127323,0.015298484056716086,0.009138429592894659,0.9605489996329283,43.66267542060852,converging,infra_gap,Time-tax infrastructure (composite)
TZA,-0.020820372483600674,0.014558140757248877,24,24.32536912800684,38.80800718709063,2000,2024,2.0316403281041193,Tanzania,Sub-Saharan Africa ,Lower middle income,-0.014370979008610923,0.011921454979305222,-0.0012427037828369365,0.020770660806232147,0.1140105893684924,,no clear trend,infra_gap,Time-tax infrastructure (composite)
UGA,0.010037078153400863,0.013415432117605907,24,27.42734943395937,22.93685820380033,2000,2024,1.6033083777200077,Uganda,Sub-Saharan Africa ,Low income,0.006716690858890934,0.011269232350963589,-0.0012427037828369365,0.020770660806232147,0.7244191557676993,,no clear trend,infra_gap,Time-tax infrastructure (composite)
UKR,0.06018200399192342,0.008896723600573522,22,6.000027407885,-2.650951723618832,2000,2024,0.15534471659794225,Ukraine,Europe & Central Asia,Upper middle income,0.06020940859685156,0.00845684000342241,0.06046616030058946,0.027231714961864703,0.9999999999994589,11.512273525240888,converging,infra_gap,Time-tax infrastructure (composite)
URY,0.06667710250827263,0.013385943020422468,22,12.9656994423676,1.5790401742877027,2000,2024,0.48933343780655664,Uruguay,Latin America & Caribbean ,High income,0.05125968130126658,0.010805092923668021,0.02242922586928334,0.018304962971916684,0.9999989524592319,13.522268632263584,converging,infra_gap,Time-tax infrastructure (composite)
UZB,0.04750943879873215,0.02963290975215531,24,12.383637718502923,-0.2822590792106609,2000,2024,1.361900720465083,Uzbekistan,Europe & Central Asia,Lower middle income,0.05453394289664298,0.0200509643921681,0.06046616030058946,0.027231714961864703,0.9967335993504959,12.710380796665527,converging,infra_gap,Time-tax infrastructure (composite)
VCT,0.08137981177371739,0.022922905734851954,17,6.592585501606299,2.198393110897399,2000,2018,0.37245289696561157,St. Vincent and the Grenadines,Latin America & Caribbean ,Upper middle income,0.04538326805855535,0.014303923978680947,0.02242922586928334,0.018304962971916684,0.999245077213643,15.273187899681847,converging,infra_gap,Time-tax infrastructure (composite)
VNM,0.04281305277857086,0.011297385396751255,24,26.97842125868697,1.8808387282972017,2000,2024,1.0692418845901392,Viet Nam,East Asia & Pacific,Upper middle income,0.026181057465268418,0.007104972351090131,0.015298484056716086,0.009138429592894659,0.9998856002879732,26.475140718799032,converging,infra_gap,Time-tax infrastructure (composite)
VUT,0.028964401681420712,0.014653355252166055,24,38.63850834703058,16.425215849079027,2000,2024,2.2441083298760365,Vanuatu,East Asia & Pacific,Lower middle income,0.019125216620858875,0.007754106032683309,0.015298484056716086,0.009138429592894659,0.9931772611787237,36.242579328694546,converging,infra_gap,Time-tax infrastructure (composite)
WSM,0.044446141503285595,0.034233329960396026,24,12.568148010480522,0.3991144648751685,2000,2024,1.7561473654037825,Samoa,East Asia & Pacific,Upper middle income,0.01723737633281533,0.008829256991233768,0.015298484056716086,0.009138429592894659,0.9745488216037718,40.211872571371515,converging,infra_gap,Time-tax infrastructure (composite)
YEM,0.02395974979599858,0.015661961639489498,24,52.399514983308194,25.067861132331004,2000,2024,3.5290009248492495,"Yemen, Rep.","Middle East, North Africa, Afghanistan & Pakistan",Low income,0.027292719948214954,0.014572069853431659,0.04877075133203485,0.03975828843080571,0.9694621737021427,25.396779136528664,converging,infra_gap,Time-tax infrastructure (composite)
ZAF,0.052273838435867664,0.013675258256861144,24,33.44221591127236,9.416378761993135,2000,2024,1.405272848979695,South Africa,Sub-Saharan Africa ,Upper middle income,0.03609056262886974,0.011421930383424893,-0.0012427037828369365,0.020770660806232147,0.9992105051855323,19.205773755532412,converging,infra_gap,Time-tax infrastructure (composite)
ZMB,0.013044787589409971,0.003545301866650912,24,42.9889667001321,30.61613773766706,2000,2024,0.6682895871587444,Zambia,Sub-Saharan Africa ,Lower middle income,0.012640314432239215,0.0034947585453824416,-0.0012427037828369365,0.020770660806232147,0.9998509439255818,54.83622929442865,converging,infra_gap,Time-tax infrastructure (composite)
ZWE,0.02112749049805916,0.009317916731486705,24,57.38307515362502,28.79513861897913,2000,2024,2.317948523862044,Zimbabwe,Sub-Saharan Africa ,Lower middle income,0.017379718273195278,0.008501626666067711,-0.0012427037828369365,0.020770660806232147,0.97953712804023,39.88253259714719,converging,infra_gap,Time-tax infrastructure (composite)
AFG,-0.021770545870321116,0.007469007010122077,23,27.9,66.6,2000,2023,2.1235462066512154,Afghanistan,"Middle East, North Africa, Afghanistan & Pakistan",Low income,-0.021432847433176038,0.0074495338704498966,0.043076837580121805,0.10323115877529178,0.0020069181903004107,,diverging,cooking_gap,Clean cooking
AGO,0.004226718091579389,0.002,23,73.45,66.6,2000,2023,0.19987606289371973,Angola,Sub-Saharan Africa ,Lower middle income,0.004210147736473905,0.001999111320799115,-0.014423473495612951,0.06706759290609189,0.9823982430158849,164.63725834487505,converging,cooking_gap,Clean cooking
ALB,0.023285142097716042,0.005033149188432574,23,46.4,22.700000000000003,2000,2023,0.9551835819950074,Albania,Europe & Central Asia,Upper middle income,0.02339280120438023,0.005009279916097663,0.034662788301596706,0.051496311966639736,0.9999984932166855,29.630790023990613,converging,cooking_gap,Clean cooking
ARG,0.112508285860957,0.00330575830078133,23,20.700000000000003,1.7000000000000028,2000,2023,0.14807546444412736,Argentina,Latin America & Caribbean ,Upper middle income,0.11205733391493049,0.003297323873818606,0.024023179803263937,0.04618825578576903,1.0,6.185647617550453,converging,cooking_gap,Clean cooking
ARM,0.13125574328613884,0.003825190779760533,23,37.8,2.450000000000003,2000,2023,0.2915290423267404,Armenia,Europe & Central Asia,Upper middle income,0.13072570199709174,0.003814681223795408,0.034662788301596706,0.051496311966639736,1.0,5.3023022249700045,converging,cooking_gap,Clean cooking
AZE,0.1261366757807298,0.00344799683614289,23,52.49999999999999,1.9000000000000057,2000,2023,0.37229940431221686,Azerbaijan,Europe & Central Asia,Upper middle income,0.12572841660778103,0.0034402938153774596,0.034662788301596706,0.051496311966639736,1.0,5.513051060861352,converging,cooking_gap,Clean cooking
BDI,0.1402714932126697,0.05429864253393659,2,1.1,0.0,2000,2023,0.0807207352795574,Burundi,Sub-Saharan Africa ,Low income,0.07902129503474806,0.04220154754551278,-0.014423473495612951,0.06706759290609189,0.9694294631517787,8.771650480483109,converging,cooking_gap,Clean cooking
BEN,-0.024352853171781364,0.014353328458212388,23,1.0,7.700000000000001,2000,2023,0.47231611437969484,Benin,Sub-Saharan Africa ,Lower middle income,-0.023917989969332844,0.01403550330295958,-0.014423473495612951,0.06706759290609189,0.04418061249121363,,diverging,cooking_gap,Clean cooking
BFA,-0.0577818238510451,0.0020966544330684542,23,11.8,43.0,2000,2023,0.251317423234077,Burkina Faso,Sub-Saharan Africa ,Low income,-0.057739491070462924,0.0020956306523390407,-0.014423473495612951,0.06706759290609189,0.0,,diverging,cooking_gap,Clean cooking
BGD,-0.01942512990653321,0.0024011961136825018,23,33.4,52.400000000000006,2000,2023,0.4887099684714364,Bangladesh,South Asia,Lower middle income,-0.019382285066330315,0.002396756669058702,-0.007827501806878242,0.039432950160619346,3.3306690738754696e-16,,diverging,cooking_gap,Clean cooking
BIH,0.0015914566507418827,0.002,23,47.8,46.05,2000,2023,0.28446838286846654,Bosnia and Herzegovina,Europe & Central Asia,Upper middle income,0.001641265308290299,0.0019984933347593284,0.034662788301596706,0.051496311966639736,0.7942484378150723,,no clear trend,cooking_gap,Clean cooking
BLR,0.1256572902483034,0.00500087621129948,19,14.599999999999994,0.5,2000,2023,0.1503035787100886,Belarus,Europe & Central Asia,Upper middle income,0.124807173377142,0.004977461030590572,0.034662788301596706,0.051496311966639736,1.0,5.5537447231930726,converging,cooking_gap,Clean cooking
BLZ,0.012997680193237509,0.0026129831660283045,23,27.200000000000003,20.700000000000003,2000,2023,0.28773690829896553,Belize,Latin America & Caribbean ,Upper middle income,0.013032854104381885,0.0026088118241043333,0.024023179803263937,0.04618825578576903,0.9999997068938318,53.184603695279336,converging,cooking_gap,Clean cooking
BOL,0.0322029349330412,0.0037607371207499848,23,74.0,28.200000000000003,2000,2023,1.024618349894618,Bolivia,Latin America & Caribbean ,Lower middle income,0.03214906412808596,0.0037483328005725614,0.024023179803263937,0.04618825578576903,1.0,21.560415500692613,converging,cooking_gap,Clean cooking
BRA,0.03842813272127129,0.002217393046319354,23,41.4,15.5,2000,2023,0.3102657061072533,Brazil,Latin America & Caribbean ,Upper middle income,0.03839500936801344,0.002214842195779316,0.024023179803263937,0.04618825578576903,1.0,18.053054080966064,converging,cooking_gap,Clean cooking
BTN,0.052343064208046235,0.00701893951107447,23,75.69999999999999,10.599999999999994,2000,2023,1.6565423660706085,Bhutan,South Asia,Lower middle income,0.050495232825585504,0.006910323688258188,-0.007827501806878242,0.039432950160619346,0.9999999999998637,13.726982563960643,converging,cooking_gap,Clean cooking
BWA,-0.00753633246567115,0.002,23,50.60000000000001,60.00000000000001,2000,2023,0.28153121216015226,Botswana,Sub-Saharan Africa ,Upper middle income,-0.007542451564876868,0.001999111320799115,-0.014423473495612951,0.06706759290609189,8.067976526193732e-05,,diverging,cooking_gap,Clean cooking
CAF,-0.053259480187473375,0.012969411659249298,12,0.7000000000000001,1.9,2000,2023,0.06283141206699537,Central African Republic,Sub-Saharan Africa ,Low income,-0.05185955292360591,0.012733511114585367,-0.014423473495612951,0.06706759290609189,2.3237339699555548e-05,,diverging,cooking_gap,Clean cooking
CHN,0.025288972037474364,0.007280524034146004,23,47.8,17.799999999999997,2000,2023,1.4624757070834007,China,East Asia & Pacific,Upper middle income,0.024428190377007126,0.007168824925890548,-0.0029806693708011793,0.041082950043242604,0.9996722657292764,28.374888596429376,converging,cooking_gap,Clean cooking
CIV,-0.03884175706168619,0.004646623805364805,23,32.1,66.10000000000001,2000,2023,0.9512462040990498,Cote d'Ivoire,Sub-Saharan Africa ,Lower middle income,-0.03872510697830659,0.004635511682274838,-0.014423473495612951,0.06706759290609189,0.0,,diverging,cooking_gap,Clean cooking
CMR,-0.02872222091435567,0.0033650573050943056,23,20.4,44.8,2000,2023,0.5548358078679487,Cameroon,Sub-Saharan Africa ,Lower middle income,-0.0286863150366786,0.0033608296171870047,-0.014423473495612951,0.06706759290609189,0.0,,diverging,cooking_gap,Clean cooking
COD,-0.017883875437663156,0.008185691478588634,23,4.3,8.899999999999999,2000,2023,0.3291156995438451,"Congo, Dem. Rep.",Sub-Saharan Africa ,Low income,-0.01783308404963307,0.008125395078246623,-0.014423473495612951,0.06706759290609189,0.014091327981802682,,diverging,cooking_gap,Clean cooking
COG,-0.05479253830090422,0.004085711026479425,23,11.8,50.2,2000,2023,0.5931673626185543,"Congo, Rep.",Sub-Saharan Africa ,Lower middle income,-0.05464327611782788,0.004078150696454678,-0.014423473495612951,0.06706759290609189,0.0,,diverging,cooking_gap,Clean cooking
COL,0.01908193707277376,0.003043485726654154,23,59.2,35.6,2000,2023,0.7424390051844827,Colombia,Latin America & Caribbean ,Upper middle income,0.01910329868479919,0.003036899915877007,0.024023179803263937,0.04618825578576903,0.99999999984167,36.28416180874007,converging,cooking_gap,Clean cooking
COM,-0.06324404073238321,0.009070108469315726,22,0.8,13.4,2000,2023,0.33332155009735115,Comoros,Sub-Saharan Africa ,Lower middle income,-0.062367178995308976,0.008988285708048514,-0.014423473495612951,0.06706759290609189,1.978417429882029e-12,,diverging,cooking_gap,Clean cooking
CPV,0.016215722473597878,0.003725067989806708,23,59.900000000000006,37.1,2000,2023,0.9813923328506315,Cabo Verde,Sub-Saharan Africa ,Upper middle income,0.016121493896190234,0.003719335493623812,-0.014423473495612951,0.06706759290609189,0.9999926957158691,42.995220233513656,converging,cooking_gap,Clean cooking
CRI,0.029458451459722677,0.004617179465327548,23,20.200000000000003,8.100000000000009,2000,2023,0.3560626789032815,Costa Rica,Latin America & Caribbean ,High income,0.029404674860765857,0.00459428149055839,0.024023179803263937,0.04618825578576903,0.9999999999224524,23.57268644669829,converging,cooking_gap,Clean cooking
CUB,0.09595751990870834,0.006617954400307338,23,49.1,6.399999999999992,2000,2023,0.755708962420774,Cuba,Latin America & Caribbean ,Upper middle income,0.09451043173084898,0.006551050209443273,0.024023179803263937,0.04618825578576903,1.0,7.33408119998775,converging,cooking_gap,Clean cooking
DJI,-0.043615469158734335,0.007150766192022076,23,2.9,12.2,2000,2023,0.28205852575213475,Djibouti,"Middle East, North Africa, Afghanistan & Pakistan",Lower middle income,-0.04320148355642651,0.007133672075174077,0.043076837580121805,0.10323115877529178,6.977609601221957e-10,,diverging,cooking_gap,Clean cooking
DMA,0.03986340912990138,0.004478677376988951,23,38.9,16.39999999999999,2000,2023,0.56676503152584,Dominica,Latin America & Caribbean ,Upper middle income,0.03971586104168332,0.00445776965124662,0.024023179803263937,0.04618825578576903,1.0,17.45265398709248,converging,cooking_gap,Clean cooking
DOM,0.019594197801317974,0.004738192738548059,23,28.90000000000001,17.30000000000001,2000,2023,0.5604069293687306,Dominican Republic,Latin America & Caribbean ,Upper middle income,0.019640321040214105,0.004713456495964789,0.024023179803263937,0.04618825578576903,0.9999845589093785,35.29204940900442,converging,cooking_gap,Clean cooking
DZA,0.1027184230722623,0.0034187285274778134,21,7.0,0.8000000000000114,2000,2023,0.053791496201707395,Algeria,"Middle East, North Africa, Afghanistan & Pakistan",Upper middle income,0.10265308282767557,0.003416855322977062,0.043076837580121805,0.10323115877529178,1.0,6.752326978075623,converging,cooking_gap,Clean cooking
ECU,0.04355913856797519,0.004962308327182707,23,27.200000000000003,12.5,2000,2023,0.4119546864916668,Ecuador,Latin America & Caribbean ,Upper middle income,0.043336215551930346,0.004933914875669791,0.024023179803263937,0.04618825578576903,1.0,15.994640319465322,converging,cooking_gap,Clean cooking
EGY,0.26380735777729986,0.010299019344262727,9,24.40000000000001,0.0,2000,2023,0.3715477393185678,"Egypt, Arab Rep.","Middle East, North Africa, Afghanistan & Pakistan",Lower middle income,0.26163199743346316,0.010248143843380556,0.043076837580121805,0.10323115877529178,1.0,2.649321135639087,converging,cooking_gap,Clean cooking
ERI,-0.023255713032263665,0.006190042587233747,23,10.3,23.4,2000,2023,0.594289625354451,Eritrea,Sub-Saharan Africa ,Low income,-0.023181111316578615,0.006163844981255143,-0.014423473495612951,0.06706759290609189,8.467864349614995e-05,,diverging,cooking_gap,Clean cooking
ETH,-0.05466889684335098,0.010606291175338798,23,1.6,23.3,2000,2023,0.7276451065994723,Ethiopia,Sub-Saharan Africa ,Low income,-0.05368694465173932,0.010476100144794984,-0.014423473495612951,0.06706759290609189,1.49000328630855e-07,,diverging,cooking_gap,Clean cooking
FJI,-0.006218652557522599,0.002,23,36.6,42.00000000000001,2000,2023,0.33554882819099274,Fiji,East Asia & Pacific,Upper middle income,-0.0062109968857543595,0.0019976342674362423,-0.0029806693708011793,0.041082950043242604,0.000938049047127687,,diverging,cooking_gap,Clean cooking
FSM,-0.00249112183899149,0.00386833955105739,23,29.4,31.4,2000,2023,0.5849667140663116,"Micronesia, Fed. Sts.",East Asia & Pacific,Upper middle income,-0.002495424006623087,0.0038513044636711785,-0.0029806693708011793,0.041082950043242604,0.2585110567321678,,no clear trend,cooking_gap,Clean cooking
GAB,0.013554752565796154,0.0020947215444436966,23,63.9,44.95,2000,2023,0.5808191549045298,Gabon,Sub-Saharan Africa ,Upper middle income,0.013527486411552905,0.002093700591172222,-0.014423473495612951,0.06706759290609189,0.9999999999480076,51.23990957906086,converging,cooking_gap,Clean cooking
GEO,0.04308661620312205,0.008234631830758395,23,76.60000000000001,10.800000000000011,2000,2023,2.1698624023046755,Georgia,Europe & Central Asia,Upper middle income,0.0428765867691024,0.008131327726540478,0.034662788301596706,0.051496311966639736,0.9999999328985217,16.166099794572244,converging,cooking_gap,Clean cooking
GHA,-0.03319480132068693,0.0043097346504546215,23,12.7,34.1,2000,2023,0.5234136803612705,Ghana,Sub-Saharan Africa ,Lower middle income,-0.03311760777635946,0.00430086403603452,-0.014423473495612951,0.06706759290609189,6.772360450213455e-15,,diverging,cooking_gap,Clean cooking
GIN,-0.07207478890229192,0.016266520276830353,11,0.7,2.5,2000,2023,0.09367030186965469,Guinea,Sub-Saharan Africa ,Lower middle income,-0.06887184889119509,0.015808203262746578,-0.014423473495612951,0.06706759290609189,6.601425939223304e-06,,diverging,cooking_gap,Clean cooking
GMB,0.020045218030960293,0.007959925820792817,23,3.7,2.2,2000,2023,0.12100723634852596,"Gambia, The",Sub-Saharan Africa ,Low income,0.01956643081709662,0.007904448838431544,-0.014423473495612951,0.06706759290609189,0.9933450785492313,35.42532549954343,converging,cooking_gap,Clean cooking
GNB,0.029378902398948404,0.007098714703989054,23,3.3,1.5,2000,2023,0.0875620056346308,Guinea-Bissau,Sub-Saharan Africa ,Low income,0.02889362135457643,0.007059282296924878,-0.014423473495612951,0.06706759290609189,0.9999787083395796,23.989626362642095,converging,cooking_gap,Clean cooking
GNQ,-0.0027023903523978486,0.004708707578894131,23,22.5,24.6,2000,2023,0.609678313281409,Equatorial Guinea,Sub-Saharan Africa ,Upper middle income,-0.0027598827308240384,0.004697145184101719,-0.014423473495612951,0.06706759290609189,0.2784118244635576,,no clear trend,cooking_gap,Clean cooking
GRD,-0.08088983050847458,0.007842863759629025,20,0.3999999999999915,9.0,2000,2023,0.17039061488647866,Grenada,Latin America & Caribbean ,Upper middle income,-0.07794967175144299,0.007732185750506197,0.024023179803263937,0.04618825578576903,0.0,,diverging,cooking_gap,Clean cooking
GTM,-0.0013321576786577657,0.002,23,50.9,52.5,2000,2023,0.24870419201014712,Guatemala,Latin America & Caribbean ,Upper middle income,-0.0012847058743336779,0.0019981276515708937,0.024023179803263937,0.04618825578576903,0.2601266969004107,,no clear trend,cooking_gap,Clean cooking
HND,-0.00046509591159057115,0.0035451559801028287,23,47.1,47.900000000000006,2000,2023,0.8896214338768763,Honduras,Latin America & Caribbean ,Lower middle income,-0.00032167425087325737,0.003534759192243221,0.024023179803263937,0.04618825578576903,0.46374504069398337,,no clear trend,cooking_gap,Clean cooking
HTI,0.003237722409454146,0.005126552781700095,23,5.2,4.800000000000001,2000,2023,0.13363399994340036,Haiti,Latin America & Caribbean ,Lower middle income,0.0034906695591425704,0.0050952636874554025,0.024023179803263937,0.04618825578576903,0.7533536708176394,,no clear trend,cooking_gap,Clean cooking
IDN,0.004536030726216501,0.01917195263172841,23,12.6,11.900000000000006,2000,2023,2.5557365234741707,Indonesia,East Asia & Pacific,Upper middle income,0.0031918137832667765,0.017373314937461456,-0.0029806693708011793,0.041082950043242604,0.5728831781316055,,no clear trend,cooking_gap,Clean cooking
IND,0.009771671992797272,0.008905748997790943,23,43.6,29.5,2000,2023,2.1488961505972597,India,South Asia,Lower middle income,0.008917570672273523,0.008686960093572824,-0.007827501806878242,0.039432950160619346,0.8476830309186913,,no clear trend,cooking_gap,Clean cooking
IRN,0.06026348803620942,0.007933545971826467,23,13.950000000000005,5.5,2000,2023,0.29925720302223663,"Iran, Islamic Rep.","Middle East, North Africa, Afghanistan & Pakistan",Upper middle income,0.060162575107384125,0.007910220425661429,0.043076837580121805,0.10323115877529178,0.9999999999999858,11.521235241722076,converging,cooking_gap,Clean cooking
IRQ,0.10237677173833977,0.009079112665288954,20,26.000000000000007,0.1999999999999886,2000,2023,0.5375405946120673,Iraq,"Middle East, North Africa, Afghanistan & Pakistan",Upper middle income,0.10192160235974379,0.009044201204187412,0.043076837580121805,0.10323115877529178,1.0,6.80078770851153,converging,cooking_gap,Clean cooking
JAM,0.0714223048068966,0.0020821918412825663,23,45.8,6.799999999999997,2000,2023,0.2541913883171376,Jamaica,Latin America & Caribbean ,Upper middle income,0.07132617302793938,0.0020800792875262466,0.024023179803263937,0.04618825578576903,1.0,9.717992023607248,converging,cooking_gap,Clean cooking
KAZ,0.06283824807178522,0.0031457210391526965,23,28.5,6.799999999999997,2000,2023,0.2497647533601433,Kazakhstan,Europe & Central Asia,Upper middle income,0.06273350107017236,0.0031398682213559905,0.034662788301596706,0.051496311966639736,1.0,11.049075354245023,converging,cooking_gap,Clean cooking
KEN,-0.07942624405049849,0.0046516927864984625,23,5.1,51.2,2000,2023,0.5822867812853202,Kenya,Sub-Saharan Africa ,Lower middle income,-0.07911504068667162,0.004640544344456311,-0.014423473495612951,0.06706759290609189,0.0,,diverging,cooking_gap,Clean cooking
KGZ,0.03969110135623389,0.0022586329455549004,23,53.5,22.5,2000,2023,0.39331265301075335,Kyrgyz Republic,Europe & Central Asia,Lower middle income,0.03968144692444565,0.0022564636002496263,0.034662788301596706,0.051496311966639736,1.0,17.467789969446248,converging,cooking_gap,Clean cooking
KHM,-0.00873992747132935,0.01426582886496605,23,14.8,31.40000000000001,2000,2023,2.6615206407406444,Cambodia,East Asia & Pacific,Lower middle income,-0.008120208293218877,0.01347645975289298,-0.0029806693708011793,0.041082950043242604,0.27340484877962234,,no clear trend,cooking_gap,Clean cooking
KIR,-0.1108548419362396,0.00663752084955519,21,0.6000000000000001,23.45,2000,2023,0.32087127566151225,Kiribati,East Asia & Pacific,Lower middle income,-0.10811064597100269,0.006552551506095702,-0.0029806693708011793,0.041082950043242604,0.0,,diverging,cooking_gap,Clean cooking
LAO,-0.06482378124920367,0.005445989891256108,23,2.5,20.700000000000003,2000,2023,0.3051348819327924,Lao PDR,East Asia & Pacific,Lower middle income,-0.06375581766042711,0.005398761934687719,-0.0029806693708011793,0.041082950043242604,0.0,,diverging,cooking_gap,Clean cooking
LBR,-0.08771929824561402,0.03652045613098478,4,-0.1,1.4,2000,2023,0.08271701918685109,Liberia,Sub-Saharan Africa ,Low income,-0.0709564206523791,0.03207357634497707,-0.014423473495612951,0.06706759290609189,0.01347292020600832,,diverging,cooking_gap,Clean cooking
LCA,0.15226472338986086,0.017741212058491742,21,-33.300000000000004,7.799999999999997,2000,2023,1.0955812547785637,St. Lucia,Latin America & Caribbean ,Upper middle income,0.1357768301247639,0.016561504140532528,0.024023179803263937,0.04618825578576903,0.9999999999999999,5.105047598496883,converging,cooking_gap,Clean cooking
LKA,-0.006332996435047101,0.002,23,39.8,46.3,2000,2023,0.31336023023000453,Sri Lanka,South Asia,Upper middle income,-0.0063368310625231536,0.001997432534906013,-0.007827501806878242,0.039432950160619346,0.00075569361610206,,diverging,cooking_gap,Clean cooking
LSO,-0.009157814048849881,0.0055249539620212135,23,38.2,52.400000000000006,2000,2023,1.4349926454816524,Lesotho,Sub-Saharan Africa ,Lower middle income,-0.009193307429487681,0.005506301894971255,-0.014423473495612951,0.06706759290609189,0.047499520753940816,,diverging,cooking_gap,Clean cooking
MAR,0.09655710729505076,0.0030432429398970957,23,20.89999999999999,1.2999999999999972,2000,2023,0.1481562436213289,Morocco,"Middle East, North Africa, Afghanistan & Pakistan",Lower middle income,0.09651066988768223,0.003041921415121409,0.043076837580121805,0.10323115877529178,1.0,7.182078223751015,converging,cooking_gap,Clean cooking
MDA,0.13104873284084115,0.005052080043395916,23,56.6,1.0,2000,2023,0.5783648175395951,Moldova,Europe & Central Asia,Upper middle income,0.130129888547027,0.0050279417150287204,0.034662788301596706,0.051496311966639736,1.0,5.326579376185758,converging,cooking_gap,Clean cooking
MDG,-0.05583972719522592,0.014388377787554307,23,1.8,3.8,2000,2023,0.13938172397103257,Madagascar,Sub-Saharan Africa ,Low income,-0.05401739822775015,0.014068270258877386,-0.014423473495612951,0.06706759290609189,6.16019857795358e-05,,diverging,cooking_gap,Clean cooking
MDV,0.0853208971638247,0.02191915799651772,18,33.0,0.1000000000000085,2000,2023,1.83557440579415,Maldives,South Asia,Upper middle income,0.06333359952632685,0.01915832340806593,-0.007827501806878242,0.039432950160619346,0.9995264729316703,10.94438316697623,converging,cooking_gap,Clean cooking
MEX,0.021263163394443216,0.0024067603982302808,23,51.5,30.3,2000,2023,0.4893596737519133,Mexico,Latin America & Caribbean ,Upper middle income,0.021270637111511382,0.0024034996133375495,0.024023179803263937,0.04618825578576903,1.0,32.58704367556641,converging,cooking_gap,Clean cooking
MHL,-0.03138457769503567,0.013054897605842549,23,7.200000000000001,85.4,2000,2023,4.275814194569314,Marshall Islands,East Asia & Pacific,Upper middle income,-0.02877948344935894,0.012441830775321735,-0.0029806693708011793,0.041082950043242604,0.01035794201534379,,diverging,cooking_gap,Clean cooking
MKD,-0.0007030479886452893,0.0062609153376128246,23,30.10000000000001,31.3,2000,2023,1.1282317100509587,North Macedonia,Europe & Central Asia,Upper middle income,-0.00018789677452840986,0.006215148715264034,0.034662788301596706,0.051496311966639736,0.4879409883679069,,no clear trend,cooking_gap,Clean cooking
MLI,-0.015196714982627311,0.007930067833366215,23,1.6,2.2,2000,2023,0.06692925574179256,Mali,Sub-Saharan Africa ,Low income,-0.015186053592597084,0.007875208516524181,-0.014423473495612951,0.06706759290609189,0.02690662994979609,,diverging,cooking_gap,Clean cooking
MMR,-0.040353689826134166,0.014531603322821291,23,4.6,49.7,2000,2023,2.438306584093217,Myanmar,East Asia & Pacific,Lower middle income,-0.03619778371991926,0.013699836548578388,-0.0029806693708011793,0.041082950043242604,0.004118402920272546,,diverging,cooking_gap,Clean cooking
MNE,0.01648232558006709,0.0023514388480807436,23,38.50000000000001,25.599999999999994,2000,2023,0.3746620835130027,Montenegro,Europe & Central Asia,Upper middle income,0.016520153762594452,0.0023489912487667636,0.034662788301596706,0.051496311966639736,0.9999999999989884,41.95767124936785,converging,cooking_gap,Clean cooking
MNG,-0.015393631790018281,0.002270951681251509,23,37.7,53.900000000000006,2000,2023,0.4957582705735037,Mongolia,East Asia & Pacific,Upper middle income,-0.015355818628426813,0.002267490083734387,-0.0029806693708011793,0.041082950043242604,6.343481295800757e-12,,diverging,cooking_gap,Clean cooking
MOZ,-0.05571327261785712,0.0038599079132618703,23,3.5,16.4,2000,2023,0.18248079520676191,Mozambique,Sub-Saharan Africa ,Low income,-0.055576960305237864,0.0038535311815003697,-0.014423473495612951,0.06706759290609189,0.0,,diverging,cooking_gap,Clean cooking
MRT,-0.013275451184133438,0.0022336796407844512,23,39.1,55.0,2000,2023,0.527409616598435,Mauritania,Sub-Saharan Africa ,Lower middle income,-0.013276723178539406,0.002232441853231458,-0.014423473495612951,0.06706759290609189,1.3640455431840337e-09,,diverging,cooking_gap,Clean cooking
MUS,0.10830422561714223,0.006203437731519281,18,6.649999999999992,0.3000000000000113,2000,2023,0.09044529244385972,Mauritius,Sub-Saharan Africa ,Upper middle income,0.10726315004510631,0.0061770704079603085,-0.014423473495612951,0.06706759290609189,1.0,6.462118446721572,converging,cooking_gap,Clean cooking
MWI,0.026253628218806637,0.007159762254083835,23,11.4,4.6,2000,2023,0.3317041432217357,Malawi,Sub-Saharan Africa ,Low income,0.025795274968102192,0.007119309551668647,-0.014423473495612951,0.06706759290609189,0.9998545565066123,26.871090981471383,converging,cooking_gap,Clean cooking
MYS,-0.07254106267555653,0.006436761211448149,23,3.9000000000000057,15.699999999999989,2000,2023,0.2516983519311879,Malaysia,East Asia & Pacific,Upper middle income,-0.07087442428398734,0.006359182631871722,-0.0029806693708011793,0.041082950043242604,0.0,,diverging,cooking_gap,Clean cooking
NAM,0.005340415924972273,0.002,23,65.8,57.85,2000,2023,0.2923708867926487,Namibia,Sub-Saharan Africa ,Lower middle income,0.005322856069652099,0.001999111320799115,-0.014423473495612951,0.06706759290609189,0.9961231520022051,130.22091363917892,converging,cooking_gap,Clean cooking
NER,-0.10682809858878102,0.0038704656898938105,23,3.5,24.2,2000,2023,0.1952150245140974,Niger,Sub-Saharan Africa ,Low income,-0.10652137249225353,0.0038640365764180213,-0.014423473495612951,0.06706759290609189,0.0,,diverging,cooking_gap,Clean cooking
NGA,-0.13002954450504053,0.01861046843846397,23,1.4,39.0,2000,2023,1.3596739973716887,Nigeria,Sub-Saharan Africa ,Lower middle income,-0.12176432827578133,0.01793285796379968,-0.014423473495612951,0.06706759290609189,5.6061821851471905e-12,,diverging,cooking_gap,Clean cooking
NIC,-0.019878458677478467,0.002,23,48.4,78.8,2000,2023,0.4476105735998924,Nicaragua,Latin America & Caribbean ,Lower middle income,-0.019796297990002692,0.0019981276515708937,0.024023179803263937,0.04618825578576903,0.0,,diverging,cooking_gap,Clean cooking
NPL,-0.007709805357924517,0.012803101180186426,23,20.3,36.7,2000,2023,2.833513442844737,Nepal,South Asia,Lower middle income,-0.007721029390676012,0.012177329360812304,-0.007827501806878242,0.039432950160619346,0.2630242645215901,,no clear trend,cooking_gap,Clean cooking
PAK,0.003509131184068455,0.0040084151513068,23,60.900000000000006,55.1,2000,2023,1.2747480698625413,Pakistan,"Middle East, North Africa, Afghanistan & Pakistan",Lower middle income,0.003568698818804812,0.0040053967587276645,0.043076837580121805,0.10323115877529178,0.8135280687201627,,no clear trend,cooking_gap,Clean cooking
PER,0.013960105704879502,0.010198489908654861,23,55.5,28.40000000000001,2000,2023,3.0490706549801003,Peru,Latin America & Caribbean ,Upper middle income,0.014427911645898439,0.009958618451777767,0.024023179803263937,0.04618825578576903,0.9263013879250603,48.042100448888796,converging,cooking_gap,Clean cooking
PHL,-0.0034685593641729444,0.002002088078275672,23,36.6,39.9,2000,2023,0.3791986664314371,Philippines,East Asia & Pacific,Upper middle income,-0.003467403425352256,0.0019997149370143043,-0.0029806693708011793,0.041082950043242604,0.041463579158766195,,diverging,cooking_gap,Clean cooking
PNG,0.013976165023004281,0.002334534546198837,23,39.9,27.6,2000,2023,0.40463043483256655,Papua New Guinea,East Asia & Pacific,Lower middle income,0.013921586467397294,0.0023307744630005284,-0.0029806693708011793,0.041082950043242604,0.9999999988349539,49.78938156101776,converging,cooking_gap,Clean cooking
PRK,-0.07629148257767482,0.008725813743378958,20,0.0999999999999999,21.2,2000,2023,0.4615254382820234,"Korea, Dem. People's Rep.",East Asia & Pacific,Low income,-0.07312706356180819,0.008535414095589711,-0.0029806693708011793,0.041082950043242604,0.0,,diverging,cooking_gap,Clean cooking
PRY,0.01074047762605787,0.002,23,54.900000000000006,42.95,2000,2023,0.4097776231432527,Paraguay,Latin America & Caribbean ,Upper middle income,0.010765335831359113,0.0019981276515708937,0.024023179803263937,0.04618825578576903,0.9999999643198114,64.38695377628885,converging,cooking_gap,Clean cooking
RWA,-0.29786260712113016,0.010573026314291249,12,0.3,37.85,2000,2023,0.4830831805820981,Rwanda,Sub-Saharan Africa ,Low income,-0.2909892080674464,0.010444041600154512,-0.014423473495612951,0.06706759290609189,0.0,,diverging,cooking_gap,Clean cooking
SDN,-0.0035286158442894393,0.013514430618767186,23,12.15,17.799999999999997,2000,2023,1.6695464165624776,Sudan,Sub-Saharan Africa ,Low income,-0.003953730509922221,0.013248142266581012,-0.014423473495612951,0.06706759290609189,0.3826849798336439,,no clear trend,cooking_gap,Clean cooking
SEN,0.008404946454013065,0.005164548889244258,23,62.3,52.2,2000,2023,1.3818998684589847,Senegal,Sub-Saharan Africa ,Lower middle income,0.008270376677828185,0.00514930430736469,-0.014423473495612951,0.06706759290609189,0.9458757158397488,83.8108356561538,converging,cooking_gap,Clean cooking
SLB,0.0024767690181924187,0.002,23,34.2,32.2,2000,2023,0.2708016896655544,Solomon Islands,East Asia & Pacific,Lower middle income,0.002463865814379359,0.0019976342674362423,-0.0029806693708011793,0.041082950043242604,0.8912851969296338,,no clear trend,cooking_gap,Clean cooking
SLE,-0.06141078838174275,0.021862140866920315,7,-0.1999999999999999,1.6,2000,2023,0.07589028988997909,Sierra Leone,Sub-Saharan Africa ,Low income,-0.056897591242283524,0.020785695355023687,-0.014423473495612951,0.06706759290609189,0.003096877682296717,,diverging,cooking_gap,Clean cooking
SLV,0.04165481484855939,0.007327618481254208,23,58.1,10.099999999999994,2000,2023,1.4786517244252624,El Salvador,Latin America & Caribbean ,Upper middle income,0.041221942564098085,0.007237109744021645,0.024023179803263937,0.04618825578576903,0.9999999938643034,16.81500524828823,converging,cooking_gap,Clean cooking
SOM,-0.12559391827684513,0.00883288284106096,14,-0.0999999999999999,8.3,2000,2023,0.14037337909427164,"Somalia, Fed. Rep.",Sub-Saharan Africa ,Low income,-0.12369851991651341,0.008757261094398198,-0.014423473495612951,0.06706759290609189,0.0,,diverging,cooking_gap,Clean cooking
SRB,0.029387256906253868,0.0035837768670919997,23,51.6,21.69999999999999,2000,2023,0.6988926326652745,Serbia,Europe & Central Asia,Upper middle income,0.029412684051077796,0.0035751298442694168,0.034662788301596706,0.051496311966639736,0.9999999999999999,23.56626751085458,converging,cooking_gap,Clean cooking
STP,-0.08593365488729206,0.010262785185924562,15,0.4,4.4,2000,2023,0.10344052564290958,Sao Tome and Principe,Sub-Saharan Africa ,Lower middle income,-0.08429751327251973,0.010144700388106201,-0.014423473495612951,0.06706759290609189,0.0,,diverging,cooking_gap,Clean cooking
SUR,0.05677267648285862,0.004703344597413438,23,31.099999999999994,5.099999999999994,2000,2023,0.43538784979454126,Suriname,Latin America & Caribbean ,Upper middle income,0.05643657149985783,0.0046791473637270405,0.024023179803263937,0.04618825578576903,1.0,12.281879677288536,converging,cooking_gap,Clean cooking
SWZ,-0.008973026947929912,0.002,23,49.5,61.3,2000,2023,0.25998200132008054,Eswatini,Sub-Saharan Africa ,Lower middle income,-0.008977869570288847,0.001999111320799115,-0.014423473495612951,0.06706759290609189,3.5456380820253486e-06,,diverging,cooking_gap,Clean cooking
SYR,-0.09858732491526928,0.00838274288477986,23,2.299999999999997,9.599999999999994,2000,2023,0.17113169935672606,Syrian Arab Republic,"Middle East, North Africa, Afghanistan & Pakistan",Low income,-0.09765930705115865,0.00835524080808253,0.043076837580121805,0.10323115877529178,0.0,,diverging,cooking_gap,Clean cooking
TCD,-0.10668387122241987,0.004689301754125709,22,0.7999999999999998,40.0,2000,2023,0.39493505664123274,Chad,Sub-Saharan Africa ,Low income,-0.10623503459198935,0.004677881380292073,-0.014423473495612951,0.06706759290609189,0.0,,diverging,cooking_gap,Clean cooking
TGO,-0.08710296434197337,0.007709317360856304,21,0.6,25.3,2000,2023,0.4555352063407976,Togo,Sub-Saharan Africa ,Lower middle income,-0.08615516267715134,0.00765888440932082,-0.014423473495612951,0.06706759290609189,0.0,,diverging,cooking_gap,Clean cooking
THA,0.04677368781925282,0.0033242672198506803,23,38.7,10.800000000000011,2000,2023,0.40926269374217383,Thailand,East Asia & Pacific,Upper middle income,0.046450045353452075,0.00331343772267103,-0.0029806693708011793,0.041082950043242604,1.0,14.922422040400267,converging,cooking_gap,Clean cooking
TJK,0.048431938546222936,0.003491671450882442,23,58.1,14.900000000000006,2000,2023,0.6386986281668697,Tajikistan,Europe & Central Asia,Lower middle income,0.04836892563151071,0.0034836726748683697,0.034662788301596706,0.051496311966639736,1.0,14.330423335026143,converging,cooking_gap,Clean cooking
TKM,0.12830188679245194,0.049056603773576755,2,1.2000000000000028,0.0,2000,2023,0.0798583651884003,Turkmenistan,Europe & Central Asia,Upper middle income,0.08375295959553165,0.03551944246351183,0.034662788301596706,0.051496311966639736,0.9908118395761979,8.27609178120227,converging,cooking_gap,Clean cooking
TLS,-0.07283753642772255,0.005597038431436099,23,3.3,30.700000000000003,2000,2023,0.43865572427180183,Timor-Leste,East Asia & Pacific,Lower middle income,-0.07156457412524111,0.0055458081353862,-0.0029806693708011793,0.041082950043242604,0.0,,diverging,cooking_gap,Clean cooking
TON,0.04820222190562306,0.007024229295524428,23,54.49999999999999,6.899999999999992,2000,2023,1.2452465357026046,Tonga,East Asia & Pacific,Upper middle income,0.04674848703086719,0.006923757019283794,-0.0029806693708011793,0.041082950043242604,0.9999999999927037,14.827157509980433,converging,cooking_gap,Clean cooking
TUN,0.1608692253576172,0.0062085075222048924,11,6.199999999999989,0.1000000000000085,2000,2023,0.07022203510311721,Tunisia,"Middle East, North Africa, Afghanistan & Pakistan",Lower middle income,0.1604447015806728,0.006197309692998385,0.043076837580121805,0.10323115877529178,1.0,4.320162484215321,converging,cooking_gap,Clean cooking
TUR,0.010729208703089348,0.0020426378243833475,23,19.200000000000003,15.299999999999995,2000,2023,0.16253179448385788,Turkiye,Europe & Central Asia,Upper middle income,0.010766805892040505,0.002041032806967209,0.034662788301596706,0.051496311966639736,0.9999999336853848,64.37816261481625,converging,cooking_gap,Clean cooking
TUV,-0.03615787446983956,0.01741738846166146,22,-3.0,53.5,2000,2023,3.285574974744887,Tuvalu,East Asia & Pacific,Upper middle income,-0.031103160140490613,0.016035777833866244,-0.0029806693708011793,0.041082950043242604,0.02621353299743079,,diverging,cooking_gap,Clean cooking
TZA,-0.12428729417547309,0.006424521122183067,23,1.2,20.8,2000,2023,0.2591878277553269,Tanzania,Sub-Saharan Africa ,Lower middle income,-0.12328834396280088,0.00639524655294832,-0.014423473495612951,0.06706759290609189,0.0,,diverging,cooking_gap,Clean cooking
UGA,0.01741168301362729,0.011532010145723368,23,3.6,2.9000000000000004,2000,2023,0.13839012787362623,Uganda,Sub-Saharan Africa ,Low income,0.016497490587746685,0.011365224903985702,-0.014423473495612951,0.06706759290609189,0.9266902672680154,42.01530995718659,converging,cooking_gap,Clean cooking
UKR,-0.004813002179668395,0.0031635218914454945,23,10.300000000000011,11.5,2000,2023,0.1628716902535233,Ukraine,Europe & Central Asia,Upper middle income,-0.0046645849318902935,0.003157569339852185,0.034662788301596706,0.051496311966639736,0.06980153322896698,,diverging,cooking_gap,Clean cooking
UZB,0.0016871858752784314,0.0029314473770187966,23,26.8,25.89999999999999,2000,2023,0.3578709589151142,Uzbekistan,Europe & Central Asia,Lower middle income,0.0017936981435367236,0.0029267092126362723,0.034662788301596706,0.051496311966639736,0.7300195123943742,,no clear trend,cooking_gap,Clean cooking
VEN,0.018791407696018374,0.0047088345818935866,23,21.40000000000001,12.700000000000005,2000,2023,0.423125798523921,"Venezuela, RB",Latin America & Caribbean ,Lower middle income,0.018845225007563454,0.0046845529534640384,0.024023179803263937,0.04618825578576903,0.9999712501892151,36.781050917765825,converging,cooking_gap,Clean cooking
VNM,0.025050955077982925,0.019345787631219906,23,34.9,0.7000000000000028,2000,2023,3.324005340187834,Viet Nam,East Asia & Pacific,Upper middle income,0.01996329536796943,0.017502356121352283,-0.0029806693708011793,0.041082950043242604,0.8729830755826776,,no clear trend,cooking_gap,Clean cooking
VUT,0.007256170109824573,0.0057162413796591335,23,48.9,43.3,2000,2023,1.1080607330480527,Vanuatu,East Asia & Pacific,Lower middle income,0.007061752175856047,0.005661699780702352,-0.0029806693708011793,0.041082950043242604,0.8938534587504099,,no clear trend,cooking_gap,Clean cooking
WSM,0.007928404753691862,0.0022094311687853954,23,39.4,32.099999999999994,2000,2023,0.40302421328909427,Samoa,East Asia & Pacific,Upper middle income,0.007896943840680532,0.0022062429555019802,-0.0029806693708011793,0.041082950043242604,0.9998277834531276,87.77410534303765,converging,cooking_gap,Clean cooking
YEM,-0.009024080040863523,0.0023211296366170784,23,51.2,61.6,2000,2023,0.5885204053654678,"Yemen, Rep.","Middle East, North Africa, Afghanistan & Pakistan",Low income,-0.008997752939080597,0.0023205431177933107,0.043076837580121805,0.10323115877529178,5.2781961228820506e-05,,diverging,cooking_gap,Clean cooking
ZAF,0.027234628010150856,0.002350203444356374,23,46.7,26.099999999999994,2000,2023,0.3930954313722344,South Africa,Sub-Saharan Africa ,Upper middle income,0.027183536118680848,0.0023487617898558496,-0.014423473495612951,0.06706759290609189,1.0,25.4987863806139,converging,cooking_gap,Clean cooking
ZMB,0.02528921046229127,0.006529674870293086,23,36.8,14.5,2000,2023,0.9977018422117223,Zambia,Sub-Saharan Africa ,Lower middle income,0.024916312790791425,0.0064989461059934105,-0.014423473495612951,0.06706759290609189,0.9999369364140657,27.819011038267217,converging,cooking_gap,Clean cooking
ZWE,0.007571221730199798,0.002,23,82.8,69.5,2000,2023,0.17389101248087627,Zimbabwe,Sub-Saharan Africa ,Lower middle income,0.00755167984460443,0.001999111320799115,-0.014423473495612951,0.06706759290609189,0.9999208006045257,91.78715131245788,converging,cooking_gap,Clean cooking
AFG,0.016270271666470052,0.003660544269429957,24,35.119563913897906,22.07801491039919,2000,2024,0.5591699795270854,Afghanistan,"Middle East, North Africa, Afghanistan & Pakistan",Low income,0.016271743529367867,0.003619839173063264,0.016336822828695165,0.024340719898391292,0.9999965240598228,42.59821200530396,converging,water_gap,Basic water
AGO,-0.0026368597355761903,0.002,24,41.8346775149178,44.81340525541491,2000,2024,0.35748803707315363,Angola,Sub-Saharan Africa ,Lower middle income,-0.0024621090227949535,0.0019891457191956287,0.013506651247590833,0.019118601379624095,0.1079002929295485,,no clear trend,water_gap,Basic water
ALB,0.06333525182072726,0.0061621784287447245,24,14.311795366989005,1.5724510577849031,2000,2024,0.25118448935354926,Albania,Europe & Central Asia,Upper middle income,0.062282416108168114,0.0060943448565902135,0.015249416567637782,0.04118653948368594,1.0,11.129099092047612,converging,water_gap,Basic water
ARG,0.07603343949383082,0.008088674014984969,16,22.3007630323654,6.611279462520102,2000,2016,0.4519409231881727,Argentina,Latin America & Caribbean ,Upper middle income,0.07190853864838705,0.007749019622081355,0.02586402807765617,0.027024614457782058,1.0,9.639288929917546,converging,water_gap,Basic water
ARM,0.08088419503252925,0.014107646282473171,19,8.847293333571201,-0.107035463925996,2000,2024,0.32060962193022347,Armenia,Europe & Central Asia,Upper middle income,0.0739920852106512,0.013346407673805773,0.015249416567637782,0.04118653948368594,0.9999999852155333,9.367855745470548,converging,water_gap,Basic water
ATG,0.06771004050027252,0.003549702484805283,6,1.435101715394694,-0.2464620099439969,2000,2024,0.010723440230656795,Antigua and Barbuda,Latin America & Caribbean ,High income,0.0670003156839575,0.003519471580042288,0.02586402807765617,0.027024614457782058,1.0,10.345431562286084,converging,water_gap,Basic water
AZE,0.04869361667014525,0.005089773031805146,24,35.3592013796708,5.091476237966703,2000,2024,0.5795867471701018,Azerbaijan,Europe & Central Asia,Upper middle income,0.04819055089184431,0.005051347947366812,0.015249416567637782,0.04118653948368594,1.0,14.383466628459987,converging,water_gap,Basic water
BDI,0.0072373377047786295,0.002,24,35.398631929347104,29.8178254227576,2000,2024,0.0827731761106386,Burundi,Sub-Saharan Africa ,Low income,0.007305201938983807,0.0019891457191956287,0.013506651247590833,0.019118601379624095,0.9998799206161203,94.88405472557899,converging,water_gap,Basic water
BEN,0.02496156470045868,0.002,24,24.574632436297293,12.791330518661,2000,2024,0.09779908073298058,Benin,Sub-Saharan Africa ,Lower middle income,0.02483756724458782,0.0019891457191956287,0.013506651247590833,0.019118601379624095,1.0,27.90720901665537,converging,water_gap,Basic water
BFA,-0.021814213540646887,0.002,24,27.846608716030204,47.11913556295509,2000,2024,0.2803488267900899,Burkina Faso,Sub-Saharan Africa ,Low income,-0.02143187129153948,0.0019891457191956287,0.013506651247590833,0.019118601379624095,0.0,,diverging,water_gap,Basic water
BGD,0.05705585695958464,0.006606349009098981,18,4.061735076947102,-0.0311811984247896,2000,2024,0.07891015535031534,Bangladesh,South Asia,Lower middle income,0.0550912183944807,0.006346756898043732,0.03155585081387579,0.022865498489061147,1.0,12.581808875539192,converging,water_gap,Basic water
BGR,-0.05129451075696257,0.002955131874094537,13,0.1480744113619891,2.180506489380093,2000,2024,0.01725049675433591,Bulgaria,Europe & Central Asia,High income,-0.05095369354673068,0.0029475545282399676,0.015249416567637782,0.04118653948368594,0.0,,diverging,water_gap,Basic water
BIH,0.0022071828396888534,0.02411281639209492,17,2.183402273681608,-2.4572423313776994,2000,2024,0.21374824048393,Bosnia and Herzegovina,Europe & Central Asia,Upper middle income,0.005536384447414405,0.02080891145566535,0.015249416567637782,0.04118653948368594,0.604902860757741,,no clear trend,water_gap,Basic water
BLZ,-0.013964544564299757,0.003117059372208666,24,5.115426734965396,7.583680415239399,2000,2024,0.10364984807116721,Belize,Latin America & Caribbean ,Upper middle income,-0.013441635383625456,0.003096529836129158,0.02586402807765617,0.027024614457782058,7.095963723169341e-06,,diverging,water_gap,Basic water
BOL,0.023553535508209048,0.002,24,37.471962062841904,20.476576282988205,2000,2024,0.11398572007122598,Bolivia,Latin America & Caribbean ,Lower middle income,0.023566121093659267,0.0019945454180078197,0.02586402807765617,0.027024614457782058,1.0,29.412866793188314,converging,water_gap,Basic water
BRA,0.0552778751139473,0.009363656672658604,23,24.5532835947744,0.0,2000,2024,0.7071820380759959,Brazil,Latin America & Caribbean ,Upper middle income,0.05212515571029638,0.008847615726794135,0.02586402807765617,0.027024614457782058,0.9999999980857224,13.297747912972213,converging,water_gap,Basic water
BTN,0.07929399500630613,0.009524318367613305,18,15.9421221565335,0.5441547906621054,2000,2024,0.3908087421739099,Bhutan,South Asia,Lower middle income,0.07223589404701582,0.008792084248856087,0.03155585081387579,0.022865498489061147,0.9999999999999999,9.595606030830048,converging,water_gap,Basic water
BWA,0.02785897126197486,0.004504693091170218,24,40.3330444919359,18.892514335443693,2000,2024,0.6877625751415493,Botswana,Sub-Saharan Africa ,Upper middle income,0.02710409552598344,0.004384628441937632,0.013506651247590833,0.019118601379624095,0.9999999996827593,25.57352190171619,converging,water_gap,Basic water
CAF,0.02601735993282183,0.002,24,38.7836087683521,20.691267842497695,2000,2024,0.24554186443558182,Central African Republic,Sub-Saharan Africa ,Low income,0.025881933676264502,0.0019891457191956287,0.013506651247590833,0.019118601379624095,1.0,26.781120345564,converging,water_gap,Basic water
CAN,0.03358938055650448,0.012135515364032784,9,1.3962431966402988,-0.205390481719391,2000,2024,0.047630412250852606,Canada,North America,High income,0.038650442490745715,0.007717415201371676,0.0420870125586513,0.01,0.9999997253083308,17.933745020536552,converging,water_gap,Basic water
CHL,0.04027132690605864,0.0025711137506001878,24,20.830414618203207,6.214098414459599,2000,2024,0.18213887194553977,Chile,Latin America & Caribbean ,High income,0.04014208814884821,0.0025595558556680766,0.02586402807765617,0.027024614457782058,1.0,17.267342396083937,converging,water_gap,Basic water
CHN,0.047659637317167027,0.007277101367597913,24,27.5061797866296,3.4983868247853,2000,2024,0.6551721975351628,China,East Asia & Pacific,Upper middle income,0.04580745896870406,0.007079571363042761,0.013072646552045987,0.0305929918696395,0.999999999951119,15.131753565145532,converging,water_gap,Basic water
CIV,0.015714170698768532,0.002,24,36.5791627360574,24.788071381958,2000,2024,0.06778640153543926,Cote d'Ivoire,Sub-Saharan Africa ,Lower middle income,0.015690274682717626,0.0019891457191956287,0.013506651247590833,0.019118601379624095,0.9999999999999984,44.17686717259491,converging,water_gap,Basic water
CMR,0.02614361195704786,0.002,24,49.2750416645198,25.3131480083664,2000,2024,0.12243601406066063,Cameroon,Sub-Saharan Africa ,Lower middle income,0.026006819044176017,0.0019891457191956287,0.013506651247590833,0.019118601379624095,1.0,26.65251676425876,converging,water_gap,Basic water
COD,0.004879244645326273,0.002,24,51.11810340050489,45.485674484601496,2000,2024,0.06994390894009396,"Congo, Dem. Rep.",Sub-Saharan Africa ,Low income,0.0049726348288353815,0.0019891457191956287,0.013506651247590833,0.019118601379624095,0.9937883123063838,139.39233513398452,converging,water_gap,Basic water
COG,0.018298185130455995,0.0028281311267825938,21,63.6837955451876,42.8945786428337,2000,2021,0.7006321254017065,"Congo, Rep.",Sub-Saharan Africa ,Lower middle income,0.018195581987427576,0.002797687283712117,0.013506651247590833,0.019118601379624095,0.9999999999608404,38.09425722347779,converging,water_gap,Basic water
COL,0.021671279984033908,0.002,24,28.258738186175307,16.244326210902997,2000,2024,0.08361249837267348,Colombia,Latin America & Caribbean ,Upper middle income,0.02169411848613571,0.0019945454180078197,0.02586402807765617,0.027024614457782058,1.0,31.950926284602076,converging,water_gap,Basic water
COM,-0.04726301571637695,0.0038280124517354555,24,1.5710530074060929,7.009610521086898,2000,2024,0.08392146389165904,Comoros,Sub-Saharan Africa ,Lower middle income,-0.04492067296832797,0.003753512896443653,0.013506651247590833,0.019118601379624095,0.0,,diverging,water_gap,Basic water
CPV,0.022215140555070362,0.0066534778317279605,24,19.3851041519394,8.869278201483894,2000,2024,0.5535930258727253,Cabo Verde,Sub-Saharan Africa ,Upper middle income,0.021274379722101434,0.006283828459244097,0.013506651247590833,0.019118601379624095,0.999644854996437,32.58131092958972,converging,water_gap,Basic water
CRI,0.07579875234808768,0.009089087823295736,18,11.060517215911304,0.2034028571429047,2000,2024,0.2640638833562307,Costa Rica,Latin America & Caribbean ,High income,0.07072435973776256,0.008614899428145546,0.02586402807765617,0.027024614457782058,0.9999999999999999,9.800685126455042,converging,water_gap,Basic water
CUB,0.03996209951093485,0.00661520073088324,24,16.431393835513106,4.191182579598291,2000,2024,0.3779731702728069,Cuba,Latin America & Caribbean ,Upper middle income,0.03916510757150013,0.006425495415180976,0.02586402807765617,0.027024614457782058,0.999999999453724,17.69807932467772,converging,water_gap,Basic water
CZE,0.04905246971292096,0.04127232027638377,14,1.4686589665018914,0.2909461777089035,2000,2024,0.21906926871952392,Czechia,Europe & Central Asia,High income,0.03211577833731144,0.029153562127829057,0.015249416567637782,0.04118653948368594,0.8646837943605231,,no clear trend,water_gap,Basic water
DJI,0.01656695849484615,0.002,24,32.9342315879568,21.810393852303505,2000,2024,0.05466193775275215,Djibouti,"Middle East, North Africa, Afghanistan & Pakistan",Lower middle income,0.0165654151788891,0.0019932826053941435,0.016336822828695165,0.024340719898391292,1.0,41.84303098199973,converging,water_gap,Basic water
DMA,0.051053911559984656,0.003952211092022516,21,4.077660088292689,0.5177836283369999,2000,2024,0.049723736621932635,Dominica,Latin America & Caribbean ,Upper middle income,0.05052644267502447,0.003910613098053822,0.02586402807765617,0.027024614457782058,1.0,13.718503497626445,converging,water_gap,Basic water
DOM,0.05012485294706299,0.0035177804808033428,24,15.06384251337279,3.1072217732086926,2000,2024,0.16609878749125365,Dominican Republic,Latin America & Caribbean ,Upper middle income,0.04972062443922957,0.00348835113870819,0.02586402807765617,0.027024614457782058,1.0,13.940838200999186,converging,water_gap,Basic water
DZA,0.008289566836614807,0.002,24,12.003211220791002,9.872116451355597,2000,2024,0.03133766357945296,Algeria,"Middle East, North Africa, Afghanistan & Pakistan",Upper middle income,0.00834353265073973,0.0019932826053941435,0.016336822828695165,0.024340719898391292,0.9999857934053169,83.07598346828443,converging,water_gap,Basic water
ECU,0.010279407490084333,0.002,24,21.069880454774605,16.4329724854111,2000,2024,0.09255757395546432,Ecuador,Latin America & Caribbean ,Upper middle income,0.01036429916067776,0.0019945454180078197,0.02586402807765617,0.027024614457782058,0.9999998983646814,66.87834554117771,converging,water_gap,Basic water
EGY,-0.027703573248657323,0.002,24,1.1694533309054975,2.3820827291535096,2000,2024,0.010350971967674196,"Egypt, Arab Rep.","Middle East, North Africa, Afghanistan & Pakistan",Lower middle income,-0.027408233342602725,0.0019932826053941435,0.016336822828695165,0.024340719898391292,0.0,,diverging,water_gap,Basic water
ERI,-0.002469645371417803,0.002,16,59.514664978750005,61.93664805624999,2000,2016,0.09172796621034986,Eritrea,Sub-Saharan Africa ,Low income,-0.0022967047251923737,0.0019891457191956287,0.013506651247590833,0.019118601379624095,0.12412331501140605,,no clear trend,water_gap,Basic water
EST,0.08846446794681974,0.010288085207945254,14,6.0631196765992,0.0,2000,2024,0.1509942485168531,Estonia,Europe & Central Asia,High income,0.08416442949332179,0.009981396038891846,0.015249416567637782,0.04118653948368594,1.0,8.235630951611745,converging,water_gap,Basic water
ETH,0.024036754279347858,0.002,24,67.85858918318472,36.521559379485005,2000,2024,0.22009922430514672,Ethiopia,Sub-Saharan Africa ,Low income,0.0239227677362484,0.0019891457191956287,0.013506651247590833,0.019118601379624095,1.0,28.9743723720425,converging,water_gap,Basic water
FJI,-0.004508906704657302,0.002,24,6.86068539411599,7.641251833128493,2000,2024,0.012439660815385013,Fiji,East Asia & Pacific,Upper middle income,-0.004434086104327266,0.0019957398318976288,0.013072646552045987,0.0305929918696395,0.013149236532246533,,diverging,water_gap,Basic water
GAB,0.004137986340492455,0.002,24,47.73657621726661,43.252252095886696,2000,2024,0.04153177669201596,Gabon,Sub-Saharan Africa ,Upper middle income,0.004239400516877699,0.0019891457191956287,0.013506651247590833,0.019118601379624095,0.9834664216269355,163.5012256568873,converging,water_gap,Basic water
GEO,0.020399906977681275,0.002,24,9.867370998716495,5.88940032696209,2000,2024,0.024577827356665593,Georgia,Europe & Central Asia,Upper middle income,0.020387790536105812,0.001997646131739815,0.015249416567637782,0.04118653948368594,1.0,33.99815096846392,converging,water_gap,Basic water
GHA,0.006245830557591078,0.002,24,26.4664162284192,22.8002865277043,2000,2024,0.06389679270830104,Ghana,Sub-Saharan Africa ,Lower middle income,0.006324427685085664,0.0019891457191956287,0.013506651247590833,0.019118601379624095,0.9992622749318395,109.59840400966758,converging,water_gap,Basic water
GIN,0.007536844747295943,0.002,24,37.01668617529081,31.0118363059774,2000,2024,0.11162184981762954,Guinea,Sub-Saharan Africa ,Lower middle income,0.0076014668695951375,0.0019891457191956287,0.013506651247590833,0.019118601379624095,0.999933671558615,91.18597666095769,converging,water_gap,Basic water
GMB,0.015233301663854167,0.002,24,19.64766856770201,13.374785681256512,2000,2024,0.060956835138304,"Gambia, The",Sub-Saharan Africa ,Low income,0.01521461097189251,0.0019891457191956287,0.013506651247590833,0.019118601379624095,0.9999999999999899,45.55799565565404,converging,water_gap,Basic water
GNB,0.022503709891216316,0.002,24,34.459508491316704,20.111299779167098,2000,2024,0.1959405199910458,Guinea-Bissau,Sub-Saharan Africa ,Low income,0.022406318288327235,0.0019891457191956287,0.013506651247590833,0.019118601379624095,1.0,30.93534473805303,converging,water_gap,Basic water
GNQ,-0.030254084349329385,0.005760499448146286,17,25.277047213268094,47.3026366630421,2000,2017,0.9253271942216562,Equatorial Guinea,Sub-Saharan Africa ,Upper middle income,-0.026611966429691818,0.005515575233478369,0.013506651247590833,0.019118601379624095,7.004520776732193e-07,,diverging,water_gap,Basic water
GTM,0.027184161582848868,0.002,24,15.308127831079204,7.51917431411151,2000,2024,0.058036324519483054,Guatemala,Latin America & Caribbean ,Upper middle income,0.027176970625710554,0.0019945454180078197,0.02586402807765617,0.027024614457782058,1.0,25.50494645286914,converging,water_gap,Basic water
GUY,0.06741659898399918,0.00745544783837707,20,10.2915114647745,-0.2271590955725031,2000,2024,0.21289215266359865,Guyana,Latin America & Caribbean ,High income,0.06447779494221025,0.0071869706530355995,0.02586402807765617,0.027024614457782058,1.0,10.75016881674063,converging,water_gap,Basic water
HND,0.028812763715282387,0.002,24,19.386695974839,8.899808747529292,2000,2024,0.11154319487429418,Honduras,Latin America & Caribbean ,Lower middle income,0.028796701528011944,0.0019945454180078197,0.02586402807765617,0.027024614457782058,1.0,24.07036722194337,converging,water_gap,Basic water
HRV,0.08884499920750627,0.01732864226495283,10,2.909189582759197,0.0865120862040953,2000,2024,0.11862924643421144,Croatia,Europe & Central Asia,High income,0.07777654551605807,0.015972500341363854,0.015249416567637782,0.04118653948368594,0.9999994403212168,8.912033518084641,converging,water_gap,Basic water
HTI,0.017344153836687262,0.002,24,47.118984817242,30.703688833894496,2000,2024,0.057132780765174716,Haiti,Latin America & Caribbean ,Lower middle income,0.017390562817483274,0.0019945454180078197,0.02586402807765617,0.027024614457782058,1.0,39.85766233299263,converging,water_gap,Basic water
HUN,0.06773435086350087,0.007091690078214904,19,7.9312945486519055,0.0,2000,2024,0.15507979605050695,Hungary,Europe & Central Asia,High income,0.06622310559883832,0.006988845687253612,0.015249416567637782,0.04118653948368594,1.0,10.466848002551309,converging,water_gap,Basic water
IDN,0.02439287285163164,0.003177212044682263,24,24.1193235898629,14.586792646818507,2000,2024,0.2786808083928658,Indonesia,East Asia & Pacific,Upper middle income,0.0242720790871956,0.0031602151797803955,0.013072646552045987,0.0305929918696395,0.9999999999999921,28.55738802060865,converging,water_gap,Basic water
IND,0.05099959756716591,0.004895380589204981,24,16.518055039619398,2.2065747860998077,2000,2024,0.25489041836154136,India,South Asia,Lower middle income,0.050147424643958,0.004786902273935668,0.03155585081387579,0.022865498489061147,1.0,13.822188985401047,converging,water_gap,Basic water
IRL,-0.024969437419805528,0.002,12,-0.6524563087024973,-1.3562558712716992,2000,2024,0.002650024017186309,Ireland,Europe & Central Asia,High income,-0.02487482324605217,0.001997646131739815,0.015249416567637782,0.04118653948368594,0.0,,diverging,water_gap,Basic water
IRN,0.03535341138693859,0.002,24,10.704722648960498,3.939572133227188,2000,2024,0.072835099234711,"Iran, Islamic Rep.","Middle East, North Africa, Afghanistan & Pakistan",Upper middle income,0.03522588398077254,0.0019932826053941435,0.016336822828695165,0.024340719898391292,1.0,19.677211817829416,converging,water_gap,Basic water
IRQ,0.06202823643898639,0.005817462663487103,24,39.137333734239206,4.9775842460662005,2000,2024,0.653470372491612,Iraq,"Middle East, North Africa, Afghanistan & Pakistan",Upper middle income,0.059559299376243525,0.00565810667353842,0.016336822828695165,0.024340719898391292,1.0,11.637933753740924,converging,water_gap,Basic water
JAM,0.021337928819116565,0.003418105688513787,24,10.7020555102781,5.99856354748789,2000,2024,0.1479062458733757,Jamaica,Latin America & Caribbean ,Upper middle income,0.021409194985504088,0.0033910888482111107,0.02586402807765617,0.027024614457782058,0.9999999998634872,32.37614403667523,converging,water_gap,Basic water
JOR,0.021551744505109518,0.002,24,2.628449557422797,1.5856001350111055,2000,2024,0.013455774195767423,Jordan,"Middle East, North Africa, Afghanistan & Pakistan",Upper middle income,0.021516772647106948,0.0019932826053941435,0.016336822828695165,0.024340719898391292,1.0,32.2142726480471,converging,water_gap,Basic water
KAZ,0.05947903563623723,0.007446104693049164,23,16.21083938912099,0.4015088538088918,2000,2024,0.35708147327774087,Kazakhstan,Europe & Central Asia,Upper middle income,0.05807914849345645,0.007327320981691567,0.015249416567637782,0.04118653948368594,0.9999999999999989,11.934527253581196,converging,water_gap,Basic water
KEN,0.01633926816227743,0.002,24,49.9857082711753,33.295708987598005,2000,2024,0.08241375611723883,Kenya,Sub-Saharan Africa ,Lower middle income,0.016308605574356268,0.0019891457191956287,0.013506651247590833,0.019118601379624095,0.9999999999999999,42.50192804036253,converging,water_gap,Basic water
KGZ,0.035717589809627914,0.0033218105725201647,24,21.72464291088841,7.345702966869993,2000,2024,0.25686639129117633,Kyrgyz Republic,Europe & Central Asia,Lower middle income,0.035585307332548596,0.0033110590120380007,0.015249416567637782,0.04118653948368594,1.0,19.478465482464685,converging,water_gap,Basic water
KHM,0.03231647518689438,0.002,24,35.153323269984895,15.150545143631206,2000,2024,0.13257835345673216,Cambodia,East Asia & Pacific,Lower middle income,0.03223458055619338,0.0019957398318976288,0.013072646552045987,0.0305929918696395,1.0,21.503216998639296,converging,water_gap,Basic water
KIR,0.005858832288716992,0.002,24,30.5991658630214,26.3806496137368,2000,2024,0.20933514256981564,Kiribati,East Asia & Pacific,Lower middle income,0.00588953161920111,0.0019957398318976288,0.013072646552045987,0.0305929918696395,0.9984165309880306,117.69139303032858,converging,water_gap,Basic water
LAO,0.04326809780322905,0.00948867063699849,24,39.45504312311499,6.770580869098893,2000,2024,1.283350006534493,Lao PDR,East Asia & Pacific,Lower middle income,0.040618260007897096,0.009062767410954256,0.013072646552045987,0.0305929918696395,0.9999963006286405,17.06491564200884,converging,water_gap,Basic water
LBR,0.02554930867992442,0.002,24,30.300992895799997,15.709526547656012,2000,2024,0.09124381380992602,Liberia,Sub-Saharan Africa ,Low income,0.0254189489971841,0.0019891457191956287,0.013506651247590833,0.019118601379624095,1.0,27.26891582483335,converging,water_gap,Basic water
LCA,0.06183281186586699,0.011351874410240588,17,5.620924671065907,-0.7490619482025096,2000,2024,0.1840097120472937,St. Lucia,Latin America & Caribbean ,Upper middle income,0.05643808763780116,0.01046601263551252,0.02586402807765617,0.027024614457782058,0.9999999652600661,12.281549740102967,converging,water_gap,Basic water
LKA,0.019777764933458727,0.002,24,14.948580867987502,9.176043805424698,2000,2024,0.050517923561547155,Sri Lanka,South Asia,Upper middle income,0.01986719084353239,0.001992392965927469,0.03155585081387579,0.022865498489061147,1.0,34.889038214760696,converging,water_gap,Basic water
LSO,-0.0066041505424527,0.002,24,20.5590351309731,24.0747810692708,2000,2024,0.0012025055667958093,Lesotho,Sub-Saharan Africa ,Lower middle income,-0.006386454593221041,0.0019891457191956287,0.013506651247590833,0.019118601379624095,0.0006621711421233023,,diverging,water_gap,Basic water
LTU,0.061262628422960874,0.007557399110473151,23,21.5999771645333,0.2633239405931959,2000,2024,0.47615193484595764,Lithuania,Europe & Central Asia,High income,0.05976385825762066,0.007433298083709131,0.015249416567637782,0.04118653948368594,0.9999999999999996,11.598099600130153,converging,water_gap,Basic water
LVA,0.044737383175552904,0.004760879451968554,17,2.5138298384103024,0.3257176547424905,2000,2024,0.037261214937728576,Latvia,Europe & Central Asia,High income,0.04434856722268419,0.0047293878193765135,0.015249416567637782,0.04118653948368594,1.0,15.629528166704834,converging,water_gap,Basic water
MAR,0.0418389609442177,0.0031592218252446385,24,66.5145778900553,17.639035532980387,2000,2024,0.7088542372996878,Morocco,"Middle East, North Africa, Afghanistan & Pakistan",Lower middle income,0.041416472465992275,0.0031329434568815946,0.016336822828695165,0.024340719898391292,1.0,16.736026495957603,converging,water_gap,Basic water
MDA,0.03210193686298321,0.002,24,21.867647255925803,9.191114280325197,2000,2024,0.10945606191981967,Moldova,Europe & Central Asia,Upper middle income,0.03206229159402792,0.001997646131739815,0.015249416567637782,0.04118653948368594,1.0,21.618766036332048,converging,water_gap,Basic water
MDG,0.008789784677056985,0.002,24,48.179577142493805,38.9118555496642,2000,2024,0.04807515441887901,Madagascar,Sub-Saharan Africa ,Low income,0.008840843941435984,0.0019891457191956287,0.013506651247590833,0.019118601379624095,0.9999955960581131,78.4028295433705,converging,water_gap,Basic water
MDV,0.08734210459365584,0.01038910110927123,14,5.16006413312391,-0.3785541122165909,2000,2024,0.13052091152102485,Maldives,South Asia,Upper middle income,0.07779622525655196,0.009458560476174133,0.03155585081387579,0.022865498489061147,0.9999999999999999,8.90977908342113,converging,water_gap,Basic water
MEX,0.06197760279061613,0.0035559768229878165,24,18.80225599231919,2.528559192454196,2000,2024,0.19139711872414236,Mexico,Latin America & Caribbean ,Upper middle income,0.06136297206976707,0.0035255866989597397,0.02586402807765617,0.027024614457782058,1.0,11.29585411495171,converging,water_gap,Basic water
MHL,-3.3352917124729557e-06,0.002,24,-8.148816114331098,-8.1494684214032,2000,2024,1.4242401288967884e-05,Marshall Islands,East Asia & Pacific,Upper middle income,5.2311259941411774e-05,0.0019957398318976288,0.013072646552045987,0.0305929918696395,0.5104556633997483,,no clear trend,water_gap,Basic water
MKD,0.04462190521158898,0.013654253109649468,11,-1.7489184391471042,0.1663587946126909,2000,2024,0.06982002689010985,North Macedonia,Europe & Central Asia,Upper middle income,0.041713335676017024,0.012960586562987897,0.015249416567637782,0.04118653948368594,0.9993556310294228,16.61692044826011,converging,water_gap,Basic water
MLI,0.037524797510042146,0.0026848460195226438,24,41.7596597841221,13.483813237683409,2000,2024,0.3914676126570269,Mali,Sub-Saharan Africa ,Low income,0.037060298601001136,0.0026587574808050905,0.013506651247590833,0.019118601379624095,1.0,18.70322708466307,converging,water_gap,Basic water
MMR,0.025414546104061485,0.00326595423320475,24,30.0988499265496,15.27445860624691,2000,2024,0.37903888906384886,Myanmar,East Asia & Pacific,Lower middle income,0.025275475034861345,0.0032475013804090674,0.013072646552045987,0.0305929918696395,0.9999999999999964,27.423705374633634,converging,water_gap,Basic water
MNE,0.09327026523506536,0.06424577077511497,12,2.2157064920406957,-0.2836906620264017,2006,2024,0.38937722318962964,Montenegro,Europe & Central Asia,Upper middle income,0.037974793206165806,0.03467326618740048,0.015249416567637782,0.04118653948368594,0.8632894794308177,,no clear trend,water_gap,Basic water
MNG,0.022708187098420686,0.002,24,58.88955995160789,32.60197518631511,2000,2024,0.23033844441290924,Mongolia,East Asia & Pacific,Upper middle income,0.02266718179486997,0.0019957398318976288,0.013072646552045987,0.0305929918696395,1.0,30.57932771849115,converging,water_gap,Basic water
MOZ,0.014151751027724245,0.002,24,54.04475343095345,37.5307550964402,2000,2024,0.2923675289673312,Mozambique,Sub-Saharan Africa ,Low income,0.0141447679342379,0.0019891457191956287,0.013506651247590833,0.019118601379624095,0.9999999999994239,49.00378597814663,converging,water_gap,Basic water
MRT,0.009383487308522337,0.002,24,39.8847158678808,31.60000358882269,2000,2024,0.19928968882306755,Mauritania,Sub-Saharan Africa ,Lower middle income,0.009428119844655117,0.0019891457191956287,0.013506651247590833,0.019118601379624095,0.9999989302659491,73.5191312775788,converging,water_gap,Basic water
MWI,0.03143360276290055,0.002,24,37.1350673262407,15.8886814317392,2000,2024,0.18810759774951682,Malawi,Sub-Saharan Africa ,Low income,0.031239546614980716,0.0019891457191956287,0.013506651247590833,0.019118601379624095,1.0,22.188131892655292,converging,water_gap,Basic water
MYS,0.021782635523642645,0.002,24,6.037412023598293,3.4655417310675034,2000,2024,0.016701198969812998,Malaysia,East Asia & Pacific,Upper middle income,0.021745569025921552,0.0019957398318976288,0.013072646552045987,0.0305929918696395,1.0,31.875329623873593,converging,water_gap,Basic water
NAM,0.016018578143636157,0.002,24,32.29946637492941,21.84220814697639,2000,2024,0.03379737005999044,Namibia,Sub-Saharan Africa ,Lower middle income,0.015991386969671836,0.0019891457191956287,0.013506651247590833,0.019118601379624095,0.9999999999999996,43.34503203971742,converging,water_gap,Basic water
NER,0.01881426659713599,0.002,24,65.2176115231443,40.9044696390855,2000,2024,0.08819064436884583,Niger,Sub-Saharan Africa ,Low income,0.018756812579452428,0.0019891457191956287,0.013506651247590833,0.019118601379624095,1.0,36.95442269968987,converging,water_gap,Basic water
NGA,0.010798929794212838,0.002,24,37.1925937451029,28.52661777707389,2000,2024,0.10373036230937936,Nigeria,Sub-Saharan Africa ,Lower middle income,0.010828240410378323,0.0019891457191956287,0.013506651247590833,0.019118601379624095,0.9999999739021442,64.0129101581083,converging,water_gap,Basic water
NPL,0.06864526038914301,0.008563325028618512,21,13.396484911589894,-1.6995057512869067,2000,2024,0.3147718546778169,Nepal,South Asia,Lower middle income,0.06408309726965215,0.008019386010219285,0.03155585081387579,0.022865498489061147,0.9999999999999993,10.816380763296833,converging,water_gap,Basic water
OMN,0.006383124362840814,0.002,24,21.539613598253297,18.449220086033407,2000,2024,0.09602776648276745,Oman,"Middle East, North Africa, Afghanistan & Pakistan",High income,0.00644987499706849,0.0019932826053941435,0.016336822828695165,0.024340719898391292,0.9993935001597705,107.46676189460807,converging,water_gap,Basic water
PAK,0.047667977733006475,0.007523315574656487,24,13.723085760258911,3.603380370096289,2000,2024,0.3288644896012785,Pakistan,"Middle East, North Africa, Afghanistan & Pakistan",Lower middle income,0.0449358386208036,0.007187810537708947,0.016336822828695165,0.024340719898391292,0.9999999997969601,15.425264150718315,converging,water_gap,Basic water
PAN,0.02318697438200567,0.002,24,19.9197364568214,10.698569390096113,2000,2024,0.1249583487967117,Panama,Latin America & Caribbean ,High income,0.02320155667864967,0.0019945454180078197,0.02586402807765617,0.027024614457782058,1.0,29.875029083621232,converging,water_gap,Basic water
PER,0.0427442020509091,0.003069316544179446,24,40.3586624207585,10.480425925888,2000,2024,0.41411290063315864,Peru,Latin America & Caribbean ,Upper middle income,0.04252923345636383,0.003049710087414376,0.02586402807765617,0.027024614457782058,1.0,16.29813481757515,converging,water_gap,Basic water
PHL,0.03707869428275567,0.0020444740236605363,24,13.468541609573409,4.665775429019092,2000,2024,0.09581094790433745,Philippines,East Asia & Pacific,Upper middle income,0.03697195980903333,0.0020399239420060833,0.013072646552045987,0.0305929918696395,1.0,18.747915559255507,converging,water_gap,Basic water
PLW,0.022446427241274554,0.002,2,1.0330275317653983,0.5284953438834918,2000,2024,0.00036402044979545983,Palau,East Asia & Pacific,High income,0.02240653589104571,0.0019957398318976288,0.013072646552045987,0.0305929918696395,1.0,30.93504430718122,converging,water_gap,Basic water
PNG,0.02036720485813441,0.0024010371314538196,24,62.6133117984994,36.0646146595704,2000,2024,0.6130384851581422,Papua New Guinea,East Asia & Pacific,Lower middle income,0.02032254822601263,0.0023936763816425266,0.013072646552045987,0.0305929918696395,1.0,34.10729662694193,converging,water_gap,Basic water
POL,-0.07631245761261955,0.007824082960136092,19,2.938446956996401,13.9053134540802,2005,2024,0.26622283562518023,Poland,Europe & Central Asia,High income,-0.07312331057516548,0.007686616937351737,0.015249416567637782,0.04118653948368594,0.0,,diverging,water_gap,Basic water
PRK,-0.05545188809029548,0.016467643848594383,16,-0.5,8.159885560524899,2000,2023,0.3861452673811684,"Korea, Dem. People's Rep.",East Asia & Pacific,Low income,-0.040057565630797,0.01450037365348936,0.013072646552045987,0.0305929918696395,0.002867856376824296,,diverging,water_gap,Basic water
PRT,-0.060073921165167445,0.009410932368932515,11,-0.4828117432728902,2.203368730905794,2000,2024,0.051843909333387006,Portugal,Europe & Central Asia,High income,-0.05633641619668707,0.00917447908664427,0.015249416567637782,0.04118653948368594,4.1116188231882234e-10,,diverging,water_gap,Basic water
PRY,0.07280660227997028,0.008957748149728958,20,37.93821868182471,0.7755210040271976,2000,2024,0.9121896001354258,Paraguay,Latin America & Caribbean ,Upper middle income,0.06815959326642089,0.008502816636209174,0.02586402807765617,0.027024614457782058,0.9999999999999994,10.169473544987058,converging,water_gap,Basic water
PSE,0.0714251047313912,0.01784146012975262,19,6.145719163715896,-1.5772266666667036,2000,2024,0.297682552769286,West Bank and Gaza,"Middle East, North Africa, Afghanistan & Pakistan",Lower middle income,0.05217192119049336,0.014389810685534939,0.016336822828695165,0.024340719898391292,0.999855863013298,13.285828176215386,converging,water_gap,Basic water
RUS,-0.008502941875643112,0.002,24,7.1468403553299,8.755138705583704,2000,2024,0.013526327883645233,Russian Federation,Europe & Central Asia,High income,-0.008447064854147016,0.001997646131739815,0.015249416567637782,0.04118653948368594,1.1762249958691129e-05,,diverging,water_gap,Basic water
RWA,-0.0032777246894658057,0.002,24,29.835409301233405,32.2760416943199,2000,2024,0.03227751166266029,Rwanda,Sub-Saharan Africa ,Low income,-0.00309603672445948,0.0019891457191956287,0.013506651247590833,0.019118601379624095,0.05979871788680591,,diverging,water_gap,Basic water
SDN,0.020767104724989705,0.00261799770546483,24,25.708642412455497,14.280819719224796,2000,2024,0.2765806403533016,Sudan,Sub-Saharan Africa ,Low income,0.020633469191627143,0.0025937924423988998,0.013506651247590833,0.019118601379624095,0.9999999999999991,33.59334167815161,converging,water_gap,Basic water
SEN,0.03851781239105716,0.002823188300552062,24,48.1753755797021,14.826812200592911,2000,2024,0.4713687207546715,Senegal,Sub-Saharan Africa ,Lower middle income,0.03798406834565181,0.0027929021002738685,0.013506651247590833,0.019118601379624095,1.0,18.248365979451293,converging,water_gap,Basic water
SLB,-0.02239270105106292,0.0032590582885161936,24,15.199644421288395,26.73090452779931,2000,2024,0.335847080783592,Solomon Islands,East Asia & Pacific,Lower middle income,-0.021994737114455154,0.0032407214223452484,0.013072646552045987,0.0305929918696395,5.724976048782082e-12,,diverging,water_gap,Basic water
SLE,0.018741959087072036,0.002,24,40.39681555030631,24.679500844063305,2000,2024,0.30377227305433124,Sierra Leone,Sub-Saharan Africa ,Low income,0.01868528778567221,0.0019891457191956287,0.013506651247590833,0.019118601379624095,1.0,37.095879309466525,converging,water_gap,Basic water
SLV,0.018915385138600124,0.009884086174854756,24,26.1224861675787,14.793129517178995,2000,2024,1.1338408253794658,El Salvador,Latin America & Caribbean ,Upper middle income,0.019735226115030886,0.009282700094744772,0.02586402807765617,0.027024614457782058,0.9832492928252111,35.12233285394311,converging,water_gap,Basic water
SOM,0.033918615472334886,0.005205810981663925,24,57.27469821107822,16.065079088493306,2000,2024,1.1134657725194188,"Somalia, Fed. Rep.",Sub-Saharan Africa ,Low income,0.03250969124770113,0.0050229347580562165,0.013506651247590833,0.019118601379624095,0.9999999999517231,21.321247725136732,converging,water_gap,Basic water
SRB,0.05270881903572491,0.01105673141080229,18,-5.809602970692396,0.1900312805708921,2000,2024,0.19984604776993964,Serbia,Europe & Central Asia,Upper middle income,0.050190670204446106,0.010678630969896576,0.015249416567637782,0.04118653948368594,0.9999986998513095,13.810279435131816,converging,water_gap,Basic water
SSD,-0.04876763644695086,0.008577940694407716,13,16.100364037007594,33.642835774242705,2011,2024,0.7981279223815335,South Sudan,Sub-Saharan Africa ,Low income,-0.038332228133292165,0.00782629938585575,0.013506651247590833,0.019118601379624095,4.843956511457748e-07,,diverging,water_gap,Basic water
STP,0.02728646305821282,0.003041308509048121,24,12.8849173708007,5.977430482533194,2000,2024,0.1499245170721685,Sao Tome and Principe,Sub-Saharan Africa ,Lower middle income,0.026946369136567838,0.003003543388726219,0.013506651247590833,0.019118601379624095,1.0,25.723212542921154,converging,water_gap,Basic water
SUR,0.06644487172794843,0.006452419856170783,24,25.045919821340192,2.1394412451289924,2000,2024,0.45090481499328317,Suriname,Latin America & Caribbean ,Upper middle income,0.06425625588760175,0.006276011637260376,0.02586402807765617,0.027024614457782058,1.0,10.787232635720502,converging,water_gap,Basic water
SVK,0.06390292734009101,0.047548833747931764,11,2.1000000000000085,-0.3949059373826031,2000,2024,0.3112372544710922,Slovak Republic,Europe & Central Asia,High income,0.036105574555110626,0.031131491732682273,0.015249416567637782,0.04118653948368594,0.876930106146645,,no clear trend,water_gap,Basic water
SWE,0.036394468149897205,0.002,4,1.1454398139060942,0.2348251379114998,2000,2024,0.0018617741137081035,Sweden,Europe & Central Asia,High income,0.03634472477369229,0.001997646131739815,0.015249416567637782,0.04118653948368594,1.0,19.071465938343596,converging,water_gap,Basic water
SWZ,0.024989638658810494,0.002,24,45.7068264854249,23.696201609218704,2000,2024,0.19407936594490763,Eswatini,Sub-Saharan Africa ,Lower middle income,0.024865337307198636,0.0019891457191956287,0.013506651247590833,0.019118601379624095,1.0,27.87604173619136,converging,water_gap,Basic water
SYR,0.03465217602519344,0.0024396049910362957,24,8.157331768349408,3.520174449592403,2000,2024,0.06886085658702368,Syrian Arab Republic,"Middle East, North Africa, Afghanistan & Pakistan",Low income,0.03447001874102947,0.002427443001029394,0.016336822828695165,0.024340719898391292,1.0,20.108697525449735,converging,water_gap,Basic water
TCA,-0.0,0.002,8,7.459498880019993,7.459498880019993,2016,2024,0.0,Turks and Caicos Islands,Latin America & Caribbean ,High income,0.00014088508215197757,0.0019945454180078197,0.02586402807765617,0.027024614457782058,0.5281559461340886,,no clear trend,water_gap,Basic water
TCD,0.012146231713780141,0.002,24,45.6514932657537,34.0604102975808,2000,2024,0.19394535532210902,Chad,Sub-Saharan Africa ,Low income,0.012160958019814984,0.0019891457191956287,0.013506651247590833,0.019118601379624095,0.9999999995131378,56.9977447032163,converging,water_gap,Basic water
TGO,0.04108931888123316,0.003273203128377042,24,57.5954814530592,16.111062498112496,2000,2024,0.6389435771011244,Togo,Sub-Saharan Africa ,Lower middle income,0.040303860380683044,0.0032262618094661155,0.013506651247590833,0.019118601379624095,1.0,17.198034481385783,converging,water_gap,Basic water
THA,0.0650549276658046,0.006678353199519326,18,5.624558386524313,0.0,2000,2024,0.10473454952110862,Thailand,East Asia & Pacific,Upper middle income,0.062690464636263,0.006524700006797438,0.013072646552045987,0.0305929918696395,1.0,11.056660444003116,converging,water_gap,Basic water
TJK,0.053139409262124966,0.004768938267356728,24,47.9265993071923,7.971028080600391,2000,2024,0.7024767987698756,Tajikistan,Europe & Central Asia,Lower middle income,0.05263813731614975,0.0047372875064785,0.015249416567637782,0.04118653948368594,1.0,13.168155559852664,converging,water_gap,Basic water
TKM,0.06718148798151406,0.007924103771739898,21,12.787537445955692,-0.1431394765880043,2000,2024,0.2822718693896349,Turkmenistan,Europe & Central Asia,Upper middle income,0.06532778613811695,0.007781394289253244,0.015249416567637782,0.04118653948368594,1.0,10.610296499172398,converging,water_gap,Basic water
TLS,0.02782090187477176,0.003607429354324222,22,32.58821077534349,15.388660082897502,2002,2024,0.4435042975870161,Timor-Leste,East Asia & Pacific,Lower middle income,0.027618648669175128,0.003582608354710781,0.013072646552045987,0.0305929918696395,0.9999999999999937,25.097070782234155,converging,water_gap,Basic water
TON,-0.008915207995052977,0.013348192975547842,8,-1.0107511105911016,1.2418962467717023,2000,2024,0.04065647726092484,Tonga,East Asia & Pacific,Upper middle income,-0.005398781637946009,0.012234360881740031,0.013072646552045987,0.0305929918696395,0.3295050667979753,,no clear trend,water_gap,Basic water
TUN,0.040410138392818165,0.006092768181533206,24,29.636931003264905,5.426132400274199,2000,2024,0.6342644744038034,Tunisia,"Middle East, North Africa, Afghanistan & Pakistan",Lower middle income,0.03899073547774908,0.0059104195560984235,0.016336822828695165,0.024340719898391292,0.9999999999790147,17.777227643102677,converging,water_gap,Basic water
TUR,0.04690855976718934,0.005494771501092908,24,7.373109136677797,1.9045868868171996,2000,2024,0.12979846082147312,Turkiye,Europe & Central Asia,Upper middle income,0.04635492172365224,0.005446514796618633,0.015249416567637782,0.04118653948368594,1.0,14.953043922545818,converging,water_gap,Basic water
TUV,-0.050570524639430584,0.002502464493831012,10,-0.0589108552473902,-1.7262714056134882,2000,2024,0.010753630308168314,Tuvalu,East Asia & Pacific,Upper middle income,-0.050147517628727434,0.0024941342612559625,0.013072646552045987,0.0305929918696395,0.0,,diverging,water_gap,Basic water
TZA,0.014294133837984627,0.002,24,50.56581838317629,34.911642366544704,2000,2024,0.22495499693515575,Tanzania,Sub-Saharan Africa ,Lower middle income,0.014285609475216355,0.0019891457191956287,0.013506651247590833,0.019118601379624095,0.9999999999996559,48.52065862240348,converging,water_gap,Basic water
UGA,0.02719005213682813,0.002331972565549945,24,51.2827190880493,23.3866593401954,2000,2024,0.46007158777919943,Uganda,Sub-Saharan Africa ,Low income,0.026989459496354402,0.0023148166125107157,0.013506651247590833,0.019118601379624095,1.0,25.682143825576503,converging,water_gap,Basic water
UKR,-0.029336462764384744,0.024353894014029445,22,4.398088064090288,-8.858170561632704,2000,2024,0.6850644975181219,Ukraine,Europe & Central Asia,Upper middle income,-0.017785869568569604,0.02096325802955364,0.015249416567637782,0.04118653948368594,0.19809910380030538,,no clear trend,water_gap,Basic water
URY,0.047250064774796895,0.009213082390234757,24,22.790653494911894,4.519323012123095,2000,2024,0.6848099140604159,Uruguay,Latin America & Caribbean ,High income,0.04502332041833953,0.008720261993555408,0.02586402807765617,0.027024614457782058,0.9999998785336806,15.395292353373451,converging,water_gap,Basic water
USA,0.05823052646992196,0.016726624242531546,14,3.999018423955292,-0.0234154995411017,2005,2024,0.19734555511309426,United States,North America,High income,0.04633776712002172,0.008583062586853698,0.0420870125586513,0.01,0.9999999664456806,14.958579656300461,converging,water_gap,Basic water
UZB,0.05587955762237708,0.005076010973815909,24,16.863150544022005,1.6823593612274124,2000,2024,0.2591128005237641,Uzbekistan,Europe & Central Asia,Lower middle income,0.05527165244217749,0.005037894410884533,0.015249416567637782,0.04118653948368594,1.0,12.540735620037452,converging,water_gap,Basic water
VCT,-0.02998814003084378,0.013403527673789762,8,0.2072049999738965,1.4141192696047966,2000,2018,0.04976058416109732,St. Vincent and the Grenadines,Latin America & Caribbean ,Upper middle income,-0.018961470770233472,0.012007750702597454,0.02586402807765617,0.027024614457782058,0.05715625874618868,,diverging,water_gap,Basic water
VNM,0.059126207845503494,0.0065033084153745474,24,18.641739308364198,0.6934774868866072,2000,2024,0.35915334564263873,Viet Nam,East Asia & Pacific,Upper middle income,0.05713510574359961,0.0063611715353936536,0.013072646552045987,0.0305929918696395,1.0,12.131721321572824,converging,water_gap,Basic water
VUT,0.0045745285432798625,0.002,24,15.302517419122609,13.683567281550792,2000,2024,0.033249602049240455,Vanuatu,East Asia & Pacific,Lower middle income,0.004610693396396521,0.0019957398318976288,0.013072646552045987,0.0305929918696395,0.9895633327376615,150.3346939316488,converging,water_gap,Basic water
WSM,0.05142670668627285,0.02405454827898929,19,-3.2863310747990937,0.6770016283058027,2000,2024,0.2664974120594197,Samoa,East Asia & Pacific,Upper middle income,0.036773879083960945,0.018909367347146454,0.013072646552045987,0.0305929918696395,0.9740971027287711,18.848900301688975,converging,water_gap,Basic water
YEM,0.02250229490330482,0.002432262977574941,24,43.0600235006129,22.661264419404603,2000,2024,0.42282342701660286,"Yemen, Rep.","Middle East, North Africa, Afghanistan & Pakistan",Low income,0.02244134043160656,0.0024202099215146536,0.016336822828695165,0.024340719898391292,1.0,30.887066780721856,converging,water_gap,Basic water
ZAF,0.010694382180900073,0.006229406152944681,24,29.71756460962331,24.847217427495,2000,2024,0.7113131339068451,South Africa,Sub-Saharan Africa ,Upper middle income,0.010964291602609024,0.00592293144210049,0.013506651247590833,0.019118601379624095,0.9679267045119332,63.21860140923344,converging,water_gap,Basic water
ZMB,0.021688311034465963,0.002,24,55.3389684897783,31.874122417377293,2000,2024,0.1498719711716434,Zambia,Sub-Saharan Africa ,Lower middle income,0.0215997459830976,0.0019891457191956287,0.013506651247590833,0.019118601379624095,1.0,32.09052463405598,converging,water_gap,Basic water
ZWE,0.0013028256316345843,0.002,24,40.5313062191547,39.2889407827833,2000,2024,0.022500155188055673,Zimbabwe,Sub-Saharan Africa ,Lower middle income,0.0014349299320726976,0.0019891457191956287,0.013506651247590833,0.019118601379624095,0.7646621247797978,,no clear trend,water_gap,Basic water
AFG,-0.03416876538865956,0.0021704607743723335,24,12.3639133727461,25.3810305105212,2000,2024,0.18234437084800056,Afghanistan,"Middle East, North Africa, Afghanistan & Pakistan",Low income,-0.03403992073828059,0.0021665790062066056,0.0018847215840140793,0.0362422350105461,0.0,,diverging,sanitation_gap,Basic sanitation
AGO,-0.0010772569543387018,0.002,22,38.3694859166775,39.291499584507605,2000,2022,0.02636034728431907,Angola,Sub-Saharan Africa ,Lower middle income,-0.0010740851725584983,0.0019962940011321135,-0.00022061255872840864,0.03280750023956657,0.29527486413593196,,no clear trend,sanitation_gap,Basic sanitation
ALB,0.07998416685085967,0.009466528642864618,17,12.776293051222195,0.0281968715986096,2000,2024,0.3093926972387485,Albania,Europe & Central Asia,Upper middle income,0.0753852231287907,0.009175882916926809,0.003921146027574903,0.037316903588417,0.9999999999999999,9.194735410887475,converging,sanitation_gap,Basic sanitation
ARG,0.005363105456350665,0.0038412111318089867,16,21.25746733515389,19.695683987471497,2000,2016,0.3001386404298543,Argentina,Latin America & Caribbean ,Upper middle income,0.005620594663228159,0.003799246944980792,0.017212527772556538,0.025773096343435265,0.9304828838587699,123.32274823067208,converging,sanitation_gap,Basic sanitation
ARM,-0.006251496361781313,0.002,24,15.0739983498857,17.562740354055293,2000,2024,0.060567182190197875,Armenia,Europe & Central Asia,Upper middle income,-0.006222359895581373,0.001997133747735277,0.003921146027574903,0.037316903588417,0.000917715246232409,,diverging,sanitation_gap,Basic sanitation
ATG,0.032683133145964535,0.006288596228789241,24,-3.991225897008192,-1.6200109317763065,2000,2024,0.09110940263438545,Antigua and Barbuda,Latin America & Caribbean ,High income,0.0318138402647884,0.006109364045004043,0.017212527772556538,0.025773096343435265,0.9999999042422687,21.787598566876614,converging,sanitation_gap,Basic sanitation
AZE,0.05691424820065732,0.006609585979540187,24,17.948888186352598,1.6218638851123046,2000,2024,0.3569086085631329,Azerbaijan,Europe & Central Asia,Upper middle income,0.055302335685271896,0.006508286495817508,0.003921146027574903,0.037316903588417,1.0,12.533777678119733,converging,sanitation_gap,Basic sanitation
BDI,0.03038136292229507,0.013025511232722602,24,-5.379908149678606,-3.0915164459566,2000,2024,0.24248615000280926,Burundi,Sub-Saharan Africa ,Low income,0.026214373816401564,0.012106248709578018,-0.00022061255872840864,0.03280750023956657,0.9848198958708082,26.441492954001575,converging,sanitation_gap,Basic sanitation
BEN,-0.008629798815045045,0.002,24,16.60342194883572,20.557251518816894,2000,2024,0.04801803341795669,Benin,Sub-Saharan Africa ,Lower middle income,-0.008598663254139261,0.0019962940011321135,-0.00022061255872840864,0.03280750023956657,8.262481971721414e-06,,diverging,sanitation_gap,Basic sanitation
BFA,0.018909630269069964,0.002,24,41.55809975860601,24.9165843180504,2000,2024,0.290343934074359,Burkina Faso,Sub-Saharan Africa ,Low income,0.01883879929654157,0.0019962940011321135,-0.00022061255872840864,0.03280750023956657,1.0,36.793596537078315,converging,sanitation_gap,Basic sanitation
BGD,0.05725326824137955,0.007677789151566035,24,22.5458428537693,-0.0028918670229103,2000,2024,0.5222249126059063,Bangladesh,South Asia,Lower middle income,0.0566616631373949,0.0009916244251397322,0.05665162716288564,0.001,1.0,12.233089220822572,converging,sanitation_gap,Basic sanitation
BGR,2.3354003058929437e-06,0.002,24,3.065201037539012,3.065029238838406,2000,2024,1.1820911806558265e-10,Bulgaria,Europe & Central Asia,High income,1.3559651490114166e-05,0.001997133747735277,0.003921146027574903,0.037316903588417,0.5027086201572345,,no clear trend,sanitation_gap,Basic sanitation
BIH,-0.007081353901354305,0.002,18,5.889893930501003,6.728077496515496,2000,2018,0.03132020087291915,Bosnia and Herzegovina,Europe & Central Asia,Upper middle income,-0.007049840558505499,0.001997133747735277,0.003921146027574903,0.037316903588417,0.00020779618127952926,,diverging,sanitation_gap,Basic sanitation
BLR,0.06652020096305847,0.017737811143004083,19,-4.262775304856703,1.0687336916027022,2000,2024,0.21338101809893908,Belarus,Europe & Central Asia,Upper middle income,0.054983325601258,0.01602012175858355,0.003921146027574903,0.037316903588417,0.99970058254771,12.60649793333138,converging,sanitation_gap,Basic sanitation
BLZ,-0.045022839156962306,0.006002849947669953,24,3.5219685925370072,16.9674499661663,2000,2024,0.3268880691367508,Belize,Latin America & Caribbean ,Upper middle income,-0.041820433460808076,0.005846367949073135,0.017212527772556538,0.025773096343435265,4.2377212849942225e-13,,diverging,sanitation_gap,Basic sanitation
BOL,0.01221380153922861,0.002,24,34.8322449424442,25.595520317551795,2000,2024,0.2808683705566572,Bolivia,Latin America & Caribbean ,Lower middle income,0.01224372272183412,0.001994005254342344,0.017212527772556538,0.025773096343435265,0.999999999588083,56.612453279741636,converging,sanitation_gap,Basic sanitation
BRA,0.017606170250167013,0.002,24,44.92019288352439,28.8895935002608,2000,2024,0.09494546118459779,Brazil,Latin America & Caribbean ,Upper middle income,0.01760381400021371,0.001994005254342344,0.017212527772556538,0.025773096343435265,1.0,39.374829826737006,converging,sanitation_gap,Basic sanitation
BTN,0.06975792654334217,0.011054298391887865,22,33.845364667168795,-5.349197675830496,2000,2024,1.0188222430850427,Bhutan,South Asia,Lower middle income,0.05675801161065586,0.0009959332071091222,0.05665162716288564,0.001,1.0,12.212323175003764,converging,sanitation_gap,Basic sanitation
BWA,0.027152180029533686,0.002,24,40.1878323688657,19.473294044060907,2000,2024,0.27995473574318036,Botswana,Sub-Saharan Africa ,Upper middle income,0.02705083047860026,0.0019962940011321135,-0.00022061255872840864,0.03280750023956657,1.0,25.623878021352784,converging,sanitation_gap,Basic sanitation
CAF,0.018615752183625146,0.002,24,29.844246233112443,18.810818702750588,2000,2024,0.24115346204743027,Central African Republic,Sub-Saharan Africa ,Low income,0.01854600931388688,0.0019962940011321135,-0.00022061255872840864,0.03280750023956657,1.0,37.37446524632825,converging,sanitation_gap,Basic sanitation
CHL,0.07158876374299572,0.011556492787968822,21,25.12717669525449,0.0,2000,2024,0.7892053923999658,Chile,Latin America & Caribbean ,High income,0.06248618422054226,0.010544943746787794,0.017212527772556538,0.025773096343435265,0.9999999984451606,11.092806981356272,converging,sanitation_gap,Basic sanitation
CHN,0.050876652802396484,0.00765268074152846,24,32.6203568183098,3.15307344012011,2000,2024,0.7944283736666564,China,East Asia & Pacific,Upper middle income,0.047607510342219134,0.007247670087333026,0.019151911042194342,0.022577743808036416,0.9999999999746156,14.559618337051555,converging,sanitation_gap,Basic sanitation
CIV,0.0003118523637692572,0.002,24,30.241885934475796,30.0155421126249,2000,2024,0.03861984943749557,Cote d'Ivoire,Sub-Saharan Africa ,Lower middle income,0.0003098808776445247,0.0019962940011321135,-0.00022061255872840864,0.03280750023956657,0.5616792425901644,,no clear trend,sanitation_gap,Basic sanitation
CMR,-0.009338101122407714,0.002,24,29.6974525991776,37.0438637287642,2000,2024,0.07877335486938201,Cameroon,Sub-Saharan Africa ,Lower middle income,-0.009304343025984414,0.0019962940011321135,-0.00022061255872840864,0.03280750023956657,1.5748522983471958e-06,,diverging,sanitation_gap,Basic sanitation
COD,-0.047086048539337205,0.011949506920372156,21,-0.1294486826391008,10.577947416778702,2000,2024,0.39939301175672026,"Congo, Dem. Rep.",Sub-Saharan Africa ,Low income,-0.041596897478863366,0.011227922369276763,-0.00022061255872840864,0.03280750023956657,0.00010579029163593212,,diverging,sanitation_gap,Basic sanitation
COG,-0.028619123863241454,0.00459708856962105,21,10.49042192717073,20.93926885637204,2000,2021,0.3444954985349619,"Congo, Rep.",Sub-Saharan Africa ,Lower middle income,-0.02807227096151896,0.004552611740294266,-0.00022061255872840864,0.03280750023956657,3.4977409857361863e-10,,diverging,sanitation_gap,Basic sanitation
COL,0.02195622969403818,0.002,24,20.4812592818996,11.460786562148598,2000,2024,0.09925252464943471,Colombia,Latin America & Caribbean ,Upper middle income,0.021927835026118097,0.001994005254342344,0.017212527772556538,0.025773096343435265,1.0,31.610379215929996,converging,sanitation_gap,Basic sanitation
COM,0.05880120838305325,0.00687712044595881,24,21.4796105111536,0.4119522839409981,2000,2024,0.43924245724357563,Comoros,Sub-Saharan Africa ,Lower middle income,0.05631691001482284,0.006730831454559415,-0.00022061255872840864,0.03280750023956657,1.0,12.307976065759043,converging,sanitation_gap,Basic sanitation
CPV,0.04221703777267146,0.004595182941419322,24,33.772232279881294,9.529308278577105,2000,2024,0.519398328660056,Cabo Verde,Sub-Saharan Africa ,Upper middle income,0.04140050601895001,0.004550760867382773,-0.00022061255872840864,0.03280750023956657,1.0,16.742480882786193,converging,sanitation_gap,Basic sanitation
CRI,0.04899996190927505,0.006058425802673753,24,7.286830540301096,0.7911813938464007,2000,2024,0.1425682713706045,Costa Rica,Latin America & Caribbean ,High income,0.047335462398707916,0.005897673098805919,0.017212527772556538,0.025773096343435265,0.9999999999999994,14.643295859699169,converging,sanitation_gap,Basic sanitation
CUB,0.048232884724368236,0.006717332365435893,24,11.934108459313704,1.0943067709938106,2000,2024,0.2616223667557296,Cuba,Latin America & Caribbean ,Upper middle income,0.04625971448599104,0.0065001814488841415,0.017212527772556538,0.025773096343435265,0.9999999999994472,14.983818820798234,converging,sanitation_gap,Basic sanitation
CZE,0.08421233546774318,0.025258070670868292,5,1.454004768477006,-0.4059753533496035,2000,2024,0.07309645436039082,Czechia,Europe & Central Asia,High income,0.05898562266625884,0.020917124730251816,0.003921146027574903,0.037316903588417,0.9975985781614513,11.751120853326885,converging,sanitation_gap,Basic sanitation
DJI,-0.010358538127910127,0.002,23,45.08313627483205,57.42138563292311,2000,2023,0.4088208895960253,Djibouti,"Middle East, North Africa, Afghanistan & Pakistan",Lower middle income,-0.010321366929602943,0.0019969616380331283,0.0018847215840140793,0.0362422350105461,1.1796779819661651e-07,,diverging,sanitation_gap,Basic sanitation
DOM,0.007989481676100144,0.002,24,12.895863179237692,10.6075357607929,2000,2024,0.0126231027529531,Dominican Republic,Latin America & Caribbean ,Upper middle income,0.008044688629541837,0.001994005254342344,0.017212527772556538,0.025773096343435265,0.999972633316993,86.16208935850655,converging,sanitation_gap,Basic sanitation
DZA,0.029327067646475007,0.0032780210011099154,24,18.112140133794995,8.216862271074802,2000,2024,0.220562620092315,Algeria,"Middle East, North Africa, Afghanistan & Pakistan",Upper middle income,0.029104390138971554,0.0032646943646455016,0.0018847215840140793,0.0362422350105461,1.0,23.81589778209449,converging,sanitation_gap,Basic sanitation
ECU,0.038525710469310935,0.002,24,22.2477680343064,7.911836276620804,2000,2024,0.13742786706744978,Ecuador,Latin America & Caribbean ,Upper middle income,0.038398134842719846,0.001994005254342344,0.017212527772556538,0.025773096343435265,1.0,18.05158462511529,converging,sanitation_gap,Basic sanitation
EGY,0.00414206762480871,0.002,24,5.566760841916803,5.039571728562507,2000,2024,0.00048489542463240096,"Egypt, Arab Rep.","Middle East, North Africa, Afghanistan & Pakistan",Lower middle income,0.004135214200205735,0.0019969616380331283,0.0018847215840140793,0.0362422350105461,0.9808090553469667,167.62062302007473,converging,sanitation_gap,Basic sanitation
ERI,0.030339850189089423,0.0035842177860495625,16,25.93558493249993,16.43377116750008,2000,2016,0.2946609318293611,Eritrea,Sub-Saharan Africa ,Low income,0.02997939641928775,0.0035630175672191956,-0.00022061255872840864,0.03280750023956657,1.0,23.1207850506956,converging,sanitation_gap,Basic sanitation
ETH,-0.011994523183838937,0.002,24,13.727577380138356,17.951569646807172,2000,2024,0.09754423637357625,Ethiopia,Sub-Saharan Africa ,Low income,-0.01195092951137247,0.0019962940011321135,-0.00022061255872840864,0.03280750023956657,1.0716418863410127e-09,,diverging,sanitation_gap,Basic sanitation
FJI,0.062485837490937474,0.01192296194447299,19,13.935760432588992,0.0166889451085126,2000,2024,0.48230692687032306,Fiji,East Asia & Pacific,Upper middle income,0.053036362269864065,0.010543149507354337,0.019151911042194342,0.022577743808036416,0.9999997552836586,13.0692821093765,converging,sanitation_gap,Basic sanitation
GAB,-0.02286614694358529,0.002,24,20.15094817596,35.9244333987598,2000,2024,0.19316961096881377,Gabon,Sub-Saharan Africa ,Upper middle income,-0.0227823003746555,0.0019962940011321135,-0.00022061255872840864,0.03280750023956657,0.0,,diverging,sanitation_gap,Basic sanitation
GEO,0.01761131639319734,0.002,24,27.979475405749696,18.01639325515451,2000,2024,0.05610238134293449,Georgia,Europe & Central Asia,Upper middle income,0.017572105028945836,0.001997133747735277,0.003921146027574903,0.037316903588417,1.0,39.44588194858563,converging,sanitation_gap,Basic sanitation
GHA,-0.016727094566853427,0.0021817496588132264,24,8.667280355654759,13.608031676681,2000,2024,0.12441590373073752,Ghana,Sub-Saharan Africa ,Lower middle income,-0.016654416785494727,0.0021769412553808236,-0.00022061255872840864,0.03280750023956657,9.992007221626409e-15,,diverging,sanitation_gap,Basic sanitation
GIN,-0.014571638478139583,0.002,24,18.00873721269482,25.6436411560785,2000,2024,0.09483910963195544,Guinea,Sub-Saharan Africa ,Lower middle income,-0.014518502868110888,0.0019962940011321135,-0.00022061255872840864,0.03280750023956657,1.7619239400801234e-13,,diverging,sanitation_gap,Basic sanitation
GMB,-0.04919983481176594,0.022159522689435475,23,-16.458954848608805,37.0645907897553,2000,2024,2.1949023849312628,"Gambia, The",Sub-Saharan Africa ,Low income,-0.03385510125534936,0.018363136997250316,-0.00022061255872840864,0.03280750023956657,0.03261746436178836,,diverging,sanitation_gap,Basic sanitation
GNB,-0.025852175391936634,0.0033592111001240405,24,12.5112628174688,25.6740919995564,2000,2024,0.3282724761922784,Guinea-Bissau,Sub-Saharan Africa ,Low income,-0.025586241343842013,0.003341739324418348,-0.00022061255872840864,0.03280750023956657,9.547918011776346e-15,,diverging,sanitation_gap,Basic sanitation
GNQ,0.024733454215378998,0.002800501719463555,17,18.8400716528166,12.647259699488195,2000,2017,0.17715399019082792,Equatorial Guinea,Sub-Saharan Africa ,Upper middle income,0.02455293905612153,0.002790354063296646,-0.00022061255872840864,0.03280750023956657,1.0,28.23072133953471,converging,sanitation_gap,Basic sanitation
GRC,0.04845322762181362,0.004176860895723572,24,3.098959916661002,1.0650860681904106,2000,2024,0.03961342263679855,Greece,Europe & Central Asia,High income,0.0479022237004489,0.004150939917430321,0.003921146027574903,0.037316903588417,1.0,14.470041827169908,converging,sanitation_gap,Basic sanitation
GTM,0.0199111557728869,0.002,24,34.679569297170204,21.044601863648296,2000,2024,0.1135768879479438,Guatemala,Latin America & Caribbean ,Upper middle income,0.019895002429532377,0.001994005254342344,0.017212527772556538,0.025773096343435265,1.0,34.84026619323401,converging,sanitation_gap,Basic sanitation
GUY,0.05087220354904256,0.0028598486476434115,24,10.371154909361394,2.627455630492605,2000,2024,0.09120479395982511,Guyana,Latin America & Caribbean ,High income,0.050462803253020945,0.0028424033688024043,0.017212527772556538,0.025773096343435265,1.0,13.735804114656476,converging,sanitation_gap,Basic sanitation
HND,0.03399177020995478,0.002,24,21.055263642170807,8.2782990430253,2000,2024,0.11808982046166941,Honduras,Latin America & Caribbean ,Lower middle income,0.03389133366802053,0.001994005254342344,0.017212527772556538,0.025773096343435265,1.0,20.452047929113835,converging,sanitation_gap,Basic sanitation
HRV,-0.032680825139579164,0.00844361470456117,21,1.5041582317066968,4.205424011307514,2000,2021,0.12729796223140294,Croatia,Europe & Central Asia,High income,-0.030898175801442874,0.008235430839020787,0.003921146027574903,0.037316903588417,8.776406884558607e-05,,diverging,sanitation_gap,Basic sanitation
HTI,0.02843402741840923,0.0032438784257155235,24,19.7963044008946,8.351458307028203,2000,2024,0.24643713489378677,Haiti,Latin America & Caribbean ,Lower middle income,0.028259034328826153,0.003218485794452105,0.017212527772556538,0.025773096343435265,1.0,24.52833923814897,converging,sanitation_gap,Basic sanitation
IDN,0.04715576207113548,0.005970776109949871,24,37.0671871948306,4.594274472909305,2000,2024,0.7269417650318878,Indonesia,East Asia & Pacific,Upper middle income,0.04532530111760105,0.005772339896035841,0.019151911042194342,0.022577743808036416,0.999999999999998,15.292720918974267,converging,sanitation_gap,Basic sanitation
IND,0.05200648887691949,0.004664907968142499,24,46.17326440389614,6.334738639308711,2000,2024,0.671986286686938,India,South Asia,Lower middle income,0.05644754722259184,0.0009777862273465216,0.05665162716288564,0.001,1.0,12.279491575189807,converging,sanitation_gap,Basic sanitation
IRL,-0.005635605487053277,0.002,24,-4.740999246316392,-5.427798779648398,2000,2024,0.0011412362406815141,Ireland,Europe & Central Asia,High income,-0.005608233054520061,0.001997133747735277,0.003921146027574903,0.037316903588417,0.0024914206415954654,,diverging,sanitation_gap,Basic sanitation
IRN,0.03687699937184642,0.0030156142629405055,24,26.368247380844792,10.5,2000,2024,0.2714833882093551,"Iran, Islamic Rep.","Middle East, North Africa, Afghanistan & Pakistan",Upper middle income,0.036636398388683704,0.003005228953448002,0.0018847215840140793,0.0362422350105461,1.0,18.91963214304508,converging,sanitation_gap,Basic sanitation
IRQ,0.06628444516959268,0.009158080095019764,24,22.967066916221,1.195908879144099,2000,2024,0.5911683587568776,Iraq,"Middle East, North Africa, Afghanistan & Pakistan",Upper middle income,0.062419160770493635,0.008878992670332252,0.0018847215840140793,0.0362422350105461,0.9999999999989672,11.104718038561089,converging,sanitation_gap,Basic sanitation
ISL,6.880643011890754e-05,0.002,24,-1.300843924758496,-1.2987012987013031,2000,2024,0.00026926645960731704,Iceland,Europe & Central Asia,High income,7.984029508494729e-05,0.001997133747735277,0.003921146027574903,0.037316903588417,0.5159444440105299,,no clear trend,sanitation_gap,Basic sanitation
ISR,-0.03955975719146392,0.04297126083856773,2,0.0,1.1329896907217003,2000,2024,0.06617575092185357,Israel,"Middle East, North Africa, Afghanistan & Pakistan",High income,-0.015342116746950454,0.02770432317221746,0.0018847215840140793,0.0362422350105461,0.2898645028905493,,no clear trend,sanitation_gap,Basic sanitation
JAM,-0.027545659179246087,0.002,24,-1.9362525838879063,-3.889355847760712,2000,2024,0.01650915435021689,Jamaica,Latin America & Caribbean ,Upper middle income,-0.0272777473508392,0.001994005254342344,0.017212527772556538,0.025773096343435265,0.0,,diverging,sanitation_gap,Basic sanitation
JOR,-0.04667084354484244,0.002325983750126409,12,0.2631860485548003,1.8958372068171911,2000,2024,0.01180413172723493,Jordan,"Middle East, North Africa, Afghanistan & Pakistan",Upper middle income,-0.0464716674234939,0.0023212082265145146,0.0018847215840140793,0.0362422350105461,0.0,,diverging,sanitation_gap,Basic sanitation
KAZ,-0.0312711997635915,0.007078616073059627,16,-0.496234256551304,-1.989281115493,2000,2024,0.04701649065666754,Kazakhstan,Europe & Central Asia,Upper middle income,-0.030048889344171843,0.0069546014907017175,0.003921146027574903,0.037316903588417,7.776027512118588e-06,,diverging,sanitation_gap,Basic sanitation
KEN,0.06962341656104938,0.010148669349152614,18,6.6434288123004,-1.693490088993201,2000,2024,0.18112996333638823,Kenya,Sub-Saharan Africa ,Lower middle income,0.06352365241867082,0.009695384111166694,-0.00022061255872840864,0.03280750023956657,0.9999999999716044,10.91163927400711,converging,sanitation_gap,Basic sanitation
KGZ,-0.014657974411085191,0.007971808181165996,24,-1.7049952341318004,-3.058861423737298,2000,2024,0.1149995413772488,Kyrgyz Republic,Europe & Central Asia,Lower middle income,-0.013847111708764868,0.007795907683071952,0.003921146027574903,0.037316903588417,0.03784976269591711,,diverging,sanitation_gap,Basic sanitation
KHM,0.038512938747833694,0.005871078518360605,24,56.2104687875034,13.222261889414,2000,2024,1.1731932856504474,Cambodia,East Asia & Pacific,Lower middle income,0.037286667823613485,0.0056821089013094055,0.019151911042194342,0.022577743808036416,0.9999999999734756,18.589678858913164,converging,sanitation_gap,Basic sanitation
KIR,0.03357096582477701,0.004803772600184365,24,28.8630132393075,9.950057206672705,2000,2024,0.5086077674949122,Kiribati,East Asia & Pacific,Lower middle income,0.03294649465104244,0.004698598575181922,0.019151911042194342,0.022577743808036416,0.9999999999988252,21.03857141409166,converging,sanitation_gap,Basic sanitation
LAO,0.03792452666891242,0.003351407283637059,24,51.03780724501631,16.098931252995996,2000,2024,0.5960724417162422,Lao PDR,East Asia & Pacific,Lower middle income,0.0375198084256356,0.003315084000497001,0.019151911042194342,0.022577743808036416,1.0,18.47416630428073,converging,sanitation_gap,Basic sanitation
LBR,-0.007897992651098092,0.002,24,20.07962021368428,24.5491103958515,2000,2024,0.1145296372118957,Liberia,Sub-Saharan Africa ,Low income,-0.007869566650272714,0.0019962940011321135,-0.00022061255872840864,0.03280750023956657,4.0387661532137464e-05,,diverging,sanitation_gap,Basic sanitation
LCA,-0.014671637878870054,0.02114355147116235,22,-1.9464726081642,-4.840656626292002,2000,2022,0.4748423170535246,St. Lucia,Latin America & Caribbean ,Upper middle income,-0.0018454164755852798,0.016346637616007728,0.017212527772556538,0.025773096343435265,0.4550578017786584,,no clear trend,sanitation_gap,Basic sanitation
LKA,0.011994478288937535,0.07137906423917091,8,-1.6709382231208991,1.8645408495016085,2000,2024,0.2875013680373618,Sri Lanka,South Asia,Upper middle income,0.05664286393591194,0.0009999018784545535,0.05665162716288564,0.001,1.0,12.237149261100223,converging,sanitation_gap,Basic sanitation
LSO,0.08041737148235063,0.013478357475395143,21,14.6936198172122,-4.123107317550499,2000,2024,0.49164158277814735,Lesotho,Sub-Saharan Africa ,Lower middle income,0.0687725298640842,0.012467233766815017,-0.00022061255872840864,0.03280750023956657,0.9999999826857208,10.078837901264045,converging,sanitation_gap,Basic sanitation
LTU,0.0501291287344096,0.004567267988564645,24,28.14592905098769,4.844647218830801,2000,2024,0.4060334658084234,Lithuania,Europe & Central Asia,High income,0.049447164715786085,0.004533439524055599,0.003921146027574903,0.037316903588417,1.0,14.017935801658957,converging,sanitation_gap,Basic sanitation
LUX,-0.00357242381207447,0.002,24,-1.2572781215914972,-1.3697649618247991,2000,2024,0.00011843262791003142,Luxembourg,Europe & Central Asia,High income,-0.0035509607412229595,0.001997133747735277,0.003921146027574903,0.037316903588417,0.037699586300083965,,diverging,sanitation_gap,Basic sanitation
LVA,0.02483509680751534,0.002,24,20.68293107802521,11.061757800382509,2000,2024,0.1400161813096616,Latvia,Europe & Central Asia,High income,0.024775195102856525,0.001997133747735277,0.003921146027574903,0.037316903588417,1.0,27.977466077755608,converging,sanitation_gap,Basic sanitation
MAR,0.014332553433648556,0.0020299797155486038,24,34.293570067763405,24.992213259073,2000,2024,0.283041070209999,Morocco,"Middle East, North Africa, Afghanistan & Pakistan",Lower middle income,0.01429362321937455,0.002026802879930817,0.0018847215840140793,0.0362422350105461,0.99999999999912,48.493455432658,converging,sanitation_gap,Basic sanitation
MDA,0.04222221289124827,0.0035391140751723457,24,28.1631030673718,7.174883695219606,2000,2024,0.33582201538934237,Moldova,Europe & Central Asia,Upper middle income,0.04188078422145682,0.0035233043327610627,0.003921146027574903,0.037316903588417,1.0,16.5504823619044,converging,sanitation_gap,Basic sanitation
MDG,-0.019994321850349994,0.002,24,7.096530556239011,11.6677696857777,2000,2024,0.05273485304986335,Madagascar,Sub-Saharan Africa ,Low income,-0.01992110840124604,0.0019962940011321135,-0.00022061255872840864,0.03280750023956657,0.0,,diverging,sanitation_gap,Basic sanitation
MDV,0.060242765331481055,0.007229084347052516,23,23.538113216191704,0.0877059927019985,2000,2024,0.49998427877540547,Maldives,South Asia,Upper middle income,0.056719054144865964,0.0009905675461904181,0.05665162716288564,0.001,1.0,12.220711205613199,converging,sanitation_gap,Basic sanitation
MEX,0.05396758074394096,0.004355903544319791,24,29.9597621352165,4.5814122595676,2000,2024,0.39878716622910704,Mexico,Latin America & Caribbean ,Upper middle income,0.052946855329291435,0.004294993736594436,0.017212527772556538,0.025773096343435265,1.0,13.091375800301403,converging,sanitation_gap,Basic sanitation
MHL,0.02721010749536042,0.003916575089981074,24,32.7861627062585,14.453543272010904,2000,2024,0.4991127612284368,Marshall Islands,East Asia & Pacific,Upper middle income,0.02697470359886236,0.0038589436677015257,0.019151911042194342,0.022577743808036416,0.9999999999986273,25.69619265767125,converging,sanitation_gap,Basic sanitation
MKD,0.04214361061562706,0.008384068530777814,24,11.829258136468797,2.104456436870805,2000,2024,0.3431384638718671,North Macedonia,Europe & Central Asia,Upper middle income,0.040306943960361344,0.00818015301935279,0.003921146027574903,0.037316903588417,0.9999995833598684,17.19671878973509,converging,sanitation_gap,Basic sanitation
MLI,0.01384425805246052,0.002,24,27.117991122592134,19.2236034980494,2000,2024,0.04732265987691143,Mali,Sub-Saharan Africa ,Low income,0.013792181951135294,0.0019962940011321135,-0.00022061255872840864,0.03280750023956657,0.9999999999975577,50.25652815600285,converging,sanitation_gap,Basic sanitation
MMR,0.037371694171040734,0.003691950808477487,24,21.6086526357516,7.634837451966703,2000,2024,0.27616441108968076,Myanmar,East Asia & Pacific,Lower middle income,0.036897196888343295,0.003643558979432675,0.019151911042194342,0.022577743808036416,1.0,18.785903510706177,converging,sanitation_gap,Basic sanitation
MNE,-0.009578192921937451,0.005423733810147819,18,4.667704230411005,5.721655980635404,2006,2024,0.12771420758198435,Montenegro,Europe & Central Asia,Upper middle income,-0.009298926090935463,0.005367339022634137,0.003921146027574903,0.037316903588417,0.041592102374081064,,diverging,sanitation_gap,Basic sanitation
MNG,0.0036566295437279995,0.002,24,33.7399790050501,30.849239749456004,2000,2024,0.1281545936893869,Mongolia,East Asia & Pacific,Upper middle income,0.0037772730108481074,0.001992198966321804,0.019151911042194342,0.022577743808036416,0.971022094055314,183.50465496385013,converging,sanitation_gap,Basic sanitation
MOZ,-0.013869189418081466,0.002,24,29.13864997017247,40.8993810834798,2000,2024,0.06548833653054549,Mozambique,Sub-Saharan Africa ,Low income,-0.013818654671540153,0.0019962940011321135,-0.00022061255872840864,0.03280750023956657,2.224109785231576e-12,,diverging,sanitation_gap,Basic sanitation
MRT,-0.025157589770397233,0.002,24,30.45848836725468,54.8200315131653,2000,2024,0.3724480681737906,Mauritania,Sub-Saharan Africa ,Lower middle income,-0.025065258984859354,0.0019962940011321135,-0.00022061255872840864,0.03280750023956657,0.0,,diverging,sanitation_gap,Basic sanitation
MUS,0.031494692454517234,0.0023616379005541536,24,3.2712073292236994,1.3170035965607951,2000,2024,0.028430382284292455,Mauritius,Sub-Saharan Africa ,Upper middle income,0.03133119740166648,0.0023555428146768624,-0.00022061255872840864,0.03280750023956657,1.0,22.12322662532768,converging,sanitation_gap,Basic sanitation
MWI,0.05332197476284249,0.01186553928962243,22,17.42312485290626,-1.4691156035087047,2000,2024,0.6506347432851973,Malawi,Sub-Saharan Africa ,Low income,0.0471284223958883,0.011158180200439776,-0.00022061255872840864,0.03280750023956657,0.9999879819720314,14.707625363254651,converging,sanitation_gap,Basic sanitation
MYS,0.06287869220825659,0.005417420089676815,17,3.846666517883804,0.1760873209839104,2000,2024,0.058153453655977023,Malaysia,East Asia & Pacific,Upper middle income,0.06049823256109186,0.005267896069229517,0.019151911042194342,0.022577743808036416,1.0,11.457312903480226,converging,sanitation_gap,Basic sanitation
NAM,0.02343242981740413,0.002,24,46.8227190968304,25.9364208788521,2000,2024,0.10759098351169315,Namibia,Sub-Saharan Africa ,Lower middle income,0.023344852884385675,0.0019962940011321135,-0.00022061255872840864,0.03280750023956657,1.0,29.69164911823284,converging,sanitation_gap,Basic sanitation
NER,-0.027472508525712945,0.002,24,22.736242158682728,44.36401187268126,2000,2024,0.07903094341853649,Niger,Sub-Saharan Africa ,Low income,-0.027371606602409636,0.0019962940011321135,-0.00022061255872840864,0.03280750023956657,0.0,,diverging,sanitation_gap,Basic sanitation
NGA,-0.06374113416061228,0.008590375865076489,22,0.4164263189965993,24.9472124521927,2000,2024,0.5862079129193768,Nigeria,Sub-Saharan Africa ,Lower middle income,-0.059665523124513405,0.008310219166198474,-0.00022061255872840864,0.03280750023956657,3.4916514124461173e-13,,diverging,sanitation_gap,Basic sanitation
NLD,8.915323333034383e-05,0.002,24,-2.3981068247735067,-2.3929837529837954,2000,2024,0.0001540970693139642,Netherlands,Europe & Central Asia,High income,0.00010012882101489111,0.001997133747735277,0.003921146027574903,0.037316903588417,0.5199930984556614,,no clear trend,sanitation_gap,Basic sanitation
NPL,0.061372868527326416,0.011444811328032939,22,21.3205082859686,-4.229906911473805,2000,2024,0.7028033207264982,Nepal,South Asia,Lower middle income,0.05668739855842808,0.0009962044504924978,0.05665162716288564,0.001,1.0,12.227535540293207,converging,sanitation_gap,Basic sanitation
OMN,0.08449661883681946,0.017251359681676206,15,15.289871654881594,0.0251429218287029,2000,2024,0.6642454676454174,Oman,"Middle East, North Africa, Afghanistan & Pakistan",High income,0.06923627460925373,0.015576713753658237,0.0018847215840140793,0.0362422350105461,0.9999956024949928,10.011329819113392,converging,sanitation_gap,Basic sanitation
PAK,0.03098772722493563,0.004161868973230404,24,44.6620846092464,18.010730667294297,2000,2024,0.6908615743690877,Pakistan,"Middle East, North Africa, Afghanistan & Pakistan",Lower middle income,0.030608940207271024,0.004134696089802143,0.0018847215840140793,0.0362422350105461,0.9999999999999334,22.645252526426614,converging,sanitation_gap,Basic sanitation
PAN,0.005591711707797287,0.002,24,29.919936624515003,26.1687390113662,2000,2024,0.051352501345964086,Panama,Latin America & Caribbean ,High income,0.005661271140194369,0.001994005254342344,0.017212527772556538,0.025773096343435265,0.9977382740514749,122.43666897327715,converging,sanitation_gap,Basic sanitation
PER,0.02625574646749449,0.002,24,44.28894514171429,22.438433192452493,2000,2024,0.1480942113643702,Peru,Latin America & Caribbean ,Upper middle income,0.02620161591797395,0.001994005254342344,0.017212527772556538,0.025773096343435265,1.0,26.454367651594183,converging,sanitation_gap,Basic sanitation
PHL,0.054205366202306204,0.008583398904142423,23,16.215945341239205,-0.6600913158994928,2000,2024,0.4318723026045395,Philippines,East Asia & Pacific,Upper middle income,0.049778858495950665,0.00802316524513534,0.019151911042194342,0.022577743808036416,0.9999999997254554,13.9245294388647,converging,sanitation_gap,Basic sanitation
PLW,0.06312083799265318,0.006900175419972859,22,14.3246717711925,0.7200775148026111,2000,2024,0.28349210380645773,Palau,East Asia & Pacific,High income,0.05936484366117441,0.0065988775771095125,0.019151911042194342,0.022577743808036416,1.0,11.676055015256026,converging,sanitation_gap,Basic sanitation
PNG,0.01740735546626194,0.002008501910722828,24,46.2907219155243,28.9941267502126,2000,2024,0.39066795334591653,Papua New Guinea,East Asia & Pacific,Lower middle income,0.017421053077868672,0.00200060136131527,0.019151911042194342,0.022577743808036416,1.0,39.787903605006775,converging,sanitation_gap,Basic sanitation
POL,0.09241421102392239,0.012312146644225017,15,16.832983783788407,-0.4648909654886068,2000,2024,0.49615730908467703,Poland,Europe & Central Asia,High income,0.08372680632715271,0.011692193886973295,0.003921146027574903,0.037316903588417,0.9999999999995993,8.278676937127564,converging,sanitation_gap,Basic sanitation
PRK,-0.01568029821791102,0.0028634853374256792,21,13.329491263848794,18.6116279412758,2002,2023,0.20867148179176306,"Korea, Dem. People's Rep.",East Asia & Pacific,Low income,-0.015128881786531425,0.002840729504554601,0.019151911042194342,0.022577743808036416,5.028165306342203e-08,,diverging,sanitation_gap,Basic sanitation
PRT,0.07567149490278216,0.0054436717614449286,9,1.959738641291807,-0.1989244035624011,2000,2024,0.02483263166707718,Portugal,Europe & Central Asia,High income,0.07417645828984905,0.005386659280387022,0.003921146027574903,0.037316903588417,1.0,9.344570993824352,converging,sanitation_gap,Basic sanitation
PRY,0.06124786235159077,0.007573356800003285,24,33.6943001157505,-0.5070617147658965,2000,2024,0.74458613142224,Paraguay,Latin America & Caribbean ,Upper middle income,0.057747792918961136,0.007266148624943749,0.017212527772556538,0.025773096343435265,0.999999999999999,12.00300731029938,converging,sanitation_gap,Basic sanitation
PSE,0.04821873466797857,0.008447242976226253,20,4.761967596835092,0.8382075100895037,2000,2024,0.12971566955033897,West Bank and Gaza,"Middle East, North Africa, Afghanistan & Pakistan",Lower middle income,0.04583133336980092,0.008226739139681659,0.0018847215840140793,0.0362422350105461,0.9999999873374324,15.123871150924714,converging,sanitation_gap,Basic sanitation
ROU,0.028114116275490195,0.004121291865554004,23,38.3858567953499,17.2246245068835,2001,2024,0.6024869920664856,Romania,Europe & Central Asia,High income,0.027822588688463074,0.004096385628506869,0.003921146027574903,0.037316903588417,0.99999999999447,24.91310885271312,converging,sanitation_gap,Basic sanitation
RUS,-0.030966731642038496,0.0025496297029046675,22,15.090697674418294,28.83139534883701,2002,2024,0.24948997624146985,Russian Federation,Europe & Central Asia,High income,-0.030804627189569504,0.0025436994547198347,0.003921146027574903,0.037316903588417,0.0,,diverging,sanitation_gap,Basic sanitation
RWA,-0.040775774293841355,0.027280754806064737,24,19.296642378093,-30.389975999257096,2000,2024,2.0220319085207135,Rwanda,Sub-Saharan Africa ,Low income,-0.024197049380274983,0.020976142975394466,-0.00022061255872840864,0.03280750023956657,0.12434216155040811,,no clear trend,sanitation_gap,Basic sanitation
SAU,-0.0,0.002,11,2.303002051623011,2.303002051623011,2013,2024,0.0,Saudi Arabia,"Middle East, North Africa, Afghanistan & Pakistan",High income,5.722116609597565e-06,0.0019969616380331283,0.0018847215840140793,0.0362422350105461,0.5011431321872377,,no clear trend,sanitation_gap,Basic sanitation
SDN,0.010201730520086785,0.002,24,32.2110733848824,24.3640904299734,2000,2024,0.2813794940698914,Sudan,Sub-Saharan Africa ,Low income,0.010163141114665106,0.0019962940011321135,-0.00022061255872840864,0.03280750023956657,0.9999998219139178,68.20206201405142,converging,sanitation_gap,Basic sanitation
SEN,0.030446839069023537,0.002,24,40.0440960270072,16.977162974055396,2000,2024,0.291628635537518,Senegal,Sub-Saharan Africa ,Lower middle income,0.03033329082798371,0.0019962940011321135,-0.00022061255872840864,0.03280750023956657,1.0,22.851037973119897,converging,sanitation_gap,Basic sanitation
SLB,-0.002195907584547133,0.002,24,51.8573771374633,54.65719044968949,2000,2024,0.07638247170872874,Solomon Islands,East Asia & Pacific,Lower middle income,-0.002029697318871339,0.001992198966321804,0.019151911042194342,0.022577743808036416,0.15414359858343674,,no clear trend,sanitation_gap,Basic sanitation
SLE,-0.021597134864343878,0.002,24,12.76350981820535,21.405540414811,2000,2024,0.09246694497406865,Sierra Leone,Sub-Saharan Africa ,Low income,-0.021517986895454456,0.0019962940011321135,-0.00022061255872840864,0.03280750023956657,0.0,,diverging,sanitation_gap,Basic sanitation
SLV,0.004465982426009895,0.002,24,15.980850102452903,14.368753138892387,2000,2024,0.03671447285022034,El Salvador,Latin America & Caribbean ,Upper middle income,0.004542280205304264,0.001994005254342344,0.017212527772556538,0.025773096343435265,0.9886357585427146,152.59894793599923,converging,sanitation_gap,Basic sanitation
SOM,0.028076240036850476,0.002478548876056786,24,42.25435745557323,18.592720814367794,2000,2024,0.40020277343044525,"Somalia, Fed. Rep.",Sub-Saharan Africa ,Low income,0.027915651285447027,0.002471505806665108,-0.00022061255872840864,0.03280750023956657,1.0,24.830055851904714,converging,sanitation_gap,Basic sanitation
SRB,-0.024636185365636883,0.002,24,2.263194835468098,4.2390300772595,2000,2024,0.020536844597189706,Serbia,Europe & Central Asia,Upper middle income,-0.02455439150234632,0.001997133747735277,0.003921146027574903,0.037316903588417,0.0,,diverging,sanitation_gap,Basic sanitation
SSD,-0.043134608151156,0.00819364382081099,13,15.156309971460988,29.6186293275401,2011,2024,0.6991592824057785,South Sudan,Sub-Saharan Africa ,Low income,-0.04061502237350283,0.007949471170066658,-0.00022061255872840864,0.03280750023956657,1.618076490572662e-07,,diverging,sanitation_gap,Basic sanitation
STP,0.007942767990560661,0.0023114369233713868,24,14.0633073178468,11.393943905629698,2000,2024,0.15207150272504885,Sao Tome and Principe,Sub-Saharan Africa ,Lower middle income,0.007902446422008665,0.002305721390813742,-0.00022061255872840864,0.03280750023956657,0.9996952155352368,87.71298703519199,converging,sanitation_gap,Basic sanitation
SUR,0.03803832142110774,0.0030026457722076767,24,29.7772225558764,11.474297450417993,2000,2024,0.3024353835572536,Suriname,Latin America & Caribbean ,Upper middle income,0.03775943873934679,0.0029824734740403758,0.017212527772556538,0.025773096343435265,1.0,18.356924882934216,converging,sanitation_gap,Basic sanitation
SVK,-0.028238951594613964,0.013021135610307316,17,0.1320512093834054,2.5082630792466034,2000,2024,0.11999871866267912,Slovak Republic,Europe & Central Asia,High income,-0.02474830486848501,0.012294188574317485,0.003921146027574903,0.037316903588417,0.02205687284569413,,diverging,sanitation_gap,Basic sanitation
SWZ,0.0007544573518251006,0.029797289036141858,23,20.8796247282058,-22.555928111651703,2000,2024,1.8670881384692843,Eswatini,Sub-Saharan Africa ,Lower middle income,0.0003136983076492431,0.02205747925966231,-0.00022061255872840864,0.03280750023956657,0.5056735086597366,,no clear trend,sanitation_gap,Basic sanitation
SYR,0.0418897637146674,0.0038117952154807285,24,7.864675282394103,1.9233420447072973,2000,2024,0.10170278941950928,Syrian Arab Republic,"Middle East, North Africa, Afghanistan & Pakistan",Low income,0.04145207417268313,0.003790885708399896,0.0018847215840140793,0.0362422350105461,1.0,16.721652520267092,converging,sanitation_gap,Basic sanitation
TCA,-0.0,0.002,8,1.6526404366660046,1.6526404366660046,2016,2024,0.0,Turks and Caicos Islands,Latin America & Caribbean ,High income,0.00010303008457460183,0.001994005254342344,0.017212527772556538,0.025773096343435265,0.5206041457351817,,no clear trend,sanitation_gap,Basic sanitation
TCD,-0.028818785455174706,0.0034672270815549635,24,16.601499331479687,34.9462060339614,2000,2024,0.4399044921672301,Chad,Sub-Saharan Africa ,Low income,-0.028502897702974605,0.00344802487823233,-0.00022061255872840864,0.03280750023956657,1.1102230246251565e-16,,diverging,sanitation_gap,Basic sanitation
TGO,-0.008665720352577231,0.002,24,19.41037487614987,24.1045117105729,2000,2024,0.1270370239408094,Togo,Sub-Saharan Africa ,Lower middle income,-0.00863445178983446,0.0019962940011321135,-0.00022061255872840864,0.03280750023956657,7.6182747411612795e-06,,diverging,sanitation_gap,Basic sanitation
THA,0.06928195582491746,0.005847820944048209,14,-3.4327827535252027,0.8044697823413998,2000,2024,0.05262081047605082,Thailand,East Asia & Pacific,Upper middle income,0.06613039258297734,0.005661017633781193,0.019151911042194342,0.022577743808036416,1.0,10.48152223941838,converging,sanitation_gap,Basic sanitation
TJK,0.0314317091627086,0.029324924661694333,19,4.345898801503694,-3.539825520790899,2000,2023,0.3638204239705444,Tajikistan,Europe & Central Asia,Lower middle income,0.020928838706913182,0.02305737509767236,0.003921146027574903,0.037316903588417,0.8179777238902117,,no clear trend,sanitation_gap,Basic sanitation
TKM,0.05043843716533813,0.010683409208073147,20,-6.413432902071293,-0.359139348720106,2000,2024,0.2195235899035564,Turkmenistan,Europe & Central Asia,Upper middle income,0.04691463726428051,0.010270793837671825,0.003921146027574903,0.037316903588417,0.9999975353127382,14.774646485174642,converging,sanitation_gap,Basic sanitation
TLS,0.04558316283749598,0.004521361576660567,22,44.87988642287834,10.702519545297392,2002,2024,0.6618282431425099,Timor-Leste,East Asia & Pacific,Lower middle income,0.044564058243352404,0.0044333401544749355,0.019151911042194342,0.022577743808036416,1.0,15.553951051200363,converging,sanitation_gap,Basic sanitation
TON,0.03648957569432164,0.005439101696994874,24,10.443244425202394,3.3008011351619047,2000,2024,0.2022921045209503,Tonga,East Asia & Pacific,Upper middle income,0.03553856881107216,0.005287824973994895,0.019151911042194342,0.022577743808036416,0.9999999999909653,19.50408257138349,converging,sanitation_gap,Basic sanitation
TTO,0.037963152280775764,0.03435021244684115,13,-2.614678370662091,2.037670330683099,2005,2024,0.2559757151940121,Trinidad and Tobago,Latin America & Caribbean ,High income,0.02468662597686449,0.02061547004745438,0.017212527772556538,0.025773096343435265,0.8844403627171886,,no clear trend,sanitation_gap,Basic sanitation
TUN,0.05748860803794642,0.00848215194840828,23,42.7488953995162,-1.2082145612353088,2000,2024,1.0928435653679858,Tunisia,"Middle East, North Africa, Afghanistan & Pakistan",Lower middle income,0.05460107152836766,0.00825897478760607,0.0018847215840140793,0.0362422350105461,0.9999999999809288,12.694754171625089,converging,sanitation_gap,Basic sanitation
TUR,0.05984422800966153,0.00773349632942966,24,26.6772094343617,2.6265909028125947,2000,2024,0.6061212702949864,Turkiye,Europe & Central Asia,Upper middle income,0.057541359682937686,0.007572592812056654,0.003921146027574903,0.037316903588417,0.999999999999985,12.0460688516799,converging,sanitation_gap,Basic sanitation
TUV,0.07499240537291796,0.018946962416049977,17,4.90607731631431,-2.272254788501499,2000,2024,0.22434611195762286,Tuvalu,East Asia & Pacific,Upper middle income,0.0519176198473911,0.014513586650985075,0.019151911042194342,0.022577743808036416,0.9998263352812581,13.35090442507596,converging,sanitation_gap,Basic sanitation
TZA,-0.03269547919605968,0.002,24,14.53565812885106,30.0123791947272,2000,2024,0.11048540531072053,Tanzania,Sub-Saharan Africa ,Lower middle income,-0.032575238882993206,0.0019962940011321135,-0.00022061255872840864,0.03280750023956657,0.0,,diverging,sanitation_gap,Basic sanitation
UGA,0.010560701800113273,0.002,24,15.4266786477882,11.9239152712056,2000,2024,0.010739397944286636,Uganda,Sub-Saharan Africa ,Low income,0.010520783280100476,0.0019962940011321135,-0.00022061255872840864,0.03280750023956657,0.9999999318465297,65.8836098136341,converging,sanitation_gap,Basic sanitation
UKR,0.0556131059338767,0.005481022644071243,24,8.102021567449697,0.9053153907762096,2000,2024,0.13462904381683619,Ukraine,Europe & Central Asia,Upper middle income,0.05452150083963273,0.005422841088020998,0.003921146027574903,0.037316903588417,1.0,12.713281363965741,converging,sanitation_gap,Basic sanitation
URY,0.05265323116495132,0.01250296913218342,19,7.872144274558508,-0.4822024892599899,2000,2024,0.310495058339164,Uruguay,Latin America & Caribbean ,High income,0.045901588444539114,0.011249161635948319,0.017212527772556538,0.025773096343435265,0.9999775252443297,15.100723178620383,converging,sanitation_gap,Basic sanitation
USA,-0.06887248721144064,0.027873893903261997,4,-0.1609866666442059,1.4554677513608991,2000,2024,0.07118914886905767,United States,North America,High income,-0.06887248721144064,0.009412592248408277,-0.06887248721144064,0.01,1.2678746941219288e-13,,diverging,sanitation_gap,Basic sanitation
UZB,0.0690902900111109,0.018601818697222695,18,5.371400329989697,-2.5291365988593952,2000,2024,0.2516756363327215,Uzbekistan,Europe & Central Asia,Lower middle income,0.056119739382938606,0.016648066381697288,0.003921146027574903,0.037316903588417,0.9996254478396284,12.351218807881247,converging,sanitation_gap,Basic sanitation
VCT,0.042654629982044834,0.004593615774088166,18,14.963137006451298,6.979453173984808,2000,2018,0.2108717784108322,St. Vincent and the Grenadines,Latin America & Caribbean ,Upper middle income,0.04187129503860125,0.004522346667765795,0.017212527772556538,0.025773096343435265,1.0,16.554233154740764,converging,sanitation_gap,Basic sanitation
VNM,0.05126782322068496,0.005262387988610096,24,39.9719457263837,4.949038698004998,2000,2024,0.6624816805465691,Viet Nam,East Asia & Pacific,Upper middle income,0.04961300554094415,0.005125019073254073,0.019151911042194342,0.022577743808036416,1.0,13.971078208271646,converging,sanitation_gap,Basic sanitation
VUT,0.03881496780507922,0.006464670551900291,24,19.251515968999705,3.9920802656862975,2000,2024,0.44408672280638206,Vanuatu,East Asia & Pacific,Lower middle income,0.037325052058354215,0.0062149248183908,0.019151911042194342,0.022577743808036416,0.9999999990475329,18.570561655916105,converging,sanitation_gap,Basic sanitation
WSM,0.01541144036321108,0.002789957888380448,15,1.258923116721192,0.520341766319703,2000,2024,0.012645742614312092,Samoa,East Asia & Pacific,Upper middle income,0.015467697676621298,0.0027688976811861142,0.019151911042194342,0.022577743808036416,0.9999999883973676,44.812563256107914,converging,sanitation_gap,Basic sanitation
YEM,0.015062894569578024,0.002,24,57.3380364326199,38.842318977588405,2000,2024,0.30274202237858266,"Yemen, Rep.","Middle East, North Africa, Afghanistan & Pakistan",Low income,0.015022884924034387,0.0019969616380331283,0.0018847215840140793,0.0362422350105461,0.9999999999999732,46.139418897565584,converging,sanitation_gap,Basic sanitation
ZAF,0.06293377680346086,0.009220592498322432,23,26.651299035466103,-2.698081141515601,2000,2024,0.7065328281672963,South Africa,Sub-Saharan Africa ,Upper middle income,0.05831041850890692,0.008876671456392102,-0.00022061255872840864,0.03280750023956657,0.9999999999746645,11.887192688456986,converging,sanitation_gap,Basic sanitation
ZMB,0.041438752884114284,0.003112609738740682,24,37.8168983107501,10.974290795623894,2000,2024,0.3959431382791921,Zambia,Sub-Saharan Africa ,Lower middle income,0.04106711155326693,0.0030986949098821617,-0.00022061255872840864,0.03280750023956657,1.0,16.8784010938019,converging,sanitation_gap,Basic sanitation
ZWE,0.036288744573741295,0.006375415707468874,24,28.100994395345403,8.596475074154096,2000,2024,0.643186582738253,Zimbabwe,Sub-Saharan Africa ,Lower middle income,0.03496019861185331,0.00625834268059299,-0.00022061255872840864,0.03280750023956657,0.999999988393746,19.826751794394344,converging,sanitation_gap,Basic sanitation
AFG,0.10656949966143511,0.051694425432482635,21,75.4,12.400000000000006,2003,2024,9.9824799945215,Afghanistan,"Middle East, North Africa, Afghanistan & Pakistan",Low income,0.10250279677116601,0.05033326929349793,0.028315985553980304,0.22079327558492262,0.979149010467432,6.762227006423763,converging,electricity_gap,Electricity
AGO,-0.00989160662498482,0.06989894561378307,10,41.4,76.7,2000,2024,10.835538314391277,Angola,Sub-Saharan Africa ,Lower middle income,-0.002066562232527759,0.04318864500402997,0.0027654969007986285,0.05492794356838693,0.48091802711249787,,no clear trend,electricity_gap,Electricity
ALB,0.09618760973162785,0.016787084149434185,10,-3.9000000000000057,0.0,2000,2024,0.14990405574470742,Albania,Europe & Central Asia,Upper middle income,0.0961697070084373,0.016661020133684194,0.09499112548296215,0.13620577876531875,0.9999999960864009,7.207541772994412,converging,electricity_gap,Electricity
ARG,0.19762572846967405,0.13689184087487322,14,4.400000000000006,20.200000000000003,2000,2024,2.0835010134692897,Argentina,Latin America & Caribbean ,Upper middle income,0.12707237844070088,0.0933931903519478,0.06563869303898512,0.12773856368065212,0.9131826488169326,5.454743108341257,converging,electricity_gap,Electricity
ATG,0.6367867260218534,0.3239106708078642,7,3.4000000000000057,0.0,2000,2024,3.2202650890929387,Antigua and Barbuda,Latin America & Caribbean ,High income,0.14250991459658882,0.11883183513078052,0.06563869303898512,0.12773856368065212,0.8847859925623948,,no clear trend,electricity_gap,Electricity
AZE,0.4845261121856884,0.29838881409970497,5,1.6000000000000083,0.0,2000,2024,0.9594952029517547,Azerbaijan,Europe & Central Asia,Upper middle income,0.1621609344496463,0.12390714767367797,0.09499112548296215,0.13620577876531875,0.9046869955696379,4.274439974784304,converging,electricity_gap,Electricity
BDI,-0.02475107617273135,0.009937894310776539,12,38.7,66.4,2008,2024,1.949363756805453,Burundi,Sub-Saharan Africa ,Low income,-0.02387889271904533,0.009779127055074227,0.0027654969007986285,0.05492794356838693,0.007306664292527354,,diverging,electricity_gap,Electricity
BEN,0.02246475570552617,0.03112984296671025,24,42.1,26.599999999999994,2000,2024,6.827608473488589,Benin,Sub-Saharan Africa ,Lower middle income,0.017675692901116404,0.027082806273329294,0.0027654969007986285,0.05492794356838693,0.7430102114248863,,no clear trend,electricity_gap,Electricity
BFA,-0.042071846762655477,0.026134214336676505,17,38.1,75.1,2000,2024,5.215927622575795,Burkina Faso,Sub-Saharan Africa ,Low income,-0.033795320239920004,0.02359920961145898,0.0027654969007986285,0.05492794356838693,0.07606431894939791,,diverging,electricity_gap,Electricity
BGD,0.06981802956582293,0.03322369531496238,22,64.4,-0.0999999999999943,2000,2024,6.404782258693376,Bangladesh,South Asia,Lower middle income,0.07798786084204201,0.0009995473326514957,0.07799526229898265,0.001,1.0,8.88788553854372,converging,electricity_gap,Electricity
BGR,0.05897699148402201,0.012480586888578688,20,15.0,0.0,2000,2024,0.5604061470151499,Bulgaria,Europe & Central Asia,High income,0.05927685301673655,0.012428520238525755,0.09499112548296215,0.13620577876531875,0.9999990762219041,11.693386967831074,converging,electricity_gap,Electricity
BLR,0.05853173442527047,0.014615760091773043,19,13.699999999999989,0.0,2000,2024,0.6043046809445743,Belarus,Europe & Central Asia,Upper middle income,0.058946773481099585,0.01453233201466051,0.09499112548296215,0.13620577876531875,0.9999750665709268,11.75886549214085,converging,electricity_gap,Electricity
BLZ,0.09002219488219405,0.04225276415714409,23,29.3,0.2999999999999971,2000,2024,3.3986459390122303,Belize,Latin America & Caribbean ,Upper middle income,0.08761744844501516,0.0401151698151007,0.06563869303898512,0.12773856368065212,0.9855242949020452,7.91106329688354,converging,electricity_gap,Electricity
BOL,0.06384319235476306,0.0188278897766318,23,67.6,11.099999999999994,2000,2024,3.7399682528258364,Bolivia,Latin America & Caribbean ,Lower middle income,0.06388137014644038,0.01862664523331259,0.06563869303898512,0.12773856368065212,0.9996977299536941,10.850537159284288,converging,electricity_gap,Electricity
BRA,0.1535484662684239,0.03249472057505392,22,24.40000000000001,0.7000000000000028,2000,2024,1.552176579959308,Brazil,Latin America & Caribbean ,Upper middle income,0.14820544668664168,0.03149175264633508,0.06563869303898512,0.12773856368065212,0.9999987379110957,4.676934593540962,converging,electricity_gap,Electricity
BTN,0.1032159778645066,0.035211716888384675,17,87.9,0.0,2000,2024,7.381058727208403,Bhutan,South Asia,Lower middle income,0.07801558740722485,0.0009995969740670572,0.07799526229898265,0.001,1.0,8.884726803912452,converging,electricity_gap,Electricity
BWA,-0.009100839585613467,0.02488082382796699,24,27.1,50.8,2000,2024,5.9280770151545505,Botswana,Sub-Saharan Africa ,Upper middle income,-0.0070805843234347165,0.02266408204207548,0.0027654969007986285,0.05492794356838693,0.3773628253030813,,no clear trend,electricity_gap,Electricity
CAF,-0.02443805588369368,0.03474843933289869,20,13.1,36.8,2001,2024,3.9442371688729,Central African Republic,Sub-Saharan Africa ,Low income,-0.016662749253587822,0.029365627744169245,0.0027654969007986285,0.05492794356838693,0.28521322089422796,,no clear trend,electricity_gap,Electricity
CHL,0.19715618181040265,0.1443803802470479,12,13.299999999999995,9.299999999999995,2000,2024,5.4067319893650785,Chile,Latin America & Caribbean ,High income,0.12338427060193995,0.09567000399818985,0.06563869303898512,0.12773856368065212,0.9014201593792168,5.617792099255212,converging,electricity_gap,Electricity
CHN,0.11943813609218586,0.03138498684660651,10,5.099999999999994,0.0,2000,2024,0.3422115115102183,China,East Asia & Pacific,Upper middle income,0.09024736753208763,0.024107157758248666,0.048242058154352806,0.03764881228948059,0.9999092960005598,7.680525199956612,converging,electricity_gap,Electricity
CIV,0.010729635613066063,0.014763596111000527,24,57.8,46.6,2000,2024,3.9504384568593967,Cote d'Ivoire,Sub-Saharan Africa ,Lower middle income,0.010193044961524013,0.014257569037324135,0.0027654969007986285,0.05492794356838693,0.7626712747582618,,no clear trend,electricity_gap,Electricity
CMR,0.02068558233489505,0.031122718849132057,24,69.8,52.89999999999999,2000,2024,10.373612111516266,Cameroon,Sub-Saharan Africa ,Lower middle income,0.01633056143600251,0.02707811471067037,0.0027654969007986285,0.05492794356838693,0.7267758515630198,,no clear trend,electricity_gap,Electricity
COD,-0.04315196288178464,0.023324874543758038,10,34.800000000000004,54.0,2007,2024,3.057031594422777,"Congo, Dem. Rep.",Sub-Saharan Africa ,Low income,-0.036136944540304174,0.021469346150787588,0.0027654969007986285,0.05492794356838693,0.04616935726798943,,diverging,electricity_gap,Electricity
COG,-0.00935457127107935,0.006984931786234557,24,40.6,52.6,2000,2024,1.655118608459414,"Congo, Rep.",Sub-Saharan Africa ,Lower middle income,-0.009161696283020335,0.006929130882471191,0.0027654969007986285,0.05492794356838693,0.09305079423252427,,diverging,electricity_gap,Electricity
COL,0.10091180626821733,0.07072087987592993,22,16.10000000000001,4.700000000000003,2000,2024,3.9056818456410287,Colombia,Latin America & Caribbean ,Upper middle income,0.09263656321751558,0.0618714809557593,0.06563869303898512,0.12773856368065212,0.9328348147048107,7.482436270140968,converging,electricity_gap,Electricity
COM,0.040474335648689276,0.023456199182399825,24,34.2,10.299999999999995,2000,2024,2.96289865443253,Comoros,Sub-Saharan Africa ,Lower middle income,0.034658365310801485,0.021571624513918832,0.0027654969007986285,0.05492794356838693,0.9459360176165622,19.999419313175796,converging,electricity_gap,Electricity
CPV,0.0626658640658476,0.01649783738207869,23,50.10000000000001,0.8999999999999915,2000,2024,2.4328560382393403,Cabo Verde,Sub-Saharan Africa ,Upper middle income,0.057709243990213134,0.015800521218749163,0.0027654969007986285,0.05492794356838693,0.9998700810435586,12.011025143172827,converging,electricity_gap,Electricity
CRI,0.20945493504754195,0.05051057568983573,19,7.0,0.5,2000,2024,0.6172632083872263,Costa Rica,Latin America & Caribbean ,High income,0.1900086726042265,0.046971684132199994,0.06563869303898512,0.12773856368065212,0.9999738579503216,3.6479765426482285,converging,electricity_gap,Electricity
CUB,0.05115658841368336,0.03312538516772822,19,12.200000000000005,0.0,2000,2024,1.428537756245139,Cuba,Latin America & Caribbean ,Upper middle income,0.052069112308720515,0.03206478343046198,0.06563869303898512,0.12773856368065212,0.9477984628971396,13.312060640677704,converging,electricity_gap,Electricity
DJI,0.04026159097851691,0.06884991809612959,23,2.5,21.000000000000007,2000,2024,9.792874096663402,Djibouti,"Middle East, North Africa, Afghanistan & Pakistan",Lower middle income,0.039202964940952705,0.06572839772897711,0.028315985553980304,0.22079327558492262,0.7245589278308353,,no clear trend,electricity_gap,Electricity
DOM,0.1021118901570833,0.032896210121119936,22,20.39999999999999,1.0999999999999943,2000,2024,1.6769389622707833,Dominican Republic,Latin America & Caribbean ,Upper middle income,0.09984341640132824,0.03185678843124474,0.06563869303898512,0.12773856368065212,0.9991381868508037,6.942342375122534,converging,electricity_gap,Electricity
DZA,0.033121203355510366,0.023640226674409518,20,2.0999999999999943,0.0,2000,2024,0.19656958648889547,Algeria,"Middle East, North Africa, Afghanistan & Pakistan",Upper middle income,0.03306674126755146,0.02350587636162554,0.028315985553980304,0.22079327558492262,0.9202482847918343,20.962065023327042,converging,electricity_gap,Electricity
ECU,0.08599031609720445,0.02843782810271067,22,13.799999999999995,4.099999999999994,2000,2024,1.0306584533528318,Ecuador,Latin America & Caribbean ,Upper middle income,0.08502927989984058,0.027758268752394438,0.06563869303898512,0.12773856368065212,0.9989051016589023,8.15186464446637,converging,electricity_gap,Electricity
EGY,0.28857142857142715,0.19673871619226171,7,3.0999999999999943,0.0,2000,2024,1.3771710133458295,"Egypt, Arab Rep.","Middle East, North Africa, Afghanistan & Pakistan",Lower middle income,0.17338776033448536,0.1468863315577548,0.028315985553980304,0.22079327558492262,0.8810836607160555,,no clear trend,electricity_gap,Electricity
ERI,0.023820594152859212,0.004312845186095951,24,68.0,34.89999999999999,2000,2024,1.1654095374981392,Eritrea,Sub-Saharan Africa ,Low income,0.023691582465648498,0.004299611754476449,0.0027654969007986285,0.05492794356838693,0.9999999820754162,29.257107732882382,converging,electricity_gap,Electricity
ETH,0.020972589156476904,0.019386526338407303,22,74.5,50.3,2000,2024,6.261739369791436,Ethiopia,Sub-Saharan Africa ,Low income,0.018955767786500037,0.01828128674609009,0.0027654969007986285,0.05492794356838693,0.850107513124721,,no clear trend,electricity_gap,Electricity
FJI,0.11979451581058721,0.05712555496830626,23,30.39999999999999,5.700000000000003,2000,2024,4.556299312695192,Fiji,East Asia & Pacific,Upper middle income,0.06990964505287255,0.03143572117408888,0.048242058154352806,0.03764881228948059,0.9869221402284011,9.9149005839712,converging,electricity_gap,Electricity
FSM,0.028743339586202312,0.009014861960795761,24,30.9,12.799999999999995,2000,2024,1.0831363211024552,"Micronesia, Fed. Sts.",East Asia & Pacific,Upper middle income,0.029800666514392952,0.008767038041821553,0.048242058154352806,0.03764881228948059,0.9996620484951094,23.259452275175562,converging,electricity_gap,Electricity
GAB,0.025108366346569475,0.027954137064362502,23,78.60000000000001,47.7,2000,2024,9.53890312294474,Gabon,Sub-Saharan Africa ,Upper middle income,0.02051196928506259,0.024913379015745623,0.0027654969007986285,0.05492794356838693,0.7948402424921416,,no clear trend,electricity_gap,Electricity
GHA,0.08398178724731728,0.055752359478334894,24,65.6,16.0,2000,2024,11.861344287819142,Ghana,Sub-Saharan Africa ,Lower middle income,0.04276872606444007,0.03912813988768825,0.0027654969007986285,0.05492794356838693,0.8628124648685139,,no clear trend,electricity_gap,Electricity
GIN,0.0004779198413887235,0.01242117217938471,18,63.1,64.19999999999999,2006,2024,3.599761563162422,Guinea,Sub-Saharan Africa ,Lower middle income,0.0005892094808973077,0.012115262862979467,0.0027654969007986285,0.05492794356838693,0.5193943744621636,,no clear trend,electricity_gap,Electricity
GMB,-0.010901603852938136,0.028141139331985112,22,32.400000000000006,46.39999999999999,2000,2024,5.975036552071638,"Gambia, The",Sub-Saharan Africa ,Low income,-0.00806009857159148,0.02504548093702,0.0027654969007986285,0.05492794356838693,0.3737951072517598,,no clear trend,electricity_gap,Electricity
GNB,-0.027614484434199463,0.03827898225505372,15,32.3,40.7,2006,2024,4.852313607919679,Guinea-Bissau,Sub-Saharan Africa ,Low income,-0.017683287698472546,0.03140511450400101,0.0027654969007986285,0.05492794356838693,0.2866935023649605,,no clear trend,electricity_gap,Electricity
GNQ,-0.012096103308888639,0.003969410030658233,24,58.3,84.2,2000,2024,1.5343581828103652,Equatorial Guinea,Sub-Saharan Africa ,Upper middle income,-0.012018894173742314,0.003959085644365453,0.0027654969007986285,0.05492794356838693,0.001199590674835438,,diverging,electricity_gap,Electricity
GTM,0.08504454937977442,0.027901702879668398,21,40.400000000000006,18.8,2000,2024,2.9369560944149824,Guatemala,Latin America & Caribbean ,Upper middle income,0.08416084150844405,0.027259004052672064,0.06563869303898512,0.12773856368065212,0.9989905950155379,8.235982056933214,converging,electricity_gap,Electricity
GUY,0.06545162666762155,0.051103754576734106,24,17.700000000000003,9.5,2000,2024,2.9584307362729048,Guyana,Latin America & Caribbean ,High income,0.06547743617780882,0.04744757804335586,0.06563869303898512,0.12773856368065212,0.9162059588329003,10.586046446254445,converging,electricity_gap,Electricity
HND,0.040619270146746586,0.0201827589307651,24,49.50000000000001,9.200000000000005,2000,2024,3.7044402530787326,Honduras,Latin America & Caribbean ,Lower middle income,0.04122864652547145,0.019935456842474546,0.06563869303898512,0.12773856368065212,0.9806849920023091,16.812271053615895,converging,electricity_gap,Electricity
HTI,0.02023940902648835,0.03847202917380245,20,74.80000000000001,70.6,2000,2024,11.486139214318717,Haiti,Latin America & Caribbean ,Lower middle income,0.024015014352588248,0.036837557074255574,0.06563869303898512,0.12773856368065212,0.7427725069024388,,no clear trend,electricity_gap,Electricity
IDN,0.09887706701398337,0.06381512827060278,24,15.900000000000006,0.2999999999999971,2000,2024,3.3033745663872423,Indonesia,East Asia & Pacific,Upper middle income,0.06131570163990809,0.03242623458327077,0.048242058154352806,0.03764881228948059,0.9706830769647792,11.304562485978336,converging,electricity_gap,Electricity
IND,0.05999799705580295,0.023075192411194392,21,40.2,0.0999999999999943,2000,2024,2.8521451219977365,India,South Asia,Lower middle income,0.07796152572404509,0.0009990622908689654,0.07799526229898265,0.001,1.0,8.890887833742882,converging,electricity_gap,Electricity
IRN,0.11014507405348026,0.05768662964127779,13,5.799999999999997,0.0,2000,2024,0.8113742887006938,"Iran, Islamic Rep.","Middle East, North Africa, Afghanistan & Pakistan",Upper middle income,0.104916194916469,0.055813118307829215,0.028315985553980304,0.22079327558492262,0.9699307359716595,6.606674795171588,converging,electricity_gap,Electricity
IRQ,0.11324482209240573,0.06984441260510865,17,8.0,0.0,2000,2024,1.515398432225289,Iraq,"Middle East, North Africa, Afghanistan & Pakistan",Upper middle income,0.10551930387599627,0.06659200109310714,0.028315985553980304,0.22079327558492262,0.9434673128727066,6.5689135077550835,converging,electricity_gap,Electricity
JAM,0.07970282169301574,0.056718548845788024,21,13.599999999999994,3.3999999999999915,2000,2024,2.5357695427235254,Jamaica,Latin America & Caribbean ,Upper middle income,0.0773866599711968,0.05183821674954761,0.06563869303898512,0.12773856368065212,0.9322617168135493,8.956933673296323,converging,electricity_gap,Electricity
JOR,0.44002777295608436,0.10542917503151256,16,3.0,0.0,2000,2024,0.8002206343904257,Jordan,"Middle East, North Africa, Afghanistan & Pakistan",Upper middle income,0.36358400860745654,0.09513935975064586,0.028315985553980304,0.22079327558492262,0.9999337040789463,1.9064292272224261,converging,electricity_gap,Electricity
KEN,0.015739876583604283,0.019960956171019298,24,43.3,31.0,2000,2024,4.0620741984023985,Kenya,Sub-Saharan Africa ,Lower middle income,0.014226341087971264,0.018760583577791194,0.0027654969007986285,0.05492794356838693,0.7758673360644732,,no clear trend,electricity_gap,Electricity
KHM,0.04266889967636533,0.03413314402963687,23,54.0,1.4000000000000057,2000,2024,8.64536546243102,Cambodia,East Asia & Pacific,Lower middle income,0.045183175258464915,0.025287565602448887,0.048242058154352806,0.03764881228948059,0.9630130220131609,15.340824910929351,converging,electricity_gap,Electricity
KIR,0.08725268288334749,0.04091398664027757,17,66.69999999999999,-5.899999999999992,2000,2020,7.251373659866755,Kiribati,East Asia & Pacific,Lower middle income,0.06612883287282607,0.027704247917523392,0.048242058154352806,0.03764881228948059,0.9915057478818677,10.481769455888523,converging,electricity_gap,Electricity
KNA,0.13520566670809,0.10706828414131836,10,6.0,0.0,2000,2024,1.663560005885901,St. Kitts and Nevis,Latin America & Caribbean ,High income,0.10649913641230695,0.08205609111542005,0.06563869303898512,0.12773856368065212,0.9028360835928224,6.508477006578298,converging,electricity_gap,Electricity
LAO,0.06933051017733459,0.02719763224470412,21,68.5,5.799999999999997,2000,2024,5.386128338646511,Lao PDR,East Asia & Pacific,Lower middle income,0.06209902158930616,0.022046658837904732,0.048242058154352806,0.03764881228948059,0.9975740765428844,11.161966208487085,converging,electricity_gap,Electricity
LBN,0.7308366002168651,0.10412802410217999,13,-1.0999999999999943,0.0,2000,2024,1.6124048855151265,Lebanon,"Middle East, North Africa, Afghanistan & Pakistan",Lower middle income,0.6030150548993953,0.09417992452137867,0.028315985553980304,0.22079327558492262,0.9999999999237227,1.1494691134628259,converging,electricity_gap,Electricity
LBR,-0.07651521694660998,0.047074233453923524,14,8.9,46.3,2010,2024,4.937018940659228,Liberia,Sub-Saharan Africa ,Low income,-0.04294314471834893,0.03574362855847304,0.0027654969007986285,0.05492794356838693,0.11479397383023193,,no clear trend,electricity_gap,Electricity
LBY,-0.1269457891676515,0.01773243947911307,11,0.7999999999999972,99.2,2000,2012,3.338464581261024,Libya,"Middle East, North Africa, Afghanistan & Pakistan",Upper middle income,-0.12595075591693478,0.017675526799072833,0.028315985553980304,0.22079327558492262,5.176969963827105e-13,,diverging,electricity_gap,Electricity
LCA,0.17200920245398738,0.05507173231548681,17,13.099999999999994,0.0,2000,2024,1.406217620622452,St. Lucia,Latin America & Caribbean ,Upper middle income,0.1553368482125372,0.05057197023251615,0.06563869303898512,0.12773856368065212,0.9989354247405493,4.462219933879163,converging,electricity_gap,Electricity
LKA,0.10977669308042033,0.06740387636311387,18,22.5,0.0,2000,2024,4.2009111077841865,Sri Lanka,South Asia,Upper middle income,0.07800225601700973,0.0009998899655765784,0.07799526229898265,0.001,1.0,8.886245295377003,converging,electricity_gap,Electricity
LSO,-0.01835890624171363,0.028050381833625466,20,11.6,43.8,2000,2024,5.051620669888741,Lesotho,Sub-Saharan Africa ,Lower middle income,-0.013989397838940161,0.024981436381130075,0.0027654969007986285,0.05492794356838693,0.2877425384579926,,no clear trend,electricity_gap,Electricity
MAR,0.16260620381866492,0.08140635398322418,19,47.7,0.0,2000,2024,9.186219209092833,Morocco,"Middle East, North Africa, Afghanistan & Pakistan",Lower middle income,0.14653552615216062,0.0763801923761083,0.028315985553980304,0.22079327558492262,0.972476284320756,4.730232993739621,converging,electricity_gap,Electricity
MDG,-0.0004743459011106136,0.030398997754036927,15,37.6,49.400000000000006,2001,2024,6.522859231968508,Madagascar,Sub-Saharan Africa ,Low income,0.0002853091220598066,0.02659742405802397,0.0027654969007986285,0.05492794356838693,0.5042793500866652,,no clear trend,electricity_gap,Electricity
MDV,0.15402857747556592,0.06499676291116882,10,21.3,0.0,2000,2024,2.7901029223371805,Maldives,South Asia,Upper middle income,0.07801325588324108,0.0009998816660242568,0.07799526229898265,0.001,1.0,8.884992335114783,converging,electricity_gap,Electricity
MEX,0.1510877292762689,0.09836207063965893,20,5.6000000000000085,0.7000000000000028,2000,2024,1.8445183217128258,Mexico,Latin America & Caribbean ,Upper middle income,0.11928101366924934,0.07793415968468204,0.06563869303898512,0.12773856368065212,0.9370579081317489,5.811043679440483,converging,electricity_gap,Electricity
MHL,0.09971774837048182,0.050603274675170715,22,65.69999999999999,1.1000000000000083,2000,2024,9.04614744120996,Marshall Islands,East Asia & Pacific,Upper middle income,0.0665832000451889,0.03020582612763001,0.048242058154352806,0.03764881228948059,0.9862489522963499,10.410241323479765,converging,electricity_gap,Electricity
MLI,-0.0026568420722416736,0.02268432449786462,19,38.0,57.2,2002,2024,6.326458828627641,Mali,Sub-Saharan Africa ,Low income,-0.001866782609133422,0.020966691143208267,0.0027654969007986285,0.05492794356838693,0.46452679592714086,,no clear trend,electricity_gap,Electricity
MMR,0.032768970913258526,0.024194947844918886,24,55.4,21.39999999999999,2000,2024,5.474689602759157,Myanmar,East Asia & Pacific,Lower middle income,0.037291512585319375,0.020354202061520825,0.048242058154352806,0.03764881228948059,0.9665338568665277,18.587263763412427,converging,electricity_gap,Electricity
MNE,0.4756057629338564,0.10907492411843307,15,1.5,0.0,2000,2024,0.8524608322284809,Montenegro,Europe & Central Asia,Upper middle income,0.32688991463521616,0.0851395630487726,0.09499112548296215,0.13620577876531875,0.9999383472973793,2.12042999654316,converging,electricity_gap,Electricity
MNG,0.08307314253283672,0.05204004822304252,21,70.6,1.0,2000,2024,11.333880464564551,Mongolia,East Asia & Pacific,Upper middle income,0.06020898042265054,0.0305032017847377,0.048242058154352806,0.03764881228948059,0.975801038445156,11.512355394398677,converging,electricity_gap,Electricity
MOZ,-0.025668034898480713,0.020462493395653168,21,24.0,67.5,2003,2024,5.254193362543414,Mozambique,Sub-Saharan Africa ,Low income,-0.022202893431089492,0.019175134586563353,0.0027654969007986285,0.05492794356838693,0.12345236956544925,,no clear trend,electricity_gap,Electricity
MRT,-0.04144881848349723,0.03663029495011045,12,42.3,73.60000000000001,2000,2012,6.998666247799652,Mauritania,Sub-Saharan Africa ,Lower middle income,-0.02783841295116795,0.030475260054810688,0.0027654969007986285,0.05492794356838693,0.1804961744018514,,no clear trend,electricity_gap,Electricity
MUS,0.23060796645702233,0.11915308478365869,7,1.7000000000000028,0.0,2000,2024,0.36802682732706543,Mauritius,Sub-Saharan Africa ,Upper middle income,0.042697952984722426,0.04988281596499711,0.0027654969007986285,0.05492794356838693,0.8039914769987204,,no clear trend,electricity_gap,Electricity
MWI,-0.015114033610351017,0.036543343157624114,23,28.0,53.1,2000,2024,6.651637350271587,Malawi,Sub-Saharan Africa ,Low income,-0.009628304086710655,0.030425132616481308,0.0027654969007986285,0.05492794356838693,0.37582710712317735,,no clear trend,electricity_gap,Electricity
MYS,0.13333333333333364,0.08807562277029937,13,1.6000000000000083,0.0,2000,2024,0.45892386199794755,Malaysia,East Asia & Pacific,Upper middle income,0.061388052133347096,0.034618633516195416,0.048242058154352806,0.03764881228948059,0.9619076951163001,11.29123919837514,converging,electricity_gap,Electricity
NAM,0.017502670130836413,0.01546898216535257,23,54.3,36.1,2000,2024,3.5723208818241656,Namibia,Sub-Saharan Africa ,Lower middle income,0.016419730779567467,0.014889781104712793,0.0027654969007986285,0.05492794356838693,0.8649324863723629,,no clear trend,electricity_gap,Electricity
NER,-0.009814106626052864,0.023794190244134424,22,39.1,58.3,2001,2024,5.527826210708779,Niger,Sub-Saharan Africa ,Low income,-0.007826490024795503,0.02183364128629417,0.0027654969007986285,0.05492794356838693,0.3599994976551656,,no clear trend,electricity_gap,Electricity
NGA,0.0055143005811953685,0.02140847521216719,24,62.3,62.0,2000,2024,6.116931499017109,Nigeria,Sub-Saharan Africa ,Lower middle income,0.005151798774627865,0.019946953061988355,0.0027654969007986285,0.05492794356838693,0.6019026503000944,,no clear trend,electricity_gap,Electricity
NIC,0.018709953795315624,0.010645092131833383,24,46.1,27.8,2000,2024,2.1087121458473734,Nicaragua,Latin America & Caribbean ,Lower middle income,0.01903361306479291,0.010608319954244676,0.06563869303898512,0.12773856368065212,0.9636106177775688,36.41700491653275,converging,electricity_gap,Electricity
NPL,0.07445720216995601,0.02928136944274051,21,64.10000000000001,5.5,2000,2024,5.269050423393854,Nepal,South Asia,Lower middle income,0.07799114060057392,0.0009994173502764902,0.07799526229898265,0.001,1.0,8.88751177662408,converging,electricity_gap,Electricity
PAK,0.059443149604815455,0.013915616556732107,24,30.999999999999996,4.400000000000006,2000,2024,1.2822747975843796,Pakistan,"Middle East, North Africa, Afghanistan & Pakistan",Lower middle income,0.059319994879354146,0.01388806068248628,0.028315985553980304,0.22079327558492262,0.9999902829145988,11.684882676906462,converging,electricity_gap,Electricity
PAN,0.07894660129709863,0.05162174815509355,20,41.8,5.900000000000006,2000,2024,7.0259493922963205,Panama,Latin America & Caribbean ,High income,0.07707835344862936,0.047861287231558726,0.06563869303898512,0.12773856368065212,0.9463505005734186,8.992760607190567,converging,electricity_gap,Electricity
PER,0.06494519097046003,0.010279769159543482,24,84.10000000000001,16.900000000000006,2000,2024,2.4123998858405877,Peru,Latin America & Caribbean ,Upper middle income,0.06494965335408426,0.010246642867614744,0.06563869303898512,0.12773856368065212,0.9999999998840896,10.67206897596718,converging,electricity_gap,Electricity
PHL,0.12674153468373872,0.07186988844207248,23,28.0,11.299999999999995,2000,2024,5.717370461468783,Philippines,East Asia & Pacific,Upper middle income,0.06514507944891794,0.03334999396740016,0.048242058154352806,0.03764881228948059,0.9746124739325644,10.640054266929878,converging,electricity_gap,Electricity
PLW,0.09361950893602769,0.06369239587158561,15,3.5999999999999943,0.0,2000,2024,0.6969589711651962,Palau,East Asia & Pacific,High income,0.05999172668964686,0.032410098138267236,0.048242058154352806,0.03764881228948059,0.9679166328336373,11.554046179497046,converging,electricity_gap,Electricity
PNG,0.02391465869520115,0.02005995476216629,24,60.6,27.8,2000,2024,5.541008693547217,Papua New Guinea,East Asia & Pacific,Lower middle income,0.029293931961773597,0.017703748865181997,0.048242058154352806,0.03764881228948059,0.9510046724204884,23.661800725981436,converging,electricity_gap,Electricity
PRY,0.158123370981755,0.04370982514260587,18,18.200000000000003,0.3000000000000113,2000,2024,1.5623495992417762,Paraguay,Latin America & Caribbean ,Upper middle income,0.14842952074945415,0.041355691513618696,0.06563869303898512,0.12773856368065212,0.9998340862769383,4.66987413999647,converging,electricity_gap,Electricity
PSE,0.6189937817976239,0.28738396726099036,3,0.7000000000000028,0.0,2000,2024,1.2087220708905742,West Bank and Gaza,"Middle East, North Africa, Afghanistan & Pakistan",Lower middle income,0.24756008507373686,0.17508589877994876,0.028315985553980304,0.22079327558492262,0.921309509876086,2.7999149392499536,converging,electricity_gap,Electricity
ROU,0.046086150995830764,0.04099067626182648,16,1.8999999999999917,0.0,2000,2024,0.2693558438841686,Romania,Europe & Central Asia,High income,0.05014758150482984,0.039251705230538426,0.09499112548296215,0.13620577876531875,0.8993029652351735,,no clear trend,electricity_gap,Electricity
RUS,0.17783857729138164,0.03896968408548294,9,2.300000000000012,0.0,2000,2024,0.1824929959490256,Russian Federation,Europe & Central Asia,High income,0.1715699640161579,0.037466376682283885,0.09499112548296215,0.13620577876531875,0.9999976673819141,4.040026379527986,converging,electricity_gap,Electricity
RWA,0.03362797045542723,0.04838940068818071,21,39.9,22.8,2003,2024,11.40686289136732,Rwanda,Sub-Saharan Africa ,Low income,0.020142105161766732,0.0363092587696237,0.0027654969007986285,0.05492794356838693,0.7104628673906616,,no clear trend,electricity_gap,Electricity
SDN,0.02539522319156957,0.015951068395379558,24,57.2,33.7,2000,2024,3.50296429966267,Sudan,Sub-Saharan Africa ,Low income,0.02363523455277998,0.015318231249186534,0.0027654969007986285,0.05492794356838693,0.9385783056402085,29.326858551459445,converging,electricity_gap,Electricity
SEN,0.029507130596053064,0.02593558707251539,24,61.8,28.60000000000001,2000,2024,6.878205218790723,Senegal,Sub-Saharan Africa ,Lower middle income,0.02463201314293578,0.023452649538132423,0.0027654969007986285,0.05492794356838693,0.8532069119886962,,no clear trend,electricity_gap,Electricity
SLB,0.07829906476505713,0.0463764030582623,20,59.6,1.2000000000000028,2002,2024,7.592705277889588,Solomon Islands,East Asia & Pacific,Lower middle income,0.060181901593725336,0.029229643230425137,0.048242058154352806,0.03764881228948059,0.9802497116262585,11.517535375323101,converging,electricity_gap,Electricity
SLE,0.011024158807075898,0.02801547071141932,14,19.4,31.5,2004,2024,4.4934465782146225,Sierra Leone,Sub-Saharan Africa ,Low income,0.009319255951091324,0.02495676648219074,0.0027654969007986285,0.05492794356838693,0.6455805740494929,,no clear trend,electricity_gap,Electricity
SLV,0.08088676668894296,0.027357095080971325,22,28.19999999999999,2.800000000000012,2000,2024,2.097896811764795,El Salvador,Latin America & Caribbean ,Upper middle income,0.080218061615857,0.026750496495141857,0.06563869303898512,0.12773856368065212,0.9986445534638666,8.640786957421673,converging,electricity_gap,Electricity
SOM,-0.02638179209775373,0.030435467862460118,19,28.1,49.00000000000001,2004,2024,4.418044426333003,"Somalia, Fed. Rep.",Sub-Saharan Africa ,Low income,-0.01953499174900508,0.026621841193590658,0.0027654969007986285,0.05492794356838693,0.2315366405065522,,no clear trend,electricity_gap,Electricity
SSD,-0.14010520911613927,0.0661389186370718,14,3.0,22.1,2010,2024,2.424683787843923,South Sudan,Sub-Saharan Africa ,Low income,-0.055552295648518144,0.042255771254120444,0.0027654969007986285,0.05492794356838693,0.094310811043268,,diverging,electricity_gap,Electricity
STP,0.09109204168158773,0.07349436889904244,24,23.999999999999996,3.8000000000000114,2000,2024,7.815859205429446,Sao Tome and Principe,Sub-Saharan Africa ,Lower middle income,0.03442055690551023,0.04399770410130964,0.0027654969007986285,0.05492794356838693,0.7829885550913869,,no clear trend,electricity_gap,Electricity
SUR,0.06847267271242909,0.06861992142841987,24,7.200000000000003,2.9000000000000057,2000,2024,2.921661879197657,Suriname,Latin America & Caribbean ,Upper middle income,0.0678380086211739,0.06044990554074563,0.06563869303898512,0.12773856368065212,0.8691152478533875,,no clear trend,electricity_gap,Electricity
SWZ,0.06486609652573075,0.03686302582023705,24,44.4,3.799999999999997,2000,2024,5.311168933177343,Eswatini,Sub-Saharan Africa ,Lower middle income,0.04558178020875685,0.03060888899295136,0.0027654969007986285,0.05492794356838693,0.9317784419670827,15.206671994499741,converging,electricity_gap,Electricity
SYC,0.20777332308523275,0.10287699682600043,13,9.200000000000005,0.0,2000,2024,2.257183204516476,Seychelles,Sub-Saharan Africa ,High income,0.04824273571025579,0.048454052074520054,0.0027654969007986285,0.05492794356838693,0.8402871694633581,,no clear trend,electricity_gap,Electricity
SYR,-0.004915475887017268,0.0628230860113648,23,12.100000000000009,38.4,2000,2024,6.356966844260521,Syrian Arab Republic,"Middle East, North Africa, Afghanistan & Pakistan",Low income,-0.002426578807394558,0.06042471227543382,0.028315985553980304,0.22079327558492262,0.48398329580458654,,no clear trend,electricity_gap,Electricity
TCA,0.09238766544357295,0.10203256128981657,9,27.099999999999994,0.0,2000,2024,9.069271410667266,Turks and Caicos Islands,Latin America & Caribbean ,High income,0.08196876894415187,0.07972221178277167,0.06563869303898512,0.12773856368065212,0.8480673741955995,,no clear trend,electricity_gap,Electricity
TCD,0.25714550053654256,0.16708441731827253,22,8.9,-49.0,2000,2024,20.516728243038067,Chad,Sub-Saharan Africa ,Low income,0.027575659800596668,0.052180624417946,0.0027654969007986285,0.05492794356838693,0.7014118569999876,,no clear trend,electricity_gap,Electricity
TGO,-0.013409690342607604,0.018781231744946725,24,32.1,62.1,2000,2024,5.3282152546894785,Togo,Sub-Saharan Africa ,Lower middle income,-0.011716555392364467,0.01777110647123117,0.0027654969007986285,0.05492794356838693,0.25485039894873873,,no clear trend,electricity_gap,Electricity
THA,0.3424195760759856,0.10946611711301774,8,25.90000000000001,0.0,2000,2024,4.303508332135314,Thailand,East Asia & Pacific,Upper middle income,0.07935912761574375,0.03560199365284574,0.048242058154352806,0.03764881228948059,0.9870951815002722,8.734309478755339,converging,electricity_gap,Electricity
TJK,0.35594713656387705,0.1194685716929281,7,1.7000000000000028,0.0,2000,2024,0.4024867634017959,Tajikistan,Europe & Central Asia,Lower middle income,0.242479196401638,0.0898149156877118,0.09499112548296215,0.13620577876531875,0.9965305800470826,2.858584121220153,converging,electricity_gap,Electricity
TLS,0.05162245669332901,0.02488175434984752,21,68.39999999999999,7.900000000000006,2000,2024,5.73070071310956,Timor-Leste,East Asia & Pacific,Lower middle income,0.05059482362015419,0.020758040927992168,0.048242058154352806,0.03764881228948059,0.9926025339384422,13.699962386741747,converging,electricity_gap,Electricity
TON,0.09204195315938858,0.03616871024642269,19,14.0,0.0,2000,2024,1.312909236112039,Tonga,East Asia & Pacific,Upper middle income,0.07101987664262079,0.026082700322026323,0.048242058154352806,0.03764881228948059,0.9967641520097865,9.759904034302004,converging,electricity_gap,Electricity
TTO,0.4634064458370633,0.15010594948332007,8,19.8,0.0,2000,2024,4.01341878885424,Trinidad and Tobago,Latin America & Caribbean ,High income,0.23270716174502656,0.09728152410907721,0.06563869303898512,0.12773856368065212,0.9916238678822984,2.9786241874215085,converging,electricity_gap,Electricity
TUN,0.43702884300229405,0.061452074568972836,8,12.600000000000009,0.0,2000,2024,0.9600694407136255,Tunisia,"Middle East, North Africa, Afghanistan & Pakistan",Lower middle income,0.40764444234917147,0.059201827194431664,0.028315985553980304,0.22079327558492262,0.9999999999971243,1.7003719627955185,converging,electricity_gap,Electricity
TUV,0.10244392366923309,0.08808241540100542,20,2.5999999999999943,0.0,2000,2024,1.1791863734089303,Tuvalu,East Asia & Pacific,Upper middle income,0.0566147670924872,0.03461904595367276,0.048242058154352806,0.03764881228948059,0.9490136953174866,12.243222327976797,converging,electricity_gap,Electricity
TZA,-0.009936335815812764,0.02586806451923546,23,31.000000000000004,51.5,2000,2024,5.370813250083578,Tanzania,Sub-Saharan Africa ,Lower middle income,-0.007630591464129578,0.0234026868951102,0.0027654969007986285,0.05492794356838693,0.3721909125506472,,no clear trend,electricity_gap,Electricity
UGA,0.012434223073985114,0.024914746376305506,24,39.4,33.5,2000,2024,5.057832200485644,Uganda,Sub-Saharan Africa ,Low income,0.010784387858796183,0.022689712558273005,0.0027654969007986285,0.05492794356838693,0.6827129097384799,,no clear trend,electricity_gap,Electricity
UKR,0.18032786885246133,0.016393442622951237,2,1.2000000000000028,0.0,2000,2024,0.025607375986579882,Ukraine,Europe & Central Asia,Upper middle income,0.17910933034331286,0.016275979356732567,0.09499112548296215,0.13620577876531875,1.0,3.8699669036299555,converging,electricity_gap,Electricity
URY,0.10335679222202808,0.03994026430270413,12,21.200000000000003,0.7000000000000028,2000,2024,2.004141811171406,Uruguay,Latin America & Caribbean ,High income,0.0999977247451183,0.03812031612168596,0.06563869303898512,0.12773856368065212,0.9956447654647763,6.931629517838439,converging,electricity_gap,Electricity
VCT,0.1614810361240541,0.0558904003370005,17,12.099999999999994,0.0,2000,2024,1.367625648184773,St. Vincent and the Grenadines,Latin America & Caribbean ,Upper middle income,0.14608120353660559,0.051203696782292675,0.06563869303898512,0.12773856368065212,0.9978341771822078,4.744944344508045,converging,electricity_gap,Electricity
VEN,0.6748364548794693,0.10632295298982498,16,8.0,0.0,2000,2024,4.202460951349195,"Venezuela, RB",Latin America & Caribbean ,Lower middle income,0.4255137771791687,0.08171913675075093,0.06563869303898512,0.12773856368065212,0.999999904055072,1.6289653067286836,converging,electricity_gap,Electricity
VGB,0.16838046272493498,0.0964856098523771,9,1.0999999999999943,0.0,2000,2024,0.3805987368050299,British Virgin Islands,Latin America & Caribbean ,High income,0.13105708719425047,0.07699082348158838,0.06563869303898512,0.12773856368065212,0.9556450836427091,5.288895056339647,converging,electricity_gap,Electricity
VNM,0.13435314524016012,0.060899148799549115,17,14.399999999999991,0.0,2000,2024,2.004923548887339,Viet Nam,East Asia & Pacific,Upper middle income,0.07205270646816447,0.032023389429320086,0.048242058154352806,0.03764881228948059,0.987775606885865,9.620002003203073,converging,electricity_gap,Electricity
VUT,0.033880020025229315,0.024825669662086224,24,71.10000000000001,31.599999999999994,2000,2024,6.905036323025934,Vanuatu,East Asia & Pacific,Lower middle income,0.03823234291358665,0.020725441743716617,0.048242058154352806,0.03764881228948059,0.9674598277721638,18.12986408200532,converging,electricity_gap,Electricity
WSM,0.18672539770625213,0.0865997150108277,19,12.899999999999991,0.0,2000,2024,2.546915138581739,Samoa,East Asia & Pacific,Upper middle income,0.07025530295413947,0.03452707040570606,0.048242058154352806,0.03764881228948059,0.9790639456566467,9.866119017555311,converging,electricity_gap,Electricity
YEM,0.056740780923743135,0.04375583864531634,23,58.0,13.700000000000005,2000,2024,9.912485196058368,"Yemen, Rep.","Middle East, North Africa, Afghanistan & Pakistan",Low income,0.05566662381993838,0.042921122515935106,0.028315985553980304,0.22079327558492262,0.9026761009677473,12.451755342699219,converging,electricity_gap,Electricity
ZAF,0.175656764698189,0.07316687677070119,24,30.7,6.1000000000000085,2000,2024,4.9557476344138465,South Africa,Sub-Saharan Africa ,Upper middle income,0.06508297229828638,0.043927138454439484,0.0027654969007986285,0.05492794356838693,0.9307782083212665,10.650207820612945,converging,electricity_gap,Electricity
ZMB,0.0004323262030995407,0.020346842799685683,24,42.0,49.0,2000,2024,5.519161277268415,Zambia,Sub-Saharan Africa ,Lower middle income,0.0007138470855143722,0.019079869094106,0.0027654969007986285,0.05492794356838693,0.5149223958307576,,no clear trend,electricity_gap,Electricity
ZWE,0.025840549843316286,0.019769661926392342,24,78.10000000000001,38.49999999999999,2000,2024,6.553104980877909,Zimbabwe,Sub-Saharan Africa ,Lower middle income,0.02319417116294829,0.018601500636141306,0.0027654969007986285,0.05492794356838693,0.8937825225325453,,no clear trend,electricity_gap,Electricity
ARM,0.030707345648489585,0.026829106146733665,4,68.8095033168793,57.4391633272171,2010,2020,3.6246721081818527,Armenia,Europe & Central Asia,Upper middle income,0.018298251670423288,0.00099930608644748,0.01828101205131954,0.001,1.0,37.880514108368416,converging,jobs_gap,Women's non-farm employment
AUT,0.03517822761259023,0.033064612534206346,2,10.79536080360409,9.3000113964081,2000,2003,0.5042442305751751,Austria,Europe & Central Asia,High income,0.018296453612495482,0.000999542969356111,0.01828101205131954,0.001,1.0,37.88423676195716,converging,jobs_gap,Women's non-farm employment
BEL,0.009185873050120683,0.8278438324663904,3,3.2325923442841,7.428818941116299,2000,2003,4.761442225674714,Belgium,Europe & Central Asia,High income,0.018280998780068277,0.0009999992704203802,0.01828101205131954,0.001,1.0,37.916264253334,converging,jobs_gap,Women's non-farm employment
BGD,0.0005378773304141056,0.06633071132710079,4,44.664292037487,46.3207244873047,2005,2016,5.282837740528527,Bangladesh,South Asia,Lower middle income,0.011104662339291011,0.000999886376890266,0.011107064010556498,0.001,1.0,62.419473855357225,converging,jobs_gap,Women's non-farm employment
BGR,-0.0288898688384966,0.08624556524944091,8,10.645866394043,14.792108535766598,2006,2016,2.8886879216534145,Bulgaria,Europe & Central Asia,High income,0.01827467128046987,0.0009999327870941984,0.01828101205131954,0.001,1.0,37.92939254128808,converging,jobs_gap,Women's non-farm employment
BOL,0.01624956531280686,0.019964901543203906,19,78.7393376231193,68.5758650302887,2000,2021,6.326170802799506,Bolivia,Latin America & Caribbean ,Lower middle income,0.003805883380231049,0.000998747956467841,0.003774664698791299,0.001,0.9999307003161763,182.12517602624635,converging,jobs_gap,Women's non-farm employment
BRA,0.033034479764402165,0.017810398730945122,19,64.1133785247803,37.84862160682679,2001,2021,3.890595552688828,Brazil,Latin America & Caribbean ,Upper middle income,0.003866615885770074,0.0009984274756795106,0.003774664698791299,0.001,0.9999461831406627,179.26455614866393,converging,jobs_gap,Women's non-farm employment
BTN,0.010036798464924529,0.007117820978488299,3,83.1652257591486,73.6024931073189,2003,2017,0.970340695594673,Bhutan,South Asia,Lower middle income,0.011086347873919067,0.0009902746731597957,0.011107064010556498,0.001,1.0,62.52258980530394,converging,jobs_gap,Women's non-farm employment
BWA,0.1460446744147117,0.14811757200220455,3,27.1490216255188,2.02066302299499,2002,2015,7.3281338634183735,Botswana,Sub-Saharan Africa ,Upper middle income,0.04160238305091852,0.0009999772101225812,0.04159762243414332,0.001,1.0,16.66123740343383,converging,jobs_gap,Women's non-farm employment
CHE,0.0852700864186978,0.06037795991118255,3,3.6088943481445,2.6959002017974,2012,2015,0.36678871379602107,Switzerland,Europe & Central Asia,High income,0.018299382848061176,0.000999862872740294,0.01828101205131954,0.001,1.0,37.87817252172438,converging,jobs_gap,Women's non-farm employment
CHL,0.016274965180511143,0.016244001384692182,7,33.496993780136094,25.173157453536998,2000,2017,1.3721540352338502,Chile,Latin America & Caribbean ,High income,0.003821859226846382,0.0009981104791116095,0.003774664698791299,0.001,0.999935692160702,181.3638701527732,converging,jobs_gap,Women's non-farm employment
CHN,0.0522308238004216,0.0488851584759117,4,73.2252031564712,42.0324802398682,2002,2013,7.031257414830386,China,East Asia & Pacific,Upper middle income,0.024941036452836116,0.0009997908394972794,0.02492961697892515,0.001,1.0,27.791434484717477,converging,jobs_gap,Women's non-farm employment
CMR,0.002303502056406635,0.011991122599754935,3,69.4479957222938,65.49881845712659,2001,2014,1.3239370562362942,Cameroon,Sub-Saharan Africa ,Lower middle income,0.04132622987387496,0.00099654066830557,0.04159762243414332,0.001,1.0,16.772572351152927,converging,jobs_gap,Women's non-farm employment
COL,-0.0025641787725152825,0.014152631521511123,19,30.7595610618591,34.3072414398194,2000,2021,2.034340550841943,Colombia,Latin America & Caribbean ,Upper middle income,0.0037431746908273907,0.0009975130152334204,0.003774664698791299,0.001,0.9999124625706142,185.17628425370984,converging,jobs_gap,Women's non-farm employment
CRI,-0.000632297092380459,0.04049340793500204,21,4.2213976383209,9.6251547336578,2000,2021,1.8979514777887658,Costa Rica,Latin America & Caribbean ,High income,0.00377197869977644,0.0009996952085655271,0.003774664698791299,0.001,0.9999193934696057,183.76222023762412,converging,jobs_gap,Women's non-farm employment
CYP,0.07064565337496403,0.06353475979257314,10,4.7105312347412,1.24053955078119,2005,2016,0.790603119757942,Cyprus,Europe & Central Asia,High income,0.018293981089667368,0.0009998761584045749,0.01828101205131954,0.001,1.0,37.88935700559142,converging,jobs_gap,Women's non-farm employment
CZE,0.03103894241573782,0.0670680476552722,14,4.0090560913086,3.9268434047698,2002,2016,1.0545670383596484,Czechia,Europe & Central Asia,High income,0.018283847699582155,0.0009998888610548166,0.01828101205131954,0.001,1.0,37.91035628544346,converging,jobs_gap,Women's non-farm employment
DEU,0.16541295927893185,0.11137370177246704,8,3.49152684211739,1.84272527694699,2002,2011,0.8342063553154849,Germany,Europe & Central Asia,High income,0.01829287265140106,0.0009999596931892043,0.01828101205131954,0.001,1.0,37.891652873167345,converging,jobs_gap,Women's non-farm employment
DJI,0.0991649173332655,0.21725542528438535,2,7.779854536056501,6.0330092906952,2012,2017,1.836732304724018,Djibouti,"Middle East, North Africa, Afghanistan & Pakistan",Lower middle income,0.007912123416869121,0.000999989406929987,0.007910190091679732,0.001,0.9999999999999988,87.6057088647169,converging,jobs_gap,Women's non-farm employment
DNK,0.3179213427987234,0.27057098853874145,6,0.787889957428,2.1998584270477,2004,2016,0.9349114969720731,Denmark,Europe & Central Asia,High income,0.018285104958340383,0.000999993170276866,0.01828101205131954,0.001,1.0,37.90774962129928,converging,jobs_gap,Women's non-farm employment
DOM,0.046316900639841715,0.07157029028625203,13,6.22734427452089,5.0617158412933,2000,2013,1.5240055011746036,Dominican Republic,Latin America & Caribbean ,Upper middle income,0.003782968366811642,0.000999902402012176,0.003774664698791299,0.001,0.9999226303529989,183.2283839962804,converging,jobs_gap,Women's non-farm employment
ECU,-0.003225023893429407,0.010313606051759815,19,50.2702116966248,60.654565691947894,2000,2021,2.5792575061291387,Ecuador,Latin America & Caribbean ,Upper middle income,0.0037094727646789453,0.0009953323325529028,0.003774664698791299,0.001,0.9999030632470872,186.8586789907156,converging,jobs_gap,Women's non-farm employment
EGY,0.03694042953883724,0.024512233968973788,13,57.46636539697649,33.8072836399079,2005,2019,4.734140597197376,"Egypt, Arab Rep.","Middle East, North Africa, Afghanistan & Pakistan",Lower middle income,0.00795842513040809,0.000999168882302082,0.007910190091679732,0.001,0.9999999999999992,87.0960232963079,converging,jobs_gap,Women's non-farm employment
ESP,0.06561312684634593,0.05314714866639623,16,12.98831701278689,8.5637509822845,2000,2016,1.7848353125444738,Spain,Europe & Central Asia,High income,0.01829776310937237,0.0009998230319894087,0.01828101205131954,0.001,1.0,37.88152554040366,converging,jobs_gap,Women's non-farm employment
EST,0.10228894731608101,0.034992282400741155,16,15.0858581066131,5.1776707172393,2000,2016,1.1827195044383674,Estonia,Europe & Central Asia,High income,0.018349564225264226,0.0009995919066191333,0.01828101205131954,0.001,1.0,37.77458538255637,converging,jobs_gap,Women's non-farm employment
ETH,0.013256059124781717,0.018305741454220325,6,76.1123076081276,57.116007804870605,2004,2021,3.2897635922044666,Ethiopia,Sub-Saharan Africa ,Low income,0.04151329768270554,0.000998511240065842,0.04159762243414332,0.001,1.0,16.696991548534836,converging,jobs_gap,Women's non-farm employment
FIN,0.04855031713779216,0.04811975718254244,12,4.9044191837310995,3.507912158966,2004,2016,0.6266449641133622,Finland,Europe & Central Asia,High income,0.018294078816242048,0.0009997841348625793,0.01828101205131954,0.001,1.0,37.88915460146306,converging,jobs_gap,Women's non-farm employment
FRA,0.03875790246697409,0.040639828111138795,11,7.6668381690979,4.5700788497925,2004,2016,0.855986447328851,France,Europe & Central Asia,High income,0.018293402795950306,0.0009996973998643494,0.01828101205131954,0.001,1.0,37.890554769470796,converging,jobs_gap,Women's non-farm employment
GBR,0.3634422115596433,0.19566553481224255,7,3.08800339698799,1.70487165451049,2005,2016,1.3794526506379103,United Kingdom,Europe & Central Asia,High income,0.01829002738814932,0.0009999869403112057,0.01828101205131954,0.001,1.0,37.89754743664611,converging,jobs_gap,Women's non-farm employment
GEO,0.03674739168201905,0.025917523335656178,4,73.16056191921241,64.2734497785569,2008,2013,3.591118609112149,Georgia,Europe & Central Asia,Upper middle income,0.018308462452818378,0.00099925647011108,0.01828101205131954,0.001,1.0,37.85938782932825,converging,jobs_gap,Women's non-farm employment
GHA,0.0059524758876332885,0.004972103675882994,2,55.8400362730026,53.01234722137449,2005,2016,0.3912523385899457,Ghana,Sub-Saharan Africa ,Lower middle income,0.040211828057005704,0.000980368550396145,0.04159762243414332,0.001,1.0,17.237395414536127,converging,jobs_gap,Women's non-farm employment
GIN,0.015058419816075214,0.002,2,86.05202138423923,73.5862508416176,2002,2012,0.00840914348001663,Guinea,Sub-Saharan Africa ,Lower middle income,0.03628978191052969,0.0008944271909999159,0.04159762243414332,0.001,1.0,19.10034020785406,converging,jobs_gap,Women's non-farm employment
GMB,0.012632925134480001,0.028824021398939866,3,55.0825834274292,50.5061447620392,2003,2020,3.310548492624698,"Gambia, The",Sub-Saharan Africa ,Low income,0.04156280173889886,0.000999398730697239,0.04159762243414332,0.001,1.0,16.677104323100167,converging,jobs_gap,Women's non-farm employment
GRC,-0.016169299969203122,0.03489613202859186,12,21.120792627334602,27.728039026260397,2004,2016,2.92319940114479,Greece,Europe & Central Asia,High income,0.01825274489740914,0.0009995896560427142,0.01828101205131954,0.001,1.0,37.974955791900264,converging,jobs_gap,Women's non-farm employment
GTM,0.031201680809312963,0.031889129920752254,5,28.0083060264587,25.2837657928467,2000,2011,1.8887247740837552,Guatemala,Latin America & Caribbean ,Upper middle income,0.0038016089650692512,0.0009995086799284834,0.003774664698791299,0.001,0.9999286605756944,182.32995211471433,converging,jobs_gap,Women's non-farm employment
HND,-0.014909875392113636,0.046235956170411575,16,11.35873794555659,23.13638925552359,2001,2017,3.739491155141428,Honduras,Latin America & Caribbean ,Lower middle income,0.003765928558099865,0.000999766192743978,0.003774664698791299,0.001,0.9999173263873509,184.05744290318648,converging,jobs_gap,Women's non-farm employment
HRV,0.1300147303928431,0.1023902890422277,5,7.30220675468449,3.6759614944458,2011,2016,1.440285250302626,Croatia,Europe & Central Asia,High income,0.018291668813899237,0.0009999523106504868,0.01828101205131954,0.001,1.0,37.894146652887436,converging,jobs_gap,Women's non-farm employment
HUN,0.020687632566022154,0.06726753238981563,12,5.28018474578859,5.5482029914856,2004,2016,1.2197388963853957,Hungary,Europe & Central Asia,High income,0.01828154379293866,0.0009998895191428968,0.01828101205131954,0.001,1.0,37.915133886432336,converging,jobs_gap,Women's non-farm employment
IDN,0.01897308684171085,0.00943955787534343,19,57.3241084814072,37.6991808414459,2000,2019,2.1489496930741434,Indonesia,East Asia & Pacific,Upper middle income,0.024863510620564255,0.0009944354518485383,0.02492961697892515,0.001,1.0,27.878089749186632,converging,jobs_gap,Women's non-farm employment
IND,-0.0036954083896788333,0.01782252710981752,7,65.6874060630798,65.93239605426791,2004,2019,3.036994470634451,India,South Asia,Lower middle income,0.011060609210352451,0.0009984296101460694,0.011107064010556498,0.001,1.0,62.668083410014795,converging,jobs_gap,Women's non-farm employment
IRL,0.12133677559329391,0.1142519331093585,9,3.5085022449493,2.3384809494018,2004,2016,0.8995161472438757,Ireland,Europe & Central Asia,High income,0.018288906319980487,0.0009999616983098546,0.01828101205131954,0.001,1.0,37.899870469711324,converging,jobs_gap,Women's non-farm employment
ISL,0.11437104161501652,0.06059761918893944,9,8.4643721580506,4.248911142349289,2004,2013,1.0278228776928906,Iceland,Europe & Central Asia,High income,0.018307172726611587,0.0009998638648763799,0.01828101205131954,0.001,1.0,37.862054994017505,converging,jobs_gap,Women's non-farm employment
ITA,0.07487289668863499,0.08318091544696438,16,6.4770877361296995,4.114079475402789,2000,2016,2.071503256061591,Italy,Europe & Central Asia,High income,0.018289189992875717,0.00099992774372975,0.01828101205131954,0.001,1.0,37.899282627057325,converging,jobs_gap,Women's non-farm employment
JOR,0.23699637726039102,0.19068264623231854,7,4.45730686187739,4.7468602657318,2002,2016,1.824582462739257,Jordan,"Middle East, North Africa, Afghanistan & Pakistan",Upper middle income,0.007916490440853198,0.0009999862488599377,0.007910190091679732,0.001,0.9999999999999988,87.55738237021626,converging,jobs_gap,Women's non-farm employment
KAZ,-0.014470771541257215,0.0307044043327771,5,22.30229973793029,28.5525798797608,2011,2017,1.832181091866315,Kazakhstan,Europe & Central Asia,Upper middle income,0.01824630855876362,0.0009994700641232594,0.01828101205131954,0.001,1.0,37.988351360364874,converging,jobs_gap,Women's non-farm employment
KGZ,0.714802182001632,0.260984744656887,13,57.5177699327468,33.38863849639899,2002,2020,37.92331604778474,Kyrgyz Republic,Europe & Central Asia,Lower middle income,0.01829123786087664,0.0009999926593422207,0.01828101205131954,0.001,1.0,37.89503946272147,converging,jobs_gap,Women's non-farm employment
KHM,-0.0016853896155118472,0.044309621085653325,5,38.0930483341217,38.6166214942932,2001,2012,4.6290752387129785,Cambodia,East Asia & Pacific,Lower middle income,0.024916067912856867,0.00099974542950354,0.02492961697892515,0.001,1.0,27.819284446655264,converging,jobs_gap,Women's non-farm employment
KOR,0.06707541819590691,0.009198402142009557,15,36.59905195236199,12.6696407794952,2001,2017,0.8578086475248891,"Korea, Rep.",East Asia & Pacific,High income,0.02542191349651836,0.0009941424463985947,0.02492961697892515,0.001,1.0,27.265735942924785,converging,jobs_gap,Women's non-farm employment
LAO,-0.005886349497052093,0.013002878533834415,2,49.8961359262467,52.892515063285806,2002,2012,0.9023350087232743,Lao PDR,East Asia & Pacific,Lower middle income,0.02474842636522793,0.00099705578374036,0.02492961697892515,0.001,1.0,28.00772745429309,converging,jobs_gap,Women's non-farm employment
LBR,-0.012865294195953843,0.08679439351357564,3,55.7145476341247,56.404209136962905,2007,2016,7.598801959237186,Liberia,Sub-Saharan Africa ,Low income,0.04159039373910629,0.0009999336343390986,0.04159762243414332,0.001,1.0,16.666040357973294,converging,jobs_gap,Women's non-farm employment
LKA,0.027348410055988343,0.01607376265704204,15,41.9352829456329,28.41339707374569,2000,2019,2.332137148466499,Sri Lanka,South Asia,Upper middle income,0.01116968345833165,0.0009980703593636044,0.011107064010556498,0.001,1.0,62.0561167329156,converging,jobs_gap,Women's non-farm employment
LSO,0.303225381076151,0.23292022286704966,2,0.16664862632759,15.565931797027499,2002,2018,7.347171065903992,Lesotho,Sub-Saharan Africa ,Lower middle income,0.04160244481405565,0.0009999907838484736,0.04159762243414332,0.001,1.0,16.661212668101687,converging,jobs_gap,Women's non-farm employment
LTU,0.25410033503232404,0.06983185338414545,13,54.33433353900901,9.00609493255609,2003,2016,6.029520827460425,Lithuania,Europe & Central Asia,High income,0.01832936057318368,0.000999897482955057,0.01828101205131954,0.001,1.0,37.81622265503562,converging,jobs_gap,Women's non-farm employment
LUX,0.07124311833865533,0.05468133930218104,14,3.0196845531464,0.9754419326781999,2000,2016,1.0025515944749754,Luxembourg,Europe & Central Asia,High income,0.018298718918919096,0.000999832820585542,0.01828101205131954,0.001,1.0,37.87954684867576,converging,jobs_gap,Women's non-farm employment
LVA,0.0693339984825582,0.03331664986839092,14,16.2898063659668,9.14433002471919,2002,2016,1.2996524699914773,Latvia,Europe & Central Asia,High income,0.018326964369143373,0.0009995498533385961,0.01828101205131954,0.001,1.0,37.82116703009359,converging,jobs_gap,Women's non-farm employment
MDA,0.21471407231880926,0.12912600683022232,20,67.7674025297165,17.19115376472469,2000,2021,32.809095004224766,Moldova,Europe & Central Asia,Upper middle income,0.018292792480011155,0.0009999700136898951,0.01828101205131954,0.001,1.0,37.89181894002017,converging,jobs_gap,Women's non-farm employment
MDG,-0.07504664053456789,0.2006975247577862,2,41.0084888339043,48.834615945816104,2005,2012,9.982687837383939,Madagascar,Sub-Saharan Africa ,Low income,0.041594726634109395,0.0009999875869677035,0.04159762243414332,0.001,1.0,16.66430426763608,converging,jobs_gap,Women's non-farm employment
MEX,0.02899681225328507,0.03160795961004155,13,20.21463513374329,12.6583814620971,2005,2020,1.797961749224093,Mexico,Latin America & Caribbean ,Upper middle income,0.003799885254658605,0.0009994999065066124,0.003774664698791299,0.001,0.9999281717535852,182.4126609376314,converging,jobs_gap,Women's non-farm employment
MMR,-0.0005983186389863794,0.009689952803049328,2,55.5824995040894,55.062556266784604,2005,2017,0.7825432448919899,Myanmar,East Asia & Pacific,Lower middle income,0.02466060506298447,0.0009947170741313029,0.02492961697892515,0.001,1.0,28.107468522755678,converging,jobs_gap,Women's non-farm employment
MNG,0.05807610314932393,0.06004451690307683,7,61.4481985569,50.38576722145089,2002,2016,9.306803878868656,Mongolia,East Asia & Pacific,Upper middle income,0.024938808139301796,0.0009998613458215456,0.02492961697892515,0.001,1.0,27.793917683964793,converging,jobs_gap,Women's non-farm employment
MOZ,-0.020009114542979184,0.032905466767767136,3,34.7203398123384,51.77813433110716,2002,2014,2.477552919791648,Mozambique,Sub-Saharan Africa ,Low income,0.041540777576309446,0.0009995385409174498,0.04159762243414332,0.001,1.0,16.685946219630818,converging,jobs_gap,Women's non-farm employment
MRT,0.07827248043622721,0.03996962847006272,3,68.502376973629,13.7102782726287,2000,2014,3.8269414748241126,Mauritania,Sub-Saharan Africa ,Lower middle income,0.04162056470784454,0.0009996871717573266,0.04159762243414332,0.001,1.0,16.65395905667043,converging,jobs_gap,Women's non-farm employment
MUS,0.02638154926120026,0.25767897000700624,2,17.126488685608,17.3216462135315,2001,2003,5.58098813120935,Mauritius,Sub-Saharan Africa ,Upper middle income,0.04159739327452212,0.0009999924697889722,0.04159762243414332,0.001,1.0,16.66323598658018,converging,jobs_gap,Women's non-farm employment
MWI,0.0020511196484013327,0.0546223636823807,3,44.41445022821431,45.43311819434171,2004,2016,3.7784580700668418,Malawi,Sub-Saharan Africa ,Low income,0.04158437226053665,0.0009998324594750897,0.04159762243414332,0.001,1.0,16.668453625251384,converging,jobs_gap,Women's non-farm employment
NAM,0.18139448836510375,0.19449994333110698,4,50.98719000816341,12.2139573097229,2009,2015,19.089426185207575,Namibia,Sub-Saharan Africa ,Lower middle income,0.04160131771112704,0.000999986783318142,0.04159762243414332,0.001,1.0,16.661664069706866,converging,jobs_gap,Women's non-farm employment
NGA,0.08218054618584732,0.07785820267510284,5,28.232964873313897,10.923171043396,2003,2018,5.449966638354204,Nigeria,Sub-Saharan Africa ,Lower middle income,0.04160431608332119,0.0009999175278098474,0.04159762243414332,0.001,1.0,16.66046328394813,converging,jobs_gap,Women's non-farm employment
NIC,-0.004241519010325198,0.023473873010340675,3,26.338160037994392,27.720177173614502,2001,2014,1.1712630487221205,Nicaragua,Latin America & Caribbean ,Lower middle income,0.0037601432243948986,0.0009990938295970288,0.003774664698791299,0.001,0.9999162421144342,184.34063257563548,converging,jobs_gap,Women's non-farm employment
NLD,0.09333293572461268,0.03365694130883508,4,3.9136707782745,2.52146720886229,2000,2004,0.24112207871841448,Netherlands,Europe & Central Asia,High income,0.018347207681592117,0.0009995589038256968,0.01828101205131954,0.001,1.0,37.77943720860503,converging,jobs_gap,Women's non-farm employment
NOR,0.3261027006866748,0.23318451036663418,10,1.53214335441589,-1.0580122470856002,2004,2016,1.8068886841665919,Norway,Europe & Central Asia,High income,0.018286673034083403,0.0009999908047272168,0.01828101205131954,0.001,1.0,37.904499045180664,converging,jobs_gap,Women's non-farm employment
NPL,0.13545018519218802,0.13081233112029214,3,41.69187024235721,29.667796939611492,2003,2014,9.800769320982704,Nepal,South Asia,Lower middle income,0.011114330071155401,0.0009999707817904117,0.011107064010556498,0.001,1.0,62.365178658751894,converging,jobs_gap,Women's non-farm employment
PAK,0.0008203909882500968,0.013756365371073047,12,69.937726855278,63.352239131927504,2001,2020,3.255181106213999,Pakistan,"Middle East, North Africa, Afghanistan & Pakistan",Lower middle income,0.007872921962023152,0.0009973682445701538,0.007910190091679732,0.001,0.9999999999999986,88.0419219069489,converging,jobs_gap,Women's non-farm employment
PAN,-0.014484456049876552,0.042076834078787276,19,5.254065990448,31.183761358261098,2000,2021,4.842349868838855,Panama,Latin America & Caribbean ,High income,0.003764357313302408,0.0009997177070931544,0.003774664698791299,0.001,0.9999168654106768,184.1342685803274,converging,jobs_gap,Women's non-farm employment
PER,0.0008089850259369027,0.004256177208917174,18,65.2258902788162,62.787616252899205,2000,2021,1.1719659481233546,Peru,Latin America & Caribbean ,Upper middle income,0.0036195157174148842,0.0009734912355506926,0.003774664698791299,0.001,0.9998996275969,191.5027408846292,converging,jobs_gap,Women's non-farm employment
PHL,0.03357879194441497,0.013388384205560022,18,39.321988821029606,17.6885664463043,2000,2019,1.8707497887367617,Philippines,East Asia & Pacific,Upper middle income,0.02497760161708897,0.0009972221988258463,0.02492961697892515,0.001,1.0,27.750750099469663,converging,jobs_gap,Women's non-farm employment
POL,0.07430171193851957,0.0445282702304268,17,48.95741939544679,22.04475998878479,2000,2019,5.777818813684009,Poland,Europe & Central Asia,High income,0.018309251609761244,0.0009997479224802069,0.01828101205131954,0.001,1.0,37.85775603140472,converging,jobs_gap,Women's non-farm employment
PRT,0.08102460123121615,0.05075680961529856,12,11.3540649414063,4.596537351608291,2004,2016,1.4778365501773452,Portugal,Europe & Central Asia,High income,0.01830535718607924,0.0009998059762194463,0.01828101205131954,0.001,1.0,37.86581018408459,converging,jobs_gap,Women's non-farm employment
PRY,0.014768793419933954,0.024031489589210253,15,45.2484726905823,39.84695672988889,2001,2017,4.21879140484616,Paraguay,Latin America & Caribbean ,Upper middle income,0.0037936688324539704,0.000999135340609984,0.003774664698791299,0.001,0.9999267569011818,182.7115679234385,converging,jobs_gap,Women's non-farm employment
PSE,0.04510588561167741,0.11420845204591726,11,13.1375312805176,12.3562514781952,2000,2017,6.841212574813723,West Bank and Gaza,"Middle East, North Africa, Afghanistan & Pakistan",Lower middle income,0.00791304152289141,0.000999961669141795,0.007910190091679732,0.001,0.9999999999999988,87.59554446349861,converging,jobs_gap,Women's non-farm employment
ROU,0.18964443039706658,0.10581491526672358,13,78.7713259458542,39.99227881431579,2001,2016,20.727592491746016,Romania,Europe & Central Asia,High income,0.018296315367602792,0.0009999553473602903,0.01828101205131954,0.001,1.0,37.88452301097182,converging,jobs_gap,Women's non-farm employment
RUS,0.04848544094662046,0.07943125705903425,3,14.9050712585449,6.8452715873717995,2005,2016,1.4618052785006428,Russian Federation,Europe & Central Asia,High income,0.01828579856086059,0.000999920761633952,0.01828101205131954,0.001,1.0,37.9063117343738,converging,jobs_gap,Women's non-farm employment
RWA,-0.003927211175799818,0.03067633043970269,7,74.45427607744935,54.8946350812912,2000,2021,4.57823188368933,Rwanda,Sub-Saharan Africa ,Low income,0.04154929649623971,0.0009994690944949167,0.04159762243414332,0.001,1.0,16.68252507290169,converging,jobs_gap,Women's non-farm employment
SEN,-0.007125024218335937,0.031843437294932206,2,61.920192837715106,70.7350790500641,2001,2011,2.6690021838849423,Senegal,Sub-Saharan Africa ,Lower middle income,0.041549620039363605,0.0009995072699544884,0.04159762243414332,0.001,1.0,16.682395167591572,converging,jobs_gap,Women's non-farm employment
SLE,0.09558668651328779,0.08568165401103404,3,-65.66216796636577,67.9101184010506,2003,2018,9.584413069674348,Sierra Leone,Sub-Saharan Africa ,Low income,0.041604975542441296,0.00099993189955404,0.04159762243414332,0.001,1.0,16.66019920749298,converging,jobs_gap,Women's non-farm employment
SLV,0.00773920693080235,0.05459657072682637,14,9.4225108623504,9.6609592437744,2000,2017,2.1349867378410616,El Salvador,Latin America & Caribbean ,Upper middle income,0.0037759942854383947,0.000999832301175812,0.003774664698791299,0.001,0.9999205169381197,183.56679808361272,converging,jobs_gap,Women's non-farm employment
STP,0.041212068701043186,0.003957278321120247,2,32.64084458351131,14.03763890266419,2000,2017,0.14839203928602981,Sao Tome and Principe,Sub-Saharan Africa ,Lower middle income,0.04157448002499642,0.0009695236854783418,0.04159762243414332,0.001,1.0,16.67241971861571,converging,jobs_gap,Women's non-farm employment
SVK,0.04104121526726203,0.07323442790764563,11,2.1479249000549,1.7564058303833001,2005,2016,0.5534514421155093,Slovak Republic,Europe & Central Asia,High income,0.018285254968755712,0.0009999067865266037,0.01828101205131954,0.001,1.0,37.907438629887096,converging,jobs_gap,Women's non-farm employment
SWE,0.41118938513361647,0.39012792562585613,4,0.5752921104431999,0.52490234375,2004,2016,2.213092992788959,Sweden,Europe & Central Asia,High income,0.0182835935645398,0.0009999967148607188,0.01828101205131954,0.001,1.0,37.91088322507194,converging,jobs_gap,Women's non-farm employment
TGO,0.07717848785594375,0.002,2,60.95756888389581,25.80518126487729,2006,2015,0.045691696386138264,Togo,Sub-Saharan Africa ,Lower middle income,0.048713795518503404,0.0008944271909999159,0.04159762243414332,0.001,1.0,14.228970934869176,converging,jobs_gap,Women's non-farm employment
THA,0.02547231674305686,0.007846271020040596,20,55.0335228443146,31.636273860931407,2000,2021,1.5416793311247274,Thailand,East Asia & Pacific,Upper middle income,0.024938291296963164,0.0009919759872596282,0.02492961697892515,0.001,1.0,27.794493708731064,converging,jobs_gap,Women's non-farm employment
TJK,0.02381187881513864,0.007086616077848093,2,64.6185293793678,50.5045980215072,2003,2013,0.6146066962093373,Tajikistan,Europe & Central Asia,Lower middle income,0.01838899434345378,0.0009901900953806343,0.01828101205131954,0.001,1.0,37.693588219885214,converging,jobs_gap,Women's non-farm employment
TLS,-0.018441358424090726,0.032422825401545084,2,36.57085001468659,49.65997934341429,2001,2010,2.0196953713706347,Timor-Leste,East Asia & Pacific,Lower middle income,0.02488839920389206,0.000999524710106537,0.02492961697892515,0.001,1.0,27.850211453195854,converging,jobs_gap,Women's non-farm employment
TUN,0.00010316048248004308,0.018865412281100908,4,59.5729231834412,46.7191100120544,2000,2015,2.2877972800280983,Tunisia,"Middle East, North Africa, Afghanistan & Pakistan",Lower middle income,0.007888315765783053,0.0009985980795013762,0.007910190091679732,0.001,0.9999999999999986,87.87011082474565,converging,jobs_gap,Women's non-farm employment
TUR,0.00786227503076319,0.004104416030700278,13,80.2660524845124,72.5271508097649,2000,2013,1.135089659917403,Turkiye,Europe & Central Asia,Upper middle income,0.017697206033793787,0.0009715790031415379,0.01828101205131954,0.001,1.0,39.16704022297885,converging,jobs_gap,Women's non-farm employment
TZA,0.008284959725570492,0.028227896542150827,7,54.42639067769054,61.3170266151428,2000,2020,4.448432176459449,Tanzania,Sub-Saharan Africa ,Lower middle income,0.04155586751792287,0.0009993730911132242,0.04159762243414332,0.001,1.0,16.67988714857159,converging,jobs_gap,Women's non-farm employment
UGA,0.029491948160708326,0.016906764809128394,5,65.2958691120148,52.963717281818404,2002,2016,2.1706475146840356,Uganda,Sub-Saharan Africa ,Low income,0.041555418664466784,0.0009982553380951567,0.04159762243414332,0.001,1.0,16.6800673134029,converging,jobs_gap,Women's non-farm employment
URY,0.024121482674556823,0.0212203194513326,15,54.0789753198624,40.0455713272095,2006,2021,3.7923720151863107,Uruguay,Latin America & Caribbean ,High income,0.0038197494090000035,0.0009988914799165724,0.003774664698791299,0.001,0.9999343449461628,181.46404550172016,converging,jobs_gap,Women's non-farm employment
USA,-0.04423528010723753,0.06922758878917362,9,1.1377036571502,2.3315966129303,2000,2018,0.3473892093267794,United States,North America,High income,-0.04423528010723753,0.009897274275196181,-0.04423528010723753,0.01,3.921220536273751e-06,,diverging,jobs_gap,Women's non-farm employment
VEN,0.13708715166129395,0.5329455574810508,2,2.0427167415619,2.0808935165405,2000,2002,1.2492874022375304,"Venezuela, RB",Latin America & Caribbean ,Lower middle income,0.003775134056125471,0.0009999982396332182,0.003774664698791299,0.001,0.9999200413133214,183.60862694008335,converging,jobs_gap,Women's non-farm employment
XKX,0.34459014055356413,0.1951400903187009,7,42.8460657596588,1.27649307250979,2005,2017,10.073680937280034,Kosovo,Europe & Central Asia,Upper middle income,0.018289580946203074,0.0009999868698874921,0.01828101205131954,0.001,1.0,37.89847250184499,converging,jobs_gap,Women's non-farm employment
ZAF,0.13576302539327503,0.03590347988938378,17,36.32220029830939,9.83515977859499,2000,2020,2.3422644313166323,South Africa,Sub-Saharan Africa ,Upper middle income,0.04167061548297981,0.0009996123459502613,0.04159762243414332,0.001,1.0,16.633955906964186,converging,jobs_gap,Women's non-farm employment
ZMB,0.07891105136060769,0.22336420369474122,6,74.06003810465333,76.148783415556,2002,2015,34.33891280750345,Zambia,Sub-Saharan Africa ,Lower middle income,0.04159837030964466,0.000999989978417016,0.04159762243414332,0.001,1.0,16.662844611468778,converging,jobs_gap,Women's non-farm employment
ZWE,0.005332318841394604,0.011715644873301507,3,91.06083214282987,82.68194049596785,2001,2017,1.694754758775697,Zimbabwe,Sub-Saharan Africa ,Lower middle income,0.04133531760994909,0.000996376965995735,0.04159762243414332,0.001,1.0,16.768884833562044,converging,jobs_gap,Women's non-farm employment
