iso3,country,layer_id,layer_label,value,unit
AFG,Afghanistan,education_employment_conversion_gap_z,Education ahead of employment,-1.3243234679253213,standard deviations
ALB,Albania,education_employment_conversion_gap_z,Education ahead of employment,-1.5225205484049353,standard deviations
DZA,Algeria,education_employment_conversion_gap_z,Education ahead of employment,3.937301615023893,standard deviations
AGO,Angola,education_employment_conversion_gap_z,Education ahead of employment,-1.6864256304697027,standard deviations
ARG,Argentina,education_employment_conversion_gap_z,Education ahead of employment,1.1080774463896297,standard deviations
ARM,Armenia,education_employment_conversion_gap_z,Education ahead of employment,-0.31377620773290643,standard deviations
AUS,Australia,education_employment_conversion_gap_z,Education ahead of employment,-2.025372093601985,standard deviations
AUT,Austria,education_employment_conversion_gap_z,Education ahead of employment,-1.1250592360186742,standard deviations
AZE,Azerbaijan,education_employment_conversion_gap_z,Education ahead of employment,-1.2548612865865407,standard deviations
BHS,"Bahamas, The",education_employment_conversion_gap_z,Education ahead of employment,0.4556743761902353,standard deviations
BHR,Bahrain,education_employment_conversion_gap_z,Education ahead of employment,1.4088834473160303,standard deviations
BGD,Bangladesh,education_employment_conversion_gap_z,Education ahead of employment,3.9687272329835412,standard deviations
BRB,Barbados,education_employment_conversion_gap_z,Education ahead of employment,-0.4149131818012683,standard deviations
BLR,Belarus,education_employment_conversion_gap_z,Education ahead of employment,-0.629700579418065,standard deviations
BEL,Belgium,education_employment_conversion_gap_z,Education ahead of employment,2.5620048015019887,standard deviations
BLZ,Belize,education_employment_conversion_gap_z,Education ahead of employment,1.8117599037520866,standard deviations
BEN,Benin,education_employment_conversion_gap_z,Education ahead of employment,-2.4802441664779757,standard deviations
BTN,Bhutan,education_employment_conversion_gap_z,Education ahead of employment,3.3445034345769846,standard deviations
BOL,Bolivia,education_employment_conversion_gap_z,Education ahead of employment,-0.3488521430771167,standard deviations
BIH,Bosnia and Herzegovina,education_employment_conversion_gap_z,Education ahead of employment,1.548372085784508,standard deviations
BWA,Botswana,education_employment_conversion_gap_z,Education ahead of employment,1.3736864379473939,standard deviations
BRA,Brazil,education_employment_conversion_gap_z,Education ahead of employment,0.7339625572719678,standard deviations
BRN,Brunei Darussalam,education_employment_conversion_gap_z,Education ahead of employment,0.5679522211055931,standard deviations
BGR,Bulgaria,education_employment_conversion_gap_z,Education ahead of employment,-1.0291292328496624,standard deviations
BFA,Burkina Faso,education_employment_conversion_gap_z,Education ahead of employment,1.1387219642305375,standard deviations
BDI,Burundi,education_employment_conversion_gap_z,Education ahead of employment,0.0804164966867944,standard deviations
CPV,Cabo Verde,education_employment_conversion_gap_z,Education ahead of employment,2.5934295357705257,standard deviations
KHM,Cambodia,education_employment_conversion_gap_z,Education ahead of employment,1.0881261790252028,standard deviations
CMR,Cameroon,education_employment_conversion_gap_z,Education ahead of employment,-0.62579632808726,standard deviations
CAN,Canada,education_employment_conversion_gap_z,Education ahead of employment,-0.744098514499137,standard deviations
CAF,Central African Republic,education_employment_conversion_gap_z,Education ahead of employment,-0.9404874671480687,standard deviations
TCD,Chad,education_employment_conversion_gap_z,Education ahead of employment,-1.254285019525362,standard deviations
CHL,Chile,education_employment_conversion_gap_z,Education ahead of employment,-0.41956606670207025,standard deviations
CHN,China,education_employment_conversion_gap_z,Education ahead of employment,-0.36403802790139117,standard deviations
COL,Colombia,education_employment_conversion_gap_z,Education ahead of employment,1.441840184496868,standard deviations
COM,Comoros,education_employment_conversion_gap_z,Education ahead of employment,1.0790104002059366,standard deviations
COD,"Congo, Dem. Rep.",education_employment_conversion_gap_z,Education ahead of employment,-4.995680140105875,standard deviations
COG,"Congo, Rep.",education_employment_conversion_gap_z,Education ahead of employment,-1.641445449817771,standard deviations
CRI,Costa Rica,education_employment_conversion_gap_z,Education ahead of employment,2.3331158053007846,standard deviations
CIV,Cote d'Ivoire,education_employment_conversion_gap_z,Education ahead of employment,-0.18218692254310676,standard deviations
HRV,Croatia,education_employment_conversion_gap_z,Education ahead of employment,0.49066687107853557,standard deviations
CUB,Cuba,education_employment_conversion_gap_z,Education ahead of employment,0.5592309491687536,standard deviations
CYP,Cyprus,education_employment_conversion_gap_z,Education ahead of employment,-0.5994924286341266,standard deviations
CZE,Czechia,education_employment_conversion_gap_z,Education ahead of employment,-0.2386375437968954,standard deviations
DNK,Denmark,education_employment_conversion_gap_z,Education ahead of employment,-1.1327991580965677,standard deviations
DOM,Dominican Republic,education_employment_conversion_gap_z,Education ahead of employment,1.9848683771142521,standard deviations
ECU,Ecuador,education_employment_conversion_gap_z,Education ahead of employment,1.4001877667438816,standard deviations
EGY,"Egypt, Arab Rep.",education_employment_conversion_gap_z,Education ahead of employment,3.1169417562011996,standard deviations
SLV,El Salvador,education_employment_conversion_gap_z,Education ahead of employment,1.3768515478681815,standard deviations
GNQ,Equatorial Guinea,education_employment_conversion_gap_z,Education ahead of employment,-1.0671071210532679,standard deviations
ERI,Eritrea,education_employment_conversion_gap_z,Education ahead of employment,-1.4719840815394232,standard deviations
EST,Estonia,education_employment_conversion_gap_z,Education ahead of employment,0.12977530927900294,standard deviations
SWZ,Eswatini,education_employment_conversion_gap_z,Education ahead of employment,-0.248702725024646,standard deviations
ETH,Ethiopia,education_employment_conversion_gap_z,Education ahead of employment,0.1115402592581548,standard deviations
FJI,Fiji,education_employment_conversion_gap_z,Education ahead of employment,1.8468508916635462,standard deviations
FIN,Finland,education_employment_conversion_gap_z,Education ahead of employment,1.903704087682667,standard deviations
FRA,France,education_employment_conversion_gap_z,Education ahead of employment,-0.7502009438090284,standard deviations
GMB,"Gambia, The",education_employment_conversion_gap_z,Education ahead of employment,-0.3486183601752648,standard deviations
GEO,Georgia,education_employment_conversion_gap_z,Education ahead of employment,-1.9010573871144167,standard deviations
DEU,Germany,education_employment_conversion_gap_z,Education ahead of employment,-1.7828113895915734,standard deviations
GHA,Ghana,education_employment_conversion_gap_z,Education ahead of employment,-0.3627046374692829,standard deviations
GRC,Greece,education_employment_conversion_gap_z,Education ahead of employment,-0.4116544184775577,standard deviations
GTM,Guatemala,education_employment_conversion_gap_z,Education ahead of employment,2.7252246204263604,standard deviations
GIN,Guinea,education_employment_conversion_gap_z,Education ahead of employment,-2.759899169454015,standard deviations
GUY,Guyana,education_employment_conversion_gap_z,Education ahead of employment,0.05529533883339499,standard deviations
HND,Honduras,education_employment_conversion_gap_z,Education ahead of employment,3.6460566379944144,standard deviations
HKG,"Hong Kong SAR, China",education_employment_conversion_gap_z,Education ahead of employment,-1.556397982803786,standard deviations
HUN,Hungary,education_employment_conversion_gap_z,Education ahead of employment,-0.7704817500841978,standard deviations
ISL,Iceland,education_employment_conversion_gap_z,Education ahead of employment,-1.9389968051387445,standard deviations
IND,India,education_employment_conversion_gap_z,Education ahead of employment,2.1519277206768206,standard deviations
IDN,Indonesia,education_employment_conversion_gap_z,Education ahead of employment,1.1677336159765874,standard deviations
IRN,"Iran, Islamic Rep.",education_employment_conversion_gap_z,Education ahead of employment,3.4120429217902384,standard deviations
IRQ,Iraq,education_employment_conversion_gap_z,Education ahead of employment,1.5931193390701441,standard deviations
IRL,Ireland,education_employment_conversion_gap_z,Education ahead of employment,1.3575942777594108,standard deviations
ISR,Israel,education_employment_conversion_gap_z,Education ahead of employment,-0.9418700253671476,standard deviations
ITA,Italy,education_employment_conversion_gap_z,Education ahead of employment,-0.2465042822589938,standard deviations
JAM,Jamaica,education_employment_conversion_gap_z,Education ahead of employment,-0.3952837247020582,standard deviations
JPN,Japan,education_employment_conversion_gap_z,Education ahead of employment,-0.2809049953527193,standard deviations
JOR,Jordan,education_employment_conversion_gap_z,Education ahead of employment,2.8318569683948835,standard deviations
KAZ,Kazakhstan,education_employment_conversion_gap_z,Education ahead of employment,-0.6707965826485229,standard deviations
KEN,Kenya,education_employment_conversion_gap_z,Education ahead of employment,-0.056858632848260704,standard deviations
KOR,"Korea, Rep.",education_employment_conversion_gap_z,Education ahead of employment,-0.4690869993402623,standard deviations
KWT,Kuwait,education_employment_conversion_gap_z,Education ahead of employment,3.6493958344633963,standard deviations
KGZ,Kyrgyz Republic,education_employment_conversion_gap_z,Education ahead of employment,0.9389662176065755,standard deviations
LAO,Lao PDR,education_employment_conversion_gap_z,Education ahead of employment,-1.0361684831752216,standard deviations
LVA,Latvia,education_employment_conversion_gap_z,Education ahead of employment,-0.626737848926098,standard deviations
LBN,Lebanon,education_employment_conversion_gap_z,Education ahead of employment,3.3670172680751875,standard deviations
LSO,Lesotho,education_employment_conversion_gap_z,Education ahead of employment,3.485492726689888,standard deviations
LBR,Liberia,education_employment_conversion_gap_z,Education ahead of employment,-1.8183235664921287,standard deviations
LBY,Libya,education_employment_conversion_gap_z,Education ahead of employment,4.637392462446054,standard deviations
LTU,Lithuania,education_employment_conversion_gap_z,Education ahead of employment,-1.2903542562585635,standard deviations
LUX,Luxembourg,education_employment_conversion_gap_z,Education ahead of employment,-0.40455290270312705,standard deviations
MAC,"Macao SAR, China",education_employment_conversion_gap_z,Education ahead of employment,-0.9248183396249797,standard deviations
MDG,Madagascar,education_employment_conversion_gap_z,Education ahead of employment,-0.43936915924085995,standard deviations
MWI,Malawi,education_employment_conversion_gap_z,Education ahead of employment,-0.1030375955819081,standard deviations
MYS,Malaysia,education_employment_conversion_gap_z,Education ahead of employment,1.1736038261612018,standard deviations
MDV,Maldives,education_employment_conversion_gap_z,Education ahead of employment,3.5098330757217506,standard deviations
MLI,Mali,education_employment_conversion_gap_z,Education ahead of employment,-0.3704565518888201,standard deviations
MLT,Malta,education_employment_conversion_gap_z,Education ahead of employment,-0.0827002740864721,standard deviations
MRT,Mauritania,education_employment_conversion_gap_z,Education ahead of employment,2.091114363672885,standard deviations
MUS,Mauritius,education_employment_conversion_gap_z,Education ahead of employment,1.3050700337990548,standard deviations
MEX,Mexico,education_employment_conversion_gap_z,Education ahead of employment,3.4457234135033663,standard deviations
MDA,Moldova,education_employment_conversion_gap_z,Education ahead of employment,-1.595341888686806,standard deviations
MNG,Mongolia,education_employment_conversion_gap_z,Education ahead of employment,0.5130727070525655,standard deviations
MNE,Montenegro,education_employment_conversion_gap_z,Education ahead of employment,0.05610387711671769,standard deviations
MAR,Morocco,education_employment_conversion_gap_z,Education ahead of employment,1.9873586297108212,standard deviations
MOZ,Mozambique,education_employment_conversion_gap_z,Education ahead of employment,-1.439491260501484,standard deviations
MMR,Myanmar,education_employment_conversion_gap_z,Education ahead of employment,2.6445952256130996,standard deviations
NAM,Namibia,education_employment_conversion_gap_z,Education ahead of employment,0.8945270429429719,standard deviations
NPL,Nepal,education_employment_conversion_gap_z,Education ahead of employment,1.3488626414220497,standard deviations
NLD,Netherlands,education_employment_conversion_gap_z,Education ahead of employment,0.21502557663548694,standard deviations
NZL,New Zealand,education_employment_conversion_gap_z,Education ahead of employment,0.7020083310841067,standard deviations
NIC,Nicaragua,education_employment_conversion_gap_z,Education ahead of employment,2.1789817710987918,standard deviations
NER,Niger,education_employment_conversion_gap_z,Education ahead of employment,-0.3135950522656018,standard deviations
NGA,Nigeria,education_employment_conversion_gap_z,Education ahead of employment,-0.2497667662500942,standard deviations
MKD,North Macedonia,education_employment_conversion_gap_z,Education ahead of employment,-0.42781378431671535,standard deviations
NOR,Norway,education_employment_conversion_gap_z,Education ahead of employment,-1.3892985292028728,standard deviations
OMN,Oman,education_employment_conversion_gap_z,Education ahead of employment,3.619022438608629,standard deviations
PAK,Pakistan,education_employment_conversion_gap_z,Education ahead of employment,2.4994102787160637,standard deviations
PAN,Panama,education_employment_conversion_gap_z,Education ahead of employment,1.412598248703778,standard deviations
PNG,Papua New Guinea,education_employment_conversion_gap_z,Education ahead of employment,-1.8179585580731534,standard deviations
PRY,Paraguay,education_employment_conversion_gap_z,Education ahead of employment,1.2957602224533462,standard deviations
PER,Peru,education_employment_conversion_gap_z,Education ahead of employment,0.5789674917781993,standard deviations
PHL,Philippines,education_employment_conversion_gap_z,Education ahead of employment,0.7298128702775983,standard deviations
POL,Poland,education_employment_conversion_gap_z,Education ahead of employment,-0.7675654421779772,standard deviations
PRT,Portugal,education_employment_conversion_gap_z,Education ahead of employment,-0.5837825776866404,standard deviations
PRI,Puerto Rico (US),education_employment_conversion_gap_z,Education ahead of employment,-0.24897287186064454,standard deviations
QAT,Qatar,education_employment_conversion_gap_z,Education ahead of employment,1.117868806779563,standard deviations
ROU,Romania,education_employment_conversion_gap_z,Education ahead of employment,-0.1034090699877997,standard deviations
RUS,Russian Federation,education_employment_conversion_gap_z,Education ahead of employment,-0.6881386148755134,standard deviations
RWA,Rwanda,education_employment_conversion_gap_z,Education ahead of employment,1.642180328722982,standard deviations
WSM,Samoa,education_employment_conversion_gap_z,Education ahead of employment,1.9835341338089019,standard deviations
STP,Sao Tome and Principe,education_employment_conversion_gap_z,Education ahead of employment,0.3959817459487216,standard deviations
SAU,Saudi Arabia,education_employment_conversion_gap_z,Education ahead of employment,3.1838164750546016,standard deviations
SEN,Senegal,education_employment_conversion_gap_z,Education ahead of employment,3.3722037165229137,standard deviations
SRB,Serbia,education_employment_conversion_gap_z,Education ahead of employment,-0.5573631173733153,standard deviations
SLE,Sierra Leone,education_employment_conversion_gap_z,Education ahead of employment,0.3240364266890382,standard deviations
SGP,Singapore,education_employment_conversion_gap_z,Education ahead of employment,-0.8325233193953142,standard deviations
SVK,Slovak Republic,education_employment_conversion_gap_z,Education ahead of employment,-0.516688608008908,standard deviations
SVN,Slovenia,education_employment_conversion_gap_z,Education ahead of employment,-0.417101854409876,standard deviations
SLB,Solomon Islands,education_employment_conversion_gap_z,Education ahead of employment,-1.3826061595954569,standard deviations
SOM,"Somalia, Fed. Rep.",education_employment_conversion_gap_z,Education ahead of employment,0.8829018918739313,standard deviations
ZAF,South Africa,education_employment_conversion_gap_z,Education ahead of employment,1.249313308488699,standard deviations
SSD,South Sudan,education_employment_conversion_gap_z,Education ahead of employment,-2.498813068310647,standard deviations
ESP,Spain,education_employment_conversion_gap_z,Education ahead of employment,0.3239394986568547,standard deviations
LKA,Sri Lanka,education_employment_conversion_gap_z,Education ahead of employment,2.5893038201283733,standard deviations
LCA,St. Lucia,education_employment_conversion_gap_z,Education ahead of employment,0.5556174243831724,standard deviations
VCT,St. Vincent and the Grenadines,education_employment_conversion_gap_z,Education ahead of employment,-0.20581461948682533,standard deviations
SDN,Sudan,education_employment_conversion_gap_z,Education ahead of employment,3.616012573733305,standard deviations
SUR,Suriname,education_employment_conversion_gap_z,Education ahead of employment,1.3950033202244456,standard deviations
SWE,Sweden,education_employment_conversion_gap_z,Education ahead of employment,2.391059529325614,standard deviations
CHE,Switzerland,education_employment_conversion_gap_z,Education ahead of employment,-1.23796094395089,standard deviations
SYR,Syrian Arab Republic,education_employment_conversion_gap_z,Education ahead of employment,4.070181636355778,standard deviations
TJK,Tajikistan,education_employment_conversion_gap_z,Education ahead of employment,-2.0963236218994465,standard deviations
TZA,Tanzania,education_employment_conversion_gap_z,Education ahead of employment,-0.08274676676516202,standard deviations
THA,Thailand,education_employment_conversion_gap_z,Education ahead of employment,0.6618766913022583,standard deviations
TLS,Timor-Leste,education_employment_conversion_gap_z,Education ahead of employment,1.3848262399664186,standard deviations
TGO,Togo,education_employment_conversion_gap_z,Education ahead of employment,-2.667963514291676,standard deviations
TON,Tonga,education_employment_conversion_gap_z,Education ahead of employment,1.7969785287323279,standard deviations
TTO,Trinidad and Tobago,education_employment_conversion_gap_z,Education ahead of employment,0.7555869614837697,standard deviations
TUN,Tunisia,education_employment_conversion_gap_z,Education ahead of employment,2.8776075820325513,standard deviations
TUR,Turkiye,education_employment_conversion_gap_z,Education ahead of employment,1.0523420661633902,standard deviations
TKM,Turkmenistan,education_employment_conversion_gap_z,Education ahead of employment,-1.1595887907019575,standard deviations
UGA,Uganda,education_employment_conversion_gap_z,Education ahead of employment,-1.2375077155873833,standard deviations
UKR,Ukraine,education_employment_conversion_gap_z,Education ahead of employment,-0.3431392634480685,standard deviations
ARE,United Arab Emirates,education_employment_conversion_gap_z,Education ahead of employment,1.4302289540863133,standard deviations
GBR,United Kingdom,education_employment_conversion_gap_z,Education ahead of employment,-0.3486584660475675,standard deviations
USA,United States,education_employment_conversion_gap_z,Education ahead of employment,-0.4923760328931476,standard deviations
URY,Uruguay,education_employment_conversion_gap_z,Education ahead of employment,2.5673200996448147,standard deviations
UZB,Uzbekistan,education_employment_conversion_gap_z,Education ahead of employment,0.7834268990260034,standard deviations
VUT,Vanuatu,education_employment_conversion_gap_z,Education ahead of employment,-0.090669204029049,standard deviations
VEN,"Venezuela, RB",education_employment_conversion_gap_z,Education ahead of employment,2.485034384424731,standard deviations
VNM,Viet Nam,education_employment_conversion_gap_z,Education ahead of employment,-1.6113829661773187,standard deviations
PSE,West Bank and Gaza,education_employment_conversion_gap_z,Education ahead of employment,5.214043225113496,standard deviations
YEM,"Yemen, Rep.",education_employment_conversion_gap_z,Education ahead of employment,1.4367781429286022,standard deviations
ZWE,Zimbabwe,education_employment_conversion_gap_z,Education ahead of employment,-1.0228637575551367,standard deviations
AFG,Afghanistan,conversion_residual,Opportunity conversion surprise,-1.3871766214686874,out-of-fold residual SD
ALB,Albania,conversion_residual,Opportunity conversion surprise,0.3616780102464983,out-of-fold residual SD
DZA,Algeria,conversion_residual,Opportunity conversion surprise,-0.4733434733194901,out-of-fold residual SD
AGO,Angola,conversion_residual,Opportunity conversion surprise,0.5500312614958458,out-of-fold residual SD
ARG,Argentina,conversion_residual,Opportunity conversion surprise,-0.0242256348844014,out-of-fold residual SD
ARM,Armenia,conversion_residual,Opportunity conversion surprise,0.1667270007083491,out-of-fold residual SD
AUS,Australia,conversion_residual,Opportunity conversion surprise,0.1137480811907617,out-of-fold residual SD
AUT,Austria,conversion_residual,Opportunity conversion surprise,0.1181127048904179,out-of-fold residual SD
AZE,Azerbaijan,conversion_residual,Opportunity conversion surprise,0.8079162134097584,out-of-fold residual SD
BHS,"Bahamas, The",conversion_residual,Opportunity conversion surprise,0.3498306287699319,out-of-fold residual SD
BHR,Bahrain,conversion_residual,Opportunity conversion surprise,-0.9062202489778916,out-of-fold residual SD
BGD,Bangladesh,conversion_residual,Opportunity conversion surprise,-0.2472280746963771,out-of-fold residual SD
BRB,Barbados,conversion_residual,Opportunity conversion surprise,0.2296015359354895,out-of-fold residual SD
BLR,Belarus,conversion_residual,Opportunity conversion surprise,0.4406687556639277,out-of-fold residual SD
BEL,Belgium,conversion_residual,Opportunity conversion surprise,0.2803334623833303,out-of-fold residual SD
BLZ,Belize,conversion_residual,Opportunity conversion surprise,-0.5585711407100067,out-of-fold residual SD
BEN,Benin,conversion_residual,Opportunity conversion surprise,0.4802967623173388,out-of-fold residual SD
BTN,Bhutan,conversion_residual,Opportunity conversion surprise,-0.1347345471303851,out-of-fold residual SD
BOL,Bolivia,conversion_residual,Opportunity conversion surprise,0.3732482615046567,out-of-fold residual SD
BIH,Bosnia and Herzegovina,conversion_residual,Opportunity conversion surprise,-0.095022146243496,out-of-fold residual SD
BWA,Botswana,conversion_residual,Opportunity conversion surprise,-0.0513569696116614,out-of-fold residual SD
BRA,Brazil,conversion_residual,Opportunity conversion surprise,0.2161291464259243,out-of-fold residual SD
BRN,Brunei Darussalam,conversion_residual,Opportunity conversion surprise,-0.1658545235807462,out-of-fold residual SD
BGR,Bulgaria,conversion_residual,Opportunity conversion surprise,0.2963306247914128,out-of-fold residual SD
BFA,Burkina Faso,conversion_residual,Opportunity conversion surprise,0.3762493631348451,out-of-fold residual SD
BDI,Burundi,conversion_residual,Opportunity conversion surprise,0.468117743854022,out-of-fold residual SD
CPV,Cabo Verde,conversion_residual,Opportunity conversion surprise,-0.0477824093760703,out-of-fold residual SD
KHM,Cambodia,conversion_residual,Opportunity conversion surprise,0.2797947737328598,out-of-fold residual SD
CMR,Cameroon,conversion_residual,Opportunity conversion surprise,0.3349764416635371,out-of-fold residual SD
CAN,Canada,conversion_residual,Opportunity conversion surprise,0.1245687304519967,out-of-fold residual SD
CAF,Central African Republic,conversion_residual,Opportunity conversion surprise,0.1976482499595104,out-of-fold residual SD
TCD,Chad,conversion_residual,Opportunity conversion surprise,-0.1491968528646545,out-of-fold residual SD
CHL,Chile,conversion_residual,Opportunity conversion surprise,-0.0113744899160164,out-of-fold residual SD
CHN,China,conversion_residual,Opportunity conversion surprise,0.1734950585874513,out-of-fold residual SD
COL,Colombia,conversion_residual,Opportunity conversion surprise,0.0488183541483246,out-of-fold residual SD
COM,Comoros,conversion_residual,Opportunity conversion surprise,0.0585688732644844,out-of-fold residual SD
COD,"Congo, Dem. Rep.",conversion_residual,Opportunity conversion surprise,0.7403676944903178,out-of-fold residual SD
COG,"Congo, Rep.",conversion_residual,Opportunity conversion surprise,0.4247733222152811,out-of-fold residual SD
CRI,Costa Rica,conversion_residual,Opportunity conversion surprise,-0.079879617433352,out-of-fold residual SD
CIV,Cote d'Ivoire,conversion_residual,Opportunity conversion surprise,0.1564403496609124,out-of-fold residual SD
HRV,Croatia,conversion_residual,Opportunity conversion surprise,0.2244604904658069,out-of-fold residual SD
CUB,Cuba,conversion_residual,Opportunity conversion surprise,-0.0774844507596397,out-of-fold residual SD
CYP,Cyprus,conversion_residual,Opportunity conversion surprise,0.0467914926108815,out-of-fold residual SD
CZE,Czechia,conversion_residual,Opportunity conversion surprise,0.1491456553979007,out-of-fold residual SD
DNK,Denmark,conversion_residual,Opportunity conversion surprise,0.135808086964908,out-of-fold residual SD
DOM,Dominican Republic,conversion_residual,Opportunity conversion surprise,-0.0577135562049336,out-of-fold residual SD
ECU,Ecuador,conversion_residual,Opportunity conversion surprise,-0.3121474702183773,out-of-fold residual SD
EGY,"Egypt, Arab Rep.",conversion_residual,Opportunity conversion surprise,-1.2802283615994354,out-of-fold residual SD
SLV,El Salvador,conversion_residual,Opportunity conversion surprise,0.0931449214196232,out-of-fold residual SD
GNQ,Equatorial Guinea,conversion_residual,Opportunity conversion surprise,0.1076981314597902,out-of-fold residual SD
ERI,Eritrea,conversion_residual,Opportunity conversion surprise,0.2906167600636217,out-of-fold residual SD
EST,Estonia,conversion_residual,Opportunity conversion surprise,0.0796737767363204,out-of-fold residual SD
SWZ,Eswatini,conversion_residual,Opportunity conversion surprise,0.1210610033817135,out-of-fold residual SD
ETH,Ethiopia,conversion_residual,Opportunity conversion surprise,0.1559372821770147,out-of-fold residual SD
FJI,Fiji,conversion_residual,Opportunity conversion surprise,-0.8926578977572621,out-of-fold residual SD
FIN,Finland,conversion_residual,Opportunity conversion surprise,0.2855374417947918,out-of-fold residual SD
FRA,France,conversion_residual,Opportunity conversion surprise,0.1721781897395494,out-of-fold residual SD
GMB,"Gambia, The",conversion_residual,Opportunity conversion surprise,0.3034192958600473,out-of-fold residual SD
GEO,Georgia,conversion_residual,Opportunity conversion surprise,0.0664265756318399,out-of-fold residual SD
DEU,Germany,conversion_residual,Opportunity conversion surprise,0.0703560836251101,out-of-fold residual SD
GHA,Ghana,conversion_residual,Opportunity conversion surprise,0.3106534429402431,out-of-fold residual SD
GRC,Greece,conversion_residual,Opportunity conversion surprise,0.1693506824478926,out-of-fold residual SD
GTM,Guatemala,conversion_residual,Opportunity conversion surprise,-0.5314564552292518,out-of-fold residual SD
GIN,Guinea,conversion_residual,Opportunity conversion surprise,0.1886885583629041,out-of-fold residual SD
GUY,Guyana,conversion_residual,Opportunity conversion surprise,-0.1915797580783715,out-of-fold residual SD
HND,Honduras,conversion_residual,Opportunity conversion surprise,-0.3059698714143919,out-of-fold residual SD
HKG,"Hong Kong SAR, China",conversion_residual,Opportunity conversion surprise,0.2062973851672873,out-of-fold residual SD
HUN,Hungary,conversion_residual,Opportunity conversion surprise,0.2937759152672826,out-of-fold residual SD
ISL,Iceland,conversion_residual,Opportunity conversion surprise,0.208508016647917,out-of-fold residual SD
IND,India,conversion_residual,Opportunity conversion surprise,-0.9781586232281868,out-of-fold residual SD
IDN,Indonesia,conversion_residual,Opportunity conversion surprise,-0.4703761098327823,out-of-fold residual SD
IRN,"Iran, Islamic Rep.",conversion_residual,Opportunity conversion surprise,-0.9024828524401972,out-of-fold residual SD
IRQ,Iraq,conversion_residual,Opportunity conversion surprise,-1.2060437667263508,out-of-fold residual SD
IRL,Ireland,conversion_residual,Opportunity conversion surprise,0.0996033026737167,out-of-fold residual SD
ISR,Israel,conversion_residual,Opportunity conversion surprise,0.3180601579275863,out-of-fold residual SD
ITA,Italy,conversion_residual,Opportunity conversion surprise,0.2203411351197773,out-of-fold residual SD
JAM,Jamaica,conversion_residual,Opportunity conversion surprise,0.1588896319127827,out-of-fold residual SD
JPN,Japan,conversion_residual,Opportunity conversion surprise,-0.1433309185004647,out-of-fold residual SD
JOR,Jordan,conversion_residual,Opportunity conversion surprise,-0.5441977189553118,out-of-fold residual SD
KAZ,Kazakhstan,conversion_residual,Opportunity conversion surprise,0.2383952757744573,out-of-fold residual SD
KEN,Kenya,conversion_residual,Opportunity conversion surprise,0.1855776329355396,out-of-fold residual SD
KOR,"Korea, Rep.",conversion_residual,Opportunity conversion surprise,-0.0957585107942116,out-of-fold residual SD
KWT,Kuwait,conversion_residual,Opportunity conversion surprise,-0.6560397368662403,out-of-fold residual SD
KGZ,Kyrgyz Republic,conversion_residual,Opportunity conversion surprise,-0.1153919160225575,out-of-fold residual SD
LAO,Lao PDR,conversion_residual,Opportunity conversion surprise,0.0607930143254256,out-of-fold residual SD
LVA,Latvia,conversion_residual,Opportunity conversion surprise,0.1904581386254077,out-of-fold residual SD
LBN,Lebanon,conversion_residual,Opportunity conversion surprise,-0.1620319525428006,out-of-fold residual SD
LSO,Lesotho,conversion_residual,Opportunity conversion surprise,-0.1233029555386301,out-of-fold residual SD
LBR,Liberia,conversion_residual,Opportunity conversion surprise,0.4606110749171287,out-of-fold residual SD
LBY,Libya,conversion_residual,Opportunity conversion surprise,-0.0293665604157584,out-of-fold residual SD
LTU,Lithuania,conversion_residual,Opportunity conversion surprise,0.16185297325298,out-of-fold residual SD
LUX,Luxembourg,conversion_residual,Opportunity conversion surprise,0.098850905724321,out-of-fold residual SD
MAC,"Macao SAR, China",conversion_residual,Opportunity conversion surprise,0.1383492492734372,out-of-fold residual SD
MDG,Madagascar,conversion_residual,Opportunity conversion surprise,0.4852266835710471,out-of-fold residual SD
MWI,Malawi,conversion_residual,Opportunity conversion surprise,0.2378372427686501,out-of-fold residual SD
MYS,Malaysia,conversion_residual,Opportunity conversion surprise,-0.2202875991382327,out-of-fold residual SD
MDV,Maldives,conversion_residual,Opportunity conversion surprise,-0.6394216022966015,out-of-fold residual SD
MLI,Mali,conversion_residual,Opportunity conversion surprise,0.0807929990143359,out-of-fold residual SD
MLT,Malta,conversion_residual,Opportunity conversion surprise,0.133595476965216,out-of-fold residual SD
MRT,Mauritania,conversion_residual,Opportunity conversion surprise,-0.6847416015295951,out-of-fold residual SD
MUS,Mauritius,conversion_residual,Opportunity conversion surprise,-0.2462478662452455,out-of-fold residual SD
MEX,Mexico,conversion_residual,Opportunity conversion surprise,-0.010666681021634,out-of-fold residual SD
MDA,Moldova,conversion_residual,Opportunity conversion surprise,0.5046890583299999,out-of-fold residual SD
MNG,Mongolia,conversion_residual,Opportunity conversion surprise,0.280185164710802,out-of-fold residual SD
MNE,Montenegro,conversion_residual,Opportunity conversion surprise,0.1870091696044531,out-of-fold residual SD
MAR,Morocco,conversion_residual,Opportunity conversion surprise,-0.3601501298147567,out-of-fold residual SD
MOZ,Mozambique,conversion_residual,Opportunity conversion surprise,0.7755511747595911,out-of-fold residual SD
MMR,Myanmar,conversion_residual,Opportunity conversion surprise,-0.0561183471665344,out-of-fold residual SD
NAM,Namibia,conversion_residual,Opportunity conversion surprise,0.0960312393912082,out-of-fold residual SD
NPL,Nepal,conversion_residual,Opportunity conversion surprise,-0.3654244878887279,out-of-fold residual SD
NLD,Netherlands,conversion_residual,Opportunity conversion surprise,0.1546345727644579,out-of-fold residual SD
NZL,New Zealand,conversion_residual,Opportunity conversion surprise,0.0250751502220878,out-of-fold residual SD
NIC,Nicaragua,conversion_residual,Opportunity conversion surprise,-0.2654438131154999,out-of-fold residual SD
NER,Niger,conversion_residual,Opportunity conversion surprise,0.1950069318576427,out-of-fold residual SD
NGA,Nigeria,conversion_residual,Opportunity conversion surprise,0.7390792255887711,out-of-fold residual SD
MKD,North Macedonia,conversion_residual,Opportunity conversion surprise,0.5126261057609288,out-of-fold residual SD
NOR,Norway,conversion_residual,Opportunity conversion surprise,0.1889023590956566,out-of-fold residual SD
OMN,Oman,conversion_residual,Opportunity conversion surprise,-1.5533984533795144,out-of-fold residual SD
PAK,Pakistan,conversion_residual,Opportunity conversion surprise,-0.5904601964592366,out-of-fold residual SD
PAN,Panama,conversion_residual,Opportunity conversion surprise,-0.0515840094421262,out-of-fold residual SD
PNG,Papua New Guinea,conversion_residual,Opportunity conversion surprise,0.2907349841826802,out-of-fold residual SD
PRY,Paraguay,conversion_residual,Opportunity conversion surprise,-0.1792137442778235,out-of-fold residual SD
PER,Peru,conversion_residual,Opportunity conversion surprise,0.2096112125296402,out-of-fold residual SD
PHL,Philippines,conversion_residual,Opportunity conversion surprise,-0.6266058663814884,out-of-fold residual SD
POL,Poland,conversion_residual,Opportunity conversion surprise,0.0926377955701722,out-of-fold residual SD
PRT,Portugal,conversion_residual,Opportunity conversion surprise,0.3412831428822698,out-of-fold residual SD
PRI,Puerto Rico (US),conversion_residual,Opportunity conversion surprise,0.6126338067798114,out-of-fold residual SD
QAT,Qatar,conversion_residual,Opportunity conversion surprise,-0.3476996962461096,out-of-fold residual SD
ROU,Romania,conversion_residual,Opportunity conversion surprise,0.0774544127377862,out-of-fold residual SD
RUS,Russian Federation,conversion_residual,Opportunity conversion surprise,0.353075792703347,out-of-fold residual SD
RWA,Rwanda,conversion_residual,Opportunity conversion surprise,-0.0908812386825246,out-of-fold residual SD
WSM,Samoa,conversion_residual,Opportunity conversion surprise,-0.6143580168726805,out-of-fold residual SD
STP,Sao Tome and Principe,conversion_residual,Opportunity conversion surprise,0.4969544281026755,out-of-fold residual SD
SAU,Saudi Arabia,conversion_residual,Opportunity conversion surprise,-1.202672076911299,out-of-fold residual SD
SEN,Senegal,conversion_residual,Opportunity conversion surprise,-0.4923786126360223,out-of-fold residual SD
SRB,Serbia,conversion_residual,Opportunity conversion surprise,0.2772818529117381,out-of-fold residual SD
SLE,Sierra Leone,conversion_residual,Opportunity conversion surprise,0.6328573236015077,out-of-fold residual SD
SGP,Singapore,conversion_residual,Opportunity conversion surprise,0.056637453808829,out-of-fold residual SD
SVK,Slovak Republic,conversion_residual,Opportunity conversion surprise,0.2816013246897592,out-of-fold residual SD
SVN,Slovenia,conversion_residual,Opportunity conversion surprise,0.1150242916540643,out-of-fold residual SD
SLB,Solomon Islands,conversion_residual,Opportunity conversion surprise,0.1739713288137324,out-of-fold residual SD
SOM,"Somalia, Fed. Rep.",conversion_residual,Opportunity conversion surprise,-0.2595631488276416,out-of-fold residual SD
ZAF,South Africa,conversion_residual,Opportunity conversion surprise,0.0788260764312703,out-of-fold residual SD
SSD,South Sudan,conversion_residual,Opportunity conversion surprise,0.7114136886021871,out-of-fold residual SD
ESP,Spain,conversion_residual,Opportunity conversion surprise,0.1013643800098851,out-of-fold residual SD
LKA,Sri Lanka,conversion_residual,Opportunity conversion surprise,-0.6561834528338157,out-of-fold residual SD
LCA,St. Lucia,conversion_residual,Opportunity conversion surprise,-0.024018055056696,out-of-fold residual SD
VCT,St. Vincent and the Grenadines,conversion_residual,Opportunity conversion surprise,0.0717998312325521,out-of-fold residual SD
SDN,Sudan,conversion_residual,Opportunity conversion surprise,-0.9134756170045784,out-of-fold residual SD
SUR,Suriname,conversion_residual,Opportunity conversion surprise,-0.1874001430722579,out-of-fold residual SD
SWE,Sweden,conversion_residual,Opportunity conversion surprise,0.250709520803055,out-of-fold residual SD
CHE,Switzerland,conversion_residual,Opportunity conversion surprise,0.0650412327786289,out-of-fold residual SD
SYR,Syrian Arab Republic,conversion_residual,Opportunity conversion surprise,-0.8494911767691092,out-of-fold residual SD
TJK,Tajikistan,conversion_residual,Opportunity conversion surprise,-0.0073616696329742,out-of-fold residual SD
TZA,Tanzania,conversion_residual,Opportunity conversion surprise,0.3098863728324869,out-of-fold residual SD
THA,Thailand,conversion_residual,Opportunity conversion surprise,0.0263573137434423,out-of-fold residual SD
TLS,Timor-Leste,conversion_residual,Opportunity conversion surprise,0.0670672965098916,out-of-fold residual SD
TGO,Togo,conversion_residual,Opportunity conversion surprise,1.065749257145149,out-of-fold residual SD
TON,Tonga,conversion_residual,Opportunity conversion surprise,-0.2872031582767129,out-of-fold residual SD
TTO,Trinidad and Tobago,conversion_residual,Opportunity conversion surprise,0.1031414662998721,out-of-fold residual SD
TUN,Tunisia,conversion_residual,Opportunity conversion surprise,-0.0904940015006192,out-of-fold residual SD
TUR,Turkiye,conversion_residual,Opportunity conversion surprise,-0.0921498780469476,out-of-fold residual SD
TKM,Turkmenistan,conversion_residual,Opportunity conversion surprise,0.8199578411927021,out-of-fold residual SD
UGA,Uganda,conversion_residual,Opportunity conversion surprise,0.3163287978692009,out-of-fold residual SD
UKR,Ukraine,conversion_residual,Opportunity conversion surprise,0.4641981852845646,out-of-fold residual SD
ARE,United Arab Emirates,conversion_residual,Opportunity conversion surprise,-0.8700303612512972,out-of-fold residual SD
GBR,United Kingdom,conversion_residual,Opportunity conversion surprise,0.2513456819864655,out-of-fold residual SD
USA,United States,conversion_residual,Opportunity conversion surprise,0.1275353090622067,out-of-fold residual SD
URY,Uruguay,conversion_residual,Opportunity conversion surprise,0.011663981295555,out-of-fold residual SD
UZB,Uzbekistan,conversion_residual,Opportunity conversion surprise,-0.425256988460687,out-of-fold residual SD
VUT,Vanuatu,conversion_residual,Opportunity conversion surprise,-0.059274499763676,out-of-fold residual SD
VEN,"Venezuela, RB",conversion_residual,Opportunity conversion surprise,0.1619301674357778,out-of-fold residual SD
VNM,Viet Nam,conversion_residual,Opportunity conversion surprise,0.2653844924307899,out-of-fold residual SD
PSE,West Bank and Gaza,conversion_residual,Opportunity conversion surprise,-1.0384522636105762,out-of-fold residual SD
YEM,"Yemen, Rep.",conversion_residual,Opportunity conversion surprise,-1.1845125950624875,out-of-fold residual SD
ZWE,Zimbabwe,conversion_residual,Opportunity conversion surprise,0.2663706466212485,out-of-fold residual SD
AFG,Afghanistan,conversion_shortfall,Education progress without employment progress,0.1683821760153065,difference in improvement SD
ALB,Albania,conversion_shortfall,Education progress without employment progress,-0.1731716643935655,difference in improvement SD
DZA,Algeria,conversion_shortfall,Education progress without employment progress,0.1425177725288451,difference in improvement SD
AGO,Angola,conversion_shortfall,Education progress without employment progress,-0.1976395150897908,difference in improvement SD
ARG,Argentina,conversion_shortfall,Education progress without employment progress,-0.156893777561436,difference in improvement SD
ARM,Armenia,conversion_shortfall,Education progress without employment progress,-0.43948926149065,difference in improvement SD
AUS,Australia,conversion_shortfall,Education progress without employment progress,0.3504064976879998,difference in improvement SD
AUT,Austria,conversion_shortfall,Education progress without employment progress,-0.2047615884590307,difference in improvement SD
AZE,Azerbaijan,conversion_shortfall,Education progress without employment progress,-0.18124698232925,difference in improvement SD
BHS,"Bahamas, The",conversion_shortfall,Education progress without employment progress,-0.1327054513844197,difference in improvement SD
BHR,Bahrain,conversion_shortfall,Education progress without employment progress,-0.8250141182067203,difference in improvement SD
BGD,Bangladesh,conversion_shortfall,Education progress without employment progress,-0.3496955253323523,difference in improvement SD
BRB,Barbados,conversion_shortfall,Education progress without employment progress,-0.2024143795606962,difference in improvement SD
BLR,Belarus,conversion_shortfall,Education progress without employment progress,0.3479388790406067,difference in improvement SD
BEL,Belgium,conversion_shortfall,Education progress without employment progress,-0.3687523131158273,difference in improvement SD
BLZ,Belize,conversion_shortfall,Education progress without employment progress,-0.3990647934201755,difference in improvement SD
BEN,Benin,conversion_shortfall,Education progress without employment progress,-0.1196348110207799,difference in improvement SD
BTN,Bhutan,conversion_shortfall,Education progress without employment progress,0.6799420211284803,difference in improvement SD
BOL,Bolivia,conversion_shortfall,Education progress without employment progress,-0.0996717294259983,difference in improvement SD
BIH,Bosnia and Herzegovina,conversion_shortfall,Education progress without employment progress,-0.0325395392302923,difference in improvement SD
BWA,Botswana,conversion_shortfall,Education progress without employment progress,0.0060567822128725,difference in improvement SD
BRA,Brazil,conversion_shortfall,Education progress without employment progress,-0.4471911344418747,difference in improvement SD
BRN,Brunei Darussalam,conversion_shortfall,Education progress without employment progress,-0.4601885134510042,difference in improvement SD
BGR,Bulgaria,conversion_shortfall,Education progress without employment progress,0.1094043554357714,difference in improvement SD
BFA,Burkina Faso,conversion_shortfall,Education progress without employment progress,0.4795090323938953,difference in improvement SD
BDI,Burundi,conversion_shortfall,Education progress without employment progress,0.3562796224116745,difference in improvement SD
CPV,Cabo Verde,conversion_shortfall,Education progress without employment progress,-0.2332516630345381,difference in improvement SD
KHM,Cambodia,conversion_shortfall,Education progress without employment progress,0.7653841667316905,difference in improvement SD
CMR,Cameroon,conversion_shortfall,Education progress without employment progress,0.5700819962363742,difference in improvement SD
CAN,Canada,conversion_shortfall,Education progress without employment progress,-0.1424757877010983,difference in improvement SD
CAF,Central African Republic,conversion_shortfall,Education progress without employment progress,0.1183993642220919,difference in improvement SD
TCD,Chad,conversion_shortfall,Education progress without employment progress,0.3249819465159149,difference in improvement SD
CHL,Chile,conversion_shortfall,Education progress without employment progress,-0.7023266545000058,difference in improvement SD
CHN,China,conversion_shortfall,Education progress without employment progress,0.0636330253873286,difference in improvement SD
COL,Colombia,conversion_shortfall,Education progress without employment progress,-0.3519088094323297,difference in improvement SD
COM,Comoros,conversion_shortfall,Education progress without employment progress,0.3321495605687992,difference in improvement SD
COD,"Congo, Dem. Rep.",conversion_shortfall,Education progress without employment progress,0.0131167581539018,difference in improvement SD
CRI,Costa Rica,conversion_shortfall,Education progress without employment progress,-0.2767304893604105,difference in improvement SD
CIV,Cote d'Ivoire,conversion_shortfall,Education progress without employment progress,-0.0350564536130884,difference in improvement SD
HRV,Croatia,conversion_shortfall,Education progress without employment progress,-0.1553178900356842,difference in improvement SD
CUB,Cuba,conversion_shortfall,Education progress without employment progress,-0.5611192821253097,difference in improvement SD
CYP,Cyprus,conversion_shortfall,Education progress without employment progress,-0.4531214068376462,difference in improvement SD
CZE,Czechia,conversion_shortfall,Education progress without employment progress,-0.2688262602963725,difference in improvement SD
DNK,Denmark,conversion_shortfall,Education progress without employment progress,-0.3924133267027554,difference in improvement SD
DOM,Dominican Republic,conversion_shortfall,Education progress without employment progress,-0.6255016966520928,difference in improvement SD
ECU,Ecuador,conversion_shortfall,Education progress without employment progress,-0.3146545897622028,difference in improvement SD
EGY,"Egypt, Arab Rep.",conversion_shortfall,Education progress without employment progress,-0.1392963421138332,difference in improvement SD
SLV,El Salvador,conversion_shortfall,Education progress without employment progress,0.2168995557027785,difference in improvement SD
GNQ,Equatorial Guinea,conversion_shortfall,Education progress without employment progress,0.2118692928063422,difference in improvement SD
ERI,Eritrea,conversion_shortfall,Education progress without employment progress,0.2309005677709957,difference in improvement SD
EST,Estonia,conversion_shortfall,Education progress without employment progress,0.0090043728408261,difference in improvement SD
SWZ,Eswatini,conversion_shortfall,Education progress without employment progress,-0.3596879231797681,difference in improvement SD
ETH,Ethiopia,conversion_shortfall,Education progress without employment progress,0.3055290198352407,difference in improvement SD
FJI,Fiji,conversion_shortfall,Education progress without employment progress,-0.1872997867050637,difference in improvement SD
FIN,Finland,conversion_shortfall,Education progress without employment progress,-0.0886592130139168,difference in improvement SD
FRA,France,conversion_shortfall,Education progress without employment progress,-0.3132048988922528,difference in improvement SD
GEO,Georgia,conversion_shortfall,Education progress without employment progress,-0.0302846779639587,difference in improvement SD
DEU,Germany,conversion_shortfall,Education progress without employment progress,-0.3735479405618029,difference in improvement SD
GHA,Ghana,conversion_shortfall,Education progress without employment progress,0.2567275509040908,difference in improvement SD
GRC,Greece,conversion_shortfall,Education progress without employment progress,-0.6568391417827949,difference in improvement SD
GTM,Guatemala,conversion_shortfall,Education progress without employment progress,0.3295894658006163,difference in improvement SD
GIN,Guinea,conversion_shortfall,Education progress without employment progress,0.6666037352754179,difference in improvement SD
GUY,Guyana,conversion_shortfall,Education progress without employment progress,-1.0110216083840813,difference in improvement SD
HND,Honduras,conversion_shortfall,Education progress without employment progress,-0.2449354939137009,difference in improvement SD
HKG,"Hong Kong SAR, China",conversion_shortfall,Education progress without employment progress,-0.4295016540825018,difference in improvement SD
HUN,Hungary,conversion_shortfall,Education progress without employment progress,0.0599779256091755,difference in improvement SD
ISL,Iceland,conversion_shortfall,Education progress without employment progress,-0.4306991876176929,difference in improvement SD
IND,India,conversion_shortfall,Education progress without employment progress,0.4547925897509628,difference in improvement SD
IDN,Indonesia,conversion_shortfall,Education progress without employment progress,-0.1310570059862368,difference in improvement SD
IRN,"Iran, Islamic Rep.",conversion_shortfall,Education progress without employment progress,0.0108737833103565,difference in improvement SD
IRQ,Iraq,conversion_shortfall,Education progress without employment progress,0.5935960445729457,difference in improvement SD
IRL,Ireland,conversion_shortfall,Education progress without employment progress,-0.2637780816122683,difference in improvement SD
ISR,Israel,conversion_shortfall,Education progress without employment progress,-0.2145508827287232,difference in improvement SD
ITA,Italy,conversion_shortfall,Education progress without employment progress,-0.3044950096955,difference in improvement SD
JAM,Jamaica,conversion_shortfall,Education progress without employment progress,-0.3544892707447333,difference in improvement SD
JPN,Japan,conversion_shortfall,Education progress without employment progress,-0.345060195398523,difference in improvement SD
JOR,Jordan,conversion_shortfall,Education progress without employment progress,-0.1327451898639306,difference in improvement SD
KAZ,Kazakhstan,conversion_shortfall,Education progress without employment progress,-0.1961723064305059,difference in improvement SD
KEN,Kenya,conversion_shortfall,Education progress without employment progress,0.2657543044084738,difference in improvement SD
KOR,"Korea, Rep.",conversion_shortfall,Education progress without employment progress,-0.2055267289186113,difference in improvement SD
KWT,Kuwait,conversion_shortfall,Education progress without employment progress,0.4231561362916609,difference in improvement SD
KGZ,Kyrgyz Republic,conversion_shortfall,Education progress without employment progress,0.4952492335465082,difference in improvement SD
LAO,Lao PDR,conversion_shortfall,Education progress without employment progress,0.4003125651562696,difference in improvement SD
LVA,Latvia,conversion_shortfall,Education progress without employment progress,-0.0587786999065984,difference in improvement SD
LBN,Lebanon,conversion_shortfall,Education progress without employment progress,0.0326843210230334,difference in improvement SD
LSO,Lesotho,conversion_shortfall,Education progress without employment progress,0.4695505653720588,difference in improvement SD
LBR,Liberia,conversion_shortfall,Education progress without employment progress,0.0406834449238129,difference in improvement SD
LTU,Lithuania,conversion_shortfall,Education progress without employment progress,0.1709071504604788,difference in improvement SD
LUX,Luxembourg,conversion_shortfall,Education progress without employment progress,-0.5841600459863665,difference in improvement SD
MAC,"Macao SAR, China",conversion_shortfall,Education progress without employment progress,-0.2001833884675296,difference in improvement SD
MDG,Madagascar,conversion_shortfall,Education progress without employment progress,0.1140301253510264,difference in improvement SD
MWI,Malawi,conversion_shortfall,Education progress without employment progress,0.4618442438807773,difference in improvement SD
MYS,Malaysia,conversion_shortfall,Education progress without employment progress,-0.4040514699603137,difference in improvement SD
MDV,Maldives,conversion_shortfall,Education progress without employment progress,0.049898883740278,difference in improvement SD
MLI,Mali,conversion_shortfall,Education progress without employment progress,0.3367630475337537,difference in improvement SD
MLT,Malta,conversion_shortfall,Education progress without employment progress,-0.6093351296701105,difference in improvement SD
MRT,Mauritania,conversion_shortfall,Education progress without employment progress,0.2129518587137248,difference in improvement SD
MUS,Mauritius,conversion_shortfall,Education progress without employment progress,-0.4037781919929477,difference in improvement SD
MEX,Mexico,conversion_shortfall,Education progress without employment progress,-0.0052506454175667,difference in improvement SD
MDA,Moldova,conversion_shortfall,Education progress without employment progress,-0.1876550845375609,difference in improvement SD
MNG,Mongolia,conversion_shortfall,Education progress without employment progress,-0.1571186034950522,difference in improvement SD
MNE,Montenegro,conversion_shortfall,Education progress without employment progress,-0.2341168027680298,difference in improvement SD
MAR,Morocco,conversion_shortfall,Education progress without employment progress,0.2303035228502105,difference in improvement SD
MOZ,Mozambique,conversion_shortfall,Education progress without employment progress,0.3502297549009394,difference in improvement SD
MMR,Myanmar,conversion_shortfall,Education progress without employment progress,0.4215761858774559,difference in improvement SD
NAM,Namibia,conversion_shortfall,Education progress without employment progress,-0.3660185335937249,difference in improvement SD
NPL,Nepal,conversion_shortfall,Education progress without employment progress,0.1415838141439191,difference in improvement SD
NLD,Netherlands,conversion_shortfall,Education progress without employment progress,-0.001819445969235,difference in improvement SD
NZL,New Zealand,conversion_shortfall,Education progress without employment progress,-0.1738933733633449,difference in improvement SD
NIC,Nicaragua,conversion_shortfall,Education progress without employment progress,-0.6175440562851054,difference in improvement SD
NER,Niger,conversion_shortfall,Education progress without employment progress,0.0223913740538885,difference in improvement SD
NGA,Nigeria,conversion_shortfall,Education progress without employment progress,0.0484133174810615,difference in improvement SD
MKD,North Macedonia,conversion_shortfall,Education progress without employment progress,-0.3233004717114188,difference in improvement SD
NOR,Norway,conversion_shortfall,Education progress without employment progress,-0.2633642533397425,difference in improvement SD
OMN,Oman,conversion_shortfall,Education progress without employment progress,0.3624263813707882,difference in improvement SD
PAK,Pakistan,conversion_shortfall,Education progress without employment progress,-0.0214889760833935,difference in improvement SD
PAN,Panama,conversion_shortfall,Education progress without employment progress,-0.2791509184138068,difference in improvement SD
PNG,Papua New Guinea,conversion_shortfall,Education progress without employment progress,0.2216710622232959,difference in improvement SD
PRY,Paraguay,conversion_shortfall,Education progress without employment progress,-0.2290787704593803,difference in improvement SD
PER,Peru,conversion_shortfall,Education progress without employment progress,0.1000273094573836,difference in improvement SD
PHL,Philippines,conversion_shortfall,Education progress without employment progress,-0.4239385766059267,difference in improvement SD
POL,Poland,conversion_shortfall,Education progress without employment progress,-0.0920470084315763,difference in improvement SD
PRT,Portugal,conversion_shortfall,Education progress without employment progress,-0.437071056338944,difference in improvement SD
PRI,Puerto Rico (US),conversion_shortfall,Education progress without employment progress,-0.2026016918174036,difference in improvement SD
QAT,Qatar,conversion_shortfall,Education progress without employment progress,-1.1569420072194654,difference in improvement SD
ROU,Romania,conversion_shortfall,Education progress without employment progress,-0.0464017218344446,difference in improvement SD
RUS,Russian Federation,conversion_shortfall,Education progress without employment progress,0.0331605269592114,difference in improvement SD
RWA,Rwanda,conversion_shortfall,Education progress without employment progress,0.2124488087614413,difference in improvement SD
WSM,Samoa,conversion_shortfall,Education progress without employment progress,-0.0267301915667775,difference in improvement SD
STP,Sao Tome and Principe,conversion_shortfall,Education progress without employment progress,-0.2958489973338595,difference in improvement SD
SAU,Saudi Arabia,conversion_shortfall,Education progress without employment progress,-0.6023164823357088,difference in improvement SD
SEN,Senegal,conversion_shortfall,Education progress without employment progress,0.4779163102545984,difference in improvement SD
SRB,Serbia,conversion_shortfall,Education progress without employment progress,-0.403329143702231,difference in improvement SD
SLE,Sierra Leone,conversion_shortfall,Education progress without employment progress,0.6890993860381185,difference in improvement SD
SGP,Singapore,conversion_shortfall,Education progress without employment progress,-0.3798375490056219,difference in improvement SD
SVK,Slovak Republic,conversion_shortfall,Education progress without employment progress,-0.022888369368934,difference in improvement SD
SVN,Slovenia,conversion_shortfall,Education progress without employment progress,-0.0626758817380188,difference in improvement SD
SLB,Solomon Islands,conversion_shortfall,Education progress without employment progress,0.1474106198924092,difference in improvement SD
ZAF,South Africa,conversion_shortfall,Education progress without employment progress,-0.4732120630631504,difference in improvement SD
SSD,South Sudan,conversion_shortfall,Education progress without employment progress,-0.1448096023277761,difference in improvement SD
ESP,Spain,conversion_shortfall,Education progress without employment progress,-0.7923831727347552,difference in improvement SD
LKA,Sri Lanka,conversion_shortfall,Education progress without employment progress,-0.0123246101129484,difference in improvement SD
LCA,St. Lucia,conversion_shortfall,Education progress without employment progress,-1.0127603118577575,difference in improvement SD
VCT,St. Vincent and the Grenadines,conversion_shortfall,Education progress without employment progress,-1.028845302563349,difference in improvement SD
SDN,Sudan,conversion_shortfall,Education progress without employment progress,0.1236792451855983,difference in improvement SD
SUR,Suriname,conversion_shortfall,Education progress without employment progress,-0.8441259831428477,difference in improvement SD
SWE,Sweden,conversion_shortfall,Education progress without employment progress,-0.4529258839453213,difference in improvement SD
CHE,Switzerland,conversion_shortfall,Education progress without employment progress,-0.2030674864717249,difference in improvement SD
SYR,Syrian Arab Republic,conversion_shortfall,Education progress without employment progress,-0.3078390879160552,difference in improvement SD
TJK,Tajikistan,conversion_shortfall,Education progress without employment progress,0.411106060667069,difference in improvement SD
TZA,Tanzania,conversion_shortfall,Education progress without employment progress,0.4422865289465624,difference in improvement SD
THA,Thailand,conversion_shortfall,Education progress without employment progress,0.0869372270342424,difference in improvement SD
TLS,Timor-Leste,conversion_shortfall,Education progress without employment progress,0.3084223741201095,difference in improvement SD
TGO,Togo,conversion_shortfall,Education progress without employment progress,0.4261620211755447,difference in improvement SD
TON,Tonga,conversion_shortfall,Education progress without employment progress,-0.2083961115657411,difference in improvement SD
TUN,Tunisia,conversion_shortfall,Education progress without employment progress,-0.0422360794571337,difference in improvement SD
TUR,Turkiye,conversion_shortfall,Education progress without employment progress,0.4604646734366633,difference in improvement SD
TKM,Turkmenistan,conversion_shortfall,Education progress without employment progress,0.2356646146898966,difference in improvement SD
UKR,Ukraine,conversion_shortfall,Education progress without employment progress,0.2147096195732057,difference in improvement SD
ARE,United Arab Emirates,conversion_shortfall,Education progress without employment progress,-0.3383312994876672,difference in improvement SD
GBR,United Kingdom,conversion_shortfall,Education progress without employment progress,-0.0893305385421326,difference in improvement SD
USA,United States,conversion_shortfall,Education progress without employment progress,-0.1383585362556443,difference in improvement SD
URY,Uruguay,conversion_shortfall,Education progress without employment progress,-0.2868780771617679,difference in improvement SD
UZB,Uzbekistan,conversion_shortfall,Education progress without employment progress,-0.0775179249254238,difference in improvement SD
VUT,Vanuatu,conversion_shortfall,Education progress without employment progress,0.0028213572420403,difference in improvement SD
VEN,"Venezuela, RB",conversion_shortfall,Education progress without employment progress,-0.1731946839023714,difference in improvement SD
VNM,Viet Nam,conversion_shortfall,Education progress without employment progress,0.1754338634550275,difference in improvement SD
PSE,West Bank and Gaza,conversion_shortfall,Education progress without employment progress,1.033715482726434,difference in improvement SD
YEM,"Yemen, Rep.",conversion_shortfall,Education progress without employment progress,1.3348420787417865,difference in improvement SD
ZWE,Zimbabwe,conversion_shortfall,Education progress without employment progress,0.2681769052107359,difference in improvement SD
AFG,Afghanistan,desynchronization_sd,Opportunity desynchronization,1.9829777464805347,within-country SD across observed core domains
ALB,Albania,desynchronization_sd,Opportunity desynchronization,0.5501911573838666,within-country SD across observed core domains
DZA,Algeria,desynchronization_sd,Opportunity desynchronization,1.7996325489150844,within-country SD across observed core domains
AGO,Angola,desynchronization_sd,Opportunity desynchronization,0.6779282908773036,within-country SD across observed core domains
ARG,Argentina,desynchronization_sd,Opportunity desynchronization,0.7012541167333338,within-country SD across observed core domains
ARM,Armenia,desynchronization_sd,Opportunity desynchronization,0.8723703092042335,within-country SD across observed core domains
AUS,Australia,desynchronization_sd,Opportunity desynchronization,0.8273267036958319,within-country SD across observed core domains
AUT,Austria,desynchronization_sd,Opportunity desynchronization,0.4844758119901406,within-country SD across observed core domains
AZE,Azerbaijan,desynchronization_sd,Opportunity desynchronization,1.0419556556180716,within-country SD across observed core domains
BHS,"Bahamas, The",desynchronization_sd,Opportunity desynchronization,0.2764445515305483,within-country SD across observed core domains
BHR,Bahrain,desynchronization_sd,Opportunity desynchronization,1.265167748612247,within-country SD across observed core domains
BGD,Bangladesh,desynchronization_sd,Opportunity desynchronization,1.721301739783044,within-country SD across observed core domains
BLR,Belarus,desynchronization_sd,Opportunity desynchronization,0.3954099547687993,within-country SD across observed core domains
BEL,Belgium,desynchronization_sd,Opportunity desynchronization,1.2738922894262878,within-country SD across observed core domains
BLZ,Belize,desynchronization_sd,Opportunity desynchronization,1.0976560630939385,within-country SD across observed core domains
BEN,Benin,desynchronization_sd,Opportunity desynchronization,1.0223560191443442,within-country SD across observed core domains
BTN,Bhutan,desynchronization_sd,Opportunity desynchronization,1.43695591982976,within-country SD across observed core domains
BOL,Bolivia,desynchronization_sd,Opportunity desynchronization,0.4152631123401643,within-country SD across observed core domains
BIH,Bosnia and Herzegovina,desynchronization_sd,Opportunity desynchronization,0.6012074669414108,within-country SD across observed core domains
BWA,Botswana,desynchronization_sd,Opportunity desynchronization,0.5151829284162438,within-country SD across observed core domains
BRA,Brazil,desynchronization_sd,Opportunity desynchronization,0.3265686991483008,within-country SD across observed core domains
BRN,Brunei Darussalam,desynchronization_sd,Opportunity desynchronization,0.8581920360550804,within-country SD across observed core domains
BGR,Bulgaria,desynchronization_sd,Opportunity desynchronization,0.555660186760162,within-country SD across observed core domains
BFA,Burkina Faso,desynchronization_sd,Opportunity desynchronization,1.0010067534390976,within-country SD across observed core domains
BDI,Burundi,desynchronization_sd,Opportunity desynchronization,0.7365157728089146,within-country SD across observed core domains
CPV,Cabo Verde,desynchronization_sd,Opportunity desynchronization,1.2805322157539143,within-country SD across observed core domains
KHM,Cambodia,desynchronization_sd,Opportunity desynchronization,0.5274670194109046,within-country SD across observed core domains
CMR,Cameroon,desynchronization_sd,Opportunity desynchronization,0.606325170734112,within-country SD across observed core domains
CAN,Canada,desynchronization_sd,Opportunity desynchronization,0.396565301117425,within-country SD across observed core domains
CAF,Central African Republic,desynchronization_sd,Opportunity desynchronization,0.4416159964206543,within-country SD across observed core domains
TCD,Chad,desynchronization_sd,Opportunity desynchronization,1.025510639409546,within-country SD across observed core domains
CHL,Chile,desynchronization_sd,Opportunity desynchronization,0.3157249161644316,within-country SD across observed core domains
CHN,China,desynchronization_sd,Opportunity desynchronization,0.2111179187402763,within-country SD across observed core domains
COL,Colombia,desynchronization_sd,Opportunity desynchronization,0.8384395376768525,within-country SD across observed core domains
COM,Comoros,desynchronization_sd,Opportunity desynchronization,0.4662062311845459,within-country SD across observed core domains
COD,"Congo, Dem. Rep.",desynchronization_sd,Opportunity desynchronization,2.0808060683207112,within-country SD across observed core domains
COG,"Congo, Rep.",desynchronization_sd,Opportunity desynchronization,0.6733114107863138,within-country SD across observed core domains
CRI,Costa Rica,desynchronization_sd,Opportunity desynchronization,0.8745785472434305,within-country SD across observed core domains
CIV,Cote d'Ivoire,desynchronization_sd,Opportunity desynchronization,0.5123726985879686,within-country SD across observed core domains
HRV,Croatia,desynchronization_sd,Opportunity desynchronization,0.8665764069610874,within-country SD across observed core domains
CUB,Cuba,desynchronization_sd,Opportunity desynchronization,2.365934710967329,within-country SD across observed core domains
CYP,Cyprus,desynchronization_sd,Opportunity desynchronization,0.5908822652345873,within-country SD across observed core domains
CZE,Czechia,desynchronization_sd,Opportunity desynchronization,0.1013045611108594,within-country SD across observed core domains
DNK,Denmark,desynchronization_sd,Opportunity desynchronization,0.4615821127081401,within-country SD across observed core domains
DJI,Djibouti,desynchronization_sd,Opportunity desynchronization,0.9219307421564812,within-country SD across observed core domains
DOM,Dominican Republic,desynchronization_sd,Opportunity desynchronization,0.75374250153519,within-country SD across observed core domains
ECU,Ecuador,desynchronization_sd,Opportunity desynchronization,0.7609082659351403,within-country SD across observed core domains
EGY,"Egypt, Arab Rep.",desynchronization_sd,Opportunity desynchronization,1.7764652656477766,within-country SD across observed core domains
SLV,El Salvador,desynchronization_sd,Opportunity desynchronization,0.8230687546207271,within-country SD across observed core domains
EST,Estonia,desynchronization_sd,Opportunity desynchronization,0.1527447051786878,within-country SD across observed core domains
SWZ,Eswatini,desynchronization_sd,Opportunity desynchronization,0.4082753724609784,within-country SD across observed core domains
ETH,Ethiopia,desynchronization_sd,Opportunity desynchronization,0.4372613970807305,within-country SD across observed core domains
FIN,Finland,desynchronization_sd,Opportunity desynchronization,1.1630615269977462,within-country SD across observed core domains
FRA,France,desynchronization_sd,Opportunity desynchronization,0.4387549994770448,within-country SD across observed core domains
GMB,"Gambia, The",desynchronization_sd,Opportunity desynchronization,0.2186124690736697,within-country SD across observed core domains
GEO,Georgia,desynchronization_sd,Opportunity desynchronization,1.106807825562732,within-country SD across observed core domains
DEU,Germany,desynchronization_sd,Opportunity desynchronization,0.828107253748155,within-country SD across observed core domains
GHA,Ghana,desynchronization_sd,Opportunity desynchronization,0.5598752342450691,within-country SD across observed core domains
GRC,Greece,desynchronization_sd,Opportunity desynchronization,0.153844605356975,within-country SD across observed core domains
GTM,Guatemala,desynchronization_sd,Opportunity desynchronization,0.9690140599982692,within-country SD across observed core domains
GIN,Guinea,desynchronization_sd,Opportunity desynchronization,1.5437493565140663,within-country SD across observed core domains
HND,Honduras,desynchronization_sd,Opportunity desynchronization,1.703336764007794,within-country SD across observed core domains
HKG,"Hong Kong SAR, China",desynchronization_sd,Opportunity desynchronization,0.632606482521167,within-country SD across observed core domains
HUN,Hungary,desynchronization_sd,Opportunity desynchronization,0.3555094589648309,within-country SD across observed core domains
ISL,Iceland,desynchronization_sd,Opportunity desynchronization,0.7927093842755645,within-country SD across observed core domains
IND,India,desynchronization_sd,Opportunity desynchronization,1.487554119890743,within-country SD across observed core domains
IDN,Indonesia,desynchronization_sd,Opportunity desynchronization,1.0630437733113345,within-country SD across observed core domains
IRN,"Iran, Islamic Rep.",desynchronization_sd,Opportunity desynchronization,1.378534290082809,within-country SD across observed core domains
IRQ,Iraq,desynchronization_sd,Opportunity desynchronization,0.898221538695648,within-country SD across observed core domains
IRL,Ireland,desynchronization_sd,Opportunity desynchronization,0.5991731780720981,within-country SD across observed core domains
ISR,Israel,desynchronization_sd,Opportunity desynchronization,0.3387496214521291,within-country SD across observed core domains
ITA,Italy,desynchronization_sd,Opportunity desynchronization,0.3856844385962832,within-country SD across observed core domains
JAM,Jamaica,desynchronization_sd,Opportunity desynchronization,0.8845068018099049,within-country SD across observed core domains
JPN,Japan,desynchronization_sd,Opportunity desynchronization,0.840266388121672,within-country SD across observed core domains
JOR,Jordan,desynchronization_sd,Opportunity desynchronization,1.1968404106145043,within-country SD across observed core domains
KAZ,Kazakhstan,desynchronization_sd,Opportunity desynchronization,0.3081922936963725,within-country SD across observed core domains
KEN,Kenya,desynchronization_sd,Opportunity desynchronization,0.5089917021791245,within-country SD across observed core domains
KOR,"Korea, Rep.",desynchronization_sd,Opportunity desynchronization,0.4500892083487064,within-country SD across observed core domains
KWT,Kuwait,desynchronization_sd,Opportunity desynchronization,1.3556284086330774,within-country SD across observed core domains
KGZ,Kyrgyz Republic,desynchronization_sd,Opportunity desynchronization,0.5275656198217785,within-country SD across observed core domains
LAO,Lao PDR,desynchronization_sd,Opportunity desynchronization,1.2925366098834556,within-country SD across observed core domains
LVA,Latvia,desynchronization_sd,Opportunity desynchronization,0.3442494166861419,within-country SD across observed core domains
LBN,Lebanon,desynchronization_sd,Opportunity desynchronization,1.461525264891223,within-country SD across observed core domains
LSO,Lesotho,desynchronization_sd,Opportunity desynchronization,1.4171591712953322,within-country SD across observed core domains
LBR,Liberia,desynchronization_sd,Opportunity desynchronization,0.747330613926755,within-country SD across observed core domains
LBY,Libya,desynchronization_sd,Opportunity desynchronization,2.1690642977816497,within-country SD across observed core domains
LTU,Lithuania,desynchronization_sd,Opportunity desynchronization,0.6511212203538408,within-country SD across observed core domains
LUX,Luxembourg,desynchronization_sd,Opportunity desynchronization,0.2337622606713932,within-country SD across observed core domains
MAC,"Macao SAR, China",desynchronization_sd,Opportunity desynchronization,0.3908670888112543,within-country SD across observed core domains
MDG,Madagascar,desynchronization_sd,Opportunity desynchronization,0.4543858841759073,within-country SD across observed core domains
MWI,Malawi,desynchronization_sd,Opportunity desynchronization,0.2496308398070862,within-country SD across observed core domains
MYS,Malaysia,desynchronization_sd,Opportunity desynchronization,0.4855514248484168,within-country SD across observed core domains
MDV,Maldives,desynchronization_sd,Opportunity desynchronization,3.1035532515928583,within-country SD across observed core domains
MLI,Mali,desynchronization_sd,Opportunity desynchronization,0.3490142445420362,within-country SD across observed core domains
MLT,Malta,desynchronization_sd,Opportunity desynchronization,0.564610541032806,within-country SD across observed core domains
MRT,Mauritania,desynchronization_sd,Opportunity desynchronization,1.0245060353813131,within-country SD across observed core domains
MUS,Mauritius,desynchronization_sd,Opportunity desynchronization,0.4791437457951955,within-country SD across observed core domains
MEX,Mexico,desynchronization_sd,Opportunity desynchronization,1.3880663244497256,within-country SD across observed core domains
MDA,Moldova,desynchronization_sd,Opportunity desynchronization,0.6519459971660362,within-country SD across observed core domains
MNG,Mongolia,desynchronization_sd,Opportunity desynchronization,0.5404811651852319,within-country SD across observed core domains
MNE,Montenegro,desynchronization_sd,Opportunity desynchronization,0.1866636293052131,within-country SD across observed core domains
MAR,Morocco,desynchronization_sd,Opportunity desynchronization,0.874025327786882,within-country SD across observed core domains
MOZ,Mozambique,desynchronization_sd,Opportunity desynchronization,0.8254039525695002,within-country SD across observed core domains
MMR,Myanmar,desynchronization_sd,Opportunity desynchronization,1.5225525133369544,within-country SD across observed core domains
NAM,Namibia,desynchronization_sd,Opportunity desynchronization,0.3944836132442342,within-country SD across observed core domains
NPL,Nepal,desynchronization_sd,Opportunity desynchronization,0.8410244009536457,within-country SD across observed core domains
NLD,Netherlands,desynchronization_sd,Opportunity desynchronization,0.4648461973353056,within-country SD across observed core domains
NZL,New Zealand,desynchronization_sd,Opportunity desynchronization,0.2785842029081529,within-country SD across observed core domains
NIC,Nicaragua,desynchronization_sd,Opportunity desynchronization,0.901643597653681,within-country SD across observed core domains
NER,Niger,desynchronization_sd,Opportunity desynchronization,1.2007857680924336,within-country SD across observed core domains
NGA,Nigeria,desynchronization_sd,Opportunity desynchronization,1.1620362653593554,within-country SD across observed core domains
MKD,North Macedonia,desynchronization_sd,Opportunity desynchronization,0.6263765969788856,within-country SD across observed core domains
NOR,Norway,desynchronization_sd,Opportunity desynchronization,0.526123306286445,within-country SD across observed core domains
OMN,Oman,desynchronization_sd,Opportunity desynchronization,2.0013151099033855,within-country SD across observed core domains
PAK,Pakistan,desynchronization_sd,Opportunity desynchronization,1.0316675881862014,within-country SD across observed core domains
PAN,Panama,desynchronization_sd,Opportunity desynchronization,0.7260804491654004,within-country SD across observed core domains
PRY,Paraguay,desynchronization_sd,Opportunity desynchronization,0.6205333295715532,within-country SD across observed core domains
PER,Peru,desynchronization_sd,Opportunity desynchronization,0.3478815231206142,within-country SD across observed core domains
PHL,Philippines,desynchronization_sd,Opportunity desynchronization,1.408610591541347,within-country SD across observed core domains
POL,Poland,desynchronization_sd,Opportunity desynchronization,0.4551863902256294,within-country SD across observed core domains
PRT,Portugal,desynchronization_sd,Opportunity desynchronization,0.3201603589493936,within-country SD across observed core domains
PRI,Puerto Rico (US),desynchronization_sd,Opportunity desynchronization,0.407198415511077,within-country SD across observed core domains
QAT,Qatar,desynchronization_sd,Opportunity desynchronization,0.5328128020106143,within-country SD across observed core domains
ROU,Romania,desynchronization_sd,Opportunity desynchronization,0.1694018494214731,within-country SD across observed core domains
RUS,Russian Federation,desynchronization_sd,Opportunity desynchronization,0.3180420111680349,within-country SD across observed core domains
RWA,Rwanda,desynchronization_sd,Opportunity desynchronization,0.9270886409498272,within-country SD across observed core domains
SAU,Saudi Arabia,desynchronization_sd,Opportunity desynchronization,1.4897252343059109,within-country SD across observed core domains
SEN,Senegal,desynchronization_sd,Opportunity desynchronization,1.3917381864759963,within-country SD across observed core domains
SRB,Serbia,desynchronization_sd,Opportunity desynchronization,0.5703838061295144,within-country SD across observed core domains
SLE,Sierra Leone,desynchronization_sd,Opportunity desynchronization,0.5568325265076307,within-country SD across observed core domains
SGP,Singapore,desynchronization_sd,Opportunity desynchronization,0.4006616034130483,within-country SD across observed core domains
SVK,Slovak Republic,desynchronization_sd,Opportunity desynchronization,0.3272899048611607,within-country SD across observed core domains
SVN,Slovenia,desynchronization_sd,Opportunity desynchronization,0.2485514164934592,within-country SD across observed core domains
SOM,"Somalia, Fed. Rep.",desynchronization_sd,Opportunity desynchronization,0.5154572451790707,within-country SD across observed core domains
ZAF,South Africa,desynchronization_sd,Opportunity desynchronization,0.5131294802241311,within-country SD across observed core domains
ESP,Spain,desynchronization_sd,Opportunity desynchronization,0.1319526438425427,within-country SD across observed core domains
LKA,Sri Lanka,desynchronization_sd,Opportunity desynchronization,1.056222820447864,within-country SD across observed core domains
SDN,Sudan,desynchronization_sd,Opportunity desynchronization,1.342130065924686,within-country SD across observed core domains
SWE,Sweden,desynchronization_sd,Opportunity desynchronization,1.303124497793342,within-country SD across observed core domains
CHE,Switzerland,desynchronization_sd,Opportunity desynchronization,0.5311651796346578,within-country SD across observed core domains
SYR,Syrian Arab Republic,desynchronization_sd,Opportunity desynchronization,1.715878809102912,within-country SD across observed core domains
TJK,Tajikistan,desynchronization_sd,Opportunity desynchronization,0.8850425464362851,within-country SD across observed core domains
TZA,Tanzania,desynchronization_sd,Opportunity desynchronization,0.4671734941514824,within-country SD across observed core domains
THA,Thailand,desynchronization_sd,Opportunity desynchronization,0.5123112647346408,within-country SD across observed core domains
TGO,Togo,desynchronization_sd,Opportunity desynchronization,1.289725946978836,within-country SD across observed core domains
TTO,Trinidad and Tobago,desynchronization_sd,Opportunity desynchronization,0.5712072830552486,within-country SD across observed core domains
TUN,Tunisia,desynchronization_sd,Opportunity desynchronization,1.5207567298450475,within-country SD across observed core domains
TUR,Turkiye,desynchronization_sd,Opportunity desynchronization,0.4904739034313423,within-country SD across observed core domains
TKM,Turkmenistan,desynchronization_sd,Opportunity desynchronization,0.7224395896423251,within-country SD across observed core domains
UGA,Uganda,desynchronization_sd,Opportunity desynchronization,0.5208088434239447,within-country SD across observed core domains
UKR,Ukraine,desynchronization_sd,Opportunity desynchronization,0.5385411816002417,within-country SD across observed core domains
ARE,United Arab Emirates,desynchronization_sd,Opportunity desynchronization,1.113052668189902,within-country SD across observed core domains
GBR,United Kingdom,desynchronization_sd,Opportunity desynchronization,0.2785899938807117,within-country SD across observed core domains
USA,United States,desynchronization_sd,Opportunity desynchronization,0.278687917664269,within-country SD across observed core domains
URY,Uruguay,desynchronization_sd,Opportunity desynchronization,0.9397146469866314,within-country SD across observed core domains
UZB,Uzbekistan,desynchronization_sd,Opportunity desynchronization,0.8500460504730156,within-country SD across observed core domains
VEN,"Venezuela, RB",desynchronization_sd,Opportunity desynchronization,0.9919752925445382,within-country SD across observed core domains
VNM,Viet Nam,desynchronization_sd,Opportunity desynchronization,0.7729766750150118,within-country SD across observed core domains
PSE,West Bank and Gaza,desynchronization_sd,Opportunity desynchronization,2.100966057269311,within-country SD across observed core domains
YEM,"Yemen, Rep.",desynchronization_sd,Opportunity desynchronization,1.3326494924828152,within-country SD across observed core domains
ZMB,Zambia,desynchronization_sd,Opportunity desynchronization,0.1741417525664569,within-country SD across observed core domains
ZWE,Zimbabwe,desynchronization_sd,Opportunity desynchronization,0.6068072325630625,within-country SD across observed core domains
AFG,Afghanistan,gap_momentum_state,Gap momentum state,Flat,state
ALB,Albania,gap_momentum_state,Gap momentum state,Closing,state
DZA,Algeria,gap_momentum_state,Gap momentum state,Flat,state
AGO,Angola,gap_momentum_state,Gap momentum state,Closing,state
ARG,Argentina,gap_momentum_state,Gap momentum state,Closing,state
ARM,Armenia,gap_momentum_state,Gap momentum state,Flat,state
AUS,Australia,gap_momentum_state,Gap momentum state,Closing,state
AUT,Austria,gap_momentum_state,Gap momentum state,Closing,state
AZE,Azerbaijan,gap_momentum_state,Gap momentum state,Closing,state
BHS,"Bahamas, The",gap_momentum_state,Gap momentum state,Closing,state
BHR,Bahrain,gap_momentum_state,Gap momentum state,Widening,state
BGD,Bangladesh,gap_momentum_state,Gap momentum state,Flat,state
BRB,Barbados,gap_momentum_state,Gap momentum state,Flat,state
BLR,Belarus,gap_momentum_state,Gap momentum state,Closing,state
BEL,Belgium,gap_momentum_state,Gap momentum state,Widening,state
BLZ,Belize,gap_momentum_state,Gap momentum state,Flat,state
BEN,Benin,gap_momentum_state,Gap momentum state,Widening,state
BTN,Bhutan,gap_momentum_state,Gap momentum state,Flat,state
BOL,Bolivia,gap_momentum_state,Gap momentum state,Flat,state
BIH,Bosnia and Herzegovina,gap_momentum_state,Gap momentum state,Flat,state
BWA,Botswana,gap_momentum_state,Gap momentum state,Flat,state
BRA,Brazil,gap_momentum_state,Gap momentum state,Closing,state
BRN,Brunei Darussalam,gap_momentum_state,Gap momentum state,Closing,state
BGR,Bulgaria,gap_momentum_state,Gap momentum state,Closing,state
BFA,Burkina Faso,gap_momentum_state,Gap momentum state,Flat,state
BDI,Burundi,gap_momentum_state,Gap momentum state,Widening,state
CPV,Cabo Verde,gap_momentum_state,Gap momentum state,Flat,state
KHM,Cambodia,gap_momentum_state,Gap momentum state,Closing,state
CMR,Cameroon,gap_momentum_state,Gap momentum state,Closing,state
CAN,Canada,gap_momentum_state,Gap momentum state,Closing,state
CAF,Central African Republic,gap_momentum_state,Gap momentum state,Widening,state
TCD,Chad,gap_momentum_state,Gap momentum state,Closing,state
CHL,Chile,gap_momentum_state,Gap momentum state,Closing,state
CHN,China,gap_momentum_state,Gap momentum state,Widening,state
COL,Colombia,gap_momentum_state,Gap momentum state,Flat,state
COM,Comoros,gap_momentum_state,Gap momentum state,Closing,state
COD,"Congo, Dem. Rep.",gap_momentum_state,Gap momentum state,Closing,state
COG,"Congo, Rep.",gap_momentum_state,Gap momentum state,Closing,state
CRI,Costa Rica,gap_momentum_state,Gap momentum state,Flat,state
CIV,Cote d'Ivoire,gap_momentum_state,Gap momentum state,Widening,state
HRV,Croatia,gap_momentum_state,Gap momentum state,Closing,state
CUB,Cuba,gap_momentum_state,Gap momentum state,Flat,state
CYP,Cyprus,gap_momentum_state,Gap momentum state,Flat,state
CZE,Czechia,gap_momentum_state,Gap momentum state,Closing,state
DNK,Denmark,gap_momentum_state,Gap momentum state,Widening,state
DJI,Djibouti,gap_momentum_state,Gap momentum state,Closing,state
DOM,Dominican Republic,gap_momentum_state,Gap momentum state,Flat,state
ECU,Ecuador,gap_momentum_state,Gap momentum state,Closing,state
EGY,"Egypt, Arab Rep.",gap_momentum_state,Gap momentum state,Flat,state
SLV,El Salvador,gap_momentum_state,Gap momentum state,Flat,state
GNQ,Equatorial Guinea,gap_momentum_state,Gap momentum state,Closing,state
ERI,Eritrea,gap_momentum_state,Gap momentum state,Widening,state
EST,Estonia,gap_momentum_state,Gap momentum state,Flat,state
SWZ,Eswatini,gap_momentum_state,Gap momentum state,Closing,state
ETH,Ethiopia,gap_momentum_state,Gap momentum state,Closing,state
FJI,Fiji,gap_momentum_state,Gap momentum state,Closing,state
FIN,Finland,gap_momentum_state,Gap momentum state,Closing,state
FRA,France,gap_momentum_state,Gap momentum state,Widening,state
PYF,French Polynesia,gap_momentum_state,Gap momentum state,Widening,state
GAB,Gabon,gap_momentum_state,Gap momentum state,Closing,state
GMB,"Gambia, The",gap_momentum_state,Gap momentum state,Closing,state
GEO,Georgia,gap_momentum_state,Gap momentum state,Widening,state
DEU,Germany,gap_momentum_state,Gap momentum state,Widening,state
GHA,Ghana,gap_momentum_state,Gap momentum state,Widening,state
GRC,Greece,gap_momentum_state,Gap momentum state,Flat,state
GUM,Guam,gap_momentum_state,Gap momentum state,Widening,state
GTM,Guatemala,gap_momentum_state,Gap momentum state,Flat,state
GIN,Guinea,gap_momentum_state,Gap momentum state,Closing,state
GNB,Guinea-Bissau,gap_momentum_state,Gap momentum state,Closing,state
GUY,Guyana,gap_momentum_state,Gap momentum state,Flat,state
HTI,Haiti,gap_momentum_state,Gap momentum state,Flat,state
HND,Honduras,gap_momentum_state,Gap momentum state,Flat,state
HKG,"Hong Kong SAR, China",gap_momentum_state,Gap momentum state,Closing,state
HUN,Hungary,gap_momentum_state,Gap momentum state,Closing,state
ISL,Iceland,gap_momentum_state,Gap momentum state,Flat,state
IND,India,gap_momentum_state,Gap momentum state,Closing,state
IDN,Indonesia,gap_momentum_state,Gap momentum state,Closing,state
IRN,"Iran, Islamic Rep.",gap_momentum_state,Gap momentum state,Flat,state
IRQ,Iraq,gap_momentum_state,Gap momentum state,Flat,state
IRL,Ireland,gap_momentum_state,Gap momentum state,Closing,state
ISR,Israel,gap_momentum_state,Gap momentum state,Closing,state
ITA,Italy,gap_momentum_state,Gap momentum state,Widening,state
JAM,Jamaica,gap_momentum_state,Gap momentum state,Closing,state
JPN,Japan,gap_momentum_state,Gap momentum state,Closing,state
JOR,Jordan,gap_momentum_state,Gap momentum state,Flat,state
KAZ,Kazakhstan,gap_momentum_state,Gap momentum state,Widening,state
KEN,Kenya,gap_momentum_state,Gap momentum state,Flat,state
PRK,"Korea, Dem. People's Rep.",gap_momentum_state,Gap momentum state,Widening,state
KOR,"Korea, Rep.",gap_momentum_state,Gap momentum state,Closing,state
KWT,Kuwait,gap_momentum_state,Gap momentum state,Closing,state
KGZ,Kyrgyz Republic,gap_momentum_state,Gap momentum state,Flat,state
LAO,Lao PDR,gap_momentum_state,Gap momentum state,Closing,state
LVA,Latvia,gap_momentum_state,Gap momentum state,Closing,state
LBN,Lebanon,gap_momentum_state,Gap momentum state,Widening,state
LSO,Lesotho,gap_momentum_state,Gap momentum state,Closing,state
LBR,Liberia,gap_momentum_state,Gap momentum state,Closing,state
LBY,Libya,gap_momentum_state,Gap momentum state,Widening,state
LTU,Lithuania,gap_momentum_state,Gap momentum state,Closing,state
LUX,Luxembourg,gap_momentum_state,Gap momentum state,Closing,state
MAC,"Macao SAR, China",gap_momentum_state,Gap momentum state,Flat,state
MDG,Madagascar,gap_momentum_state,Gap momentum state,Widening,state
MWI,Malawi,gap_momentum_state,Gap momentum state,Closing,state
MYS,Malaysia,gap_momentum_state,Gap momentum state,Closing,state
MDV,Maldives,gap_momentum_state,Gap momentum state,Flat,state
MLI,Mali,gap_momentum_state,Gap momentum state,Flat,state
MLT,Malta,gap_momentum_state,Gap momentum state,Flat,state
MRT,Mauritania,gap_momentum_state,Gap momentum state,Widening,state
MUS,Mauritius,gap_momentum_state,Gap momentum state,Flat,state
MEX,Mexico,gap_momentum_state,Gap momentum state,Closing,state
MDA,Moldova,gap_momentum_state,Gap momentum state,Closing,state
MNG,Mongolia,gap_momentum_state,Gap momentum state,Flat,state
MNE,Montenegro,gap_momentum_state,Gap momentum state,Flat,state
MAR,Morocco,gap_momentum_state,Gap momentum state,Closing,state
MOZ,Mozambique,gap_momentum_state,Gap momentum state,Widening,state
MMR,Myanmar,gap_momentum_state,Gap momentum state,Widening,state
NAM,Namibia,gap_momentum_state,Gap momentum state,Widening,state
NPL,Nepal,gap_momentum_state,Gap momentum state,Closing,state
NLD,Netherlands,gap_momentum_state,Gap momentum state,Widening,state
NCL,New Caledonia,gap_momentum_state,Gap momentum state,Flat,state
NZL,New Zealand,gap_momentum_state,Gap momentum state,Closing,state
NIC,Nicaragua,gap_momentum_state,Gap momentum state,Closing,state
NER,Niger,gap_momentum_state,Gap momentum state,Flat,state
NGA,Nigeria,gap_momentum_state,Gap momentum state,Flat,state
MKD,North Macedonia,gap_momentum_state,Gap momentum state,Flat,state
NOR,Norway,gap_momentum_state,Gap momentum state,Closing,state
OMN,Oman,gap_momentum_state,Gap momentum state,Flat,state
PAK,Pakistan,gap_momentum_state,Gap momentum state,Flat,state
PAN,Panama,gap_momentum_state,Gap momentum state,Flat,state
PNG,Papua New Guinea,gap_momentum_state,Gap momentum state,Widening,state
PRY,Paraguay,gap_momentum_state,Gap momentum state,Flat,state
PER,Peru,gap_momentum_state,Gap momentum state,Closing,state
PHL,Philippines,gap_momentum_state,Gap momentum state,Closing,state
POL,Poland,gap_momentum_state,Gap momentum state,Closing,state
PRT,Portugal,gap_momentum_state,Gap momentum state,Closing,state
PRI,Puerto Rico (US),gap_momentum_state,Gap momentum state,Closing,state
QAT,Qatar,gap_momentum_state,Gap momentum state,Closing,state
ROU,Romania,gap_momentum_state,Gap momentum state,Closing,state
RUS,Russian Federation,gap_momentum_state,Gap momentum state,Widening,state
RWA,Rwanda,gap_momentum_state,Gap momentum state,Closing,state
WSM,Samoa,gap_momentum_state,Gap momentum state,Closing,state
STP,Sao Tome and Principe,gap_momentum_state,Gap momentum state,Closing,state
SAU,Saudi Arabia,gap_momentum_state,Gap momentum state,Flat,state
SEN,Senegal,gap_momentum_state,Gap momentum state,Closing,state
SRB,Serbia,gap_momentum_state,Gap momentum state,Closing,state
SLE,Sierra Leone,gap_momentum_state,Gap momentum state,Closing,state
SGP,Singapore,gap_momentum_state,Gap momentum state,Closing,state
SVK,Slovak Republic,gap_momentum_state,Gap momentum state,Flat,state
SVN,Slovenia,gap_momentum_state,Gap momentum state,Closing,state
SLB,Solomon Islands,gap_momentum_state,Gap momentum state,Widening,state
SOM,"Somalia, Fed. Rep.",gap_momentum_state,Gap momentum state,Closing,state
ZAF,South Africa,gap_momentum_state,Gap momentum state,Closing,state
SSD,South Sudan,gap_momentum_state,Gap momentum state,Closing,state
ESP,Spain,gap_momentum_state,Gap momentum state,Closing,state
LKA,Sri Lanka,gap_momentum_state,Gap momentum state,Closing,state
LCA,St. Lucia,gap_momentum_state,Gap momentum state,Flat,state
VCT,St. Vincent and the Grenadines,gap_momentum_state,Gap momentum state,Closing,state
SDN,Sudan,gap_momentum_state,Gap momentum state,Closing,state
SUR,Suriname,gap_momentum_state,Gap momentum state,Closing,state
SWE,Sweden,gap_momentum_state,Gap momentum state,Closing,state
CHE,Switzerland,gap_momentum_state,Gap momentum state,Closing,state
SYR,Syrian Arab Republic,gap_momentum_state,Gap momentum state,Closing,state
TJK,Tajikistan,gap_momentum_state,Gap momentum state,Closing,state
TZA,Tanzania,gap_momentum_state,Gap momentum state,Widening,state
THA,Thailand,gap_momentum_state,Gap momentum state,Widening,state
TLS,Timor-Leste,gap_momentum_state,Gap momentum state,Closing,state
TGO,Togo,gap_momentum_state,Gap momentum state,Closing,state
TON,Tonga,gap_momentum_state,Gap momentum state,Closing,state
TTO,Trinidad and Tobago,gap_momentum_state,Gap momentum state,Closing,state
TUN,Tunisia,gap_momentum_state,Gap momentum state,Flat,state
TUR,Turkiye,gap_momentum_state,Gap momentum state,Closing,state
TKM,Turkmenistan,gap_momentum_state,Gap momentum state,Widening,state
UGA,Uganda,gap_momentum_state,Gap momentum state,Widening,state
UKR,Ukraine,gap_momentum_state,Gap momentum state,Flat,state
ARE,United Arab Emirates,gap_momentum_state,Gap momentum state,Flat,state
GBR,United Kingdom,gap_momentum_state,Gap momentum state,Closing,state
USA,United States,gap_momentum_state,Gap momentum state,Closing,state
URY,Uruguay,gap_momentum_state,Gap momentum state,Closing,state
UZB,Uzbekistan,gap_momentum_state,Gap momentum state,Widening,state
VUT,Vanuatu,gap_momentum_state,Gap momentum state,Widening,state
VEN,"Venezuela, RB",gap_momentum_state,Gap momentum state,Flat,state
VNM,Viet Nam,gap_momentum_state,Gap momentum state,Closing,state
VIR,Virgin Islands (U.S.),gap_momentum_state,Gap momentum state,Closing,state
PSE,West Bank and Gaza,gap_momentum_state,Gap momentum state,Flat,state
YEM,"Yemen, Rep.",gap_momentum_state,Gap momentum state,Closing,state
ZMB,Zambia,gap_momentum_state,Gap momentum state,Closing,state
ZWE,Zimbabwe,gap_momentum_state,Gap momentum state,Closing,state
AFG,Afghanistan,prob_gap_widening,Probability the gap is widening,0.278719182924159,probability
ALB,Albania,prob_gap_widening,Probability the gap is widening,0.1188686394999968,probability
DZA,Algeria,prob_gap_widening,Probability the gap is widening,0.0348953912232552,probability
AGO,Angola,prob_gap_widening,Probability the gap is widening,0.1154513840872218,probability
ARG,Argentina,prob_gap_widening,Probability the gap is widening,0.0216522014724976,probability
ARM,Armenia,prob_gap_widening,Probability the gap is widening,0.0878117957602107,probability
AUS,Australia,prob_gap_widening,Probability the gap is widening,0.3540384492595387,probability
AUT,Austria,prob_gap_widening,Probability the gap is widening,0.0518167208949361,probability
AZE,Azerbaijan,prob_gap_widening,Probability the gap is widening,0.4960936377852508,probability
BHS,"Bahamas, The",prob_gap_widening,Probability the gap is widening,0.0864098323513558,probability
BHR,Bahrain,prob_gap_widening,Probability the gap is widening,0.854342107963043,probability
BGD,Bangladesh,prob_gap_widening,Probability the gap is widening,5.135346709452037e-10,probability
BRB,Barbados,prob_gap_widening,Probability the gap is widening,0.0447733241426304,probability
BLR,Belarus,prob_gap_widening,Probability the gap is widening,0.2532868925706609,probability
BEL,Belgium,prob_gap_widening,Probability the gap is widening,0.7555384186658027,probability
BLZ,Belize,prob_gap_widening,Probability the gap is widening,0.0391582375409569,probability
BEN,Benin,prob_gap_widening,Probability the gap is widening,0.8974980169145867,probability
BTN,Bhutan,prob_gap_widening,Probability the gap is widening,0.0047699910463077,probability
BOL,Bolivia,prob_gap_widening,Probability the gap is widening,0.1243011294166817,probability
BIH,Bosnia and Herzegovina,prob_gap_widening,Probability the gap is widening,0.1070129839215092,probability
BWA,Botswana,prob_gap_widening,Probability the gap is widening,0.0273576746339479,probability
BRA,Brazil,prob_gap_widening,Probability the gap is widening,0.0903901003404284,probability
BRN,Brunei Darussalam,prob_gap_widening,Probability the gap is widening,0.1024509721074879,probability
BGR,Bulgaria,prob_gap_widening,Probability the gap is widening,0.329708990725473,probability
BFA,Burkina Faso,prob_gap_widening,Probability the gap is widening,0.1305790862732426,probability
BDI,Burundi,prob_gap_widening,Probability the gap is widening,0.6291770453439435,probability
CPV,Cabo Verde,prob_gap_widening,Probability the gap is widening,0.0466459796194918,probability
KHM,Cambodia,prob_gap_widening,Probability the gap is widening,0.2588367314348313,probability
CMR,Cameroon,prob_gap_widening,Probability the gap is widening,0.410312690927701,probability
CAN,Canada,prob_gap_widening,Probability the gap is widening,0.429004551860044,probability
CAF,Central African Republic,prob_gap_widening,Probability the gap is widening,0.941733109674468,probability
TCD,Chad,prob_gap_widening,Probability the gap is widening,0.292369385996157,probability
CHL,Chile,prob_gap_widening,Probability the gap is widening,0.0025062919256565,probability
CHN,China,prob_gap_widening,Probability the gap is widening,0.8918328925614369,probability
COL,Colombia,prob_gap_widening,Probability the gap is widening,0.1292832104209448,probability
COM,Comoros,prob_gap_widening,Probability the gap is widening,0.2847394803484089,probability
COD,"Congo, Dem. Rep.",prob_gap_widening,Probability the gap is widening,0.486781483871769,probability
COG,"Congo, Rep.",prob_gap_widening,Probability the gap is widening,0.3520438480988911,probability
CRI,Costa Rica,prob_gap_widening,Probability the gap is widening,7.793332720426303e-41,probability
CIV,Cote d'Ivoire,prob_gap_widening,Probability the gap is widening,0.5791465323447339,probability
HRV,Croatia,prob_gap_widening,Probability the gap is widening,2.297216258429333e-09,probability
CUB,Cuba,prob_gap_widening,Probability the gap is widening,0.0677231645759423,probability
CYP,Cyprus,prob_gap_widening,Probability the gap is widening,6.359485187015599e-05,probability
CZE,Czechia,prob_gap_widening,Probability the gap is widening,0.0692854912845107,probability
DNK,Denmark,prob_gap_widening,Probability the gap is widening,0.5183613160142027,probability
DJI,Djibouti,prob_gap_widening,Probability the gap is widening,0.4255528076963895,probability
DOM,Dominican Republic,prob_gap_widening,Probability the gap is widening,0.0191165126717284,probability
ECU,Ecuador,prob_gap_widening,Probability the gap is widening,0.1298955961346157,probability
EGY,"Egypt, Arab Rep.",prob_gap_widening,Probability the gap is widening,0.1033535417070416,probability
SLV,El Salvador,prob_gap_widening,Probability the gap is widening,0.0892127182628465,probability
GNQ,Equatorial Guinea,prob_gap_widening,Probability the gap is widening,0.1677970550282178,probability
ERI,Eritrea,prob_gap_widening,Probability the gap is widening,0.9494314226000644,probability
EST,Estonia,prob_gap_widening,Probability the gap is widening,6.939755577139412e-08,probability
SWZ,Eswatini,prob_gap_widening,Probability the gap is widening,0.2142555881039357,probability
ETH,Ethiopia,prob_gap_widening,Probability the gap is widening,0.1799604216380468,probability
FJI,Fiji,prob_gap_widening,Probability the gap is widening,0.3663684453176107,probability
FIN,Finland,prob_gap_widening,Probability the gap is widening,0.0397072499116153,probability
FRA,France,prob_gap_widening,Probability the gap is widening,0.8303508761604786,probability
PYF,French Polynesia,prob_gap_widening,Probability the gap is widening,0.916771637039847,probability
GAB,Gabon,prob_gap_widening,Probability the gap is widening,0.2254884680447895,probability
GMB,"Gambia, The",prob_gap_widening,Probability the gap is widening,0.2319259878740171,probability
GEO,Georgia,prob_gap_widening,Probability the gap is widening,0.7568148802810276,probability
DEU,Germany,prob_gap_widening,Probability the gap is widening,0.9470589177107828,probability
GHA,Ghana,prob_gap_widening,Probability the gap is widening,0.8604843480797886,probability
GRC,Greece,prob_gap_widening,Probability the gap is widening,0.0001801112841971,probability
GUM,Guam,prob_gap_widening,Probability the gap is widening,0.5189671461569778,probability
GTM,Guatemala,prob_gap_widening,Probability the gap is widening,0.079445278909202,probability
GIN,Guinea,prob_gap_widening,Probability the gap is widening,0.374045342383606,probability
GNB,Guinea-Bissau,prob_gap_widening,Probability the gap is widening,0.2331156945728471,probability
GUY,Guyana,prob_gap_widening,Probability the gap is widening,0.0039610365362862,probability
HTI,Haiti,prob_gap_widening,Probability the gap is widening,0.0112557921732985,probability
HND,Honduras,prob_gap_widening,Probability the gap is widening,6.840099932755698e-16,probability
HKG,"Hong Kong SAR, China",prob_gap_widening,Probability the gap is widening,0.0016195212435826,probability
HUN,Hungary,prob_gap_widening,Probability the gap is widening,0.0013263383545127,probability
ISL,Iceland,prob_gap_widening,Probability the gap is widening,5.953864151748155e-08,probability
IND,India,prob_gap_widening,Probability the gap is widening,0.0067911577357603,probability
IDN,Indonesia,prob_gap_widening,Probability the gap is widening,0.3201911562133814,probability
IRN,"Iran, Islamic Rep.",prob_gap_widening,Probability the gap is widening,0.0389645866872409,probability
IRQ,Iraq,prob_gap_widening,Probability the gap is widening,0.1305044839345692,probability
IRL,Ireland,prob_gap_widening,Probability the gap is widening,7.523261557700293e-06,probability
ISR,Israel,prob_gap_widening,Probability the gap is widening,0.1090141463552713,probability
ITA,Italy,prob_gap_widening,Probability the gap is widening,0.6684546160323418,probability
JAM,Jamaica,prob_gap_widening,Probability the gap is widening,0.0849826095177422,probability
JPN,Japan,prob_gap_widening,Probability the gap is widening,0.2732534645247457,probability
JOR,Jordan,prob_gap_widening,Probability the gap is widening,0.1100330578221325,probability
KAZ,Kazakhstan,prob_gap_widening,Probability the gap is widening,0.9007218785408144,probability
KEN,Kenya,prob_gap_widening,Probability the gap is widening,0.29124614311286,probability
PRK,"Korea, Dem. People's Rep.",prob_gap_widening,Probability the gap is widening,0.945531711820998,probability
KOR,"Korea, Rep.",prob_gap_widening,Probability the gap is widening,0.0002466362954603,probability
KWT,Kuwait,prob_gap_widening,Probability the gap is widening,0.0068363631011718,probability
KGZ,Kyrgyz Republic,prob_gap_widening,Probability the gap is widening,0.0394750593911979,probability
LAO,Lao PDR,prob_gap_widening,Probability the gap is widening,0.3328106011384535,probability
LVA,Latvia,prob_gap_widening,Probability the gap is widening,0.0291237814003946,probability
LBN,Lebanon,prob_gap_widening,Probability the gap is widening,0.4786924903630034,probability
LSO,Lesotho,prob_gap_widening,Probability the gap is widening,0.3147398309111202,probability
LBR,Liberia,prob_gap_widening,Probability the gap is widening,0.295490269685233,probability
LBY,Libya,prob_gap_widening,Probability the gap is widening,0.4119335202952058,probability
LTU,Lithuania,prob_gap_widening,Probability the gap is widening,0.3984792051511323,probability
LUX,Luxembourg,prob_gap_widening,Probability the gap is widening,2.209957632798821e-06,probability
MAC,"Macao SAR, China",prob_gap_widening,Probability the gap is widening,0.0001778012306585,probability
MDG,Madagascar,prob_gap_widening,Probability the gap is widening,0.5642874725898839,probability
MWI,Malawi,prob_gap_widening,Probability the gap is widening,0.512887635692449,probability
MYS,Malaysia,prob_gap_widening,Probability the gap is widening,0.5652909400515413,probability
MDV,Maldives,prob_gap_widening,Probability the gap is widening,0.2174485210767123,probability
MLI,Mali,prob_gap_widening,Probability the gap is widening,0.114838112233746,probability
MLT,Malta,prob_gap_widening,Probability the gap is widening,0.2057116335424858,probability
MRT,Mauritania,prob_gap_widening,Probability the gap is widening,0.5798202187961522,probability
MUS,Mauritius,prob_gap_widening,Probability the gap is widening,0.0942784103400547,probability
MEX,Mexico,prob_gap_widening,Probability the gap is widening,0.0681827751499443,probability
MDA,Moldova,prob_gap_widening,Probability the gap is widening,8.589241182592384e-05,probability
MNG,Mongolia,prob_gap_widening,Probability the gap is widening,0.1006161126111342,probability
MNE,Montenegro,prob_gap_widening,Probability the gap is widening,0.1348237847947327,probability
MAR,Morocco,prob_gap_widening,Probability the gap is widening,0.1263066432747638,probability
MOZ,Mozambique,prob_gap_widening,Probability the gap is widening,0.6912278623052639,probability
MMR,Myanmar,prob_gap_widening,Probability the gap is widening,0.736264624277114,probability
NAM,Namibia,prob_gap_widening,Probability the gap is widening,0.3674075668059815,probability
NPL,Nepal,prob_gap_widening,Probability the gap is widening,0.6309068048397575,probability
NLD,Netherlands,prob_gap_widening,Probability the gap is widening,0.6926311681420618,probability
NCL,New Caledonia,prob_gap_widening,Probability the gap is widening,0.058371612602058,probability
NZL,New Zealand,prob_gap_widening,Probability the gap is widening,0.1017998250638334,probability
NIC,Nicaragua,prob_gap_widening,Probability the gap is widening,0.1618066096346918,probability
NER,Niger,prob_gap_widening,Probability the gap is widening,0.2507508855138404,probability
NGA,Nigeria,prob_gap_widening,Probability the gap is widening,0.1293162832921921,probability
MKD,North Macedonia,prob_gap_widening,Probability the gap is widening,0.1141631473005897,probability
NOR,Norway,prob_gap_widening,Probability the gap is widening,0.472460966454152,probability
OMN,Oman,prob_gap_widening,Probability the gap is widening,0.2958878735582582,probability
PAK,Pakistan,prob_gap_widening,Probability the gap is widening,0.2495953789082787,probability
PAN,Panama,prob_gap_widening,Probability the gap is widening,0.1109751268059882,probability
PNG,Papua New Guinea,prob_gap_widening,Probability the gap is widening,0.5493071502692881,probability
PRY,Paraguay,prob_gap_widening,Probability the gap is widening,0.245214659171596,probability
PER,Peru,prob_gap_widening,Probability the gap is widening,0.1103054899889534,probability
PHL,Philippines,prob_gap_widening,Probability the gap is widening,0.2809768199136041,probability
POL,Poland,prob_gap_widening,Probability the gap is widening,0.1101361410291491,probability
PRT,Portugal,prob_gap_widening,Probability the gap is widening,0.1211565590006006,probability
PRI,Puerto Rico (US),prob_gap_widening,Probability the gap is widening,0.3241802106764073,probability
QAT,Qatar,prob_gap_widening,Probability the gap is widening,3.1330034977216257e-06,probability
ROU,Romania,prob_gap_widening,Probability the gap is widening,0.2598764363421694,probability
RUS,Russian Federation,prob_gap_widening,Probability the gap is widening,0.8468075960081483,probability
RWA,Rwanda,prob_gap_widening,Probability the gap is widening,0.0001065824716043,probability
WSM,Samoa,prob_gap_widening,Probability the gap is widening,0.0103300787095494,probability
STP,Sao Tome and Principe,prob_gap_widening,Probability the gap is widening,0.5720253885704172,probability
SAU,Saudi Arabia,prob_gap_widening,Probability the gap is widening,0.1066171487490907,probability
SEN,Senegal,prob_gap_widening,Probability the gap is widening,0.1981304776475698,probability
SRB,Serbia,prob_gap_widening,Probability the gap is widening,0.0096152709053522,probability
SLE,Sierra Leone,prob_gap_widening,Probability the gap is widening,0.5377470660831305,probability
SGP,Singapore,prob_gap_widening,Probability the gap is widening,0.0025837775464797,probability
SVK,Slovak Republic,prob_gap_widening,Probability the gap is widening,0.0019140782473609,probability
SVN,Slovenia,prob_gap_widening,Probability the gap is widening,0.005611789572685,probability
SLB,Solomon Islands,prob_gap_widening,Probability the gap is widening,0.6933114327777233,probability
SOM,"Somalia, Fed. Rep.",prob_gap_widening,Probability the gap is widening,0.3851337687597496,probability
ZAF,South Africa,prob_gap_widening,Probability the gap is widening,0.0004179003027657,probability
SSD,South Sudan,prob_gap_widening,Probability the gap is widening,0.1057047926799777,probability
ESP,Spain,prob_gap_widening,Probability the gap is widening,0.0001262115319348,probability
LKA,Sri Lanka,prob_gap_widening,Probability the gap is widening,0.0626027601830836,probability
LCA,St. Lucia,prob_gap_widening,Probability the gap is widening,2.578732525237485e-07,probability
VCT,St. Vincent and the Grenadines,prob_gap_widening,Probability the gap is widening,0.0462499787481584,probability
SDN,Sudan,prob_gap_widening,Probability the gap is widening,2.6535266491128994e-14,probability
SUR,Suriname,prob_gap_widening,Probability the gap is widening,0.0803932216930528,probability
SWE,Sweden,prob_gap_widening,Probability the gap is widening,0.0053676092422671,probability
CHE,Switzerland,prob_gap_widening,Probability the gap is widening,0.1305585915393569,probability
SYR,Syrian Arab Republic,prob_gap_widening,Probability the gap is widening,0.2994392047333566,probability
TJK,Tajikistan,prob_gap_widening,Probability the gap is widening,0.4107917527516953,probability
TZA,Tanzania,prob_gap_widening,Probability the gap is widening,0.9539584469762707,probability
THA,Thailand,prob_gap_widening,Probability the gap is widening,0.9203315411459816,probability
TLS,Timor-Leste,prob_gap_widening,Probability the gap is widening,0.0017442992297991,probability
TGO,Togo,prob_gap_widening,Probability the gap is widening,0.5696868322308088,probability
TON,Tonga,prob_gap_widening,Probability the gap is widening,0.0016342889064634,probability
TTO,Trinidad and Tobago,prob_gap_widening,Probability the gap is widening,1.0908954131170566e-05,probability
TUN,Tunisia,prob_gap_widening,Probability the gap is widening,0.0932989323060004,probability
TUR,Turkiye,prob_gap_widening,Probability the gap is widening,0.3275241661673124,probability
TKM,Turkmenistan,prob_gap_widening,Probability the gap is widening,0.8762329272979587,probability
UGA,Uganda,prob_gap_widening,Probability the gap is widening,0.5089046986122117,probability
UKR,Ukraine,prob_gap_widening,Probability the gap is widening,2.820066647073058e-09,probability
ARE,United Arab Emirates,prob_gap_widening,Probability the gap is widening,0.1244689104318069,probability
GBR,United Kingdom,prob_gap_widening,Probability the gap is widening,0.23834866809842,probability
USA,United States,prob_gap_widening,Probability the gap is widening,0.161260236542549,probability
URY,Uruguay,prob_gap_widening,Probability the gap is widening,0.0724381552122273,probability
UZB,Uzbekistan,prob_gap_widening,Probability the gap is widening,0.3465848254951883,probability
VUT,Vanuatu,prob_gap_widening,Probability the gap is widening,0.4439231149610523,probability
VEN,"Venezuela, RB",prob_gap_widening,Probability the gap is widening,0.0203977523204685,probability
VNM,Viet Nam,prob_gap_widening,Probability the gap is widening,0.34078079617241,probability
VIR,Virgin Islands (U.S.),prob_gap_widening,Probability the gap is widening,0.2234608817328347,probability
PSE,West Bank and Gaza,prob_gap_widening,Probability the gap is widening,9.637145180122649e-09,probability
YEM,"Yemen, Rep.",prob_gap_widening,Probability the gap is widening,0.4185407943968749,probability
ZMB,Zambia,prob_gap_widening,Probability the gap is widening,0.1069042092081372,probability
ZWE,Zimbabwe,prob_gap_widening,Probability the gap is widening,0.3010913092968292,probability
AFG,Afghanistan,prob_employment_gap_halves_within_10y,Chance of halving the employment gap within 10 years,1.0,probability
ALB,Albania,prob_employment_gap_halves_within_10y,Chance of halving the employment gap within 10 years,0.0,probability
DZA,Algeria,prob_employment_gap_halves_within_10y,Chance of halving the employment gap within 10 years,0.0,probability
AGO,Angola,prob_employment_gap_halves_within_10y,Chance of halving the employment gap within 10 years,0.0453333333333333,probability
ARG,Argentina,prob_employment_gap_halves_within_10y,Chance of halving the employment gap within 10 years,0.0,probability
ARM,Armenia,prob_employment_gap_halves_within_10y,Chance of halving the employment gap within 10 years,1.0,probability
AUS,Australia,prob_employment_gap_halves_within_10y,Chance of halving the employment gap within 10 years,0.163,probability
AUT,Austria,prob_employment_gap_halves_within_10y,Chance of halving the employment gap within 10 years,0.164,probability
AZE,Azerbaijan,prob_employment_gap_halves_within_10y,Chance of halving the employment gap within 10 years,0.0,probability
BHS,"Bahamas, The",prob_employment_gap_halves_within_10y,Chance of halving the employment gap within 10 years,0.9073333333333332,probability
BHR,Bahrain,prob_employment_gap_halves_within_10y,Chance of halving the employment gap within 10 years,0.0,probability
BGD,Bangladesh,prob_employment_gap_halves_within_10y,Chance of halving the employment gap within 10 years,0.0,probability
BRB,Barbados,prob_employment_gap_halves_within_10y,Chance of halving the employment gap within 10 years,0.9966666666666668,probability
BLR,Belarus,prob_employment_gap_halves_within_10y,Chance of halving the employment gap within 10 years,0.0,probability
BEL,Belgium,prob_employment_gap_halves_within_10y,Chance of halving the employment gap within 10 years,0.28,probability
BLZ,Belize,prob_employment_gap_halves_within_10y,Chance of halving the employment gap within 10 years,0.0,probability
BEN,Benin,prob_employment_gap_halves_within_10y,Chance of halving the employment gap within 10 years,0.0293333333333333,probability
BTN,Bhutan,prob_employment_gap_halves_within_10y,Chance of halving the employment gap within 10 years,1.0,probability
BOL,Bolivia,prob_employment_gap_halves_within_10y,Chance of halving the employment gap within 10 years,0.0,probability
BIH,Bosnia and Herzegovina,prob_employment_gap_halves_within_10y,Chance of halving the employment gap within 10 years,0.0,probability
BWA,Botswana,prob_employment_gap_halves_within_10y,Chance of halving the employment gap within 10 years,0.957,probability
BRA,Brazil,prob_employment_gap_halves_within_10y,Chance of halving the employment gap within 10 years,0.0,probability
BRN,Brunei Darussalam,prob_employment_gap_halves_within_10y,Chance of halving the employment gap within 10 years,0.0,probability
BGR,Bulgaria,prob_employment_gap_halves_within_10y,Chance of halving the employment gap within 10 years,0.0003333333333333,probability
BFA,Burkina Faso,prob_employment_gap_halves_within_10y,Chance of halving the employment gap within 10 years,0.1963333333333333,probability
BDI,Burundi,prob_employment_gap_halves_within_10y,Chance of halving the employment gap within 10 years,0.216,probability
CPV,Cabo Verde,prob_employment_gap_halves_within_10y,Chance of halving the employment gap within 10 years,0.0746666666666666,probability
KHM,Cambodia,prob_employment_gap_halves_within_10y,Chance of halving the employment gap within 10 years,0.0,probability
CMR,Cameroon,prob_employment_gap_halves_within_10y,Chance of halving the employment gap within 10 years,0.0,probability
CAN,Canada,prob_employment_gap_halves_within_10y,Chance of halving the employment gap within 10 years,0.465,probability
CAF,Central African Republic,prob_employment_gap_halves_within_10y,Chance of halving the employment gap within 10 years,0.0,probability
TCD,Chad,prob_employment_gap_halves_within_10y,Chance of halving the employment gap within 10 years,0.0,probability
CHL,Chile,prob_employment_gap_halves_within_10y,Chance of halving the employment gap within 10 years,0.0,probability
CHN,China,prob_employment_gap_halves_within_10y,Chance of halving the employment gap within 10 years,0.0413333333333333,probability
COL,Colombia,prob_employment_gap_halves_within_10y,Chance of halving the employment gap within 10 years,0.0,probability
COM,Comoros,prob_employment_gap_halves_within_10y,Chance of halving the employment gap within 10 years,0.0,probability
COD,"Congo, Dem. Rep.",prob_employment_gap_halves_within_10y,Chance of halving the employment gap within 10 years,0.0,probability
COG,"Congo, Rep.",prob_employment_gap_halves_within_10y,Chance of halving the employment gap within 10 years,0.0016666666666666,probability
CRI,Costa Rica,prob_employment_gap_halves_within_10y,Chance of halving the employment gap within 10 years,0.0,probability
CIV,Cote d'Ivoire,prob_employment_gap_halves_within_10y,Chance of halving the employment gap within 10 years,0.0,probability
HRV,Croatia,prob_employment_gap_halves_within_10y,Chance of halving the employment gap within 10 years,0.0036666666666666,probability
CUB,Cuba,prob_employment_gap_halves_within_10y,Chance of halving the employment gap within 10 years,0.539,probability
CYP,Cyprus,prob_employment_gap_halves_within_10y,Chance of halving the employment gap within 10 years,0.0096666666666666,probability
CZE,Czechia,prob_employment_gap_halves_within_10y,Chance of halving the employment gap within 10 years,0.0,probability
DNK,Denmark,prob_employment_gap_halves_within_10y,Chance of halving the employment gap within 10 years,0.4036666666666667,probability
DJI,Djibouti,prob_employment_gap_halves_within_10y,Chance of halving the employment gap within 10 years,0.0,probability
DOM,Dominican Republic,prob_employment_gap_halves_within_10y,Chance of halving the employment gap within 10 years,0.0,probability
ECU,Ecuador,prob_employment_gap_halves_within_10y,Chance of halving the employment gap within 10 years,0.0,probability
EGY,"Egypt, Arab Rep.",prob_employment_gap_halves_within_10y,Chance of halving the employment gap within 10 years,0.0,probability
SLV,El Salvador,prob_employment_gap_halves_within_10y,Chance of halving the employment gap within 10 years,0.0,probability
GNQ,Equatorial Guinea,prob_employment_gap_halves_within_10y,Chance of halving the employment gap within 10 years,0.0066666666666666,probability
ERI,Eritrea,prob_employment_gap_halves_within_10y,Chance of halving the employment gap within 10 years,0.0,probability
EST,Estonia,prob_employment_gap_halves_within_10y,Chance of halving the employment gap within 10 years,0.176,probability
SWZ,Eswatini,prob_employment_gap_halves_within_10y,Chance of halving the employment gap within 10 years,0.2063333333333333,probability
ETH,Ethiopia,prob_employment_gap_halves_within_10y,Chance of halving the employment gap within 10 years,0.0,probability
FJI,Fiji,prob_employment_gap_halves_within_10y,Chance of halving the employment gap within 10 years,0.0,probability
FIN,Finland,prob_employment_gap_halves_within_10y,Chance of halving the employment gap within 10 years,0.907,probability
FRA,France,prob_employment_gap_halves_within_10y,Chance of halving the employment gap within 10 years,0.3376666666666666,probability
PYF,French Polynesia,prob_employment_gap_halves_within_10y,Chance of halving the employment gap within 10 years,0.098,probability
GAB,Gabon,prob_employment_gap_halves_within_10y,Chance of halving the employment gap within 10 years,0.0,probability
GMB,"Gambia, The",prob_employment_gap_halves_within_10y,Chance of halving the employment gap within 10 years,0.0046666666666666,probability
GEO,Georgia,prob_employment_gap_halves_within_10y,Chance of halving the employment gap within 10 years,0.0016666666666666,probability
DEU,Germany,prob_employment_gap_halves_within_10y,Chance of halving the employment gap within 10 years,0.578,probability
GHA,Ghana,prob_employment_gap_halves_within_10y,Chance of halving the employment gap within 10 years,0.0,probability
GRC,Greece,prob_employment_gap_halves_within_10y,Chance of halving the employment gap within 10 years,0.0,probability
GUM,Guam,prob_employment_gap_halves_within_10y,Chance of halving the employment gap within 10 years,0.8246666666666667,probability
GTM,Guatemala,prob_employment_gap_halves_within_10y,Chance of halving the employment gap within 10 years,0.0,probability
GIN,Guinea,prob_employment_gap_halves_within_10y,Chance of halving the employment gap within 10 years,0.0,probability
GNB,Guinea-Bissau,prob_employment_gap_halves_within_10y,Chance of halving the employment gap within 10 years,0.0,probability
GUY,Guyana,prob_employment_gap_halves_within_10y,Chance of halving the employment gap within 10 years,0.0,probability
HTI,Haiti,prob_employment_gap_halves_within_10y,Chance of halving the employment gap within 10 years,0.002,probability
HND,Honduras,prob_employment_gap_halves_within_10y,Chance of halving the employment gap within 10 years,0.5916666666666667,probability
HKG,"Hong Kong SAR, China",prob_employment_gap_halves_within_10y,Chance of halving the employment gap within 10 years,0.9203333333333332,probability
HUN,Hungary,prob_employment_gap_halves_within_10y,Chance of halving the employment gap within 10 years,0.0,probability
ISL,Iceland,prob_employment_gap_halves_within_10y,Chance of halving the employment gap within 10 years,0.7363333333333333,probability
IND,India,prob_employment_gap_halves_within_10y,Chance of halving the employment gap within 10 years,0.0,probability
IDN,Indonesia,prob_employment_gap_halves_within_10y,Chance of halving the employment gap within 10 years,0.0,probability
IRN,"Iran, Islamic Rep.",prob_employment_gap_halves_within_10y,Chance of halving the employment gap within 10 years,0.0,probability
IRQ,Iraq,prob_employment_gap_halves_within_10y,Chance of halving the employment gap within 10 years,0.0,probability
IRL,Ireland,prob_employment_gap_halves_within_10y,Chance of halving the employment gap within 10 years,0.7666666666666667,probability
ISR,Israel,prob_employment_gap_halves_within_10y,Chance of halving the employment gap within 10 years,0.0486666666666666,probability
ITA,Italy,prob_employment_gap_halves_within_10y,Chance of halving the employment gap within 10 years,0.0096666666666666,probability
JAM,Jamaica,prob_employment_gap_halves_within_10y,Chance of halving the employment gap within 10 years,0.0,probability
JPN,Japan,prob_employment_gap_halves_within_10y,Chance of halving the employment gap within 10 years,0.012,probability
JOR,Jordan,prob_employment_gap_halves_within_10y,Chance of halving the employment gap within 10 years,0.0,probability
KAZ,Kazakhstan,prob_employment_gap_halves_within_10y,Chance of halving the employment gap within 10 years,0.0003333333333333,probability
KEN,Kenya,prob_employment_gap_halves_within_10y,Chance of halving the employment gap within 10 years,0.0,probability
PRK,"Korea, Dem. People's Rep.",prob_employment_gap_halves_within_10y,Chance of halving the employment gap within 10 years,0.0013333333333333,probability
KOR,"Korea, Rep.",prob_employment_gap_halves_within_10y,Chance of halving the employment gap within 10 years,0.0,probability
KWT,Kuwait,prob_employment_gap_halves_within_10y,Chance of halving the employment gap within 10 years,0.0,probability
KGZ,Kyrgyz Republic,prob_employment_gap_halves_within_10y,Chance of halving the employment gap within 10 years,0.0,probability
LAO,Lao PDR,prob_employment_gap_halves_within_10y,Chance of halving the employment gap within 10 years,0.034,probability
LVA,Latvia,prob_employment_gap_halves_within_10y,Chance of halving the employment gap within 10 years,0.0283333333333333,probability
LSO,Lesotho,prob_employment_gap_halves_within_10y,Chance of halving the employment gap within 10 years,0.0,probability
LBR,Liberia,prob_employment_gap_halves_within_10y,Chance of halving the employment gap within 10 years,0.0033333333333333,probability
LBY,Libya,prob_employment_gap_halves_within_10y,Chance of halving the employment gap within 10 years,0.0,probability
LTU,Lithuania,prob_employment_gap_halves_within_10y,Chance of halving the employment gap within 10 years,0.801,probability
LUX,Luxembourg,prob_employment_gap_halves_within_10y,Chance of halving the employment gap within 10 years,0.5993333333333334,probability
MAC,"Macao SAR, China",prob_employment_gap_halves_within_10y,Chance of halving the employment gap within 10 years,0.9433333333333334,probability
MDG,Madagascar,prob_employment_gap_halves_within_10y,Chance of halving the employment gap within 10 years,0.1206666666666666,probability
MWI,Malawi,prob_employment_gap_halves_within_10y,Chance of halving the employment gap within 10 years,0.0006666666666666,probability
MYS,Malaysia,prob_employment_gap_halves_within_10y,Chance of halving the employment gap within 10 years,0.004,probability
MDV,Maldives,prob_employment_gap_halves_within_10y,Chance of halving the employment gap within 10 years,0.0003333333333333,probability
MLI,Mali,prob_employment_gap_halves_within_10y,Chance of halving the employment gap within 10 years,0.0,probability
MLT,Malta,prob_employment_gap_halves_within_10y,Chance of halving the employment gap within 10 years,0.0,probability
MRT,Mauritania,prob_employment_gap_halves_within_10y,Chance of halving the employment gap within 10 years,0.0,probability
MUS,Mauritius,prob_employment_gap_halves_within_10y,Chance of halving the employment gap within 10 years,0.0006666666666666,probability
MEX,Mexico,prob_employment_gap_halves_within_10y,Chance of halving the employment gap within 10 years,0.0,probability
MDA,Moldova,prob_employment_gap_halves_within_10y,Chance of halving the employment gap within 10 years,0.6856666666666666,probability
MNG,Mongolia,prob_employment_gap_halves_within_10y,Chance of halving the employment gap within 10 years,0.0,probability
MNE,Montenegro,prob_employment_gap_halves_within_10y,Chance of halving the employment gap within 10 years,0.7436666666666667,probability
MAR,Morocco,prob_employment_gap_halves_within_10y,Chance of halving the employment gap within 10 years,0.0,probability
MOZ,Mozambique,prob_employment_gap_halves_within_10y,Chance of halving the employment gap within 10 years,0.04,probability
MMR,Myanmar,prob_employment_gap_halves_within_10y,Chance of halving the employment gap within 10 years,0.0,probability
NAM,Namibia,prob_employment_gap_halves_within_10y,Chance of halving the employment gap within 10 years,0.984,probability
NPL,Nepal,prob_employment_gap_halves_within_10y,Chance of halving the employment gap within 10 years,0.0,probability
NLD,Netherlands,prob_employment_gap_halves_within_10y,Chance of halving the employment gap within 10 years,0.5963333333333334,probability
NCL,New Caledonia,prob_employment_gap_halves_within_10y,Chance of halving the employment gap within 10 years,1.0,probability
NZL,New Zealand,prob_employment_gap_halves_within_10y,Chance of halving the employment gap within 10 years,0.3633333333333333,probability
NIC,Nicaragua,prob_employment_gap_halves_within_10y,Chance of halving the employment gap within 10 years,0.0,probability
NER,Niger,prob_employment_gap_halves_within_10y,Chance of halving the employment gap within 10 years,0.0,probability
NGA,Nigeria,prob_employment_gap_halves_within_10y,Chance of halving the employment gap within 10 years,0.0,probability
MKD,North Macedonia,prob_employment_gap_halves_within_10y,Chance of halving the employment gap within 10 years,0.0,probability
NOR,Norway,prob_employment_gap_halves_within_10y,Chance of halving the employment gap within 10 years,0.982,probability
OMN,Oman,prob_employment_gap_halves_within_10y,Chance of halving the employment gap within 10 years,0.0,probability
PAK,Pakistan,prob_employment_gap_halves_within_10y,Chance of halving the employment gap within 10 years,0.0,probability
PAN,Panama,prob_employment_gap_halves_within_10y,Chance of halving the employment gap within 10 years,0.0,probability
PNG,Papua New Guinea,prob_employment_gap_halves_within_10y,Chance of halving the employment gap within 10 years,0.791,probability
PRY,Paraguay,prob_employment_gap_halves_within_10y,Chance of halving the employment gap within 10 years,0.0,probability
PER,Peru,prob_employment_gap_halves_within_10y,Chance of halving the employment gap within 10 years,0.0,probability
PHL,Philippines,prob_employment_gap_halves_within_10y,Chance of halving the employment gap within 10 years,0.0,probability
POL,Poland,prob_employment_gap_halves_within_10y,Chance of halving the employment gap within 10 years,0.0,probability
PRT,Portugal,prob_employment_gap_halves_within_10y,Chance of halving the employment gap within 10 years,0.2993333333333333,probability
PRI,Puerto Rico (US),prob_employment_gap_halves_within_10y,Chance of halving the employment gap within 10 years,0.9996666666666668,probability
QAT,Qatar,prob_employment_gap_halves_within_10y,Chance of halving the employment gap within 10 years,0.0,probability
ROU,Romania,prob_employment_gap_halves_within_10y,Chance of halving the employment gap within 10 years,0.004,probability
RUS,Russian Federation,prob_employment_gap_halves_within_10y,Chance of halving the employment gap within 10 years,0.0003333333333333,probability
RWA,Rwanda,prob_employment_gap_halves_within_10y,Chance of halving the employment gap within 10 years,0.1283333333333333,probability
WSM,Samoa,prob_employment_gap_halves_within_10y,Chance of halving the employment gap within 10 years,0.0,probability
STP,Sao Tome and Principe,prob_employment_gap_halves_within_10y,Chance of halving the employment gap within 10 years,0.176,probability
SAU,Saudi Arabia,prob_employment_gap_halves_within_10y,Chance of halving the employment gap within 10 years,0.0,probability
SEN,Senegal,prob_employment_gap_halves_within_10y,Chance of halving the employment gap within 10 years,0.0,probability
SRB,Serbia,prob_employment_gap_halves_within_10y,Chance of halving the employment gap within 10 years,0.0,probability
SLE,Sierra Leone,prob_employment_gap_halves_within_10y,Chance of halving the employment gap within 10 years,0.185,probability
SGP,Singapore,prob_employment_gap_halves_within_10y,Chance of halving the employment gap within 10 years,0.3363333333333333,probability
SVK,Slovak Republic,prob_employment_gap_halves_within_10y,Chance of halving the employment gap within 10 years,0.003,probability
SVN,Slovenia,prob_employment_gap_halves_within_10y,Chance of halving the employment gap within 10 years,0.19,probability
SLB,Solomon Islands,prob_employment_gap_halves_within_10y,Chance of halving the employment gap within 10 years,0.0063333333333333,probability
SOM,"Somalia, Fed. Rep.",prob_employment_gap_halves_within_10y,Chance of halving the employment gap within 10 years,0.0,probability
ZAF,South Africa,prob_employment_gap_halves_within_10y,Chance of halving the employment gap within 10 years,0.0,probability
SSD,South Sudan,prob_employment_gap_halves_within_10y,Chance of halving the employment gap within 10 years,0.026,probability
ESP,Spain,prob_employment_gap_halves_within_10y,Chance of halving the employment gap within 10 years,0.002,probability
LKA,Sri Lanka,prob_employment_gap_halves_within_10y,Chance of halving the employment gap within 10 years,0.0,probability
LCA,St. Lucia,prob_employment_gap_halves_within_10y,Chance of halving the employment gap within 10 years,0.04,probability
VCT,St. Vincent and the Grenadines,prob_employment_gap_halves_within_10y,Chance of halving the employment gap within 10 years,0.022,probability
SDN,Sudan,prob_employment_gap_halves_within_10y,Chance of halving the employment gap within 10 years,0.0,probability
SUR,Suriname,prob_employment_gap_halves_within_10y,Chance of halving the employment gap within 10 years,0.0,probability
SWE,Sweden,prob_employment_gap_halves_within_10y,Chance of halving the employment gap within 10 years,0.9766666666666668,probability
CHE,Switzerland,prob_employment_gap_halves_within_10y,Chance of halving the employment gap within 10 years,0.22,probability
SYR,Syrian Arab Republic,prob_employment_gap_halves_within_10y,Chance of halving the employment gap within 10 years,0.0,probability
TJK,Tajikistan,prob_employment_gap_halves_within_10y,Chance of halving the employment gap within 10 years,0.0,probability
TZA,Tanzania,prob_employment_gap_halves_within_10y,Chance of halving the employment gap within 10 years,0.0003333333333333,probability
THA,Thailand,prob_employment_gap_halves_within_10y,Chance of halving the employment gap within 10 years,0.0,probability
TLS,Timor-Leste,prob_employment_gap_halves_within_10y,Chance of halving the employment gap within 10 years,0.0,probability
TGO,Togo,prob_employment_gap_halves_within_10y,Chance of halving the employment gap within 10 years,0.0006666666666666,probability
TON,Tonga,prob_employment_gap_halves_within_10y,Chance of halving the employment gap within 10 years,0.0,probability
TTO,Trinidad and Tobago,prob_employment_gap_halves_within_10y,Chance of halving the employment gap within 10 years,0.0036666666666666,probability
TUN,Tunisia,prob_employment_gap_halves_within_10y,Chance of halving the employment gap within 10 years,0.0,probability
TUR,Turkiye,prob_employment_gap_halves_within_10y,Chance of halving the employment gap within 10 years,0.0,probability
TKM,Turkmenistan,prob_employment_gap_halves_within_10y,Chance of halving the employment gap within 10 years,0.393,probability
UGA,Uganda,prob_employment_gap_halves_within_10y,Chance of halving the employment gap within 10 years,0.004,probability
ARE,United Arab Emirates,prob_employment_gap_halves_within_10y,Chance of halving the employment gap within 10 years,0.0053333333333333,probability
GBR,United Kingdom,prob_employment_gap_halves_within_10y,Chance of halving the employment gap within 10 years,0.6636666666666666,probability
USA,United States,prob_employment_gap_halves_within_10y,Chance of halving the employment gap within 10 years,0.033,probability
URY,Uruguay,prob_employment_gap_halves_within_10y,Chance of halving the employment gap within 10 years,0.0026666666666666,probability
UZB,Uzbekistan,prob_employment_gap_halves_within_10y,Chance of halving the employment gap within 10 years,0.0,probability
VUT,Vanuatu,prob_employment_gap_halves_within_10y,Chance of halving the employment gap within 10 years,0.948,probability
VEN,"Venezuela, RB",prob_employment_gap_halves_within_10y,Chance of halving the employment gap within 10 years,0.95,probability
VNM,Viet Nam,prob_employment_gap_halves_within_10y,Chance of halving the employment gap within 10 years,0.0,probability
VIR,Virgin Islands (U.S.),prob_employment_gap_halves_within_10y,Chance of halving the employment gap within 10 years,0.1076666666666666,probability
YEM,"Yemen, Rep.",prob_employment_gap_halves_within_10y,Chance of halving the employment gap within 10 years,0.0,probability
ZMB,Zambia,prob_employment_gap_halves_within_10y,Chance of halving the employment gap within 10 years,0.0,probability
ZWE,Zimbabwe,prob_employment_gap_halves_within_10y,Chance of halving the employment gap within 10 years,0.0003333333333333,probability
AFG,Afghanistan,prob_gap_not_halved_within_15y,Risk the employment gap remains sticky,0.0,probability
ALB,Albania,prob_gap_not_halved_within_15y,Risk the employment gap remains sticky,1.0,probability
DZA,Algeria,prob_gap_not_halved_within_15y,Risk the employment gap remains sticky,1.0,probability
AGO,Angola,prob_gap_not_halved_within_15y,Risk the employment gap remains sticky,0.1096666666666666,probability
ARG,Argentina,prob_gap_not_halved_within_15y,Risk the employment gap remains sticky,1.0,probability
ARM,Armenia,prob_gap_not_halved_within_15y,Risk the employment gap remains sticky,0.0,probability
AUS,Australia,prob_gap_not_halved_within_15y,Risk the employment gap remains sticky,0.597,probability
AUT,Austria,prob_gap_not_halved_within_15y,Risk the employment gap remains sticky,0.624,probability
AZE,Azerbaijan,prob_gap_not_halved_within_15y,Risk the employment gap remains sticky,1.0,probability
BHS,"Bahamas, The",prob_gap_not_halved_within_15y,Risk the employment gap remains sticky,0.074,probability
BHR,Bahrain,prob_gap_not_halved_within_15y,Risk the employment gap remains sticky,1.0,probability
BGD,Bangladesh,prob_gap_not_halved_within_15y,Risk the employment gap remains sticky,1.0,probability
BRB,Barbados,prob_gap_not_halved_within_15y,Risk the employment gap remains sticky,0.0,probability
BLR,Belarus,prob_gap_not_halved_within_15y,Risk the employment gap remains sticky,0.9976666666666668,probability
BEL,Belgium,prob_gap_not_halved_within_15y,Risk the employment gap remains sticky,0.448,probability
BLZ,Belize,prob_gap_not_halved_within_15y,Risk the employment gap remains sticky,1.0,probability
BEN,Benin,prob_gap_not_halved_within_15y,Risk the employment gap remains sticky,0.9673333333333334,probability
BTN,Bhutan,prob_gap_not_halved_within_15y,Risk the employment gap remains sticky,0.0,probability
BOL,Bolivia,prob_gap_not_halved_within_15y,Risk the employment gap remains sticky,1.0,probability
BIH,Bosnia and Herzegovina,prob_gap_not_halved_within_15y,Risk the employment gap remains sticky,1.0,probability
BWA,Botswana,prob_gap_not_halved_within_15y,Risk the employment gap remains sticky,0.0,probability
BRA,Brazil,prob_gap_not_halved_within_15y,Risk the employment gap remains sticky,1.0,probability
BRN,Brunei Darussalam,prob_gap_not_halved_within_15y,Risk the employment gap remains sticky,1.0,probability
BGR,Bulgaria,prob_gap_not_halved_within_15y,Risk the employment gap remains sticky,0.9983333333333332,probability
BFA,Burkina Faso,prob_gap_not_halved_within_15y,Risk the employment gap remains sticky,0.0406666666666666,probability
BDI,Burundi,prob_gap_not_halved_within_15y,Risk the employment gap remains sticky,0.784,probability
CPV,Cabo Verde,prob_gap_not_halved_within_15y,Risk the employment gap remains sticky,0.3456666666666667,probability
KHM,Cambodia,prob_gap_not_halved_within_15y,Risk the employment gap remains sticky,1.0,probability
CMR,Cameroon,prob_gap_not_halved_within_15y,Risk the employment gap remains sticky,1.0,probability
CAN,Canada,prob_gap_not_halved_within_15y,Risk the employment gap remains sticky,0.14,probability
CAF,Central African Republic,prob_gap_not_halved_within_15y,Risk the employment gap remains sticky,1.0,probability
TCD,Chad,prob_gap_not_halved_within_15y,Risk the employment gap remains sticky,1.0,probability
CHL,Chile,prob_gap_not_halved_within_15y,Risk the employment gap remains sticky,1.0,probability
CHN,China,prob_gap_not_halved_within_15y,Risk the employment gap remains sticky,0.8623333333333333,probability
COL,Colombia,prob_gap_not_halved_within_15y,Risk the employment gap remains sticky,1.0,probability
COM,Comoros,prob_gap_not_halved_within_15y,Risk the employment gap remains sticky,1.0,probability
COD,"Congo, Dem. Rep.",prob_gap_not_halved_within_15y,Risk the employment gap remains sticky,1.0,probability
COG,"Congo, Rep.",prob_gap_not_halved_within_15y,Risk the employment gap remains sticky,0.9603333333333334,probability
CRI,Costa Rica,prob_gap_not_halved_within_15y,Risk the employment gap remains sticky,1.0,probability
CIV,Cote d'Ivoire,prob_gap_not_halved_within_15y,Risk the employment gap remains sticky,1.0,probability
HRV,Croatia,prob_gap_not_halved_within_15y,Risk the employment gap remains sticky,0.9963333333333332,probability
CUB,Cuba,prob_gap_not_halved_within_15y,Risk the employment gap remains sticky,0.0,probability
CYP,Cyprus,prob_gap_not_halved_within_15y,Risk the employment gap remains sticky,0.9903333333333332,probability
CZE,Czechia,prob_gap_not_halved_within_15y,Risk the employment gap remains sticky,1.0,probability
DNK,Denmark,prob_gap_not_halved_within_15y,Risk the employment gap remains sticky,0.1086666666666666,probability
DJI,Djibouti,prob_gap_not_halved_within_15y,Risk the employment gap remains sticky,1.0,probability
DOM,Dominican Republic,prob_gap_not_halved_within_15y,Risk the employment gap remains sticky,1.0,probability
ECU,Ecuador,prob_gap_not_halved_within_15y,Risk the employment gap remains sticky,1.0,probability
EGY,"Egypt, Arab Rep.",prob_gap_not_halved_within_15y,Risk the employment gap remains sticky,1.0,probability
SLV,El Salvador,prob_gap_not_halved_within_15y,Risk the employment gap remains sticky,1.0,probability
GNQ,Equatorial Guinea,prob_gap_not_halved_within_15y,Risk the employment gap remains sticky,0.5423333333333333,probability
ERI,Eritrea,prob_gap_not_halved_within_15y,Risk the employment gap remains sticky,0.9973333333333332,probability
EST,Estonia,prob_gap_not_halved_within_15y,Risk the employment gap remains sticky,0.3416666666666667,probability
SWZ,Eswatini,prob_gap_not_halved_within_15y,Risk the employment gap remains sticky,0.0663333333333333,probability
ETH,Ethiopia,prob_gap_not_halved_within_15y,Risk the employment gap remains sticky,1.0,probability
FJI,Fiji,prob_gap_not_halved_within_15y,Risk the employment gap remains sticky,0.624,probability
FIN,Finland,prob_gap_not_halved_within_15y,Risk the employment gap remains sticky,0.0646666666666666,probability
FRA,France,prob_gap_not_halved_within_15y,Risk the employment gap remains sticky,0.2733333333333333,probability
PYF,French Polynesia,prob_gap_not_halved_within_15y,Risk the employment gap remains sticky,0.4613333333333333,probability
GAB,Gabon,prob_gap_not_halved_within_15y,Risk the employment gap remains sticky,1.0,probability
GMB,"Gambia, The",prob_gap_not_halved_within_15y,Risk the employment gap remains sticky,0.9393333333333334,probability
GEO,Georgia,prob_gap_not_halved_within_15y,Risk the employment gap remains sticky,0.9946666666666668,probability
DEU,Germany,prob_gap_not_halved_within_15y,Risk the employment gap remains sticky,0.0273333333333333,probability
GHA,Ghana,prob_gap_not_halved_within_15y,Risk the employment gap remains sticky,0.9996666666666668,probability
GRC,Greece,prob_gap_not_halved_within_15y,Risk the employment gap remains sticky,1.0,probability
GUM,Guam,prob_gap_not_halved_within_15y,Risk the employment gap remains sticky,0.001,probability
GTM,Guatemala,prob_gap_not_halved_within_15y,Risk the employment gap remains sticky,0.104,probability
GIN,Guinea,prob_gap_not_halved_within_15y,Risk the employment gap remains sticky,1.0,probability
GNB,Guinea-Bissau,prob_gap_not_halved_within_15y,Risk the employment gap remains sticky,1.0,probability
GUY,Guyana,prob_gap_not_halved_within_15y,Risk the employment gap remains sticky,1.0,probability
HTI,Haiti,prob_gap_not_halved_within_15y,Risk the employment gap remains sticky,0.425,probability
HND,Honduras,prob_gap_not_halved_within_15y,Risk the employment gap remains sticky,0.0,probability
HKG,"Hong Kong SAR, China",prob_gap_not_halved_within_15y,Risk the employment gap remains sticky,0.001,probability
HUN,Hungary,prob_gap_not_halved_within_15y,Risk the employment gap remains sticky,1.0,probability
ISL,Iceland,prob_gap_not_halved_within_15y,Risk the employment gap remains sticky,0.0023333333333333,probability
IND,India,prob_gap_not_halved_within_15y,Risk the employment gap remains sticky,1.0,probability
IDN,Indonesia,prob_gap_not_halved_within_15y,Risk the employment gap remains sticky,0.9546666666666668,probability
IRN,"Iran, Islamic Rep.",prob_gap_not_halved_within_15y,Risk the employment gap remains sticky,1.0,probability
IRQ,Iraq,prob_gap_not_halved_within_15y,Risk the employment gap remains sticky,1.0,probability
IRL,Ireland,prob_gap_not_halved_within_15y,Risk the employment gap remains sticky,0.006,probability
ISR,Israel,prob_gap_not_halved_within_15y,Risk the employment gap remains sticky,0.934,probability
ITA,Italy,prob_gap_not_halved_within_15y,Risk the employment gap remains sticky,0.7176666666666667,probability
JAM,Jamaica,prob_gap_not_halved_within_15y,Risk the employment gap remains sticky,1.0,probability
JPN,Japan,prob_gap_not_halved_within_15y,Risk the employment gap remains sticky,0.8243333333333334,probability
JOR,Jordan,prob_gap_not_halved_within_15y,Risk the employment gap remains sticky,1.0,probability
KAZ,Kazakhstan,prob_gap_not_halved_within_15y,Risk the employment gap remains sticky,0.9983333333333332,probability
KEN,Kenya,prob_gap_not_halved_within_15y,Risk the employment gap remains sticky,1.0,probability
PRK,"Korea, Dem. People's Rep.",prob_gap_not_halved_within_15y,Risk the employment gap remains sticky,0.976,probability
KOR,"Korea, Rep.",prob_gap_not_halved_within_15y,Risk the employment gap remains sticky,0.9996666666666668,probability
KWT,Kuwait,prob_gap_not_halved_within_15y,Risk the employment gap remains sticky,0.91,probability
KGZ,Kyrgyz Republic,prob_gap_not_halved_within_15y,Risk the employment gap remains sticky,1.0,probability
LAO,Lao PDR,prob_gap_not_halved_within_15y,Risk the employment gap remains sticky,0.8133333333333334,probability
LVA,Latvia,prob_gap_not_halved_within_15y,Risk the employment gap remains sticky,0.887,probability
LSO,Lesotho,prob_gap_not_halved_within_15y,Risk the employment gap remains sticky,0.979,probability
LBR,Liberia,prob_gap_not_halved_within_15y,Risk the employment gap remains sticky,0.9583333333333334,probability
LBY,Libya,prob_gap_not_halved_within_15y,Risk the employment gap remains sticky,1.0,probability
LTU,Lithuania,prob_gap_not_halved_within_15y,Risk the employment gap remains sticky,0.003,probability
LUX,Luxembourg,prob_gap_not_halved_within_15y,Risk the employment gap remains sticky,0.0383333333333333,probability
MAC,"Macao SAR, China",prob_gap_not_halved_within_15y,Risk the employment gap remains sticky,0.0096666666666666,probability
MDG,Madagascar,prob_gap_not_halved_within_15y,Risk the employment gap remains sticky,0.6213333333333333,probability
MWI,Malawi,prob_gap_not_halved_within_15y,Risk the employment gap remains sticky,0.988,probability
MYS,Malaysia,prob_gap_not_halved_within_15y,Risk the employment gap remains sticky,0.377,probability
MDV,Maldives,prob_gap_not_halved_within_15y,Risk the employment gap remains sticky,0.2193333333333333,probability
MLI,Mali,prob_gap_not_halved_within_15y,Risk the employment gap remains sticky,1.0,probability
MLT,Malta,prob_gap_not_halved_within_15y,Risk the employment gap remains sticky,1.0,probability
MRT,Mauritania,prob_gap_not_halved_within_15y,Risk the employment gap remains sticky,1.0,probability
MUS,Mauritius,prob_gap_not_halved_within_15y,Risk the employment gap remains sticky,0.9833333333333332,probability
MEX,Mexico,prob_gap_not_halved_within_15y,Risk the employment gap remains sticky,1.0,probability
MDA,Moldova,prob_gap_not_halved_within_15y,Risk the employment gap remains sticky,0.3143333333333333,probability
MNG,Mongolia,prob_gap_not_halved_within_15y,Risk the employment gap remains sticky,0.9996666666666668,probability
MNE,Montenegro,prob_gap_not_halved_within_15y,Risk the employment gap remains sticky,0.0,probability
MAR,Morocco,prob_gap_not_halved_within_15y,Risk the employment gap remains sticky,1.0,probability
MOZ,Mozambique,prob_gap_not_halved_within_15y,Risk the employment gap remains sticky,0.7796666666666666,probability
MMR,Myanmar,prob_gap_not_halved_within_15y,Risk the employment gap remains sticky,1.0,probability
NAM,Namibia,prob_gap_not_halved_within_15y,Risk the employment gap remains sticky,0.0,probability
NPL,Nepal,prob_gap_not_halved_within_15y,Risk the employment gap remains sticky,1.0,probability
NLD,Netherlands,prob_gap_not_halved_within_15y,Risk the employment gap remains sticky,0.062,probability
NCL,New Caledonia,prob_gap_not_halved_within_15y,Risk the employment gap remains sticky,0.0,probability
NZL,New Zealand,prob_gap_not_halved_within_15y,Risk the employment gap remains sticky,0.2066666666666666,probability
NIC,Nicaragua,prob_gap_not_halved_within_15y,Risk the employment gap remains sticky,1.0,probability
NER,Niger,prob_gap_not_halved_within_15y,Risk the employment gap remains sticky,1.0,probability
NGA,Nigeria,prob_gap_not_halved_within_15y,Risk the employment gap remains sticky,1.0,probability
MKD,North Macedonia,prob_gap_not_halved_within_15y,Risk the employment gap remains sticky,1.0,probability
NOR,Norway,prob_gap_not_halved_within_15y,Risk the employment gap remains sticky,0.0,probability
OMN,Oman,prob_gap_not_halved_within_15y,Risk the employment gap remains sticky,0.4966666666666666,probability
PAK,Pakistan,prob_gap_not_halved_within_15y,Risk the employment gap remains sticky,1.0,probability
PAN,Panama,prob_gap_not_halved_within_15y,Risk the employment gap remains sticky,1.0,probability
PNG,Papua New Guinea,prob_gap_not_halved_within_15y,Risk the employment gap remains sticky,0.018,probability
PRY,Paraguay,prob_gap_not_halved_within_15y,Risk the employment gap remains sticky,1.0,probability
PER,Peru,prob_gap_not_halved_within_15y,Risk the employment gap remains sticky,0.9863333333333332,probability
PHL,Philippines,prob_gap_not_halved_within_15y,Risk the employment gap remains sticky,1.0,probability
POL,Poland,prob_gap_not_halved_within_15y,Risk the employment gap remains sticky,1.0,probability
PRT,Portugal,prob_gap_not_halved_within_15y,Risk the employment gap remains sticky,0.3533333333333333,probability
PRI,Puerto Rico (US),prob_gap_not_halved_within_15y,Risk the employment gap remains sticky,0.0,probability
QAT,Qatar,prob_gap_not_halved_within_15y,Risk the employment gap remains sticky,1.0,probability
ROU,Romania,prob_gap_not_halved_within_15y,Risk the employment gap remains sticky,0.7306666666666667,probability
RUS,Russian Federation,prob_gap_not_halved_within_15y,Risk the employment gap remains sticky,0.9933333333333332,probability
RWA,Rwanda,prob_gap_not_halved_within_15y,Risk the employment gap remains sticky,0.0023333333333333,probability
WSM,Samoa,prob_gap_not_halved_within_15y,Risk the employment gap remains sticky,1.0,probability
STP,Sao Tome and Principe,prob_gap_not_halved_within_15y,Risk the employment gap remains sticky,0.8176666666666667,probability
SAU,Saudi Arabia,prob_gap_not_halved_within_15y,Risk the employment gap remains sticky,1.0,probability
SEN,Senegal,prob_gap_not_halved_within_15y,Risk the employment gap remains sticky,1.0,probability
SRB,Serbia,prob_gap_not_halved_within_15y,Risk the employment gap remains sticky,1.0,probability
SLE,Sierra Leone,prob_gap_not_halved_within_15y,Risk the employment gap remains sticky,0.7736666666666666,probability
SGP,Singapore,prob_gap_not_halved_within_15y,Risk the employment gap remains sticky,0.3543333333333333,probability
SVK,Slovak Republic,prob_gap_not_halved_within_15y,Risk the employment gap remains sticky,0.9943333333333332,probability
SVN,Slovenia,prob_gap_not_halved_within_15y,Risk the employment gap remains sticky,0.4256666666666667,probability
SLB,Solomon Islands,prob_gap_not_halved_within_15y,Risk the employment gap remains sticky,0.9716666666666668,probability
SOM,"Somalia, Fed. Rep.",prob_gap_not_halved_within_15y,Risk the employment gap remains sticky,1.0,probability
ZAF,South Africa,prob_gap_not_halved_within_15y,Risk the employment gap remains sticky,0.9996666666666668,probability
SSD,South Sudan,prob_gap_not_halved_within_15y,Risk the employment gap remains sticky,0.4723333333333333,probability
ESP,Spain,prob_gap_not_halved_within_15y,Risk the employment gap remains sticky,0.9956666666666668,probability
LKA,Sri Lanka,prob_gap_not_halved_within_15y,Risk the employment gap remains sticky,1.0,probability
LCA,St. Lucia,prob_gap_not_halved_within_15y,Risk the employment gap remains sticky,0.8576666666666667,probability
VCT,St. Vincent and the Grenadines,prob_gap_not_halved_within_15y,Risk the employment gap remains sticky,0.9433333333333334,probability
SDN,Sudan,prob_gap_not_halved_within_15y,Risk the employment gap remains sticky,1.0,probability
SUR,Suriname,prob_gap_not_halved_within_15y,Risk the employment gap remains sticky,1.0,probability
SWE,Sweden,prob_gap_not_halved_within_15y,Risk the employment gap remains sticky,0.0016666666666666,probability
CHE,Switzerland,prob_gap_not_halved_within_15y,Risk the employment gap remains sticky,0.3373333333333333,probability
SYR,Syrian Arab Republic,prob_gap_not_halved_within_15y,Risk the employment gap remains sticky,1.0,probability
TJK,Tajikistan,prob_gap_not_halved_within_15y,Risk the employment gap remains sticky,1.0,probability
TZA,Tanzania,prob_gap_not_halved_within_15y,Risk the employment gap remains sticky,0.9916666666666668,probability
THA,Thailand,prob_gap_not_halved_within_15y,Risk the employment gap remains sticky,0.9983333333333332,probability
TLS,Timor-Leste,prob_gap_not_halved_within_15y,Risk the employment gap remains sticky,1.0,probability
TGO,Togo,prob_gap_not_halved_within_15y,Risk the employment gap remains sticky,0.999,probability
TON,Tonga,prob_gap_not_halved_within_15y,Risk the employment gap remains sticky,1.0,probability
TTO,Trinidad and Tobago,prob_gap_not_halved_within_15y,Risk the employment gap remains sticky,0.4546666666666666,probability
TUN,Tunisia,prob_gap_not_halved_within_15y,Risk the employment gap remains sticky,1.0,probability
TUR,Turkiye,prob_gap_not_halved_within_15y,Risk the employment gap remains sticky,1.0,probability
TKM,Turkmenistan,prob_gap_not_halved_within_15y,Risk the employment gap remains sticky,0.4916666666666666,probability
UGA,Uganda,prob_gap_not_halved_within_15y,Risk the employment gap remains sticky,0.8866666666666667,probability
ARE,United Arab Emirates,prob_gap_not_halved_within_15y,Risk the employment gap remains sticky,0.0023333333333333,probability
GBR,United Kingdom,prob_gap_not_halved_within_15y,Risk the employment gap remains sticky,0.072,probability
USA,United States,prob_gap_not_halved_within_15y,Risk the employment gap remains sticky,0.922,probability
URY,Uruguay,prob_gap_not_halved_within_15y,Risk the employment gap remains sticky,0.6193333333333333,probability
UZB,Uzbekistan,prob_gap_not_halved_within_15y,Risk the employment gap remains sticky,1.0,probability
VUT,Vanuatu,prob_gap_not_halved_within_15y,Risk the employment gap remains sticky,0.0,probability
VEN,"Venezuela, RB",prob_gap_not_halved_within_15y,Risk the employment gap remains sticky,0.0,probability
VNM,Viet Nam,prob_gap_not_halved_within_15y,Risk the employment gap remains sticky,1.0,probability
VIR,Virgin Islands (U.S.),prob_gap_not_halved_within_15y,Risk the employment gap remains sticky,0.8736666666666667,probability
YEM,"Yemen, Rep.",prob_gap_not_halved_within_15y,Risk the employment gap remains sticky,1.0,probability
ZMB,Zambia,prob_gap_not_halved_within_15y,Risk the employment gap remains sticky,1.0,probability
ZWE,Zimbabwe,prob_gap_not_halved_within_15y,Risk the employment gap remains sticky,0.989,probability
AFG,Afghanistan,development_delay_employment_years,Employment development delay,24.0,matched trajectory years
ALB,Albania,development_delay_employment_years,Employment development delay,7.0,matched trajectory years
DZA,Algeria,development_delay_employment_years,Employment development delay,24.0,matched trajectory years
AGO,Angola,development_delay_employment_years,Employment development delay,24.0,matched trajectory years
ARG,Argentina,development_delay_employment_years,Employment development delay,24.0,matched trajectory years
ARM,Armenia,development_delay_employment_years,Employment development delay,24.0,matched trajectory years
AUS,Australia,development_delay_employment_years,Employment development delay,24.0,matched trajectory years
AUT,Austria,development_delay_employment_years,Employment development delay,24.0,matched trajectory years
AZE,Azerbaijan,development_delay_employment_years,Employment development delay,24.0,matched trajectory years
BHS,"Bahamas, The",development_delay_employment_years,Employment development delay,24.0,matched trajectory years
BHR,Bahrain,development_delay_employment_years,Employment development delay,24.0,matched trajectory years
BGD,Bangladesh,development_delay_employment_years,Employment development delay,24.0,matched trajectory years
BRB,Barbados,development_delay_employment_years,Employment development delay,24.0,matched trajectory years
BLR,Belarus,development_delay_employment_years,Employment development delay,16.0,matched trajectory years
BEL,Belgium,development_delay_employment_years,Employment development delay,24.0,matched trajectory years
BLZ,Belize,development_delay_employment_years,Employment development delay,24.0,matched trajectory years
BEN,Benin,development_delay_employment_years,Employment development delay,24.0,matched trajectory years
BTN,Bhutan,development_delay_employment_years,Employment development delay,24.0,matched trajectory years
BOL,Bolivia,development_delay_employment_years,Employment development delay,24.0,matched trajectory years
BIH,Bosnia and Herzegovina,development_delay_employment_years,Employment development delay,24.0,matched trajectory years
BWA,Botswana,development_delay_employment_years,Employment development delay,24.0,matched trajectory years
BRA,Brazil,development_delay_employment_years,Employment development delay,24.0,matched trajectory years
BRN,Brunei Darussalam,development_delay_employment_years,Employment development delay,24.0,matched trajectory years
BGR,Bulgaria,development_delay_employment_years,Employment development delay,9.0,matched trajectory years
BFA,Burkina Faso,development_delay_employment_years,Employment development delay,24.0,matched trajectory years
BDI,Burundi,development_delay_employment_years,Employment development delay,10.0,matched trajectory years
CPV,Cabo Verde,development_delay_employment_years,Employment development delay,24.0,matched trajectory years
KHM,Cambodia,development_delay_employment_years,Employment development delay,24.0,matched trajectory years
CMR,Cameroon,development_delay_employment_years,Employment development delay,24.0,matched trajectory years
CAN,Canada,development_delay_employment_years,Employment development delay,24.0,matched trajectory years
CAF,Central African Republic,development_delay_employment_years,Employment development delay,24.0,matched trajectory years
TCD,Chad,development_delay_employment_years,Employment development delay,24.0,matched trajectory years
CHL,Chile,development_delay_employment_years,Employment development delay,24.0,matched trajectory years
CHN,China,development_delay_employment_years,Employment development delay,24.0,matched trajectory years
COL,Colombia,development_delay_employment_years,Employment development delay,24.0,matched trajectory years
COM,Comoros,development_delay_employment_years,Employment development delay,24.0,matched trajectory years
COD,"Congo, Dem. Rep.",development_delay_employment_years,Employment development delay,24.0,matched trajectory years
COG,"Congo, Rep.",development_delay_employment_years,Employment development delay,24.0,matched trajectory years
CRI,Costa Rica,development_delay_employment_years,Employment development delay,24.0,matched trajectory years
CIV,Cote d'Ivoire,development_delay_employment_years,Employment development delay,24.0,matched trajectory years
HRV,Croatia,development_delay_employment_years,Employment development delay,7.0,matched trajectory years
CUB,Cuba,development_delay_employment_years,Employment development delay,24.0,matched trajectory years
CYP,Cyprus,development_delay_employment_years,Employment development delay,24.0,matched trajectory years
CZE,Czechia,development_delay_employment_years,Employment development delay,24.0,matched trajectory years
DNK,Denmark,development_delay_employment_years,Employment development delay,24.0,matched trajectory years
DJI,Djibouti,development_delay_employment_years,Employment development delay,24.0,matched trajectory years
DOM,Dominican Republic,development_delay_employment_years,Employment development delay,24.0,matched trajectory years
ECU,Ecuador,development_delay_employment_years,Employment development delay,24.0,matched trajectory years
EGY,"Egypt, Arab Rep.",development_delay_employment_years,Employment development delay,24.0,matched trajectory years
SLV,El Salvador,development_delay_employment_years,Employment development delay,24.0,matched trajectory years
GNQ,Equatorial Guinea,development_delay_employment_years,Employment development delay,24.0,matched trajectory years
ERI,Eritrea,development_delay_employment_years,Employment development delay,24.0,matched trajectory years
EST,Estonia,development_delay_employment_years,Employment development delay,12.0,matched trajectory years
SWZ,Eswatini,development_delay_employment_years,Employment development delay,24.0,matched trajectory years
ETH,Ethiopia,development_delay_employment_years,Employment development delay,24.0,matched trajectory years
FJI,Fiji,development_delay_employment_years,Employment development delay,24.0,matched trajectory years
FIN,Finland,development_delay_employment_years,Employment development delay,24.0,matched trajectory years
FRA,France,development_delay_employment_years,Employment development delay,24.0,matched trajectory years
PYF,French Polynesia,development_delay_employment_years,Employment development delay,24.0,matched trajectory years
GAB,Gabon,development_delay_employment_years,Employment development delay,24.0,matched trajectory years
GMB,"Gambia, The",development_delay_employment_years,Employment development delay,24.0,matched trajectory years
GEO,Georgia,development_delay_employment_years,Employment development delay,24.0,matched trajectory years
DEU,Germany,development_delay_employment_years,Employment development delay,17.0,matched trajectory years
GHA,Ghana,development_delay_employment_years,Employment development delay,24.0,matched trajectory years
GRC,Greece,development_delay_employment_years,Employment development delay,24.0,matched trajectory years
GUM,Guam,development_delay_employment_years,Employment development delay,23.0,matched trajectory years
GTM,Guatemala,development_delay_employment_years,Employment development delay,24.0,matched trajectory years
GIN,Guinea,development_delay_employment_years,Employment development delay,24.0,matched trajectory years
GNB,Guinea-Bissau,development_delay_employment_years,Employment development delay,24.0,matched trajectory years
GUY,Guyana,development_delay_employment_years,Employment development delay,24.0,matched trajectory years
HTI,Haiti,development_delay_employment_years,Employment development delay,24.0,matched trajectory years
HND,Honduras,development_delay_employment_years,Employment development delay,24.0,matched trajectory years
HKG,"Hong Kong SAR, China",development_delay_employment_years,Employment development delay,24.0,matched trajectory years
HUN,Hungary,development_delay_employment_years,Employment development delay,10.0,matched trajectory years
ISL,Iceland,development_delay_employment_years,Employment development delay,24.0,matched trajectory years
IND,India,development_delay_employment_years,Employment development delay,24.0,matched trajectory years
IDN,Indonesia,development_delay_employment_years,Employment development delay,24.0,matched trajectory years
IRN,"Iran, Islamic Rep.",development_delay_employment_years,Employment development delay,24.0,matched trajectory years
IRQ,Iraq,development_delay_employment_years,Employment development delay,24.0,matched trajectory years
IRL,Ireland,development_delay_employment_years,Employment development delay,24.0,matched trajectory years
ISR,Israel,development_delay_employment_years,Employment development delay,13.0,matched trajectory years
ITA,Italy,development_delay_employment_years,Employment development delay,24.0,matched trajectory years
JAM,Jamaica,development_delay_employment_years,Employment development delay,24.0,matched trajectory years
JPN,Japan,development_delay_employment_years,Employment development delay,24.0,matched trajectory years
JOR,Jordan,development_delay_employment_years,Employment development delay,24.0,matched trajectory years
KAZ,Kazakhstan,development_delay_employment_years,Employment development delay,24.0,matched trajectory years
KEN,Kenya,development_delay_employment_years,Employment development delay,24.0,matched trajectory years
PRK,"Korea, Dem. People's Rep.",development_delay_employment_years,Employment development delay,24.0,matched trajectory years
KOR,"Korea, Rep.",development_delay_employment_years,Employment development delay,24.0,matched trajectory years
KWT,Kuwait,development_delay_employment_years,Employment development delay,24.0,matched trajectory years
KGZ,Kyrgyz Republic,development_delay_employment_years,Employment development delay,24.0,matched trajectory years
LAO,Lao PDR,development_delay_employment_years,Employment development delay,24.0,matched trajectory years
LVA,Latvia,development_delay_employment_years,Employment development delay,10.0,matched trajectory years
LBN,Lebanon,development_delay_employment_years,Employment development delay,23.0,matched trajectory years
LSO,Lesotho,development_delay_employment_years,Employment development delay,24.0,matched trajectory years
LBR,Liberia,development_delay_employment_years,Employment development delay,24.0,matched trajectory years
LBY,Libya,development_delay_employment_years,Employment development delay,24.0,matched trajectory years
LTU,Lithuania,development_delay_employment_years,Employment development delay,9.0,matched trajectory years
LUX,Luxembourg,development_delay_employment_years,Employment development delay,24.0,matched trajectory years
MAC,"Macao SAR, China",development_delay_employment_years,Employment development delay,20.0,matched trajectory years
MDG,Madagascar,development_delay_employment_years,Employment development delay,24.0,matched trajectory years
MWI,Malawi,development_delay_employment_years,Employment development delay,24.0,matched trajectory years
MYS,Malaysia,development_delay_employment_years,Employment development delay,24.0,matched trajectory years
MDV,Maldives,development_delay_employment_years,Employment development delay,24.0,matched trajectory years
MLI,Mali,development_delay_employment_years,Employment development delay,24.0,matched trajectory years
MLT,Malta,development_delay_employment_years,Employment development delay,24.0,matched trajectory years
MRT,Mauritania,development_delay_employment_years,Employment development delay,24.0,matched trajectory years
MUS,Mauritius,development_delay_employment_years,Employment development delay,24.0,matched trajectory years
MEX,Mexico,development_delay_employment_years,Employment development delay,24.0,matched trajectory years
MDA,Moldova,development_delay_employment_years,Employment development delay,4.0,matched trajectory years
MNG,Mongolia,development_delay_employment_years,Employment development delay,24.0,matched trajectory years
MNE,Montenegro,development_delay_employment_years,Employment development delay,8.0,matched trajectory years
MAR,Morocco,development_delay_employment_years,Employment development delay,24.0,matched trajectory years
MOZ,Mozambique,development_delay_employment_years,Employment development delay,24.0,matched trajectory years
MMR,Myanmar,development_delay_employment_years,Employment development delay,24.0,matched trajectory years
NAM,Namibia,development_delay_employment_years,Employment development delay,24.0,matched trajectory years
NPL,Nepal,development_delay_employment_years,Employment development delay,24.0,matched trajectory years
NLD,Netherlands,development_delay_employment_years,Employment development delay,24.0,matched trajectory years
NCL,New Caledonia,development_delay_employment_years,Employment development delay,24.0,matched trajectory years
NZL,New Zealand,development_delay_employment_years,Employment development delay,24.0,matched trajectory years
NIC,Nicaragua,development_delay_employment_years,Employment development delay,24.0,matched trajectory years
NER,Niger,development_delay_employment_years,Employment development delay,24.0,matched trajectory years
NGA,Nigeria,development_delay_employment_years,Employment development delay,24.0,matched trajectory years
MKD,North Macedonia,development_delay_employment_years,Employment development delay,7.0,matched trajectory years
NOR,Norway,development_delay_employment_years,Employment development delay,24.0,matched trajectory years
OMN,Oman,development_delay_employment_years,Employment development delay,24.0,matched trajectory years
PAK,Pakistan,development_delay_employment_years,Employment development delay,24.0,matched trajectory years
PAN,Panama,development_delay_employment_years,Employment development delay,24.0,matched trajectory years
PNG,Papua New Guinea,development_delay_employment_years,Employment development delay,24.0,matched trajectory years
PRY,Paraguay,development_delay_employment_years,Employment development delay,24.0,matched trajectory years
PER,Peru,development_delay_employment_years,Employment development delay,24.0,matched trajectory years
PHL,Philippines,development_delay_employment_years,Employment development delay,24.0,matched trajectory years
POL,Poland,development_delay_employment_years,Employment development delay,10.0,matched trajectory years
PRT,Portugal,development_delay_employment_years,Employment development delay,24.0,matched trajectory years
PRI,Puerto Rico (US),development_delay_employment_years,Employment development delay,4.0,matched trajectory years
QAT,Qatar,development_delay_employment_years,Employment development delay,24.0,matched trajectory years
ROU,Romania,development_delay_employment_years,Employment development delay,24.0,matched trajectory years
RUS,Russian Federation,development_delay_employment_years,Employment development delay,24.0,matched trajectory years
RWA,Rwanda,development_delay_employment_years,Employment development delay,24.0,matched trajectory years
WSM,Samoa,development_delay_employment_years,Employment development delay,24.0,matched trajectory years
STP,Sao Tome and Principe,development_delay_employment_years,Employment development delay,24.0,matched trajectory years
SAU,Saudi Arabia,development_delay_employment_years,Employment development delay,24.0,matched trajectory years
SEN,Senegal,development_delay_employment_years,Employment development delay,24.0,matched trajectory years
SRB,Serbia,development_delay_employment_years,Employment development delay,7.0,matched trajectory years
SLE,Sierra Leone,development_delay_employment_years,Employment development delay,24.0,matched trajectory years
SGP,Singapore,development_delay_employment_years,Employment development delay,24.0,matched trajectory years
SVK,Slovak Republic,development_delay_employment_years,Employment development delay,10.0,matched trajectory years
SVN,Slovenia,development_delay_employment_years,Employment development delay,24.0,matched trajectory years
SLB,Solomon Islands,development_delay_employment_years,Employment development delay,24.0,matched trajectory years
SOM,"Somalia, Fed. Rep.",development_delay_employment_years,Employment development delay,24.0,matched trajectory years
ZAF,South Africa,development_delay_employment_years,Employment development delay,24.0,matched trajectory years
SSD,South Sudan,development_delay_employment_years,Employment development delay,23.0,matched trajectory years
ESP,Spain,development_delay_employment_years,Employment development delay,24.0,matched trajectory years
LKA,Sri Lanka,development_delay_employment_years,Employment development delay,24.0,matched trajectory years
LCA,St. Lucia,development_delay_employment_years,Employment development delay,24.0,matched trajectory years
VCT,St. Vincent and the Grenadines,development_delay_employment_years,Employment development delay,24.0,matched trajectory years
SDN,Sudan,development_delay_employment_years,Employment development delay,22.0,matched trajectory years
SUR,Suriname,development_delay_employment_years,Employment development delay,24.0,matched trajectory years
SWE,Sweden,development_delay_employment_years,Employment development delay,24.0,matched trajectory years
CHE,Switzerland,development_delay_employment_years,Employment development delay,24.0,matched trajectory years
SYR,Syrian Arab Republic,development_delay_employment_years,Employment development delay,24.0,matched trajectory years
TJK,Tajikistan,development_delay_employment_years,Employment development delay,24.0,matched trajectory years
TZA,Tanzania,development_delay_employment_years,Employment development delay,24.0,matched trajectory years
THA,Thailand,development_delay_employment_years,Employment development delay,24.0,matched trajectory years
TLS,Timor-Leste,development_delay_employment_years,Employment development delay,24.0,matched trajectory years
TGO,Togo,development_delay_employment_years,Employment development delay,24.0,matched trajectory years
TON,Tonga,development_delay_employment_years,Employment development delay,24.0,matched trajectory years
TTO,Trinidad and Tobago,development_delay_employment_years,Employment development delay,24.0,matched trajectory years
TUN,Tunisia,development_delay_employment_years,Employment development delay,24.0,matched trajectory years
TUR,Turkiye,development_delay_employment_years,Employment development delay,24.0,matched trajectory years
TKM,Turkmenistan,development_delay_employment_years,Employment development delay,20.0,matched trajectory years
UGA,Uganda,development_delay_employment_years,Employment development delay,24.0,matched trajectory years
UKR,Ukraine,development_delay_employment_years,Employment development delay,21.0,matched trajectory years
ARE,United Arab Emirates,development_delay_employment_years,Employment development delay,24.0,matched trajectory years
GBR,United Kingdom,development_delay_employment_years,Employment development delay,24.0,matched trajectory years
USA,United States,development_delay_employment_years,Employment development delay,24.0,matched trajectory years
URY,Uruguay,development_delay_employment_years,Employment development delay,24.0,matched trajectory years
UZB,Uzbekistan,development_delay_employment_years,Employment development delay,24.0,matched trajectory years
VUT,Vanuatu,development_delay_employment_years,Employment development delay,24.0,matched trajectory years
VEN,"Venezuela, RB",development_delay_employment_years,Employment development delay,24.0,matched trajectory years
VNM,Viet Nam,development_delay_employment_years,Employment development delay,24.0,matched trajectory years
VIR,Virgin Islands (U.S.),development_delay_employment_years,Employment development delay,24.0,matched trajectory years
PSE,West Bank and Gaza,development_delay_employment_years,Employment development delay,22.0,matched trajectory years
YEM,"Yemen, Rep.",development_delay_employment_years,Employment development delay,24.0,matched trajectory years
ZMB,Zambia,development_delay_employment_years,Employment development delay,18.0,matched trajectory years
ZWE,Zimbabwe,development_delay_employment_years,Employment development delay,24.0,matched trajectory years
AFG,Afghanistan,core_domains_observed,Data visibility,3,domains out of 4
ALB,Albania,core_domains_observed,Data visibility,4,domains out of 4
DZA,Algeria,core_domains_observed,Data visibility,4,domains out of 4
AND,Andorra,core_domains_observed,Data visibility,2,domains out of 4
AGO,Angola,core_domains_observed,Data visibility,4,domains out of 4
ATG,Antigua and Barbuda,core_domains_observed,Data visibility,1,domains out of 4
ARG,Argentina,core_domains_observed,Data visibility,4,domains out of 4
ARM,Armenia,core_domains_observed,Data visibility,4,domains out of 4
ABW,Aruba,core_domains_observed,Data visibility,1,domains out of 4
AUS,Australia,core_domains_observed,Data visibility,4,domains out of 4
AUT,Austria,core_domains_observed,Data visibility,4,domains out of 4
AZE,Azerbaijan,core_domains_observed,Data visibility,4,domains out of 4
BHS,"Bahamas, The",core_domains_observed,Data visibility,3,domains out of 4
BHR,Bahrain,core_domains_observed,Data visibility,4,domains out of 4
BGD,Bangladesh,core_domains_observed,Data visibility,4,domains out of 4
BRB,Barbados,core_domains_observed,Data visibility,2,domains out of 4
BLR,Belarus,core_domains_observed,Data visibility,4,domains out of 4
BEL,Belgium,core_domains_observed,Data visibility,4,domains out of 4
BLZ,Belize,core_domains_observed,Data visibility,4,domains out of 4
BEN,Benin,core_domains_observed,Data visibility,3,domains out of 4
BMU,Bermuda,core_domains_observed,Data visibility,1,domains out of 4
BTN,Bhutan,core_domains_observed,Data visibility,4,domains out of 4
BOL,Bolivia,core_domains_observed,Data visibility,4,domains out of 4
BIH,Bosnia and Herzegovina,core_domains_observed,Data visibility,4,domains out of 4
BWA,Botswana,core_domains_observed,Data visibility,4,domains out of 4
BRA,Brazil,core_domains_observed,Data visibility,4,domains out of 4
VGB,British Virgin Islands,core_domains_observed,Data visibility,2,domains out of 4
BRN,Brunei Darussalam,core_domains_observed,Data visibility,3,domains out of 4
BGR,Bulgaria,core_domains_observed,Data visibility,4,domains out of 4
BFA,Burkina Faso,core_domains_observed,Data visibility,4,domains out of 4
BDI,Burundi,core_domains_observed,Data visibility,3,domains out of 4
CPV,Cabo Verde,core_domains_observed,Data visibility,3,domains out of 4
KHM,Cambodia,core_domains_observed,Data visibility,4,domains out of 4
CMR,Cameroon,core_domains_observed,Data visibility,4,domains out of 4
CAN,Canada,core_domains_observed,Data visibility,4,domains out of 4
CYM,Cayman Islands,core_domains_observed,Data visibility,1,domains out of 4
CAF,Central African Republic,core_domains_observed,Data visibility,3,domains out of 4
TCD,Chad,core_domains_observed,Data visibility,3,domains out of 4
CHL,Chile,core_domains_observed,Data visibility,4,domains out of 4
CHN,China,core_domains_observed,Data visibility,4,domains out of 4
COL,Colombia,core_domains_observed,Data visibility,4,domains out of 4
COM,Comoros,core_domains_observed,Data visibility,3,domains out of 4
COD,"Congo, Dem. Rep.",core_domains_observed,Data visibility,3,domains out of 4
COG,"Congo, Rep.",core_domains_observed,Data visibility,3,domains out of 4
CRI,Costa Rica,core_domains_observed,Data visibility,4,domains out of 4
CIV,Cote d'Ivoire,core_domains_observed,Data visibility,4,domains out of 4
HRV,Croatia,core_domains_observed,Data visibility,4,domains out of 4
CUB,Cuba,core_domains_observed,Data visibility,3,domains out of 4
CUW,Curacao,core_domains_observed,Data visibility,2,domains out of 4
CYP,Cyprus,core_domains_observed,Data visibility,4,domains out of 4
CZE,Czechia,core_domains_observed,Data visibility,4,domains out of 4
DNK,Denmark,core_domains_observed,Data visibility,4,domains out of 4
DJI,Djibouti,core_domains_observed,Data visibility,3,domains out of 4
DMA,Dominica,core_domains_observed,Data visibility,1,domains out of 4
DOM,Dominican Republic,core_domains_observed,Data visibility,4,domains out of 4
ECU,Ecuador,core_domains_observed,Data visibility,4,domains out of 4
EGY,"Egypt, Arab Rep.",core_domains_observed,Data visibility,4,domains out of 4
SLV,El Salvador,core_domains_observed,Data visibility,4,domains out of 4
GNQ,Equatorial Guinea,core_domains_observed,Data visibility,2,domains out of 4
ERI,Eritrea,core_domains_observed,Data visibility,2,domains out of 4
EST,Estonia,core_domains_observed,Data visibility,4,domains out of 4
SWZ,Eswatini,core_domains_observed,Data visibility,3,domains out of 4
ETH,Ethiopia,core_domains_observed,Data visibility,4,domains out of 4
FJI,Fiji,core_domains_observed,Data visibility,2,domains out of 4
FIN,Finland,core_domains_observed,Data visibility,4,domains out of 4
FRA,France,core_domains_observed,Data visibility,4,domains out of 4
PYF,French Polynesia,core_domains_observed,Data visibility,1,domains out of 4
GAB,Gabon,core_domains_observed,Data visibility,2,domains out of 4
GMB,"Gambia, The",core_domains_observed,Data visibility,3,domains out of 4
GEO,Georgia,core_domains_observed,Data visibility,4,domains out of 4
DEU,Germany,core_domains_observed,Data visibility,4,domains out of 4
GHA,Ghana,core_domains_observed,Data visibility,4,domains out of 4
GIB,Gibraltar,core_domains_observed,Data visibility,1,domains out of 4
GRC,Greece,core_domains_observed,Data visibility,4,domains out of 4
GRD,Grenada,core_domains_observed,Data visibility,1,domains out of 4
GUM,Guam,core_domains_observed,Data visibility,1,domains out of 4
GTM,Guatemala,core_domains_observed,Data visibility,4,domains out of 4
GIN,Guinea,core_domains_observed,Data visibility,4,domains out of 4
GNB,Guinea-Bissau,core_domains_observed,Data visibility,1,domains out of 4
GUY,Guyana,core_domains_observed,Data visibility,2,domains out of 4
HTI,Haiti,core_domains_observed,Data visibility,2,domains out of 4
HND,Honduras,core_domains_observed,Data visibility,4,domains out of 4
HKG,"Hong Kong SAR, China",core_domains_observed,Data visibility,4,domains out of 4
HUN,Hungary,core_domains_observed,Data visibility,4,domains out of 4
ISL,Iceland,core_domains_observed,Data visibility,4,domains out of 4
IND,India,core_domains_observed,Data visibility,4,domains out of 4
IDN,Indonesia,core_domains_observed,Data visibility,4,domains out of 4
IRN,"Iran, Islamic Rep.",core_domains_observed,Data visibility,4,domains out of 4
IRQ,Iraq,core_domains_observed,Data visibility,4,domains out of 4
IRL,Ireland,core_domains_observed,Data visibility,4,domains out of 4
ISR,Israel,core_domains_observed,Data visibility,4,domains out of 4
ITA,Italy,core_domains_observed,Data visibility,4,domains out of 4
JAM,Jamaica,core_domains_observed,Data visibility,4,domains out of 4
JPN,Japan,core_domains_observed,Data visibility,4,domains out of 4
JOR,Jordan,core_domains_observed,Data visibility,4,domains out of 4
KAZ,Kazakhstan,core_domains_observed,Data visibility,4,domains out of 4
KEN,Kenya,core_domains_observed,Data visibility,4,domains out of 4
KIR,Kiribati,core_domains_observed,Data visibility,1,domains out of 4
PRK,"Korea, Dem. People's Rep.",core_domains_observed,Data visibility,1,domains out of 4
KOR,"Korea, Rep.",core_domains_observed,Data visibility,4,domains out of 4
KWT,Kuwait,core_domains_observed,Data visibility,4,domains out of 4
KGZ,Kyrgyz Republic,core_domains_observed,Data visibility,3,domains out of 4
LAO,Lao PDR,core_domains_observed,Data visibility,3,domains out of 4
LVA,Latvia,core_domains_observed,Data visibility,4,domains out of 4
LBN,Lebanon,core_domains_observed,Data visibility,3,domains out of 4
LSO,Lesotho,core_domains_observed,Data visibility,4,domains out of 4
LBR,Liberia,core_domains_observed,Data visibility,3,domains out of 4
LBY,Libya,core_domains_observed,Data visibility,3,domains out of 4
LIE,Liechtenstein,core_domains_observed,Data visibility,1,domains out of 4
LTU,Lithuania,core_domains_observed,Data visibility,4,domains out of 4
LUX,Luxembourg,core_domains_observed,Data visibility,4,domains out of 4
MAC,"Macao SAR, China",core_domains_observed,Data visibility,3,domains out of 4
MDG,Madagascar,core_domains_observed,Data visibility,3,domains out of 4
MWI,Malawi,core_domains_observed,Data visibility,4,domains out of 4
MYS,Malaysia,core_domains_observed,Data visibility,4,domains out of 4
MDV,Maldives,core_domains_observed,Data visibility,4,domains out of 4
MLI,Mali,core_domains_observed,Data visibility,3,domains out of 4
MLT,Malta,core_domains_observed,Data visibility,4,domains out of 4
MHL,Marshall Islands,core_domains_observed,Data visibility,1,domains out of 4
MRT,Mauritania,core_domains_observed,Data visibility,3,domains out of 4
MUS,Mauritius,core_domains_observed,Data visibility,4,domains out of 4
MEX,Mexico,core_domains_observed,Data visibility,4,domains out of 4
FSM,"Micronesia, Fed. Sts.",core_domains_observed,Data visibility,1,domains out of 4
MDA,Moldova,core_domains_observed,Data visibility,3,domains out of 4
MCO,Monaco,core_domains_observed,Data visibility,1,domains out of 4
MNG,Mongolia,core_domains_observed,Data visibility,4,domains out of 4
MNE,Montenegro,core_domains_observed,Data visibility,4,domains out of 4
MAR,Morocco,core_domains_observed,Data visibility,4,domains out of 4
MOZ,Mozambique,core_domains_observed,Data visibility,4,domains out of 4
MMR,Myanmar,core_domains_observed,Data visibility,4,domains out of 4
NAM,Namibia,core_domains_observed,Data visibility,3,domains out of 4
NRU,Naoero,core_domains_observed,Data visibility,1,domains out of 4
NPL,Nepal,core_domains_observed,Data visibility,3,domains out of 4
NLD,Netherlands,core_domains_observed,Data visibility,4,domains out of 4
NCL,New Caledonia,core_domains_observed,Data visibility,1,domains out of 4
NZL,New Zealand,core_domains_observed,Data visibility,4,domains out of 4
NIC,Nicaragua,core_domains_observed,Data visibility,3,domains out of 4
NER,Niger,core_domains_observed,Data visibility,4,domains out of 4
NGA,Nigeria,core_domains_observed,Data visibility,3,domains out of 4
MKD,North Macedonia,core_domains_observed,Data visibility,4,domains out of 4
NOR,Norway,core_domains_observed,Data visibility,4,domains out of 4
OMN,Oman,core_domains_observed,Data visibility,4,domains out of 4
PAK,Pakistan,core_domains_observed,Data visibility,4,domains out of 4
PLW,Palau,core_domains_observed,Data visibility,1,domains out of 4
PAN,Panama,core_domains_observed,Data visibility,4,domains out of 4
PNG,Papua New Guinea,core_domains_observed,Data visibility,2,domains out of 4
PRY,Paraguay,core_domains_observed,Data visibility,4,domains out of 4
PER,Peru,core_domains_observed,Data visibility,4,domains out of 4
PHL,Philippines,core_domains_observed,Data visibility,4,domains out of 4
POL,Poland,core_domains_observed,Data visibility,4,domains out of 4
PRT,Portugal,core_domains_observed,Data visibility,4,domains out of 4
PRI,Puerto Rico (US),core_domains_observed,Data visibility,4,domains out of 4
QAT,Qatar,core_domains_observed,Data visibility,4,domains out of 4
ROU,Romania,core_domains_observed,Data visibility,4,domains out of 4
RUS,Russian Federation,core_domains_observed,Data visibility,4,domains out of 4
RWA,Rwanda,core_domains_observed,Data visibility,3,domains out of 4
WSM,Samoa,core_domains_observed,Data visibility,2,domains out of 4
SMR,San Marino,core_domains_observed,Data visibility,1,domains out of 4
STP,Sao Tome and Principe,core_domains_observed,Data visibility,2,domains out of 4
SAU,Saudi Arabia,core_domains_observed,Data visibility,4,domains out of 4
SEN,Senegal,core_domains_observed,Data visibility,3,domains out of 4
SRB,Serbia,core_domains_observed,Data visibility,4,domains out of 4
SYC,Seychelles,core_domains_observed,Data visibility,1,domains out of 4
SLE,Sierra Leone,core_domains_observed,Data visibility,3,domains out of 4
SGP,Singapore,core_domains_observed,Data visibility,4,domains out of 4
SXM,Sint Maarten (Dutch part),core_domains_observed,Data visibility,1,domains out of 4
SVK,Slovak Republic,core_domains_observed,Data visibility,4,domains out of 4
SVN,Slovenia,core_domains_observed,Data visibility,4,domains out of 4
SLB,Solomon Islands,core_domains_observed,Data visibility,2,domains out of 4
SOM,"Somalia, Fed. Rep.",core_domains_observed,Data visibility,3,domains out of 4
ZAF,South Africa,core_domains_observed,Data visibility,3,domains out of 4
SSD,South Sudan,core_domains_observed,Data visibility,2,domains out of 4
ESP,Spain,core_domains_observed,Data visibility,4,domains out of 4
LKA,Sri Lanka,core_domains_observed,Data visibility,4,domains out of 4
KNA,St. Kitts and Nevis,core_domains_observed,Data visibility,1,domains out of 4
LCA,St. Lucia,core_domains_observed,Data visibility,2,domains out of 4
VCT,St. Vincent and the Grenadines,core_domains_observed,Data visibility,2,domains out of 4
SDN,Sudan,core_domains_observed,Data visibility,4,domains out of 4
SUR,Suriname,core_domains_observed,Data visibility,2,domains out of 4
SWE,Sweden,core_domains_observed,Data visibility,4,domains out of 4
CHE,Switzerland,core_domains_observed,Data visibility,4,domains out of 4
SYR,Syrian Arab Republic,core_domains_observed,Data visibility,3,domains out of 4
TJK,Tajikistan,core_domains_observed,Data visibility,3,domains out of 4
TZA,Tanzania,core_domains_observed,Data visibility,3,domains out of 4
THA,Thailand,core_domains_observed,Data visibility,4,domains out of 4
TLS,Timor-Leste,core_domains_observed,Data visibility,2,domains out of 4
TGO,Togo,core_domains_observed,Data visibility,4,domains out of 4
TON,Tonga,core_domains_observed,Data visibility,2,domains out of 4
TTO,Trinidad and Tobago,core_domains_observed,Data visibility,4,domains out of 4
TUN,Tunisia,core_domains_observed,Data visibility,4,domains out of 4
TUR,Turkiye,core_domains_observed,Data visibility,4,domains out of 4
TKM,Turkmenistan,core_domains_observed,Data visibility,3,domains out of 4
TCA,Turks and Caicos Islands,core_domains_observed,Data visibility,1,domains out of 4
TUV,Tuvalu,core_domains_observed,Data visibility,1,domains out of 4
UGA,Uganda,core_domains_observed,Data visibility,4,domains out of 4
UKR,Ukraine,core_domains_observed,Data visibility,4,domains out of 4
ARE,United Arab Emirates,core_domains_observed,Data visibility,4,domains out of 4
GBR,United Kingdom,core_domains_observed,Data visibility,4,domains out of 4
USA,United States,core_domains_observed,Data visibility,4,domains out of 4
URY,Uruguay,core_domains_observed,Data visibility,4,domains out of 4
UZB,Uzbekistan,core_domains_observed,Data visibility,4,domains out of 4
VUT,Vanuatu,core_domains_observed,Data visibility,2,domains out of 4
VEN,"Venezuela, RB",core_domains_observed,Data visibility,4,domains out of 4
VNM,Viet Nam,core_domains_observed,Data visibility,4,domains out of 4
VIR,Virgin Islands (U.S.),core_domains_observed,Data visibility,1,domains out of 4
PSE,West Bank and Gaza,core_domains_observed,Data visibility,4,domains out of 4
YEM,"Yemen, Rep.",core_domains_observed,Data visibility,3,domains out of 4
ZMB,Zambia,core_domains_observed,Data visibility,3,domains out of 4
ZWE,Zimbabwe,core_domains_observed,Data visibility,4,domains out of 4
AFG,Afghanistan,core_year_spread,Asynchronous data years,7.0,years
ALB,Albania,core_year_spread,Asynchronous data years,1.0,years
DZA,Algeria,core_year_spread,Asynchronous data years,6.0,years
AND,Andorra,core_year_spread,Asynchronous data years,7.0,years
AGO,Angola,core_year_spread,Asynchronous data years,10.0,years
ARG,Argentina,core_year_spread,Asynchronous data years,1.0,years
ARM,Armenia,core_year_spread,Asynchronous data years,1.0,years
AUS,Australia,core_year_spread,Asynchronous data years,7.0,years
AUT,Austria,core_year_spread,Asynchronous data years,0.0,years
AZE,Azerbaijan,core_year_spread,Asynchronous data years,1.0,years
BHS,"Bahamas, The",core_year_spread,Asynchronous data years,14.0,years
BHR,Bahrain,core_year_spread,Asynchronous data years,0.0,years
BGD,Bangladesh,core_year_spread,Asynchronous data years,0.0,years
BRB,Barbados,core_year_spread,Asynchronous data years,0.0,years
BLR,Belarus,core_year_spread,Asynchronous data years,7.0,years
BEL,Belgium,core_year_spread,Asynchronous data years,1.0,years
BLZ,Belize,core_year_spread,Asynchronous data years,0.0,years
BEN,Benin,core_year_spread,Asynchronous data years,2.0,years
BTN,Bhutan,core_year_spread,Asynchronous data years,10.0,years
BOL,Bolivia,core_year_spread,Asynchronous data years,3.0,years
BIH,Bosnia and Herzegovina,core_year_spread,Asynchronous data years,1.0,years
BWA,Botswana,core_year_spread,Asynchronous data years,14.0,years
BRA,Brazil,core_year_spread,Asynchronous data years,0.0,years
VGB,British Virgin Islands,core_year_spread,Asynchronous data years,7.0,years
BRN,Brunei Darussalam,core_year_spread,Asynchronous data years,1.0,years
BGR,Bulgaria,core_year_spread,Asynchronous data years,0.0,years
BFA,Burkina Faso,core_year_spread,Asynchronous data years,5.0,years
BDI,Burundi,core_year_spread,Asynchronous data years,7.0,years
CPV,Cabo Verde,core_year_spread,Asynchronous data years,5.0,years
KHM,Cambodia,core_year_spread,Asynchronous data years,5.0,years
CMR,Cameroon,core_year_spread,Asynchronous data years,7.0,years
CAN,Canada,core_year_spread,Asynchronous data years,2.0,years
CAF,Central African Republic,core_year_spread,Asynchronous data years,7.0,years
TCD,Chad,core_year_spread,Asynchronous data years,0.0,years
CHL,Chile,core_year_spread,Asynchronous data years,0.0,years
CHN,China,core_year_spread,Asynchronous data years,12.0,years
COL,Colombia,core_year_spread,Asynchronous data years,2.0,years
COM,Comoros,core_year_spread,Asynchronous data years,3.0,years
COD,"Congo, Dem. Rep.",core_year_spread,Asynchronous data years,7.0,years
COG,"Congo, Rep.",core_year_spread,Asynchronous data years,18.0,years
CRI,Costa Rica,core_year_spread,Asynchronous data years,1.0,years
CIV,Cote d'Ivoire,core_year_spread,Asynchronous data years,0.0,years
HRV,Croatia,core_year_spread,Asynchronous data years,1.0,years
CUB,Cuba,core_year_spread,Asynchronous data years,5.0,years
CUW,Curacao,core_year_spread,Asynchronous data years,7.0,years
CYP,Cyprus,core_year_spread,Asynchronous data years,0.0,years
CZE,Czechia,core_year_spread,Asynchronous data years,1.0,years
DNK,Denmark,core_year_spread,Asynchronous data years,0.0,years
DJI,Djibouti,core_year_spread,Asynchronous data years,13.0,years
DOM,Dominican Republic,core_year_spread,Asynchronous data years,0.0,years
ECU,Ecuador,core_year_spread,Asynchronous data years,1.0,years
EGY,"Egypt, Arab Rep.",core_year_spread,Asynchronous data years,2.0,years
SLV,El Salvador,core_year_spread,Asynchronous data years,4.0,years
GNQ,Equatorial Guinea,core_year_spread,Asynchronous data years,19.0,years
ERI,Eritrea,core_year_spread,Asynchronous data years,3.0,years
EST,Estonia,core_year_spread,Asynchronous data years,0.0,years
SWZ,Eswatini,core_year_spread,Asynchronous data years,8.0,years
ETH,Ethiopia,core_year_spread,Asynchronous data years,9.0,years
FJI,Fiji,core_year_spread,Asynchronous data years,0.0,years
FIN,Finland,core_year_spread,Asynchronous data years,0.0,years
FRA,France,core_year_spread,Asynchronous data years,0.0,years
GAB,Gabon,core_year_spread,Asynchronous data years,0.0,years
GMB,"Gambia, The",core_year_spread,Asynchronous data years,12.0,years
GEO,Georgia,core_year_spread,Asynchronous data years,0.0,years
DEU,Germany,core_year_spread,Asynchronous data years,0.0,years
GHA,Ghana,core_year_spread,Asynchronous data years,14.0,years
GRC,Greece,core_year_spread,Asynchronous data years,1.0,years
GTM,Guatemala,core_year_spread,Asynchronous data years,3.0,years
GIN,Guinea,core_year_spread,Asynchronous data years,10.0,years
GUY,Guyana,core_year_spread,Asynchronous data years,0.0,years
HTI,Haiti,core_year_spread,Asynchronous data years,7.0,years
HND,Honduras,core_year_spread,Asynchronous data years,5.0,years
HKG,"Hong Kong SAR, China",core_year_spread,Asynchronous data years,0.0,years
HUN,Hungary,core_year_spread,Asynchronous data years,0.0,years
ISL,Iceland,core_year_spread,Asynchronous data years,3.0,years
IND,India,core_year_spread,Asynchronous data years,6.0,years
IDN,Indonesia,core_year_spread,Asynchronous data years,0.0,years
IRN,"Iran, Islamic Rep.",core_year_spread,Asynchronous data years,3.0,years
IRQ,Iraq,core_year_spread,Asynchronous data years,17.0,years
IRL,Ireland,core_year_spread,Asynchronous data years,4.0,years
ISR,Israel,core_year_spread,Asynchronous data years,0.0,years
ITA,Italy,core_year_spread,Asynchronous data years,1.0,years
JAM,Jamaica,core_year_spread,Asynchronous data years,3.0,years
JPN,Japan,core_year_spread,Asynchronous data years,1.0,years
JOR,Jordan,core_year_spread,Asynchronous data years,0.0,years
KAZ,Kazakhstan,core_year_spread,Asynchronous data years,0.0,years
KEN,Kenya,core_year_spread,Asynchronous data years,1.0,years
KOR,"Korea, Rep.",core_year_spread,Asynchronous data years,0.0,years
KWT,Kuwait,core_year_spread,Asynchronous data years,9.0,years
KGZ,Kyrgyz Republic,core_year_spread,Asynchronous data years,0.0,years
LAO,Lao PDR,core_year_spread,Asynchronous data years,0.0,years
LVA,Latvia,core_year_spread,Asynchronous data years,0.0,years
LBN,Lebanon,core_year_spread,Asynchronous data years,1.0,years
LSO,Lesotho,core_year_spread,Asynchronous data years,7.0,years
LBR,Liberia,core_year_spread,Asynchronous data years,7.0,years
LBY,Libya,core_year_spread,Asynchronous data years,18.0,years
LTU,Lithuania,core_year_spread,Asynchronous data years,0.0,years
LUX,Luxembourg,core_year_spread,Asynchronous data years,7.0,years
MAC,"Macao SAR, China",core_year_spread,Asynchronous data years,3.0,years
MDG,Madagascar,core_year_spread,Asynchronous data years,3.0,years
MWI,Malawi,core_year_spread,Asynchronous data years,1.0,years
MYS,Malaysia,core_year_spread,Asynchronous data years,0.0,years
MDV,Maldives,core_year_spread,Asynchronous data years,7.0,years
MLI,Mali,core_year_spread,Asynchronous data years,4.0,years
MLT,Malta,core_year_spread,Asynchronous data years,1.0,years
MRT,Mauritania,core_year_spread,Asynchronous data years,4.0,years
MUS,Mauritius,core_year_spread,Asynchronous data years,1.0,years
MEX,Mexico,core_year_spread,Asynchronous data years,0.0,years
MDA,Moldova,core_year_spread,Asynchronous data years,0.0,years
MNG,Mongolia,core_year_spread,Asynchronous data years,3.0,years
MNE,Montenegro,core_year_spread,Asynchronous data years,1.0,years
MAR,Morocco,core_year_spread,Asynchronous data years,3.0,years
MOZ,Mozambique,core_year_spread,Asynchronous data years,7.0,years
MMR,Myanmar,core_year_spread,Asynchronous data years,7.0,years
NAM,Namibia,core_year_spread,Asynchronous data years,0.0,years
NPL,Nepal,core_year_spread,Asynchronous data years,0.0,years
NLD,Netherlands,core_year_spread,Asynchronous data years,1.0,years
NZL,New Zealand,core_year_spread,Asynchronous data years,12.0,years
NIC,Nicaragua,core_year_spread,Asynchronous data years,12.0,years
NER,Niger,core_year_spread,Asynchronous data years,7.0,years
NGA,Nigeria,core_year_spread,Asynchronous data years,1.0,years
MKD,North Macedonia,core_year_spread,Asynchronous data years,4.0,years
NOR,Norway,core_year_spread,Asynchronous data years,1.0,years
OMN,Oman,core_year_spread,Asynchronous data years,4.0,years
PAK,Pakistan,core_year_spread,Asynchronous data years,4.0,years
PAN,Panama,core_year_spread,Asynchronous data years,7.0,years
PNG,Papua New Guinea,core_year_spread,Asynchronous data years,1.0,years
PRY,Paraguay,core_year_spread,Asynchronous data years,0.0,years
PER,Peru,core_year_spread,Asynchronous data years,0.0,years
PHL,Philippines,core_year_spread,Asynchronous data years,0.0,years
POL,Poland,core_year_spread,Asynchronous data years,0.0,years
PRT,Portugal,core_year_spread,Asynchronous data years,1.0,years
PRI,Puerto Rico (US),core_year_spread,Asynchronous data years,10.0,years
QAT,Qatar,core_year_spread,Asynchronous data years,13.0,years
ROU,Romania,core_year_spread,Asynchronous data years,1.0,years
RUS,Russian Federation,core_year_spread,Asynchronous data years,1.0,years
RWA,Rwanda,core_year_spread,Asynchronous data years,7.0,years
WSM,Samoa,core_year_spread,Asynchronous data years,8.0,years
STP,Sao Tome and Principe,core_year_spread,Asynchronous data years,7.0,years
SAU,Saudi Arabia,core_year_spread,Asynchronous data years,0.0,years
SEN,Senegal,core_year_spread,Asynchronous data years,1.0,years
SRB,Serbia,core_year_spread,Asynchronous data years,0.0,years
SLE,Sierra Leone,core_year_spread,Asynchronous data years,1.0,years
SGP,Singapore,core_year_spread,Asynchronous data years,1.0,years
SVK,Slovak Republic,core_year_spread,Asynchronous data years,0.0,years
SVN,Slovenia,core_year_spread,Asynchronous data years,1.0,years
SLB,Solomon Islands,core_year_spread,Asynchronous data years,12.0,years
SOM,"Somalia, Fed. Rep.",core_year_spread,Asynchronous data years,15.0,years
ZAF,South Africa,core_year_spread,Asynchronous data years,1.0,years
SSD,South Sudan,core_year_spread,Asynchronous data years,6.0,years
ESP,Spain,core_year_spread,Asynchronous data years,0.0,years
LKA,Sri Lanka,core_year_spread,Asynchronous data years,1.0,years
LCA,St. Lucia,core_year_spread,Asynchronous data years,0.0,years
VCT,St. Vincent and the Grenadines,core_year_spread,Asynchronous data years,0.0,years
SDN,Sudan,core_year_spread,Asynchronous data years,8.0,years
SUR,Suriname,core_year_spread,Asynchronous data years,2.0,years
SWE,Sweden,core_year_spread,Asynchronous data years,0.0,years
CHE,Switzerland,core_year_spread,Asynchronous data years,1.0,years
SYR,Syrian Arab Republic,core_year_spread,Asynchronous data years,13.0,years
TJK,Tajikistan,core_year_spread,Asynchronous data years,9.0,years
TZA,Tanzania,core_year_spread,Asynchronous data years,3.0,years
THA,Thailand,core_year_spread,Asynchronous data years,0.0,years
TLS,Timor-Leste,core_year_spread,Asynchronous data years,4.0,years
TGO,Togo,core_year_spread,Asynchronous data years,7.0,years
TON,Tonga,core_year_spread,Asynchronous data years,0.0,years
TTO,Trinidad and Tobago,core_year_spread,Asynchronous data years,13.0,years
TUN,Tunisia,core_year_spread,Asynchronous data years,11.0,years
TUR,Turkiye,core_year_spread,Asynchronous data years,1.0,years
TKM,Turkmenistan,core_year_spread,Asynchronous data years,7.0,years
UGA,Uganda,core_year_spread,Asynchronous data years,17.0,years
UKR,Ukraine,core_year_spread,Asynchronous data years,3.0,years
ARE,United Arab Emirates,core_year_spread,Asynchronous data years,3.0,years
GBR,United Kingdom,core_year_spread,Asynchronous data years,4.0,years
USA,United States,core_year_spread,Asynchronous data years,9.0,years
URY,Uruguay,core_year_spread,Asynchronous data years,1.0,years
UZB,Uzbekistan,core_year_spread,Asynchronous data years,1.0,years
VUT,Vanuatu,core_year_spread,Asynchronous data years,1.0,years
VEN,"Venezuela, RB",core_year_spread,Asynchronous data years,12.0,years
VNM,Viet Nam,core_year_spread,Asynchronous data years,2.0,years
PSE,West Bank and Gaza,core_year_spread,Asynchronous data years,2.0,years
YEM,"Yemen, Rep.",core_year_spread,Asynchronous data years,8.0,years
ZMB,Zambia,core_year_spread,Asynchronous data years,6.0,years
ZWE,Zimbabwe,core_year_spread,Asynchronous data years,11.0,years
AFG,Afghanistan,finance_gender_gap_pp,Financial inclusion gender gap,-15.375810915921742,female minus male percentage points
ALB,Albania,finance_gender_gap_pp,Financial inclusion gender gap,-10.294849830124,female minus male percentage points
DZA,Algeria,finance_gender_gap_pp,Financial inclusion gender gap,-33.7919265842922,female minus male percentage points
AGO,Angola,finance_gender_gap_pp,Financial inclusion gender gap,-13.8004848934304,female minus male percentage points
ARG,Argentina,finance_gender_gap_pp,Financial inclusion gender gap,5.310190189537408,female minus male percentage points
ARM,Armenia,finance_gender_gap_pp,Financial inclusion gender gap,-7.578944565043187,female minus male percentage points
AUS,Australia,finance_gender_gap_pp,Financial inclusion gender gap,-0.5783299856096988,female minus male percentage points
AUT,Austria,finance_gender_gap_pp,Financial inclusion gender gap,-0.6505632601402027,female minus male percentage points
AZE,Azerbaijan,finance_gender_gap_pp,Financial inclusion gender gap,-20.831118128528807,female minus male percentage points
BHR,Bahrain,finance_gender_gap_pp,Financial inclusion gender gap,1.059645922116701,female minus male percentage points
BGD,Bangladesh,finance_gender_gap_pp,Financial inclusion gender gap,-20.165028136099103,female minus male percentage points
BLR,Belarus,finance_gender_gap_pp,Financial inclusion gender gap,0.4040004089525979,female minus male percentage points
BEL,Belgium,finance_gender_gap_pp,Financial inclusion gender gap,-0.6483083769709026,female minus male percentage points
BLZ,Belize,finance_gender_gap_pp,Financial inclusion gender gap,-5.8831677509823095,female minus male percentage points
BEN,Benin,finance_gender_gap_pp,Financial inclusion gender gap,-5.960440477313398,female minus male percentage points
BTN,Bhutan,finance_gender_gap_pp,Financial inclusion gender gap,-11.3121394841415,female minus male percentage points
BOL,Bolivia,finance_gender_gap_pp,Financial inclusion gender gap,-6.866263723709899,female minus male percentage points
BIH,Bosnia and Herzegovina,finance_gender_gap_pp,Financial inclusion gender gap,-3.5149550342261904,female minus male percentage points
BWA,Botswana,finance_gender_gap_pp,Financial inclusion gender gap,-3.863593340102099,female minus male percentage points
BRA,Brazil,finance_gender_gap_pp,Financial inclusion gender gap,-8.577195104344696,female minus male percentage points
BGR,Bulgaria,finance_gender_gap_pp,Financial inclusion gender gap,0.6734904120065011,female minus male percentage points
BFA,Burkina Faso,finance_gender_gap_pp,Financial inclusion gender gap,-15.7963293492815,female minus male percentage points
KHM,Cambodia,finance_gender_gap_pp,Financial inclusion gender gap,-4.7816870457831016,female minus male percentage points
CMR,Cameroon,finance_gender_gap_pp,Financial inclusion gender gap,-16.4556644472228,female minus male percentage points
CAN,Canada,finance_gender_gap_pp,Financial inclusion gender gap,0.6946293756419948,female minus male percentage points
CAF,Central African Republic,finance_gender_gap_pp,Financial inclusion gender gap,-8.36488385517978,female minus male percentage points
TCD,Chad,finance_gender_gap_pp,Financial inclusion gender gap,-1.5536106292579,female minus male percentage points
CHL,Chile,finance_gender_gap_pp,Financial inclusion gender gap,-3.918895577173089,female minus male percentage points
CHN,China,finance_gender_gap_pp,Financial inclusion gender gap,-0.3529379328074924,female minus male percentage points
COL,Colombia,finance_gender_gap_pp,Financial inclusion gender gap,-12.668508094984304,female minus male percentage points
COM,Comoros,finance_gender_gap_pp,Financial inclusion gender gap,-7.7630292454322,female minus male percentage points
COD,"Congo, Dem. Rep.",finance_gender_gap_pp,Financial inclusion gender gap,-11.138303076069704,female minus male percentage points
COG,"Congo, Rep.",finance_gender_gap_pp,Financial inclusion gender gap,-9.9669998002201,female minus male percentage points
CRI,Costa Rica,finance_gender_gap_pp,Financial inclusion gender gap,-6.2378351526917015,female minus male percentage points
CIV,Cote d'Ivoire,finance_gender_gap_pp,Financial inclusion gender gap,-7.385194814198002,female minus male percentage points
HRV,Croatia,finance_gender_gap_pp,Financial inclusion gender gap,-1.2186257344397973,female minus male percentage points
CYP,Cyprus,finance_gender_gap_pp,Financial inclusion gender gap,3.7647006819831006,female minus male percentage points
CZE,Czechia,finance_gender_gap_pp,Financial inclusion gender gap,-5.307414577435395,female minus male percentage points
DNK,Denmark,finance_gender_gap_pp,Financial inclusion gender gap,-1.080056865365009,female minus male percentage points
DJI,Djibouti,finance_gender_gap_pp,Financial inclusion gender gap,-7.862921946650209,female minus male percentage points
DOM,Dominican Republic,finance_gender_gap_pp,Financial inclusion gender gap,-6.80436515031181,female minus male percentage points
ECU,Ecuador,finance_gender_gap_pp,Financial inclusion gender gap,-2.085884993592799,female minus male percentage points
EGY,"Egypt, Arab Rep.",finance_gender_gap_pp,Financial inclusion gender gap,-5.736751053312503,female minus male percentage points
SLV,El Salvador,finance_gender_gap_pp,Financial inclusion gender gap,-20.2565922765012,female minus male percentage points
EST,Estonia,finance_gender_gap_pp,Financial inclusion gender gap,1.8380793993090097,female minus male percentage points
SWZ,Eswatini,finance_gender_gap_pp,Financial inclusion gender gap,0.5413841556342049,female minus male percentage points
ETH,Ethiopia,finance_gender_gap_pp,Financial inclusion gender gap,-14.9105960555,female minus male percentage points
FIN,Finland,finance_gender_gap_pp,Financial inclusion gender gap,-0.3108759098065974,female minus male percentage points
FRA,France,finance_gender_gap_pp,Financial inclusion gender gap,1.3592334895547964,female minus male percentage points
GAB,Gabon,finance_gender_gap_pp,Financial inclusion gender gap,-8.695998127247606,female minus male percentage points
GMB,"Gambia, The",finance_gender_gap_pp,Financial inclusion gender gap,-6.8643971622618025,female minus male percentage points
GEO,Georgia,finance_gender_gap_pp,Financial inclusion gender gap,5.371401864432599,female minus male percentage points
DEU,Germany,finance_gender_gap_pp,Financial inclusion gender gap,1.1947998367427033,female minus male percentage points
GHA,Ghana,finance_gender_gap_pp,Financial inclusion gender gap,-6.108976967485205,female minus male percentage points
GRC,Greece,finance_gender_gap_pp,Financial inclusion gender gap,-9.1696174756419,female minus male percentage points
GTM,Guatemala,finance_gender_gap_pp,Financial inclusion gender gap,-12.148315116995605,female minus male percentage points
GIN,Guinea,finance_gender_gap_pp,Financial inclusion gender gap,-9.6219163060618,female minus male percentage points
HTI,Haiti,finance_gender_gap_pp,Financial inclusion gender gap,-5.309108334764499,female minus male percentage points
HND,Honduras,finance_gender_gap_pp,Financial inclusion gender gap,-18.706066707242,female minus male percentage points
HKG,"Hong Kong SAR, China",finance_gender_gap_pp,Financial inclusion gender gap,-1.2433943647292978,female minus male percentage points
HUN,Hungary,finance_gender_gap_pp,Financial inclusion gender gap,-6.831952818815196,female minus male percentage points
ISL,Iceland,finance_gender_gap_pp,Financial inclusion gender gap,-0.2954559730053034,female minus male percentage points
IND,India,finance_gender_gap_pp,Financial inclusion gender gap,0.4429855699755052,female minus male percentage points
IDN,Indonesia,finance_gender_gap_pp,Financial inclusion gender gap,3.3920332678465,female minus male percentage points
IRN,"Iran, Islamic Rep.",finance_gender_gap_pp,Financial inclusion gender gap,-8.537387666848204,female minus male percentage points
IRQ,Iraq,finance_gender_gap_pp,Financial inclusion gender gap,-21.968379994560895,female minus male percentage points
IRL,Ireland,finance_gender_gap_pp,Financial inclusion gender gap,-2.7210192590567033,female minus male percentage points
ISR,Israel,finance_gender_gap_pp,Financial inclusion gender gap,-2.3758179769413914,female minus male percentage points
ITA,Italy,finance_gender_gap_pp,Financial inclusion gender gap,-12.839201945106794,female minus male percentage points
JAM,Jamaica,finance_gender_gap_pp,Financial inclusion gender gap,-3.5523583744788,female minus male percentage points
JPN,Japan,finance_gender_gap_pp,Financial inclusion gender gap,0.4099743944525045,female minus male percentage points
JOR,Jordan,finance_gender_gap_pp,Financial inclusion gender gap,-19.6962113968481,female minus male percentage points
KAZ,Kazakhstan,finance_gender_gap_pp,Financial inclusion gender gap,-2.7582272875948917,female minus male percentage points
KEN,Kenya,finance_gender_gap_pp,Financial inclusion gender gap,-7.373974648080505,female minus male percentage points
KOR,"Korea, Rep.",finance_gender_gap_pp,Financial inclusion gender gap,0.4923939369426051,female minus male percentage points
KWT,Kuwait,finance_gender_gap_pp,Financial inclusion gender gap,-4.567949123776799,female minus male percentage points
KGZ,Kyrgyz Republic,finance_gender_gap_pp,Financial inclusion gender gap,-2.1430190946434067,female minus male percentage points
LAO,Lao PDR,finance_gender_gap_pp,Financial inclusion gender gap,11.876523519031904,female minus male percentage points
LVA,Latvia,finance_gender_gap_pp,Financial inclusion gender gap,0.9676668156404986,female minus male percentage points
LBN,Lebanon,finance_gender_gap_pp,Financial inclusion gender gap,-15.6855033229582,female minus male percentage points
LSO,Lesotho,finance_gender_gap_pp,Financial inclusion gender gap,-2.489340820711597,female minus male percentage points
LBR,Liberia,finance_gender_gap_pp,Financial inclusion gender gap,-11.851681032351005,female minus male percentage points
LBY,Libya,finance_gender_gap_pp,Financial inclusion gender gap,-16.7246578671461,female minus male percentage points
LTU,Lithuania,finance_gender_gap_pp,Financial inclusion gender gap,-1.2485641575807025,female minus male percentage points
LUX,Luxembourg,finance_gender_gap_pp,Financial inclusion gender gap,-1.1695100322475014,female minus male percentage points
MDG,Madagascar,finance_gender_gap_pp,Financial inclusion gender gap,-8.654542388138601,female minus male percentage points
MWI,Malawi,finance_gender_gap_pp,Financial inclusion gender gap,-8.555705755856899,female minus male percentage points
MYS,Malaysia,finance_gender_gap_pp,Financial inclusion gender gap,-0.9148877795946078,female minus male percentage points
MDV,Maldives,finance_gender_gap_pp,Financial inclusion gender gap,-11.2872486294241,female minus male percentage points
MLI,Mali,finance_gender_gap_pp,Financial inclusion gender gap,-18.580683241771094,female minus male percentage points
MLT,Malta,finance_gender_gap_pp,Financial inclusion gender gap,-0.9789289712801974,female minus male percentage points
MRT,Mauritania,finance_gender_gap_pp,Financial inclusion gender gap,-5.585762835108998,female minus male percentage points
MUS,Mauritius,finance_gender_gap_pp,Financial inclusion gender gap,-4.340434505665499,female minus male percentage points
MEX,Mexico,finance_gender_gap_pp,Financial inclusion gender gap,-11.737063355372698,female minus male percentage points
MDA,Moldova,finance_gender_gap_pp,Financial inclusion gender gap,-2.142971099500997,female minus male percentage points
MNG,Mongolia,finance_gender_gap_pp,Financial inclusion gender gap,1.4652914720391976,female minus male percentage points
MNE,Montenegro,finance_gender_gap_pp,Financial inclusion gender gap,-4.193059206950508,female minus male percentage points
MAR,Morocco,finance_gender_gap_pp,Financial inclusion gender gap,-19.948272339191895,female minus male percentage points
MOZ,Mozambique,finance_gender_gap_pp,Financial inclusion gender gap,-17.866632903115104,female minus male percentage points
MMR,Myanmar,finance_gender_gap_pp,Financial inclusion gender gap,-3.3716393250972985,female minus male percentage points
NAM,Namibia,finance_gender_gap_pp,Financial inclusion gender gap,4.378947156027209,female minus male percentage points
NPL,Nepal,finance_gender_gap_pp,Financial inclusion gender gap,-0.449256065003901,female minus male percentage points
NLD,Netherlands,finance_gender_gap_pp,Financial inclusion gender gap,0.1675121974949007,female minus male percentage points
NZL,New Zealand,finance_gender_gap_pp,Financial inclusion gender gap,1.371822076754199,female minus male percentage points
NIC,Nicaragua,finance_gender_gap_pp,Financial inclusion gender gap,-4.7253683748105,female minus male percentage points
NER,Niger,finance_gender_gap_pp,Financial inclusion gender gap,-5.410909802824898,female minus male percentage points
NGA,Nigeria,finance_gender_gap_pp,Financial inclusion gender gap,-22.0872881375578,female minus male percentage points
MKD,North Macedonia,finance_gender_gap_pp,Financial inclusion gender gap,-14.357589781818604,female minus male percentage points
NOR,Norway,finance_gender_gap_pp,Financial inclusion gender gap,-1.447053636280799,female minus male percentage points
OMN,Oman,finance_gender_gap_pp,Financial inclusion gender gap,-3.625124165590904,female minus male percentage points
PAK,Pakistan,finance_gender_gap_pp,Financial inclusion gender gap,-30.3813738977738,female minus male percentage points
PAN,Panama,finance_gender_gap_pp,Financial inclusion gender gap,-12.272756994234705,female minus male percentage points
PRY,Paraguay,finance_gender_gap_pp,Financial inclusion gender gap,-1.6577638009352995,female minus male percentage points
PER,Peru,finance_gender_gap_pp,Financial inclusion gender gap,-6.2997089333883025,female minus male percentage points
PHL,Philippines,finance_gender_gap_pp,Financial inclusion gender gap,14.0592109562662,female minus male percentage points
POL,Poland,finance_gender_gap_pp,Financial inclusion gender gap,0.4053715739024,female minus male percentage points
PRT,Portugal,finance_gender_gap_pp,Financial inclusion gender gap,-6.591382449521504,female minus male percentage points
PRI,Puerto Rico (US),finance_gender_gap_pp,Financial inclusion gender gap,-7.610518758656497,female minus male percentage points
QAT,Qatar,finance_gender_gap_pp,Financial inclusion gender gap,-7.000479810251498,female minus male percentage points
ROU,Romania,finance_gender_gap_pp,Financial inclusion gender gap,-3.096399910091108,female minus male percentage points
RUS,Russian Federation,finance_gender_gap_pp,Financial inclusion gender gap,-4.382230010752096,female minus male percentage points
RWA,Rwanda,finance_gender_gap_pp,Financial inclusion gender gap,-10.7849631597429,female minus male percentage points
SAU,Saudi Arabia,finance_gender_gap_pp,Financial inclusion gender gap,-8.350863961740501,female minus male percentage points
SEN,Senegal,finance_gender_gap_pp,Financial inclusion gender gap,-6.018121318020604,female minus male percentage points
SRB,Serbia,finance_gender_gap_pp,Financial inclusion gender gap,-4.5928737201112995,female minus male percentage points
SLE,Sierra Leone,finance_gender_gap_pp,Financial inclusion gender gap,-5.544311553943402,female minus male percentage points
SGP,Singapore,finance_gender_gap_pp,Financial inclusion gender gap,-0.7150848704779946,female minus male percentage points
SVK,Slovak Republic,finance_gender_gap_pp,Financial inclusion gender gap,-2.3136341401382055,female minus male percentage points
SVN,Slovenia,finance_gender_gap_pp,Financial inclusion gender gap,0.4034232739046928,female minus male percentage points
SOM,"Somalia, Fed. Rep.",finance_gender_gap_pp,Financial inclusion gender gap,-9.9053760397828,female minus male percentage points
ZAF,South Africa,finance_gender_gap_pp,Financial inclusion gender gap,-0.2863280503921999,female minus male percentage points
ESP,Spain,finance_gender_gap_pp,Financial inclusion gender gap,-1.1828463790658077,female minus male percentage points
LKA,Sri Lanka,finance_gender_gap_pp,Financial inclusion gender gap,-3.1814457405805,female minus male percentage points
SDN,Sudan,finance_gender_gap_pp,Financial inclusion gender gap,-10.24066546261164,female minus male percentage points
SWE,Sweden,finance_gender_gap_pp,Financial inclusion gender gap,-1.8960146504384028,female minus male percentage points
CHE,Switzerland,finance_gender_gap_pp,Financial inclusion gender gap,-1.619010154056994,female minus male percentage points
SYR,Syrian Arab Republic,finance_gender_gap_pp,Financial inclusion gender gap,-7.178646975011599,female minus male percentage points
TJK,Tajikistan,finance_gender_gap_pp,Financial inclusion gender gap,-15.6552361982677,female minus male percentage points
TZA,Tanzania,finance_gender_gap_pp,Financial inclusion gender gap,-10.401615115732902,female minus male percentage points
THA,Thailand,finance_gender_gap_pp,Financial inclusion gender gap,1.7818237640449013,female minus male percentage points
TGO,Togo,finance_gender_gap_pp,Financial inclusion gender gap,-24.65050030116671,female minus male percentage points
TTO,Trinidad and Tobago,finance_gender_gap_pp,Financial inclusion gender gap,-2.577256514478208,female minus male percentage points
TUN,Tunisia,finance_gender_gap_pp,Financial inclusion gender gap,-22.959100927257698,female minus male percentage points
TUR,Turkiye,finance_gender_gap_pp,Financial inclusion gender gap,-19.940533078852596,female minus male percentage points
TKM,Turkmenistan,finance_gender_gap_pp,Financial inclusion gender gap,-10.195445271937096,female minus male percentage points
UGA,Uganda,finance_gender_gap_pp,Financial inclusion gender gap,-13.900770409479208,female minus male percentage points
UKR,Ukraine,finance_gender_gap_pp,Financial inclusion gender gap,-7.631825150564595,female minus male percentage points
ARE,United Arab Emirates,finance_gender_gap_pp,Financial inclusion gender gap,1.288394391905996,female minus male percentage points
GBR,United Kingdom,finance_gender_gap_pp,Financial inclusion gender gap,-0.0315760172802015,female minus male percentage points
USA,United States,finance_gender_gap_pp,Financial inclusion gender gap,0.1723588656735017,female minus male percentage points
URY,Uruguay,finance_gender_gap_pp,Financial inclusion gender gap,-0.9607378017228996,female minus male percentage points
UZB,Uzbekistan,finance_gender_gap_pp,Financial inclusion gender gap,2.1641294243477063,female minus male percentage points
VEN,"Venezuela, RB",finance_gender_gap_pp,Financial inclusion gender gap,0.7732971225632923,female minus male percentage points
VNM,Viet Nam,finance_gender_gap_pp,Financial inclusion gender gap,-1.3649159212098994,female minus male percentage points
PSE,West Bank and Gaza,finance_gender_gap_pp,Financial inclusion gender gap,-23.4469149577628,female minus male percentage points
YEM,"Yemen, Rep.",finance_gender_gap_pp,Financial inclusion gender gap,-12.90887086595338,female minus male percentage points
ZMB,Zambia,finance_gender_gap_pp,Financial inclusion gender gap,-5.289359776536699,female minus male percentage points
ZWE,Zimbabwe,finance_gender_gap_pp,Financial inclusion gender gap,-5.407318841883203,female minus male percentage points
ALB,Albania,digital_gender_gap_pp,Digital access gender gap,-2.866100000000003,female minus male percentage points
DZA,Algeria,digital_gender_gap_pp,Digital access gender gap,-12.270400000000002,female minus male percentage points
AND,Andorra,digital_gender_gap_pp,Digital access gender gap,-2.581299999999999,female minus male percentage points
AGO,Angola,digital_gender_gap_pp,Digital access gender gap,-2.191300000000002,female minus male percentage points
ARG,Argentina,digital_gender_gap_pp,Digital access gender gap,-1.081699999999998,female minus male percentage points
ARM,Armenia,digital_gender_gap_pp,Digital access gender gap,3.984099999999998,female minus male percentage points
AUS,Australia,digital_gender_gap_pp,Digital access gender gap,-0.8972000000000122,female minus male percentage points
AUT,Austria,digital_gender_gap_pp,Digital access gender gap,-0.9650000000000034,female minus male percentage points
AZE,Azerbaijan,digital_gender_gap_pp,Digital access gender gap,-7.286900000000003,female minus male percentage points
BHS,"Bahamas, The",digital_gender_gap_pp,Digital access gender gap,4.7590000000000074,female minus male percentage points
BHR,Bahrain,digital_gender_gap_pp,Digital access gender gap,0.0,female minus male percentage points
BGD,Bangladesh,digital_gender_gap_pp,Digital access gender gap,-6.802100000000003,female minus male percentage points
BLR,Belarus,digital_gender_gap_pp,Digital access gender gap,0.9539000000000044,female minus male percentage points
BEL,Belgium,digital_gender_gap_pp,Digital access gender gap,-1.3060999999999865,female minus male percentage points
BLZ,Belize,digital_gender_gap_pp,Digital access gender gap,3.443100000000001,female minus male percentage points
BTN,Bhutan,digital_gender_gap_pp,Digital access gender gap,1.4679000000000002,female minus male percentage points
BOL,Bolivia,digital_gender_gap_pp,Digital access gender gap,-4.6152000000000015,female minus male percentage points
BIH,Bosnia and Herzegovina,digital_gender_gap_pp,Digital access gender gap,-2.5859000000000094,female minus male percentage points
BWA,Botswana,digital_gender_gap_pp,Digital access gender gap,1.0611999999999997,female minus male percentage points
BRA,Brazil,digital_gender_gap_pp,Digital access gender gap,-1.3787999999999982,female minus male percentage points
VGB,British Virgin Islands,digital_gender_gap_pp,Digital access gender gap,1.7993999999999917,female minus male percentage points
BRN,Brunei Darussalam,digital_gender_gap_pp,Digital access gender gap,4.890599999999992,female minus male percentage points
BGR,Bulgaria,digital_gender_gap_pp,Digital access gender gap,-1.6081000000000074,female minus male percentage points
BFA,Burkina Faso,digital_gender_gap_pp,Digital access gender gap,-5.66195,female minus male percentage points
BDI,Burundi,digital_gender_gap_pp,Digital access gender gap,-2.41223,female minus male percentage points
CPV,Cabo Verde,digital_gender_gap_pp,Digital access gender gap,-1.9561999999999955,female minus male percentage points
KHM,Cambodia,digital_gender_gap_pp,Digital access gender gap,-1.2474999999999952,female minus male percentage points
CMR,Cameroon,digital_gender_gap_pp,Digital access gender gap,-8.2,female minus male percentage points
CAN,Canada,digital_gender_gap_pp,Digital access gender gap,-1.0,female minus male percentage points
CHL,Chile,digital_gender_gap_pp,Digital access gender gap,-1.5589999999999975,female minus male percentage points
CHN,China,digital_gender_gap_pp,Digital access gender gap,-0.3148000000000053,female minus male percentage points
COL,Colombia,digital_gender_gap_pp,Digital access gender gap,1.485599999999991,female minus male percentage points
CRI,Costa Rica,digital_gender_gap_pp,Digital access gender gap,0.9080000000000013,female minus male percentage points
CIV,Cote d'Ivoire,digital_gender_gap_pp,Digital access gender gap,-6.232900000000001,female minus male percentage points
HRV,Croatia,digital_gender_gap_pp,Digital access gender gap,-5.202700000000007,female minus male percentage points
CUB,Cuba,digital_gender_gap_pp,Digital access gender gap,14.380199999999997,female minus male percentage points
CUW,Curacao,digital_gender_gap_pp,Digital access gender gap,1.2301000000000073,female minus male percentage points
CYP,Cyprus,digital_gender_gap_pp,Digital access gender gap,2.5031999999999925,female minus male percentage points
CZE,Czechia,digital_gender_gap_pp,Digital access gender gap,-0.6920000000000073,female minus male percentage points
DNK,Denmark,digital_gender_gap_pp,Digital access gender gap,0.1860999999999961,female minus male percentage points
DJI,Djibouti,digital_gender_gap_pp,Digital access gender gap,-8.2513,female minus male percentage points
DOM,Dominican Republic,digital_gender_gap_pp,Digital access gender gap,0.6073999999999984,female minus male percentage points
ECU,Ecuador,digital_gender_gap_pp,Digital access gender gap,2.0024000000000086,female minus male percentage points
EGY,"Egypt, Arab Rep.",digital_gender_gap_pp,Digital access gender gap,-14.070700000000002,female minus male percentage points
SLV,El Salvador,digital_gender_gap_pp,Digital access gender gap,-4.825299999999999,female minus male percentage points
EST,Estonia,digital_gender_gap_pp,Digital access gender gap,1.3511000000000024,female minus male percentage points
ETH,Ethiopia,digital_gender_gap_pp,Digital access gender gap,-6.017199999999999,female minus male percentage points
FIN,Finland,digital_gender_gap_pp,Digital access gender gap,-1.7623999999999995,female minus male percentage points
FRA,France,digital_gender_gap_pp,Digital access gender gap,-1.1599000000000077,female minus male percentage points
GEO,Georgia,digital_gender_gap_pp,Digital access gender gap,1.3185000000000002,female minus male percentage points
DEU,Germany,digital_gender_gap_pp,Digital access gender gap,-1.04140000000001,female minus male percentage points
GHA,Ghana,digital_gender_gap_pp,Digital access gender gap,-4.8683499999999995,female minus male percentage points
GRC,Greece,digital_gender_gap_pp,Digital access gender gap,-3.2338999999999913,female minus male percentage points
GTM,Guatemala,digital_gender_gap_pp,Digital access gender gap,-4.8260000000000005,female minus male percentage points
GIN,Guinea,digital_gender_gap_pp,Digital access gender gap,-13.999999999999998,female minus male percentage points
HND,Honduras,digital_gender_gap_pp,Digital access gender gap,2.735599999999998,female minus male percentage points
HKG,"Hong Kong SAR, China",digital_gender_gap_pp,Digital access gender gap,-1.7280999999999975,female minus male percentage points
HUN,Hungary,digital_gender_gap_pp,Digital access gender gap,0.0690000000000026,female minus male percentage points
ISL,Iceland,digital_gender_gap_pp,Digital access gender gap,-0.0054999999999978,female minus male percentage points
IND,India,digital_gender_gap_pp,Digital access gender gap,-10.1,female minus male percentage points
IDN,Indonesia,digital_gender_gap_pp,Digital access gender gap,-5.746899999999997,female minus male percentage points
IRN,"Iran, Islamic Rep.",digital_gender_gap_pp,Digital access gender gap,-1.8185,female minus male percentage points
IRQ,Iraq,digital_gender_gap_pp,Digital access gender gap,-12.413299999999992,female minus male percentage points
IRL,Ireland,digital_gender_gap_pp,Digital access gender gap,2.016999999999996,female minus male percentage points
ISR,Israel,digital_gender_gap_pp,Digital access gender gap,0.3134999999999905,female minus male percentage points
ITA,Italy,digital_gender_gap_pp,Digital access gender gap,-1.8093999999999968,female minus male percentage points
JAM,Jamaica,digital_gender_gap_pp,Digital access gender gap,5.703900000000004,female minus male percentage points
JPN,Japan,digital_gender_gap_pp,Digital access gender gap,-5.979600000000005,female minus male percentage points
JOR,Jordan,digital_gender_gap_pp,Digital access gender gap,-1.9029000000000025,female minus male percentage points
KAZ,Kazakhstan,digital_gender_gap_pp,Digital access gender gap,-1.5910999999999973,female minus male percentage points
KEN,Kenya,digital_gender_gap_pp,Digital access gender gap,-5.6387,female minus male percentage points
KOR,"Korea, Rep.",digital_gender_gap_pp,Digital access gender gap,0.5583000000000027,female minus male percentage points
KWT,Kuwait,digital_gender_gap_pp,Digital access gender gap,0.4112999999999971,female minus male percentage points
LVA,Latvia,digital_gender_gap_pp,Digital access gender gap,1.3144999999999951,female minus male percentage points
LSO,Lesotho,digital_gender_gap_pp,Digital access gender gap,6.572800000000001,female minus male percentage points
LTU,Lithuania,digital_gender_gap_pp,Digital access gender gap,2.544000000000011,female minus male percentage points
LUX,Luxembourg,digital_gender_gap_pp,Digital access gender gap,-0.8796999999999997,female minus male percentage points
MAC,"Macao SAR, China",digital_gender_gap_pp,Digital access gender gap,-0.2541999999999973,female minus male percentage points
MWI,Malawi,digital_gender_gap_pp,Digital access gender gap,-2.7120999999999995,female minus male percentage points
MYS,Malaysia,digital_gender_gap_pp,Digital access gender gap,-0.7254999999999967,female minus male percentage points
MDV,Maldives,digital_gender_gap_pp,Digital access gender gap,19.132400000000004,female minus male percentage points
MLT,Malta,digital_gender_gap_pp,Digital access gender gap,3.6781000000000006,female minus male percentage points
MUS,Mauritius,digital_gender_gap_pp,Digital access gender gap,-1.7869000000000028,female minus male percentage points
MEX,Mexico,digital_gender_gap_pp,Digital access gender gap,-1.7908999999999935,female minus male percentage points
MNG,Mongolia,digital_gender_gap_pp,Digital access gender gap,-2.5009000000000015,female minus male percentage points
MNE,Montenegro,digital_gender_gap_pp,Digital access gender gap,0.886099999999999,female minus male percentage points
MAR,Morocco,digital_gender_gap_pp,Digital access gender gap,-3.5575000000000045,female minus male percentage points
MOZ,Mozambique,digital_gender_gap_pp,Digital access gender gap,-3.4960700000000005,female minus male percentage points
MMR,Myanmar,digital_gender_gap_pp,Digital access gender gap,-9.1927,female minus male percentage points
NLD,Netherlands,digital_gender_gap_pp,Digital access gender gap,-2.146000000000001,female minus male percentage points
NZL,New Zealand,digital_gender_gap_pp,Digital access gender gap,0.9940999999999888,female minus male percentage points
NER,Niger,digital_gender_gap_pp,Digital access gender gap,-10.70679,female minus male percentage points
MKD,North Macedonia,digital_gender_gap_pp,Digital access gender gap,-4.293399999999991,female minus male percentage points
NOR,Norway,digital_gender_gap_pp,Digital access gender gap,0.0,female minus male percentage points
OMN,Oman,digital_gender_gap_pp,Digital access gender gap,2.7486999999999995,female minus male percentage points
PAK,Pakistan,digital_gender_gap_pp,Digital access gender gap,-10.4263,female minus male percentage points
PAN,Panama,digital_gender_gap_pp,Digital access gender gap,0.3777000000000043,female minus male percentage points
PRY,Paraguay,digital_gender_gap_pp,Digital access gender gap,1.1230000000000049,female minus male percentage points
PER,Peru,digital_gender_gap_pp,Digital access gender gap,-3.4698000000000064,female minus male percentage points
PHL,Philippines,digital_gender_gap_pp,Digital access gender gap,5.330799999999996,female minus male percentage points
POL,Poland,digital_gender_gap_pp,Digital access gender gap,-0.1837000000000017,female minus male percentage points
PRT,Portugal,digital_gender_gap_pp,Digital access gender gap,0.2218999999999908,female minus male percentage points
PRI,Puerto Rico (US),digital_gender_gap_pp,Digital access gender gap,0.7735000000000127,female minus male percentage points
QAT,Qatar,digital_gender_gap_pp,Digital access gender gap,-0.6807000000000016,female minus male percentage points
ROU,Romania,digital_gender_gap_pp,Digital access gender gap,-0.7612000000000023,female minus male percentage points
RUS,Russian Federation,digital_gender_gap_pp,Digital access gender gap,-0.3226000000000084,female minus male percentage points
SAU,Saudi Arabia,digital_gender_gap_pp,Digital access gender gap,0.0,female minus male percentage points
SRB,Serbia,digital_gender_gap_pp,Digital access gender gap,-5.076300000000003,female minus male percentage points
SGP,Singapore,digital_gender_gap_pp,Digital access gender gap,-1.148300000000006,female minus male percentage points
SVK,Slovak Republic,digital_gender_gap_pp,Digital access gender gap,-2.000099999999989,female minus male percentage points
SVN,Slovenia,digital_gender_gap_pp,Digital access gender gap,0.4579999999999984,female minus male percentage points
ESP,Spain,digital_gender_gap_pp,Digital access gender gap,0.8071000000000055,female minus male percentage points
LKA,Sri Lanka,digital_gender_gap_pp,Digital access gender gap,-4.939999999999998,female minus male percentage points
SDN,Sudan,digital_gender_gap_pp,Digital access gender gap,-5.899999999999999,female minus male percentage points
SWE,Sweden,digital_gender_gap_pp,Digital access gender gap,-1.9732000000000056,female minus male percentage points
CHE,Switzerland,digital_gender_gap_pp,Digital access gender gap,-1.7287000000000037,female minus male percentage points
THA,Thailand,digital_gender_gap_pp,Digital access gender gap,-1.997,female minus male percentage points
TGO,Togo,digital_gender_gap_pp,Digital access gender gap,-7.698939999999999,female minus male percentage points
TTO,Trinidad and Tobago,digital_gender_gap_pp,Digital access gender gap,3.8399,female minus male percentage points
TUN,Tunisia,digital_gender_gap_pp,Digital access gender gap,-11.349400000000005,female minus male percentage points
TUR,Turkiye,digital_gender_gap_pp,Digital access gender gap,-6.754000000000005,female minus male percentage points
UGA,Uganda,digital_gender_gap_pp,Digital access gender gap,-2.99878,female minus male percentage points
UKR,Ukraine,digital_gender_gap_pp,Digital access gender gap,-5.1905,female minus male percentage points
ARE,United Arab Emirates,digital_gender_gap_pp,Digital access gender gap,0.0,female minus male percentage points
GBR,United Kingdom,digital_gender_gap_pp,Digital access gender gap,-0.8277000000000072,female minus male percentage points
USA,United States,digital_gender_gap_pp,Digital access gender gap,0.671999999999997,female minus male percentage points
URY,Uruguay,digital_gender_gap_pp,Digital access gender gap,0.9552000000000048,female minus male percentage points
UZB,Uzbekistan,digital_gender_gap_pp,Digital access gender gap,-3.7764000000000095,female minus male percentage points
VEN,"Venezuela, RB",digital_gender_gap_pp,Digital access gender gap,3.1422999999999988,female minus male percentage points
VNM,Viet Nam,digital_gender_gap_pp,Digital access gender gap,-3.852800000000002,female minus male percentage points
PSE,West Bank and Gaza,digital_gender_gap_pp,Digital access gender gap,-0.7047000000000025,female minus male percentage points
ZMB,Zambia,digital_gender_gap_pp,Digital access gender gap,-2.349,female minus male percentage points
ZWE,Zimbabwe,digital_gender_gap_pp,Digital access gender gap,0.8135000000000012,female minus male percentage points
AFG,Afghanistan,identity_female_pct,Women with official identification,76.7112238,percent of women
ALB,Albania,identity_female_pct,Women with official identification,97.10064407,percent of women
DZA,Algeria,identity_female_pct,Women with official identification,97.26585432,percent of women
ARG,Argentina,identity_female_pct,Women with official identification,98.20745158,percent of women
ARM,Armenia,identity_female_pct,Women with official identification,72.7982489167147,percent of women
AZE,Azerbaijan,identity_female_pct,Women with official identification,98.9539047,percent of women
BGD,Bangladesh,identity_female_pct,Women with official identification,86.91284559,percent of women
BLR,Belarus,identity_female_pct,Women with official identification,99.22858053,percent of women
BEL,Belgium,identity_female_pct,Women with official identification,99.62150048,percent of women
BEN,Benin,identity_female_pct,Women with official identification,41.71650772,percent of women
BOL,Bolivia,identity_female_pct,Women with official identification,98.21409101,percent of women
BIH,Bosnia and Herzegovina,identity_female_pct,Women with official identification,95.99280521,percent of women
BWA,Botswana,identity_female_pct,Women with official identification,97.2114788,percent of women
BRA,Brazil,identity_female_pct,Women with official identification,97.58126644,percent of women
BGR,Bulgaria,identity_female_pct,Women with official identification,98.99274346,percent of women
BFA,Burkina Faso,identity_female_pct,Women with official identification,80.49428687,percent of women
KHM,Cambodia,identity_female_pct,Women with official identification,92.4915135,percent of women
CMR,Cameroon,identity_female_pct,Women with official identification,79.67242738,percent of women
CAN,Canada,identity_female_pct,Women with official identification,96.48911459,percent of women
TCD,Chad,identity_female_pct,Women with official identification,21.03345255,percent of women
CHL,Chile,identity_female_pct,Women with official identification,99.16641604,percent of women
CHN,China,identity_female_pct,Women with official identification,99.61708298,percent of women
COL,Colombia,identity_female_pct,Women with official identification,97.29957979,percent of women
COG,"Congo, Rep.",identity_female_pct,Women with official identification,59.28866205,percent of women
CRI,Costa Rica,identity_female_pct,Women with official identification,93.99869186,percent of women
CIV,Cote d'Ivoire,identity_female_pct,Women with official identification,67.73556868,percent of women
HRV,Croatia,identity_female_pct,Women with official identification,99.7975714,percent of women
CYP,Cyprus,identity_female_pct,Women with official identification,87.26324463,percent of women
CZE,Czechia,identity_female_pct,Women with official identification,99.90886079,percent of women
DNK,Denmark,identity_female_pct,Women with official identification,98.38032467,percent of women
DOM,Dominican Republic,identity_female_pct,Women with official identification,90.85925283,percent of women
ECU,Ecuador,identity_female_pct,Women with official identification,97.37560756,percent of women
EGY,"Egypt, Arab Rep.",identity_female_pct,Women with official identification,97.69595206,percent of women
SLV,El Salvador,identity_female_pct,Women with official identification,96.63297861,percent of women
EST,Estonia,identity_female_pct,Women with official identification,99.09222846,percent of women
ETH,Ethiopia,identity_female_pct,Women with official identification,54.12181149,percent of women
FRA,France,identity_female_pct,Women with official identification,94.24904834,percent of women
GAB,Gabon,identity_female_pct,Women with official identification,68.97868621,percent of women
GEO,Georgia,identity_female_pct,Women with official identification,97.00836821,percent of women
DEU,Germany,identity_female_pct,Women with official identification,95.94574003,percent of women
GHA,Ghana,identity_female_pct,Women with official identification,84.70059578,percent of women
GRC,Greece,identity_female_pct,Women with official identification,98.16290036,percent of women
GTM,Guatemala,identity_female_pct,Women with official identification,93.30239955,percent of women
GIN,Guinea,identity_female_pct,Women with official identification,51.59720275,percent of women
HTI,Haiti,identity_female_pct,Women with official identification,82.96332727,percent of women
HND,Honduras,identity_female_pct,Women with official identification,92.8437186,percent of women
HKG,"Hong Kong SAR, China",identity_female_pct,Women with official identification,97.95981965,percent of women
HUN,Hungary,identity_female_pct,Women with official identification,99.73968726,percent of women
ISL,Iceland,identity_female_pct,Women with official identification,100.0,percent of women
IND,India,identity_female_pct,Women with official identification,96.69141924,percent of women
IDN,Indonesia,identity_female_pct,Women with official identification,97.69948661,percent of women
IRN,"Iran, Islamic Rep.",identity_female_pct,Women with official identification,89.82497287,percent of women
IRQ,Iraq,identity_female_pct,Women with official identification,94.02299771,percent of women
ISR,Israel,identity_female_pct,Women with official identification,98.62815921,percent of women
ITA,Italy,identity_female_pct,Women with official identification,98.61579288,percent of women
JAM,Jamaica,identity_female_pct,Women with official identification,85.4206293,percent of women
JOR,Jordan,identity_female_pct,Women with official identification,97.90983796,percent of women
KAZ,Kazakhstan,identity_female_pct,Women with official identification,99.15511157,percent of women
KEN,Kenya,identity_female_pct,Women with official identification,88.8577921,percent of women
KOR,"Korea, Rep.",identity_female_pct,Women with official identification,97.42499574,percent of women
KGZ,Kyrgyz Republic,identity_female_pct,Women with official identification,93.11855916,percent of women
LAO,Lao PDR,identity_female_pct,Women with official identification,55.31766155,percent of women
LVA,Latvia,identity_female_pct,Women with official identification,99.50330555,percent of women
LBN,Lebanon,identity_female_pct,Women with official identification,96.77246781,percent of women
LSO,Lesotho,identity_female_pct,Women with official identification,69.14075548,percent of women
LBR,Liberia,identity_female_pct,Women with official identification,26.86906505,percent of women
LTU,Lithuania,identity_female_pct,Women with official identification,92.11271691,percent of women
MDG,Madagascar,identity_female_pct,Women with official identification,80.48374292,percent of women
MWI,Malawi,identity_female_pct,Women with official identification,86.79785249,percent of women
MYS,Malaysia,identity_female_pct,Women with official identification,95.67312756,percent of women
MLI,Mali,identity_female_pct,Women with official identification,66.27579598,percent of women
MLT,Malta,identity_female_pct,Women with official identification,98.40067707,percent of women
MRT,Mauritania,identity_female_pct,Women with official identification,88.36764086,percent of women
MUS,Mauritius,identity_female_pct,Women with official identification,99.09601349,percent of women
MEX,Mexico,identity_female_pct,Women with official identification,88.27274437,percent of women
MDA,Moldova,identity_female_pct,Women with official identification,98.53115635,percent of women
MNG,Mongolia,identity_female_pct,Women with official identification,98.44290725,percent of women
MNE,Montenegro,identity_female_pct,Women with official identification,95.55919919,percent of women
MAR,Morocco,identity_female_pct,Women with official identification,92.41086978,percent of women
MOZ,Mozambique,identity_female_pct,Women with official identification,51.23759982,percent of women
MMR,Myanmar,identity_female_pct,Women with official identification,89.17375428,percent of women
NAM,Namibia,identity_female_pct,Women with official identification,91.79267126,percent of women
NPL,Nepal,identity_female_pct,Women with official identification,86.24354622,percent of women
NLD,Netherlands,identity_female_pct,Women with official identification,96.80080701,percent of women
NIC,Nicaragua,identity_female_pct,Women with official identification,87.85515243,percent of women
NER,Niger,identity_female_pct,Women with official identification,32.01019819,percent of women
MKD,North Macedonia,identity_female_pct,Women with official identification,97.2908884,percent of women
NOR,Norway,identity_female_pct,Women with official identification,100.0,percent of women
PAK,Pakistan,identity_female_pct,Women with official identification,77.08974377,percent of women
PAN,Panama,identity_female_pct,Women with official identification,98.05144752,percent of women
PRY,Paraguay,identity_female_pct,Women with official identification,99.43507761,percent of women
PER,Peru,identity_female_pct,Women with official identification,98.42273502,percent of women
POL,Poland,identity_female_pct,Women with official identification,98.84940103,percent of women
PRT,Portugal,identity_female_pct,Women with official identification,96.36310724,percent of women
ROU,Romania,identity_female_pct,Women with official identification,99.55121561,percent of women
RUS,Russian Federation,identity_female_pct,Women with official identification,99.41901543,percent of women
RWA,Rwanda,identity_female_pct,Women with official identification,91.54041673,percent of women
SAU,Saudi Arabia,identity_female_pct,Women with official identification,97.30706608,percent of women
SEN,Senegal,identity_female_pct,Women with official identification,79.40909646,percent of women
SRB,Serbia,identity_female_pct,Women with official identification,99.62841519,percent of women
SLE,Sierra Leone,identity_female_pct,Women with official identification,64.0728981,percent of women
SGP,Singapore,identity_female_pct,Women with official identification,97.70875424,percent of women
SVK,Slovak Republic,identity_female_pct,Women with official identification,99.76016944,percent of women
SVN,Slovenia,identity_female_pct,Women with official identification,96.7315142,percent of women
ZAF,South Africa,identity_female_pct,Women with official identification,94.21705165,percent of women
SSD,South Sudan,identity_female_pct,Women with official identification,11.6645908,percent of women
ESP,Spain,identity_female_pct,Women with official identification,96.18096885,percent of women
LKA,Sri Lanka,identity_female_pct,Women with official identification,94.39057913,percent of women
SWE,Sweden,identity_female_pct,Women with official identification,100.0,percent of women
CHE,Switzerland,identity_female_pct,Women with official identification,95.1256209,percent of women
TJK,Tajikistan,identity_female_pct,Women with official identification,84.09328143,percent of women
TZA,Tanzania,identity_female_pct,Women with official identification,58.75418526,percent of women
THA,Thailand,identity_female_pct,Women with official identification,99.76496507,percent of women
TGO,Togo,identity_female_pct,Women with official identification,36.00412402,percent of women
TTO,Trinidad and Tobago,identity_female_pct,Women with official identification,93.88908915,percent of women
TUN,Tunisia,identity_female_pct,Women with official identification,98.89602473,percent of women
TUR,Turkiye,identity_female_pct,Women with official identification,97.24223494,percent of women
TKM,Turkmenistan,identity_female_pct,Women with official identification,98.2188405,percent of women
UGA,Uganda,identity_female_pct,Women with official identification,72.8189922,percent of women
UKR,Ukraine,identity_female_pct,Women with official identification,98.91217437,percent of women
ARE,United Arab Emirates,identity_female_pct,Women with official identification,94.09222013,percent of women
URY,Uruguay,identity_female_pct,Women with official identification,100.0,percent of women
UZB,Uzbekistan,identity_female_pct,Women with official identification,92.11011256,percent of women
VEN,"Venezuela, RB",identity_female_pct,Women with official identification,99.03793218,percent of women
VNM,Viet Nam,identity_female_pct,Women with official identification,96.93062469,percent of women
PSE,West Bank and Gaza,identity_female_pct,Women with official identification,95.89345095,percent of women
YEM,"Yemen, Rep.",identity_female_pct,Women with official identification,27.41489582,percent of women
ZMB,Zambia,identity_female_pct,Women with official identification,93.60017748,percent of women
ZWE,Zimbabwe,identity_female_pct,Women with official identification,86.92933259,percent of women
ALB,Albania,time_tax_extra_hours_day,Women’s unpaid-care time tax,4.383333599999999,female minus male hours per day
DZA,Algeria,time_tax_extra_hours_day,Women’s unpaid-care time tax,4.3000008,female minus male hours per day
ARG,Argentina,time_tax_extra_hours_day,Women’s unpaid-care time tax,2.6166672,female minus male hours per day
ARM,Armenia,time_tax_extra_hours_day,Women’s unpaid-care time tax,4.149,female minus male hours per day
AUS,Australia,time_tax_extra_hours_day,Women’s unpaid-care time tax,1.2666672,female minus male hours per day
AUT,Austria,time_tax_extra_hours_day,Women’s unpaid-care time tax,1.7181839999999995,female minus male hours per day
AZE,Azerbaijan,time_tax_extra_hours_day,Women’s unpaid-care time tax,3.9666672,female minus male hours per day
BLR,Belarus,time_tax_extra_hours_day,Women’s unpaid-care time tax,2.3166672,female minus male hours per day
BEL,Belgium,time_tax_extra_hours_day,Women’s unpaid-care time tax,1.4569464,female minus male hours per day
BTN,Bhutan,time_tax_extra_hours_day,Women’s unpaid-care time tax,2.1833328,female minus male hours per day
BOL,Bolivia,time_tax_extra_hours_day,Women’s unpaid-care time tax,2.6365535999999996,female minus male hours per day
BRA,Brazil,time_tax_extra_hours_day,Women’s unpaid-care time tax,1.4611032,female minus male hours per day
BGR,Bulgaria,time_tax_extra_hours_day,Women’s unpaid-care time tax,2.2318536,female minus male hours per day
KHM,Cambodia,time_tax_extra_hours_day,Women’s unpaid-care time tax,2.7,female minus male hours per day
CMR,Cameroon,time_tax_extra_hours_day,Women’s unpaid-care time tax,2.7007247999999997,female minus male hours per day
CAN,Canada,time_tax_extra_hours_day,Women’s unpaid-care time tax,1.1599992,female minus male hours per day
CHN,China,time_tax_extra_hours_day,Women’s unpaid-care time tax,2.2666656,female minus male hours per day
COL,Colombia,time_tax_extra_hours_day,Women’s unpaid-care time tax,2.9771064000000003,female minus male hours per day
CRI,Costa Rica,time_tax_extra_hours_day,Women’s unpaid-care time tax,2.7214296,female minus male hours per day
CUB,Cuba,time_tax_extra_hours_day,Women’s unpaid-care time tax,2.0471424,female minus male hours per day
DNK,Denmark,time_tax_extra_hours_day,Women’s unpaid-care time tax,1.05,female minus male hours per day
DOM,Dominican Republic,time_tax_extra_hours_day,Women’s unpaid-care time tax,2.0608152,female minus male hours per day
ECU,Ecuador,time_tax_extra_hours_day,Women’s unpaid-care time tax,2.786735999999999,female minus male hours per day
EGY,"Egypt, Arab Rep.",time_tax_extra_hours_day,Women’s unpaid-care time tax,4.783332000000001,female minus male hours per day
SLV,El Salvador,time_tax_extra_hours_day,Women’s unpaid-care time tax,3.1640328,female minus male hours per day
EST,Estonia,time_tax_extra_hours_day,Women’s unpaid-care time tax,1.5499992,female minus male hours per day
HKG,"Hong Kong SAR, China",time_tax_extra_hours_day,Women’s unpaid-care time tax,1.8,female minus male hours per day
AFG,Afghanistan,rural_time_tax_gap_latest_pp,Rural time-tax infrastructure gap,19.9530151403068,composite gap points
ALB,Albania,rural_time_tax_gap_latest_pp,Rural time-tax infrastructure gap,0.5335493097945042,composite gap points
DZA,Algeria,rural_time_tax_gap_latest_pp,Rural time-tax infrastructure gap,6.029659574143466,composite gap points
AND,Andorra,rural_time_tax_gap_latest_pp,Rural time-tax infrastructure gap,0.0,composite gap points
AGO,Angola,rural_time_tax_gap_latest_pp,Rural time-tax infrastructure gap,50.70406619960431,composite gap points
ATG,Antigua and Barbuda,rural_time_tax_gap_latest_pp,Rural time-tax infrastructure gap,-0.6221576472401011,composite gap points
ARG,Argentina,rural_time_tax_gap_latest_pp,Rural time-tax infrastructure gap,7.5017408624979005,composite gap points
ARM,Armenia,rural_time_tax_gap_latest_pp,Rural time-tax infrastructure gap,5.818568296709766,composite gap points
AUS,Australia,rural_time_tax_gap_latest_pp,Rural time-tax infrastructure gap,-0.0116666666666655,composite gap points
AUT,Austria,rural_time_tax_gap_latest_pp,Rural time-tax infrastructure gap,-0.0155439954799684,composite gap points
AZE,Azerbaijan,rural_time_tax_gap_latest_pp,Rural time-tax infrastructure gap,2.2377800410263355,composite gap points
BGD,Bangladesh,rural_time_tax_gap_latest_pp,Rural time-tax infrastructure gap,-0.044691021815898,composite gap points
BLR,Belarus,rural_time_tax_gap_latest_pp,Rural time-tax infrastructure gap,0.3598793991858002,composite gap points
BEL,Belgium,rural_time_tax_gap_latest_pp,Rural time-tax infrastructure gap,-0.0017275101662998,composite gap points
BLZ,Belize,rural_time_tax_gap_latest_pp,Rural time-tax infrastructure gap,8.283710127135231,composite gap points
BEN,Benin,rural_time_tax_gap_latest_pp,Rural time-tax infrastructure gap,19.982860679159295,composite gap points
BTN,Bhutan,rural_time_tax_gap_latest_pp,Rural time-tax infrastructure gap,-1.6016809617227967,composite gap points
BOL,Bolivia,rural_time_tax_gap_latest_pp,Rural time-tax infrastructure gap,19.05736553351333,composite gap points
BIH,Bosnia and Herzegovina,rural_time_tax_gap_latest_pp,Rural time-tax infrastructure gap,14.5309192228741,composite gap points
BWA,Botswana,rural_time_tax_gap_latest_pp,Rural time-tax infrastructure gap,29.72193612650153,composite gap points
BRA,Brazil,rural_time_tax_gap_latest_pp,Rural time-tax infrastructure gap,9.863197833420267,composite gap points
BGR,Bulgaria,rural_time_tax_gap_latest_pp,Rural time-tax infrastructure gap,1.7485119094061663,composite gap points
BFA,Burkina Faso,rural_time_tax_gap_latest_pp,Rural time-tax infrastructure gap,49.04523996033516,composite gap points
BDI,Burundi,rural_time_tax_gap_latest_pp,Rural time-tax infrastructure gap,31.042102992267004,composite gap points
CPV,Cabo Verde,rural_time_tax_gap_latest_pp,Rural time-tax infrastructure gap,6.43286216002033,composite gap points
KHM,Cambodia,rural_time_tax_gap_latest_pp,Rural time-tax infrastructure gap,9.92426901101507,composite gap points
CMR,Cameroon,rural_time_tax_gap_latest_pp,Rural time-tax infrastructure gap,38.41900391237687,composite gap points
CAN,Canada,rural_time_tax_gap_latest_pp,Rural time-tax infrastructure gap,-0.1384149170971937,composite gap points
CAF,Central African Republic,rural_time_tax_gap_latest_pp,Rural time-tax infrastructure gap,25.43402884841609,composite gap points
TCD,Chad,rural_time_tax_gap_latest_pp,Rural time-tax infrastructure gap,6.6688721105140685,composite gap points
CHL,Chile,rural_time_tax_gap_latest_pp,Rural time-tax infrastructure gap,5.171366138153199,composite gap points
CHN,China,rural_time_tax_gap_latest_pp,Rural time-tax infrastructure gap,2.2171534216351367,composite gap points
COL,Colombia,rural_time_tax_gap_latest_pp,Rural time-tax infrastructure gap,10.801704257683866,composite gap points
COM,Comoros,rural_time_tax_gap_latest_pp,Rural time-tax infrastructure gap,5.907187601675965,composite gap points
COD,"Congo, Dem. Rep.",rural_time_tax_gap_latest_pp,Rural time-tax infrastructure gap,36.687873967126734,composite gap points
COG,"Congo, Rep.",rural_time_tax_gap_latest_pp,Rural time-tax infrastructure gap,41.43346187480144,composite gap points
CRI,Costa Rica,rural_time_tax_gap_latest_pp,Rural time-tax infrastructure gap,0.4981947503297685,composite gap points
CIV,Cote d'Ivoire,rural_time_tax_gap_latest_pp,Rural time-tax infrastructure gap,33.801204498194295,composite gap points
HRV,Croatia,rural_time_tax_gap_latest_pp,Rural time-tax infrastructure gap,0.0288373620680317,composite gap points
CUB,Cuba,rural_time_tax_gap_latest_pp,Rural time-tax infrastructure gap,1.7618297835307004,composite gap points
CYP,Cyprus,rural_time_tax_gap_latest_pp,Rural time-tax infrastructure gap,0.2906384388844666,composite gap points
CZE,Czechia,rural_time_tax_gap_latest_pp,Rural time-tax infrastructure gap,-0.0383430585469,composite gap points
DNK,Denmark,rural_time_tax_gap_latest_pp,Rural time-tax infrastructure gap,-0.000135083748565,composite gap points
DJI,Djibouti,rural_time_tax_gap_latest_pp,Rural time-tax infrastructure gap,32.373818181053025,composite gap points
DOM,Dominican Republic,rural_time_tax_gap_latest_pp,Rural time-tax infrastructure gap,4.938252511333862,composite gap points
ECU,Ecuador,rural_time_tax_gap_latest_pp,Rural time-tax infrastructure gap,9.481602920677298,composite gap points
EGY,"Egypt, Arab Rep.",rural_time_tax_gap_latest_pp,Rural time-tax infrastructure gap,2.473884819238672,composite gap points
SLV,El Salvador,rural_time_tax_gap_latest_pp,Rural time-tax infrastructure gap,10.653960885357131,composite gap points
GNQ,Equatorial Guinea,rural_time_tax_gap_latest_pp,Rural time-tax infrastructure gap,43.88747409063257,composite gap points
ERI,Eritrea,rural_time_tax_gap_latest_pp,Rural time-tax infrastructure gap,37.69260480593752,composite gap points
EST,Estonia,rural_time_tax_gap_latest_pp,Rural time-tax infrastructure gap,-0.0872177804032361,composite gap points
SWZ,Eswatini,rural_time_tax_gap_latest_pp,Rural time-tax infrastructure gap,1.6467578325223329,composite gap points
ETH,Ethiopia,rural_time_tax_gap_latest_pp,Rural time-tax infrastructure gap,34.92437634209739,composite gap points
FJI,Fiji,rural_time_tax_gap_latest_pp,Rural time-tax infrastructure gap,4.4526469260790025,composite gap points
FIN,Finland,rural_time_tax_gap_latest_pp,Rural time-tax infrastructure gap,-0.0022277526767974,composite gap points
FRA,France,rural_time_tax_gap_latest_pp,Rural time-tax infrastructure gap,-0.1007049345417954,composite gap points
GAB,Gabon,rural_time_tax_gap_latest_pp,Rural time-tax infrastructure gap,42.2922284982155,composite gap points
GMB,"Gambia, The",rural_time_tax_gap_latest_pp,Rural time-tax infrastructure gap,32.27979215700393,composite gap points
GEO,Georgia,rural_time_tax_gap_latest_pp,Rural time-tax infrastructure gap,7.968597860705533,composite gap points
DEU,Germany,rural_time_tax_gap_latest_pp,Rural time-tax infrastructure gap,0.1005691003981989,composite gap points
GHA,Ghana,rural_time_tax_gap_latest_pp,Rural time-tax infrastructure gap,17.469439401461766,composite gap points
GRC,Greece,rural_time_tax_gap_latest_pp,Rural time-tax infrastructure gap,0.3550286893968035,composite gap points
GTM,Guatemala,rural_time_tax_gap_latest_pp,Rural time-tax infrastructure gap,15.7879253925866,composite gap points
GIN,Guinea,rural_time_tax_gap_latest_pp,Rural time-tax infrastructure gap,40.28515915401863,composite gap points
GNB,Guinea-Bissau,rural_time_tax_gap_latest_pp,Rural time-tax infrastructure gap,28.828463926241167,composite gap points
GUY,Guyana,rural_time_tax_gap_latest_pp,Rural time-tax infrastructure gap,3.966765511640034,composite gap points
HTI,Haiti,rural_time_tax_gap_latest_pp,Rural time-tax infrastructure gap,36.551715713640895,composite gap points
HND,Honduras,rural_time_tax_gap_latest_pp,Rural time-tax infrastructure gap,8.792702596851532,composite gap points
HUN,Hungary,rural_time_tax_gap_latest_pp,Rural time-tax infrastructure gap,-0.2715849816274366,composite gap points
ISL,Iceland,rural_time_tax_gap_latest_pp,Rural time-tax infrastructure gap,-0.4329004329004344,composite gap points
IND,India,rural_time_tax_gap_latest_pp,Rural time-tax infrastructure gap,2.880437808469504,composite gap points
IDN,Indonesia,rural_time_tax_gap_latest_pp,Rural time-tax infrastructure gap,6.49368903990927,composite gap points
IRN,"Iran, Islamic Rep.",rural_time_tax_gap_latest_pp,Rural time-tax infrastructure gap,4.8131907110757295,composite gap points
IRQ,Iraq,rural_time_tax_gap_latest_pp,Rural time-tax infrastructure gap,2.0578310417367667,composite gap points
IRL,Ireland,rural_time_tax_gap_latest_pp,Rural time-tax infrastructure gap,-2.261351550306699,composite gap points
ISR,Israel,rural_time_tax_gap_latest_pp,Rural time-tax infrastructure gap,0.3776632302405668,composite gap points
ITA,Italy,rural_time_tax_gap_latest_pp,Rural time-tax infrastructure gap,-0.0067274269973675,composite gap points
JAM,Jamaica,rural_time_tax_gap_latest_pp,Rural time-tax infrastructure gap,1.8364025665757235,composite gap points
JOR,Jordan,rural_time_tax_gap_latest_pp,Rural time-tax infrastructure gap,1.1604791139427657,composite gap points
KAZ,Kazakhstan,rural_time_tax_gap_latest_pp,Rural time-tax infrastructure gap,-0.5292574205613695,composite gap points
KEN,Kenya,rural_time_tax_gap_latest_pp,Rural time-tax infrastructure gap,20.86740629953493,composite gap points
KIR,Kiribati,rural_time_tax_gap_latest_pp,Rural time-tax infrastructure gap,19.926902273469832,composite gap points
PRK,"Korea, Dem. People's Rep.",rural_time_tax_gap_latest_pp,Rural time-tax infrastructure gap,15.990504500600233,composite gap points
KGZ,Kyrgyz Republic,rural_time_tax_gap_latest_pp,Rural time-tax infrastructure gap,1.4289471810442318,composite gap points
LAO,Lao PDR,rural_time_tax_gap_latest_pp,Rural time-tax infrastructure gap,9.556504040698297,composite gap points
LVA,Latvia,rural_time_tax_gap_latest_pp,Rural time-tax infrastructure gap,3.795825151708333,composite gap points
LSO,Lesotho,rural_time_tax_gap_latest_pp,Rural time-tax infrastructure gap,21.250557917240094,composite gap points
LBR,Liberia,rural_time_tax_gap_latest_pp,Rural time-tax infrastructure gap,28.85287898116917,composite gap points
LTU,Lithuania,rural_time_tax_gap_latest_pp,Rural time-tax infrastructure gap,1.7026570531413323,composite gap points
LUX,Luxembourg,rural_time_tax_gap_latest_pp,Rural time-tax infrastructure gap,-0.4565883206082664,composite gap points
MDG,Madagascar,rural_time_tax_gap_latest_pp,Rural time-tax infrastructure gap,33.3265417451473,composite gap points
MWI,Malawi,rural_time_tax_gap_latest_pp,Rural time-tax infrastructure gap,22.5065219427435,composite gap points
MYS,Malaysia,rural_time_tax_gap_latest_pp,Rural time-tax infrastructure gap,1.2138763506838046,composite gap points
MDV,Maldives,rural_time_tax_gap_latest_pp,Rural time-tax infrastructure gap,-0.0969493731715308,composite gap points
MLI,Mali,rural_time_tax_gap_latest_pp,Rural time-tax infrastructure gap,29.96913891191093,composite gap points
MLT,Malta,rural_time_tax_gap_latest_pp,Rural time-tax infrastructure gap,0.0,composite gap points
MHL,Marshall Islands,rural_time_tax_gap_latest_pp,Rural time-tax infrastructure gap,2.468024950202571,composite gap points
MRT,Mauritania,rural_time_tax_gap_latest_pp,Rural time-tax infrastructure gap,47.46975468939774,composite gap points
MUS,Mauritius,rural_time_tax_gap_latest_pp,Rural time-tax infrastructure gap,0.480461663294534,composite gap points
MEX,Mexico,rural_time_tax_gap_latest_pp,Rural time-tax infrastructure gap,2.6033238173406,composite gap points
MDA,Moldova,rural_time_tax_gap_latest_pp,Rural time-tax infrastructure gap,5.4553326585149335,composite gap points
MNG,Mongolia,rural_time_tax_gap_latest_pp,Rural time-tax infrastructure gap,21.4837383119237,composite gap points
MNE,Montenegro,rural_time_tax_gap_latest_pp,Rural time-tax infrastructure gap,1.8126551062030007,composite gap points
MAR,Morocco,rural_time_tax_gap_latest_pp,Rural time-tax infrastructure gap,14.210416264017796,composite gap points
MOZ,Mozambique,rural_time_tax_gap_latest_pp,Rural time-tax infrastructure gap,48.64337872664,composite gap points
MMR,Myanmar,rural_time_tax_gap_latest_pp,Rural time-tax infrastructure gap,14.769765352737869,composite gap points
NAM,Namibia,rural_time_tax_gap_latest_pp,Rural time-tax infrastructure gap,27.959543008609497,composite gap points
NPL,Nepal,rural_time_tax_gap_latest_pp,Rural time-tax infrastructure gap,-0.1431375542535704,composite gap points
NLD,Netherlands,rural_time_tax_gap_latest_pp,Rural time-tax infrastructure gap,-0.7976612509945985,composite gap points
NZL,New Zealand,rural_time_tax_gap_latest_pp,Rural time-tax infrastructure gap,0.0,composite gap points
NER,Niger,rural_time_tax_gap_latest_pp,Rural time-tax infrastructure gap,47.85616050392225,composite gap points
NGA,Nigeria,rural_time_tax_gap_latest_pp,Rural time-tax infrastructure gap,38.49127674308887,composite gap points
MKD,North Macedonia,rural_time_tax_gap_latest_pp,Rural time-tax infrastructure gap,0.7569384104944987,composite gap points
NOR,Norway,rural_time_tax_gap_latest_pp,Rural time-tax infrastructure gap,-0.099999999999999,composite gap points
OMN,Oman,rural_time_tax_gap_latest_pp,Rural time-tax infrastructure gap,6.158121002620703,composite gap points
PAK,Pakistan,rural_time_tax_gap_latest_pp,Rural time-tax infrastructure gap,8.671370345796864,composite gap points
PLW,Palau,rural_time_tax_gap_latest_pp,Rural time-tax infrastructure gap,0.4161909528953676,composite gap points
PAN,Panama,rural_time_tax_gap_latest_pp,Rural time-tax infrastructure gap,14.255769467154105,composite gap points
PNG,Papua New Guinea,rural_time_tax_gap_latest_pp,Rural time-tax infrastructure gap,30.952913803261,composite gap points
PRY,Paraguay,rural_time_tax_gap_latest_pp,Rural time-tax infrastructure gap,0.1894864297537708,composite gap points
PER,Peru,rural_time_tax_gap_latest_pp,Rural time-tax infrastructure gap,16.606286372780165,composite gap points
PHL,Philippines,rural_time_tax_gap_latest_pp,Rural time-tax infrastructure gap,5.101894704373199,composite gap points
POL,Poland,rural_time_tax_gap_latest_pp,Rural time-tax infrastructure gap,4.480140829530531,composite gap points
PRT,Portugal,rural_time_tax_gap_latest_pp,Rural time-tax infrastructure gap,0.6681481091144642,composite gap points
ROU,Romania,rural_time_tax_gap_latest_pp,Rural time-tax infrastructure gap,5.7415415022945,composite gap points
RUS,Russian Federation,rural_time_tax_gap_latest_pp,Rural time-tax infrastructure gap,12.528844684806904,composite gap points
RWA,Rwanda,rural_time_tax_gap_latest_pp,Rural time-tax infrastructure gap,8.228688565020933,composite gap points
WSM,Samoa,rural_time_tax_gap_latest_pp,Rural time-tax infrastructure gap,0.3991144648751685,composite gap points
SMR,San Marino,rural_time_tax_gap_latest_pp,Rural time-tax infrastructure gap,0.0,composite gap points
STP,Sao Tome and Principe,rural_time_tax_gap_latest_pp,Rural time-tax infrastructure gap,7.057124796054301,composite gap points
SAU,Saudi Arabia,rural_time_tax_gap_latest_pp,Rural time-tax infrastructure gap,0.5298759966760022,composite gap points
SEN,Senegal,rural_time_tax_gap_latest_pp,Rural time-tax infrastructure gap,20.13465839154944,composite gap points
SRB,Serbia,rural_time_tax_gap_latest_pp,Rural time-tax infrastructure gap,1.476353785943464,composite gap points
SLE,Sierra Leone,rural_time_tax_gap_latest_pp,Rural time-tax infrastructure gap,25.861680419624765,composite gap points
SVK,Slovak Republic,rural_time_tax_gap_latest_pp,Rural time-tax infrastructure gap,0.7044523806213334,composite gap points
SLB,Solomon Islands,rural_time_tax_gap_latest_pp,Rural time-tax infrastructure gap,27.52936499249627,composite gap points
SOM,"Somalia, Fed. Rep.",rural_time_tax_gap_latest_pp,Rural time-tax infrastructure gap,27.885933300953702,composite gap points
ZAF,South Africa,rural_time_tax_gap_latest_pp,Rural time-tax infrastructure gap,9.416378761993135,composite gap points
SSD,South Sudan,rural_time_tax_gap_latest_pp,Rural time-tax infrastructure gap,28.453821700594272,composite gap points
ESP,Spain,rural_time_tax_gap_latest_pp,Rural time-tax infrastructure gap,-0.0640516315401953,composite gap points
LKA,Sri Lanka,rural_time_tax_gap_latest_pp,Rural time-tax infrastructure gap,3.6801948849754353,composite gap points
LCA,St. Lucia,rural_time_tax_gap_latest_pp,Rural time-tax infrastructure gap,2.350312683932496,composite gap points
VCT,St. Vincent and the Grenadines,rural_time_tax_gap_latest_pp,Rural time-tax infrastructure gap,2.198393110897399,composite gap points
SDN,Sudan,rural_time_tax_gap_latest_pp,Rural time-tax infrastructure gap,24.114970049732733,composite gap points
SUR,Suriname,rural_time_tax_gap_latest_pp,Rural time-tax infrastructure gap,5.50457956518233,composite gap points
SWE,Sweden,rural_time_tax_gap_latest_pp,Rural time-tax infrastructure gap,0.0088983223937664,composite gap points
CHE,Switzerland,rural_time_tax_gap_latest_pp,Rural time-tax infrastructure gap,3.3433567168117406e-05,composite gap points
SYR,Syrian Arab Republic,rural_time_tax_gap_latest_pp,Rural time-tax infrastructure gap,14.6145054980999,composite gap points
TJK,Tajikistan,rural_time_tax_gap_latest_pp,Rural time-tax infrastructure gap,4.832800639952374,composite gap points
TZA,Tanzania,rural_time_tax_gap_latest_pp,Rural time-tax infrastructure gap,38.80800718709063,composite gap points
THA,Thailand,rural_time_tax_gap_latest_pp,Rural time-tax infrastructure gap,0.2681565941137999,composite gap points
TLS,Timor-Leste,rural_time_tax_gap_latest_pp,Rural time-tax infrastructure gap,11.3303932093983,composite gap points
TGO,Togo,rural_time_tax_gap_latest_pp,Rural time-tax infrastructure gap,34.10519140289514,composite gap points
TON,Tonga,rural_time_tax_gap_latest_pp,Rural time-tax infrastructure gap,1.5142324606445356,composite gap points
TTO,Trinidad and Tobago,rural_time_tax_gap_latest_pp,Rural time-tax infrastructure gap,0.8420005490417329,composite gap points
TUN,Tunisia,rural_time_tax_gap_latest_pp,Rural time-tax infrastructure gap,1.4059726130129633,composite gap points
TUR,Turkiye,rural_time_tax_gap_latest_pp,Rural time-tax infrastructure gap,1.5103925965432647,composite gap points
TKM,Turkmenistan,rural_time_tax_gap_latest_pp,Rural time-tax infrastructure gap,-0.1674262751027034,composite gap points
TCA,Turks and Caicos Islands,rural_time_tax_gap_latest_pp,Rural time-tax infrastructure gap,3.037379772228666,composite gap points
TUV,Tuvalu,rural_time_tax_gap_latest_pp,Rural time-tax infrastructure gap,-1.3328420647049957,composite gap points
UGA,Uganda,rural_time_tax_gap_latest_pp,Rural time-tax infrastructure gap,22.93685820380033,composite gap points
UKR,Ukraine,rural_time_tax_gap_latest_pp,Rural time-tax infrastructure gap,-2.650951723618832,composite gap points
ARE,United Arab Emirates,rural_time_tax_gap_latest_pp,Rural time-tax infrastructure gap,-0.3173140370000027,composite gap points
GBR,United Kingdom,rural_time_tax_gap_latest_pp,Rural time-tax infrastructure gap,-0.1461258776328975,composite gap points
USA,United States,rural_time_tax_gap_latest_pp,Rural time-tax infrastructure gap,0.4773507506065992,composite gap points
URY,Uruguay,rural_time_tax_gap_latest_pp,Rural time-tax infrastructure gap,1.5790401742877027,composite gap points
UZB,Uzbekistan,rural_time_tax_gap_latest_pp,Rural time-tax infrastructure gap,-0.2822590792106609,composite gap points
VUT,Vanuatu,rural_time_tax_gap_latest_pp,Rural time-tax infrastructure gap,16.425215849079027,composite gap points
VNM,Viet Nam,rural_time_tax_gap_latest_pp,Rural time-tax infrastructure gap,1.8808387282972017,composite gap points
PSE,West Bank and Gaza,rural_time_tax_gap_latest_pp,Rural time-tax infrastructure gap,-0.2463397188590666,composite gap points
YEM,"Yemen, Rep.",rural_time_tax_gap_latest_pp,Rural time-tax infrastructure gap,25.067861132331004,composite gap points
ZMB,Zambia,rural_time_tax_gap_latest_pp,Rural time-tax infrastructure gap,30.61613773766706,composite gap points
ZWE,Zimbabwe,rural_time_tax_gap_latest_pp,Rural time-tax infrastructure gap,28.79513861897913,composite gap points
AFG,Afghanistan,maternal_mortality_ratio,Maternal mortality,521.0,"deaths per 100,000 live births"
ALB,Albania,maternal_mortality_ratio,Maternal mortality,7.0,"deaths per 100,000 live births"
DZA,Algeria,maternal_mortality_ratio,Maternal mortality,62.0,"deaths per 100,000 live births"
AND,Andorra,maternal_mortality_ratio,Maternal mortality,11.0,"deaths per 100,000 live births"
AGO,Angola,maternal_mortality_ratio,Maternal mortality,183.0,"deaths per 100,000 live births"
ATG,Antigua and Barbuda,maternal_mortality_ratio,Maternal mortality,35.0,"deaths per 100,000 live births"
ARG,Argentina,maternal_mortality_ratio,Maternal mortality,33.0,"deaths per 100,000 live births"
ARM,Armenia,maternal_mortality_ratio,Maternal mortality,19.0,"deaths per 100,000 live births"
AUS,Australia,maternal_mortality_ratio,Maternal mortality,2.0,"deaths per 100,000 live births"
AUT,Austria,maternal_mortality_ratio,Maternal mortality,6.0,"deaths per 100,000 live births"
AZE,Azerbaijan,maternal_mortality_ratio,Maternal mortality,18.0,"deaths per 100,000 live births"
BHS,"Bahamas, The",maternal_mortality_ratio,Maternal mortality,76.0,"deaths per 100,000 live births"
BHR,Bahrain,maternal_mortality_ratio,Maternal mortality,17.0,"deaths per 100,000 live births"
BGD,Bangladesh,maternal_mortality_ratio,Maternal mortality,115.0,"deaths per 100,000 live births"
BRB,Barbados,maternal_mortality_ratio,Maternal mortality,35.0,"deaths per 100,000 live births"
BLR,Belarus,maternal_mortality_ratio,Maternal mortality,1.0,"deaths per 100,000 live births"
BEL,Belgium,maternal_mortality_ratio,Maternal mortality,4.0,"deaths per 100,000 live births"
BLZ,Belize,maternal_mortality_ratio,Maternal mortality,67.0,"deaths per 100,000 live births"
BEN,Benin,maternal_mortality_ratio,Maternal mortality,518.0,"deaths per 100,000 live births"
BTN,Bhutan,maternal_mortality_ratio,Maternal mortality,47.0,"deaths per 100,000 live births"
BOL,Bolivia,maternal_mortality_ratio,Maternal mortality,146.0,"deaths per 100,000 live births"
BIH,Bosnia and Herzegovina,maternal_mortality_ratio,Maternal mortality,6.0,"deaths per 100,000 live births"
BWA,Botswana,maternal_mortality_ratio,Maternal mortality,155.0,"deaths per 100,000 live births"
BRA,Brazil,maternal_mortality_ratio,Maternal mortality,67.0,"deaths per 100,000 live births"
BRN,Brunei Darussalam,maternal_mortality_ratio,Maternal mortality,36.0,"deaths per 100,000 live births"
BGR,Bulgaria,maternal_mortality_ratio,Maternal mortality,6.0,"deaths per 100,000 live births"
BFA,Burkina Faso,maternal_mortality_ratio,Maternal mortality,242.0,"deaths per 100,000 live births"
BDI,Burundi,maternal_mortality_ratio,Maternal mortality,392.0,"deaths per 100,000 live births"
CPV,Cabo Verde,maternal_mortality_ratio,Maternal mortality,40.0,"deaths per 100,000 live births"
KHM,Cambodia,maternal_mortality_ratio,Maternal mortality,137.0,"deaths per 100,000 live births"
CMR,Cameroon,maternal_mortality_ratio,Maternal mortality,258.0,"deaths per 100,000 live births"
CAN,Canada,maternal_mortality_ratio,Maternal mortality,12.0,"deaths per 100,000 live births"
CAF,Central African Republic,maternal_mortality_ratio,Maternal mortality,692.0,"deaths per 100,000 live births"
TCD,Chad,maternal_mortality_ratio,Maternal mortality,748.0,"deaths per 100,000 live births"
CHL,Chile,maternal_mortality_ratio,Maternal mortality,10.0,"deaths per 100,000 live births"
CHN,China,maternal_mortality_ratio,Maternal mortality,16.0,"deaths per 100,000 live births"
COL,Colombia,maternal_mortality_ratio,Maternal mortality,59.0,"deaths per 100,000 live births"
COM,Comoros,maternal_mortality_ratio,Maternal mortality,179.0,"deaths per 100,000 live births"
COD,"Congo, Dem. Rep.",maternal_mortality_ratio,Maternal mortality,427.0,"deaths per 100,000 live births"
COG,"Congo, Rep.",maternal_mortality_ratio,Maternal mortality,241.0,"deaths per 100,000 live births"
CRI,Costa Rica,maternal_mortality_ratio,Maternal mortality,24.0,"deaths per 100,000 live births"
CIV,Cote d'Ivoire,maternal_mortality_ratio,Maternal mortality,359.0,"deaths per 100,000 live births"
HRV,Croatia,maternal_mortality_ratio,Maternal mortality,3.0,"deaths per 100,000 live births"
CUB,Cuba,maternal_mortality_ratio,Maternal mortality,35.0,"deaths per 100,000 live births"
CYP,Cyprus,maternal_mortality_ratio,Maternal mortality,14.0,"deaths per 100,000 live births"
CZE,Czechia,maternal_mortality_ratio,Maternal mortality,3.0,"deaths per 100,000 live births"
DNK,Denmark,maternal_mortality_ratio,Maternal mortality,4.0,"deaths per 100,000 live births"
DJI,Djibouti,maternal_mortality_ratio,Maternal mortality,162.0,"deaths per 100,000 live births"
DMA,Dominica,maternal_mortality_ratio,Maternal mortality,36.0,"deaths per 100,000 live births"
DOM,Dominican Republic,maternal_mortality_ratio,Maternal mortality,124.0,"deaths per 100,000 live births"
ECU,Ecuador,maternal_mortality_ratio,Maternal mortality,55.0,"deaths per 100,000 live births"
EGY,"Egypt, Arab Rep.",maternal_mortality_ratio,Maternal mortality,17.0,"deaths per 100,000 live births"
SLV,El Salvador,maternal_mortality_ratio,Maternal mortality,39.0,"deaths per 100,000 live births"
GNQ,Equatorial Guinea,maternal_mortality_ratio,Maternal mortality,174.0,"deaths per 100,000 live births"
ERI,Eritrea,maternal_mortality_ratio,Maternal mortality,291.0,"deaths per 100,000 live births"
EST,Estonia,maternal_mortality_ratio,Maternal mortality,5.0,"deaths per 100,000 live births"
SWZ,Eswatini,maternal_mortality_ratio,Maternal mortality,118.0,"deaths per 100,000 live births"
ETH,Ethiopia,maternal_mortality_ratio,Maternal mortality,195.0,"deaths per 100,000 live births"
FJI,Fiji,maternal_mortality_ratio,Maternal mortality,30.0,"deaths per 100,000 live births"
FIN,Finland,maternal_mortality_ratio,Maternal mortality,8.0,"deaths per 100,000 live births"
FRA,France,maternal_mortality_ratio,Maternal mortality,7.0,"deaths per 100,000 live births"
GAB,Gabon,maternal_mortality_ratio,Maternal mortality,233.0,"deaths per 100,000 live births"
GMB,"Gambia, The",maternal_mortality_ratio,Maternal mortality,354.0,"deaths per 100,000 live births"
GEO,Georgia,maternal_mortality_ratio,Maternal mortality,20.0,"deaths per 100,000 live births"
DEU,Germany,maternal_mortality_ratio,Maternal mortality,4.0,"deaths per 100,000 live births"
GHA,Ghana,maternal_mortality_ratio,Maternal mortality,234.0,"deaths per 100,000 live births"
GRC,Greece,maternal_mortality_ratio,Maternal mortality,5.0,"deaths per 100,000 live births"
GRD,Grenada,maternal_mortality_ratio,Maternal mortality,48.0,"deaths per 100,000 live births"
GTM,Guatemala,maternal_mortality_ratio,Maternal mortality,94.0,"deaths per 100,000 live births"
GIN,Guinea,maternal_mortality_ratio,Maternal mortality,494.0,"deaths per 100,000 live births"
GNB,Guinea-Bissau,maternal_mortality_ratio,Maternal mortality,505.0,"deaths per 100,000 live births"
GUY,Guyana,maternal_mortality_ratio,Maternal mortality,75.0,"deaths per 100,000 live births"
HTI,Haiti,maternal_mortality_ratio,Maternal mortality,328.0,"deaths per 100,000 live births"
HND,Honduras,maternal_mortality_ratio,Maternal mortality,47.0,"deaths per 100,000 live births"
HUN,Hungary,maternal_mortality_ratio,Maternal mortality,12.0,"deaths per 100,000 live births"
ISL,Iceland,maternal_mortality_ratio,Maternal mortality,3.0,"deaths per 100,000 live births"
IND,India,maternal_mortality_ratio,Maternal mortality,80.0,"deaths per 100,000 live births"
IDN,Indonesia,maternal_mortality_ratio,Maternal mortality,140.0,"deaths per 100,000 live births"
IRN,"Iran, Islamic Rep.",maternal_mortality_ratio,Maternal mortality,16.0,"deaths per 100,000 live births"
IRQ,Iraq,maternal_mortality_ratio,Maternal mortality,66.0,"deaths per 100,000 live births"
IRL,Ireland,maternal_mortality_ratio,Maternal mortality,4.0,"deaths per 100,000 live births"
ISR,Israel,maternal_mortality_ratio,Maternal mortality,2.0,"deaths per 100,000 live births"
ITA,Italy,maternal_mortality_ratio,Maternal mortality,6.0,"deaths per 100,000 live births"
JAM,Jamaica,maternal_mortality_ratio,Maternal mortality,130.0,"deaths per 100,000 live births"
JPN,Japan,maternal_mortality_ratio,Maternal mortality,3.0,"deaths per 100,000 live births"
JOR,Jordan,maternal_mortality_ratio,Maternal mortality,31.0,"deaths per 100,000 live births"
KAZ,Kazakhstan,maternal_mortality_ratio,Maternal mortality,10.0,"deaths per 100,000 live births"
KEN,Kenya,maternal_mortality_ratio,Maternal mortality,149.0,"deaths per 100,000 live births"
KIR,Kiribati,maternal_mortality_ratio,Maternal mortality,80.0,"deaths per 100,000 live births"
PRK,"Korea, Dem. People's Rep.",maternal_mortality_ratio,Maternal mortality,67.0,"deaths per 100,000 live births"
KOR,"Korea, Rep.",maternal_mortality_ratio,Maternal mortality,4.0,"deaths per 100,000 live births"
KWT,Kuwait,maternal_mortality_ratio,Maternal mortality,8.0,"deaths per 100,000 live births"
KGZ,Kyrgyz Republic,maternal_mortality_ratio,Maternal mortality,42.0,"deaths per 100,000 live births"
LAO,Lao PDR,maternal_mortality_ratio,Maternal mortality,112.0,"deaths per 100,000 live births"
LVA,Latvia,maternal_mortality_ratio,Maternal mortality,19.0,"deaths per 100,000 live births"
LBN,Lebanon,maternal_mortality_ratio,Maternal mortality,15.0,"deaths per 100,000 live births"
LSO,Lesotho,maternal_mortality_ratio,Maternal mortality,478.0,"deaths per 100,000 live births"
LBR,Liberia,maternal_mortality_ratio,Maternal mortality,628.0,"deaths per 100,000 live births"
LBY,Libya,maternal_mortality_ratio,Maternal mortality,59.0,"deaths per 100,000 live births"
LTU,Lithuania,maternal_mortality_ratio,Maternal mortality,8.0,"deaths per 100,000 live births"
LUX,Luxembourg,maternal_mortality_ratio,Maternal mortality,11.0,"deaths per 100,000 live births"
MDG,Madagascar,maternal_mortality_ratio,Maternal mortality,445.0,"deaths per 100,000 live births"
MWI,Malawi,maternal_mortality_ratio,Maternal mortality,225.0,"deaths per 100,000 live births"
MYS,Malaysia,maternal_mortality_ratio,Maternal mortality,26.0,"deaths per 100,000 live births"
MDV,Maldives,maternal_mortality_ratio,Maternal mortality,32.0,"deaths per 100,000 live births"
MLI,Mali,maternal_mortality_ratio,Maternal mortality,367.0,"deaths per 100,000 live births"
MLT,Malta,maternal_mortality_ratio,Maternal mortality,8.0,"deaths per 100,000 live births"
MHL,Marshall Islands,maternal_mortality_ratio,Maternal mortality,155.0,"deaths per 100,000 live births"
MRT,Mauritania,maternal_mortality_ratio,Maternal mortality,381.0,"deaths per 100,000 live births"
MUS,Mauritius,maternal_mortality_ratio,Maternal mortality,66.0,"deaths per 100,000 live births"
MEX,Mexico,maternal_mortality_ratio,Maternal mortality,42.0,"deaths per 100,000 live births"
FSM,"Micronesia, Fed. Sts.",maternal_mortality_ratio,Maternal mortality,129.0,"deaths per 100,000 live births"
MDA,Moldova,maternal_mortality_ratio,Maternal mortality,19.0,"deaths per 100,000 live births"
MCO,Monaco,maternal_mortality_ratio,Maternal mortality,5.0,"deaths per 100,000 live births"
MNG,Mongolia,maternal_mortality_ratio,Maternal mortality,41.0,"deaths per 100,000 live births"
MNE,Montenegro,maternal_mortality_ratio,Maternal mortality,6.0,"deaths per 100,000 live births"
MAR,Morocco,maternal_mortality_ratio,Maternal mortality,70.0,"deaths per 100,000 live births"
MOZ,Mozambique,maternal_mortality_ratio,Maternal mortality,99.0,"deaths per 100,000 live births"
MMR,Myanmar,maternal_mortality_ratio,Maternal mortality,185.0,"deaths per 100,000 live births"
NAM,Namibia,maternal_mortality_ratio,Maternal mortality,139.0,"deaths per 100,000 live births"
NRU,Naoero,maternal_mortality_ratio,Maternal mortality,273.0,"deaths per 100,000 live births"
NPL,Nepal,maternal_mortality_ratio,Maternal mortality,142.0,"deaths per 100,000 live births"
NLD,Netherlands,maternal_mortality_ratio,Maternal mortality,4.0,"deaths per 100,000 live births"
NZL,New Zealand,maternal_mortality_ratio,Maternal mortality,7.0,"deaths per 100,000 live births"
NIC,Nicaragua,maternal_mortality_ratio,Maternal mortality,60.0,"deaths per 100,000 live births"
NER,Niger,maternal_mortality_ratio,Maternal mortality,350.0,"deaths per 100,000 live births"
NGA,Nigeria,maternal_mortality_ratio,Maternal mortality,993.0,"deaths per 100,000 live births"
MKD,North Macedonia,maternal_mortality_ratio,Maternal mortality,3.0,"deaths per 100,000 live births"
NOR,Norway,maternal_mortality_ratio,Maternal mortality,1.0,"deaths per 100,000 live births"
OMN,Oman,maternal_mortality_ratio,Maternal mortality,13.0,"deaths per 100,000 live births"
PAK,Pakistan,maternal_mortality_ratio,Maternal mortality,155.0,"deaths per 100,000 live births"
PLW,Palau,maternal_mortality_ratio,Maternal mortality,89.0,"deaths per 100,000 live births"
PAN,Panama,maternal_mortality_ratio,Maternal mortality,37.0,"deaths per 100,000 live births"
PNG,Papua New Guinea,maternal_mortality_ratio,Maternal mortality,189.0,"deaths per 100,000 live births"
PRY,Paraguay,maternal_mortality_ratio,Maternal mortality,58.0,"deaths per 100,000 live births"
PER,Peru,maternal_mortality_ratio,Maternal mortality,51.0,"deaths per 100,000 live births"
PHL,Philippines,maternal_mortality_ratio,Maternal mortality,84.0,"deaths per 100,000 live births"
POL,Poland,maternal_mortality_ratio,Maternal mortality,2.0,"deaths per 100,000 live births"
PRT,Portugal,maternal_mortality_ratio,Maternal mortality,15.0,"deaths per 100,000 live births"
PRI,Puerto Rico (US),maternal_mortality_ratio,Maternal mortality,11.0,"deaths per 100,000 live births"
QAT,Qatar,maternal_mortality_ratio,Maternal mortality,4.0,"deaths per 100,000 live births"
ROU,Romania,maternal_mortality_ratio,Maternal mortality,12.0,"deaths per 100,000 live births"
RUS,Russian Federation,maternal_mortality_ratio,Maternal mortality,9.0,"deaths per 100,000 live births"
RWA,Rwanda,maternal_mortality_ratio,Maternal mortality,229.0,"deaths per 100,000 live births"
WSM,Samoa,maternal_mortality_ratio,Maternal mortality,101.0,"deaths per 100,000 live births"
SMR,San Marino,maternal_mortality_ratio,Maternal mortality,8.0,"deaths per 100,000 live births"
STP,Sao Tome and Principe,maternal_mortality_ratio,Maternal mortality,75.0,"deaths per 100,000 live births"
SAU,Saudi Arabia,maternal_mortality_ratio,Maternal mortality,7.0,"deaths per 100,000 live births"
SEN,Senegal,maternal_mortality_ratio,Maternal mortality,237.0,"deaths per 100,000 live births"
SRB,Serbia,maternal_mortality_ratio,Maternal mortality,11.0,"deaths per 100,000 live births"
SYC,Seychelles,maternal_mortality_ratio,Maternal mortality,42.0,"deaths per 100,000 live births"
SLE,Sierra Leone,maternal_mortality_ratio,Maternal mortality,354.0,"deaths per 100,000 live births"
SGP,Singapore,maternal_mortality_ratio,Maternal mortality,6.0,"deaths per 100,000 live births"
SVK,Slovak Republic,maternal_mortality_ratio,Maternal mortality,4.0,"deaths per 100,000 live births"
SVN,Slovenia,maternal_mortality_ratio,Maternal mortality,3.0,"deaths per 100,000 live births"
SLB,Solomon Islands,maternal_mortality_ratio,Maternal mortality,123.0,"deaths per 100,000 live births"
SOM,"Somalia, Fed. Rep.",maternal_mortality_ratio,Maternal mortality,563.0,"deaths per 100,000 live births"
ZAF,South Africa,maternal_mortality_ratio,Maternal mortality,118.0,"deaths per 100,000 live births"
SSD,South Sudan,maternal_mortality_ratio,Maternal mortality,692.0,"deaths per 100,000 live births"
ESP,Spain,maternal_mortality_ratio,Maternal mortality,3.0,"deaths per 100,000 live births"
LKA,Sri Lanka,maternal_mortality_ratio,Maternal mortality,18.0,"deaths per 100,000 live births"
KNA,St. Kitts and Nevis,maternal_mortality_ratio,Maternal mortality,74.0,"deaths per 100,000 live births"
LCA,St. Lucia,maternal_mortality_ratio,Maternal mortality,44.0,"deaths per 100,000 live births"
VCT,St. Vincent and the Grenadines,maternal_mortality_ratio,Maternal mortality,56.0,"deaths per 100,000 live births"
SDN,Sudan,maternal_mortality_ratio,Maternal mortality,256.0,"deaths per 100,000 live births"
SUR,Suriname,maternal_mortality_ratio,Maternal mortality,84.0,"deaths per 100,000 live births"
SWE,Sweden,maternal_mortality_ratio,Maternal mortality,4.0,"deaths per 100,000 live births"
CHE,Switzerland,maternal_mortality_ratio,Maternal mortality,5.0,"deaths per 100,000 live births"
SYR,Syrian Arab Republic,maternal_mortality_ratio,Maternal mortality,20.0,"deaths per 100,000 live births"
TJK,Tajikistan,maternal_mortality_ratio,Maternal mortality,14.0,"deaths per 100,000 live births"
TZA,Tanzania,maternal_mortality_ratio,Maternal mortality,276.0,"deaths per 100,000 live births"
THA,Thailand,maternal_mortality_ratio,Maternal mortality,34.0,"deaths per 100,000 live births"
TLS,Timor-Leste,maternal_mortality_ratio,Maternal mortality,192.0,"deaths per 100,000 live births"
TGO,Togo,maternal_mortality_ratio,Maternal mortality,349.0,"deaths per 100,000 live births"
TON,Tonga,maternal_mortality_ratio,Maternal mortality,67.0,"deaths per 100,000 live births"
TTO,Trinidad and Tobago,maternal_mortality_ratio,Maternal mortality,54.0,"deaths per 100,000 live births"
TUN,Tunisia,maternal_mortality_ratio,Maternal mortality,36.0,"deaths per 100,000 live births"
TUR,Turkiye,maternal_mortality_ratio,Maternal mortality,15.0,"deaths per 100,000 live births"
TKM,Turkmenistan,maternal_mortality_ratio,Maternal mortality,5.0,"deaths per 100,000 live births"
TUV,Tuvalu,maternal_mortality_ratio,Maternal mortality,170.0,"deaths per 100,000 live births"
UGA,Uganda,maternal_mortality_ratio,Maternal mortality,170.0,"deaths per 100,000 live births"
UKR,Ukraine,maternal_mortality_ratio,Maternal mortality,15.0,"deaths per 100,000 live births"
ARE,United Arab Emirates,maternal_mortality_ratio,Maternal mortality,3.0,"deaths per 100,000 live births"
GBR,United Kingdom,maternal_mortality_ratio,Maternal mortality,8.0,"deaths per 100,000 live births"
USA,United States,maternal_mortality_ratio,Maternal mortality,17.0,"deaths per 100,000 live births"
URY,Uruguay,maternal_mortality_ratio,Maternal mortality,15.0,"deaths per 100,000 live births"
UZB,Uzbekistan,maternal_mortality_ratio,Maternal mortality,26.0,"deaths per 100,000 live births"
VUT,Vanuatu,maternal_mortality_ratio,Maternal mortality,100.0,"deaths per 100,000 live births"
VEN,"Venezuela, RB",maternal_mortality_ratio,Maternal mortality,227.0,"deaths per 100,000 live births"
VNM,Viet Nam,maternal_mortality_ratio,Maternal mortality,48.0,"deaths per 100,000 live births"
PSE,West Bank and Gaza,maternal_mortality_ratio,Maternal mortality,16.0,"deaths per 100,000 live births"
YEM,"Yemen, Rep.",maternal_mortality_ratio,Maternal mortality,118.0,"deaths per 100,000 live births"
ZMB,Zambia,maternal_mortality_ratio,Maternal mortality,85.0,"deaths per 100,000 live births"
ZWE,Zimbabwe,maternal_mortality_ratio,Maternal mortality,358.0,"deaths per 100,000 live births"
AFG,Afghanistan,evidence_report_available,Human-reviewed evidence coverage,False,review available
ALB,Albania,evidence_report_available,Human-reviewed evidence coverage,False,review available
DZA,Algeria,evidence_report_available,Human-reviewed evidence coverage,False,review available
AND,Andorra,evidence_report_available,Human-reviewed evidence coverage,False,review available
AGO,Angola,evidence_report_available,Human-reviewed evidence coverage,False,review available
ATG,Antigua and Barbuda,evidence_report_available,Human-reviewed evidence coverage,False,review available
ARG,Argentina,evidence_report_available,Human-reviewed evidence coverage,False,review available
ARM,Armenia,evidence_report_available,Human-reviewed evidence coverage,False,review available
ABW,Aruba,evidence_report_available,Human-reviewed evidence coverage,False,review available
AUS,Australia,evidence_report_available,Human-reviewed evidence coverage,False,review available
AUT,Austria,evidence_report_available,Human-reviewed evidence coverage,False,review available
AZE,Azerbaijan,evidence_report_available,Human-reviewed evidence coverage,False,review available
BHS,"Bahamas, The",evidence_report_available,Human-reviewed evidence coverage,False,review available
BHR,Bahrain,evidence_report_available,Human-reviewed evidence coverage,False,review available
BGD,Bangladesh,evidence_report_available,Human-reviewed evidence coverage,False,review available
BRB,Barbados,evidence_report_available,Human-reviewed evidence coverage,False,review available
BLR,Belarus,evidence_report_available,Human-reviewed evidence coverage,False,review available
BEL,Belgium,evidence_report_available,Human-reviewed evidence coverage,False,review available
BLZ,Belize,evidence_report_available,Human-reviewed evidence coverage,False,review available
BEN,Benin,evidence_report_available,Human-reviewed evidence coverage,False,review available
BMU,Bermuda,evidence_report_available,Human-reviewed evidence coverage,False,review available
BTN,Bhutan,evidence_report_available,Human-reviewed evidence coverage,True,review available
BOL,Bolivia,evidence_report_available,Human-reviewed evidence coverage,False,review available
BIH,Bosnia and Herzegovina,evidence_report_available,Human-reviewed evidence coverage,False,review available
BWA,Botswana,evidence_report_available,Human-reviewed evidence coverage,False,review available
BRA,Brazil,evidence_report_available,Human-reviewed evidence coverage,False,review available
VGB,British Virgin Islands,evidence_report_available,Human-reviewed evidence coverage,False,review available
BRN,Brunei Darussalam,evidence_report_available,Human-reviewed evidence coverage,False,review available
BGR,Bulgaria,evidence_report_available,Human-reviewed evidence coverage,False,review available
BFA,Burkina Faso,evidence_report_available,Human-reviewed evidence coverage,False,review available
BDI,Burundi,evidence_report_available,Human-reviewed evidence coverage,False,review available
CPV,Cabo Verde,evidence_report_available,Human-reviewed evidence coverage,False,review available
KHM,Cambodia,evidence_report_available,Human-reviewed evidence coverage,True,review available
CMR,Cameroon,evidence_report_available,Human-reviewed evidence coverage,False,review available
CAN,Canada,evidence_report_available,Human-reviewed evidence coverage,False,review available
CYM,Cayman Islands,evidence_report_available,Human-reviewed evidence coverage,False,review available
CAF,Central African Republic,evidence_report_available,Human-reviewed evidence coverage,False,review available
TCD,Chad,evidence_report_available,Human-reviewed evidence coverage,False,review available
CHL,Chile,evidence_report_available,Human-reviewed evidence coverage,False,review available
CHN,China,evidence_report_available,Human-reviewed evidence coverage,False,review available
COL,Colombia,evidence_report_available,Human-reviewed evidence coverage,False,review available
COM,Comoros,evidence_report_available,Human-reviewed evidence coverage,False,review available
COD,"Congo, Dem. Rep.",evidence_report_available,Human-reviewed evidence coverage,False,review available
COG,"Congo, Rep.",evidence_report_available,Human-reviewed evidence coverage,False,review available
CRI,Costa Rica,evidence_report_available,Human-reviewed evidence coverage,False,review available
CIV,Cote d'Ivoire,evidence_report_available,Human-reviewed evidence coverage,False,review available
HRV,Croatia,evidence_report_available,Human-reviewed evidence coverage,False,review available
CUB,Cuba,evidence_report_available,Human-reviewed evidence coverage,False,review available
CUW,Curacao,evidence_report_available,Human-reviewed evidence coverage,False,review available
CYP,Cyprus,evidence_report_available,Human-reviewed evidence coverage,False,review available
CZE,Czechia,evidence_report_available,Human-reviewed evidence coverage,False,review available
DNK,Denmark,evidence_report_available,Human-reviewed evidence coverage,False,review available
DJI,Djibouti,evidence_report_available,Human-reviewed evidence coverage,False,review available
DMA,Dominica,evidence_report_available,Human-reviewed evidence coverage,False,review available
DOM,Dominican Republic,evidence_report_available,Human-reviewed evidence coverage,False,review available
ECU,Ecuador,evidence_report_available,Human-reviewed evidence coverage,False,review available
EGY,"Egypt, Arab Rep.",evidence_report_available,Human-reviewed evidence coverage,True,review available
SLV,El Salvador,evidence_report_available,Human-reviewed evidence coverage,False,review available
GNQ,Equatorial Guinea,evidence_report_available,Human-reviewed evidence coverage,False,review available
ERI,Eritrea,evidence_report_available,Human-reviewed evidence coverage,False,review available
EST,Estonia,evidence_report_available,Human-reviewed evidence coverage,False,review available
SWZ,Eswatini,evidence_report_available,Human-reviewed evidence coverage,False,review available
ETH,Ethiopia,evidence_report_available,Human-reviewed evidence coverage,False,review available
FJI,Fiji,evidence_report_available,Human-reviewed evidence coverage,False,review available
FIN,Finland,evidence_report_available,Human-reviewed evidence coverage,False,review available
FRA,France,evidence_report_available,Human-reviewed evidence coverage,False,review available
PYF,French Polynesia,evidence_report_available,Human-reviewed evidence coverage,False,review available
GAB,Gabon,evidence_report_available,Human-reviewed evidence coverage,False,review available
GMB,"Gambia, The",evidence_report_available,Human-reviewed evidence coverage,False,review available
GEO,Georgia,evidence_report_available,Human-reviewed evidence coverage,False,review available
DEU,Germany,evidence_report_available,Human-reviewed evidence coverage,False,review available
GHA,Ghana,evidence_report_available,Human-reviewed evidence coverage,False,review available
GIB,Gibraltar,evidence_report_available,Human-reviewed evidence coverage,False,review available
GRC,Greece,evidence_report_available,Human-reviewed evidence coverage,False,review available
GRD,Grenada,evidence_report_available,Human-reviewed evidence coverage,False,review available
GUM,Guam,evidence_report_available,Human-reviewed evidence coverage,False,review available
GTM,Guatemala,evidence_report_available,Human-reviewed evidence coverage,False,review available
GIN,Guinea,evidence_report_available,Human-reviewed evidence coverage,False,review available
GNB,Guinea-Bissau,evidence_report_available,Human-reviewed evidence coverage,False,review available
GUY,Guyana,evidence_report_available,Human-reviewed evidence coverage,False,review available
HTI,Haiti,evidence_report_available,Human-reviewed evidence coverage,False,review available
HND,Honduras,evidence_report_available,Human-reviewed evidence coverage,False,review available
HKG,"Hong Kong SAR, China",evidence_report_available,Human-reviewed evidence coverage,False,review available
HUN,Hungary,evidence_report_available,Human-reviewed evidence coverage,False,review available
ISL,Iceland,evidence_report_available,Human-reviewed evidence coverage,False,review available
IND,India,evidence_report_available,Human-reviewed evidence coverage,True,review available
IDN,Indonesia,evidence_report_available,Human-reviewed evidence coverage,False,review available
IRN,"Iran, Islamic Rep.",evidence_report_available,Human-reviewed evidence coverage,False,review available
IRQ,Iraq,evidence_report_available,Human-reviewed evidence coverage,False,review available
IRL,Ireland,evidence_report_available,Human-reviewed evidence coverage,False,review available
ISR,Israel,evidence_report_available,Human-reviewed evidence coverage,False,review available
ITA,Italy,evidence_report_available,Human-reviewed evidence coverage,False,review available
JAM,Jamaica,evidence_report_available,Human-reviewed evidence coverage,False,review available
JPN,Japan,evidence_report_available,Human-reviewed evidence coverage,False,review available
JOR,Jordan,evidence_report_available,Human-reviewed evidence coverage,False,review available
KAZ,Kazakhstan,evidence_report_available,Human-reviewed evidence coverage,False,review available
KEN,Kenya,evidence_report_available,Human-reviewed evidence coverage,False,review available
KIR,Kiribati,evidence_report_available,Human-reviewed evidence coverage,False,review available
PRK,"Korea, Dem. People's Rep.",evidence_report_available,Human-reviewed evidence coverage,False,review available
KOR,"Korea, Rep.",evidence_report_available,Human-reviewed evidence coverage,False,review available
KWT,Kuwait,evidence_report_available,Human-reviewed evidence coverage,False,review available
KGZ,Kyrgyz Republic,evidence_report_available,Human-reviewed evidence coverage,False,review available
LAO,Lao PDR,evidence_report_available,Human-reviewed evidence coverage,False,review available
LVA,Latvia,evidence_report_available,Human-reviewed evidence coverage,False,review available
LBN,Lebanon,evidence_report_available,Human-reviewed evidence coverage,False,review available
LSO,Lesotho,evidence_report_available,Human-reviewed evidence coverage,False,review available
LBR,Liberia,evidence_report_available,Human-reviewed evidence coverage,False,review available
LBY,Libya,evidence_report_available,Human-reviewed evidence coverage,False,review available
LIE,Liechtenstein,evidence_report_available,Human-reviewed evidence coverage,False,review available
LTU,Lithuania,evidence_report_available,Human-reviewed evidence coverage,False,review available
LUX,Luxembourg,evidence_report_available,Human-reviewed evidence coverage,False,review available
MAC,"Macao SAR, China",evidence_report_available,Human-reviewed evidence coverage,False,review available
MDG,Madagascar,evidence_report_available,Human-reviewed evidence coverage,False,review available
MWI,Malawi,evidence_report_available,Human-reviewed evidence coverage,False,review available
MYS,Malaysia,evidence_report_available,Human-reviewed evidence coverage,False,review available
MDV,Maldives,evidence_report_available,Human-reviewed evidence coverage,False,review available
MLI,Mali,evidence_report_available,Human-reviewed evidence coverage,False,review available
MLT,Malta,evidence_report_available,Human-reviewed evidence coverage,False,review available
MHL,Marshall Islands,evidence_report_available,Human-reviewed evidence coverage,False,review available
MRT,Mauritania,evidence_report_available,Human-reviewed evidence coverage,False,review available
MUS,Mauritius,evidence_report_available,Human-reviewed evidence coverage,False,review available
MEX,Mexico,evidence_report_available,Human-reviewed evidence coverage,False,review available
FSM,"Micronesia, Fed. Sts.",evidence_report_available,Human-reviewed evidence coverage,False,review available
MDA,Moldova,evidence_report_available,Human-reviewed evidence coverage,False,review available
MCO,Monaco,evidence_report_available,Human-reviewed evidence coverage,False,review available
MNG,Mongolia,evidence_report_available,Human-reviewed evidence coverage,False,review available
MNE,Montenegro,evidence_report_available,Human-reviewed evidence coverage,False,review available
MAR,Morocco,evidence_report_available,Human-reviewed evidence coverage,False,review available
MOZ,Mozambique,evidence_report_available,Human-reviewed evidence coverage,True,review available
MMR,Myanmar,evidence_report_available,Human-reviewed evidence coverage,False,review available
NAM,Namibia,evidence_report_available,Human-reviewed evidence coverage,False,review available
NRU,Naoero,evidence_report_available,Human-reviewed evidence coverage,False,review available
NPL,Nepal,evidence_report_available,Human-reviewed evidence coverage,False,review available
NLD,Netherlands,evidence_report_available,Human-reviewed evidence coverage,False,review available
NCL,New Caledonia,evidence_report_available,Human-reviewed evidence coverage,False,review available
NZL,New Zealand,evidence_report_available,Human-reviewed evidence coverage,False,review available
NIC,Nicaragua,evidence_report_available,Human-reviewed evidence coverage,False,review available
NER,Niger,evidence_report_available,Human-reviewed evidence coverage,False,review available
NGA,Nigeria,evidence_report_available,Human-reviewed evidence coverage,False,review available
MKD,North Macedonia,evidence_report_available,Human-reviewed evidence coverage,False,review available
NOR,Norway,evidence_report_available,Human-reviewed evidence coverage,False,review available
OMN,Oman,evidence_report_available,Human-reviewed evidence coverage,False,review available
PAK,Pakistan,evidence_report_available,Human-reviewed evidence coverage,False,review available
PLW,Palau,evidence_report_available,Human-reviewed evidence coverage,False,review available
PAN,Panama,evidence_report_available,Human-reviewed evidence coverage,False,review available
PNG,Papua New Guinea,evidence_report_available,Human-reviewed evidence coverage,False,review available
PRY,Paraguay,evidence_report_available,Human-reviewed evidence coverage,False,review available
PER,Peru,evidence_report_available,Human-reviewed evidence coverage,False,review available
PHL,Philippines,evidence_report_available,Human-reviewed evidence coverage,False,review available
POL,Poland,evidence_report_available,Human-reviewed evidence coverage,False,review available
PRT,Portugal,evidence_report_available,Human-reviewed evidence coverage,False,review available
PRI,Puerto Rico (US),evidence_report_available,Human-reviewed evidence coverage,False,review available
QAT,Qatar,evidence_report_available,Human-reviewed evidence coverage,False,review available
ROU,Romania,evidence_report_available,Human-reviewed evidence coverage,False,review available
RUS,Russian Federation,evidence_report_available,Human-reviewed evidence coverage,False,review available
RWA,Rwanda,evidence_report_available,Human-reviewed evidence coverage,False,review available
WSM,Samoa,evidence_report_available,Human-reviewed evidence coverage,False,review available
SMR,San Marino,evidence_report_available,Human-reviewed evidence coverage,False,review available
STP,Sao Tome and Principe,evidence_report_available,Human-reviewed evidence coverage,False,review available
SAU,Saudi Arabia,evidence_report_available,Human-reviewed evidence coverage,False,review available
SEN,Senegal,evidence_report_available,Human-reviewed evidence coverage,False,review available
SRB,Serbia,evidence_report_available,Human-reviewed evidence coverage,False,review available
SYC,Seychelles,evidence_report_available,Human-reviewed evidence coverage,False,review available
SLE,Sierra Leone,evidence_report_available,Human-reviewed evidence coverage,False,review available
SGP,Singapore,evidence_report_available,Human-reviewed evidence coverage,False,review available
SXM,Sint Maarten (Dutch part),evidence_report_available,Human-reviewed evidence coverage,False,review available
SVK,Slovak Republic,evidence_report_available,Human-reviewed evidence coverage,False,review available
SVN,Slovenia,evidence_report_available,Human-reviewed evidence coverage,False,review available
SLB,Solomon Islands,evidence_report_available,Human-reviewed evidence coverage,False,review available
SOM,"Somalia, Fed. Rep.",evidence_report_available,Human-reviewed evidence coverage,False,review available
ZAF,South Africa,evidence_report_available,Human-reviewed evidence coverage,False,review available
SSD,South Sudan,evidence_report_available,Human-reviewed evidence coverage,False,review available
ESP,Spain,evidence_report_available,Human-reviewed evidence coverage,False,review available
LKA,Sri Lanka,evidence_report_available,Human-reviewed evidence coverage,False,review available
KNA,St. Kitts and Nevis,evidence_report_available,Human-reviewed evidence coverage,False,review available
LCA,St. Lucia,evidence_report_available,Human-reviewed evidence coverage,False,review available
VCT,St. Vincent and the Grenadines,evidence_report_available,Human-reviewed evidence coverage,False,review available
SDN,Sudan,evidence_report_available,Human-reviewed evidence coverage,False,review available
SUR,Suriname,evidence_report_available,Human-reviewed evidence coverage,False,review available
SWE,Sweden,evidence_report_available,Human-reviewed evidence coverage,False,review available
CHE,Switzerland,evidence_report_available,Human-reviewed evidence coverage,False,review available
SYR,Syrian Arab Republic,evidence_report_available,Human-reviewed evidence coverage,False,review available
TJK,Tajikistan,evidence_report_available,Human-reviewed evidence coverage,False,review available
TZA,Tanzania,evidence_report_available,Human-reviewed evidence coverage,False,review available
THA,Thailand,evidence_report_available,Human-reviewed evidence coverage,False,review available
TLS,Timor-Leste,evidence_report_available,Human-reviewed evidence coverage,False,review available
TGO,Togo,evidence_report_available,Human-reviewed evidence coverage,True,review available
TON,Tonga,evidence_report_available,Human-reviewed evidence coverage,False,review available
TTO,Trinidad and Tobago,evidence_report_available,Human-reviewed evidence coverage,False,review available
TUN,Tunisia,evidence_report_available,Human-reviewed evidence coverage,False,review available
TUR,Turkiye,evidence_report_available,Human-reviewed evidence coverage,False,review available
TKM,Turkmenistan,evidence_report_available,Human-reviewed evidence coverage,False,review available
TCA,Turks and Caicos Islands,evidence_report_available,Human-reviewed evidence coverage,False,review available
TUV,Tuvalu,evidence_report_available,Human-reviewed evidence coverage,False,review available
UGA,Uganda,evidence_report_available,Human-reviewed evidence coverage,False,review available
UKR,Ukraine,evidence_report_available,Human-reviewed evidence coverage,False,review available
ARE,United Arab Emirates,evidence_report_available,Human-reviewed evidence coverage,False,review available
GBR,United Kingdom,evidence_report_available,Human-reviewed evidence coverage,False,review available
USA,United States,evidence_report_available,Human-reviewed evidence coverage,False,review available
URY,Uruguay,evidence_report_available,Human-reviewed evidence coverage,False,review available
UZB,Uzbekistan,evidence_report_available,Human-reviewed evidence coverage,False,review available
VUT,Vanuatu,evidence_report_available,Human-reviewed evidence coverage,False,review available
VEN,"Venezuela, RB",evidence_report_available,Human-reviewed evidence coverage,False,review available
VNM,Viet Nam,evidence_report_available,Human-reviewed evidence coverage,False,review available
VIR,Virgin Islands (U.S.),evidence_report_available,Human-reviewed evidence coverage,False,review available
PSE,West Bank and Gaza,evidence_report_available,Human-reviewed evidence coverage,False,review available
YEM,"Yemen, Rep.",evidence_report_available,Human-reviewed evidence coverage,False,review available
ZMB,Zambia,evidence_report_available,Human-reviewed evidence coverage,False,review available
ZWE,Zimbabwe,evidence_report_available,Human-reviewed evidence coverage,False,review available
