id,name,unit,source_org,topics,definition
AG.LND.FRST.K2,Forest area (sq. km),,"FAOSTAT, Food and Agriculture Organization of the United Nations (FAO), uri: https://www.fao.org/faostat/en/#data/RL, publisher: Food and Agriculture Organization of the United Nations (FAO)",Agriculture & Rural Development; Climate Change; Environment,"Forest area is land under natural or planted stands of trees of at least 5 meters in situ, whether productive or not, and excludes tree stands in agricultural production systems (for example, in fruit plantations and agroforestry systems) and trees in urban parks and gardens."
AG.LND.FRST.ZS,Forest area (% of land area),,"FAOSTAT, Food and Agriculture Organization of the United Nations (FAO), uri: https://www.fao.org/faostat/en/#data/RL, publisher: Food and Agriculture Organization of the United Nations (FAO)",Agriculture & Rural Development; Climate Change; Environment,"Forest area (% of land area) is the share of total land area that is under natural or planted stands of trees of at least 5 meters in situ, whether productive or not, and excludes tree stands in agricultural production systems (for example, in fruit plantations and agroforestry systems) and trees in urban parks and gardens."
AG.YLD.CREL.KG,Cereal yield (kg per hectare),,"FAO electronic files and web site, Food and Agriculture Organization of the United Nations (FAO), uri: https://www.fao.org/faostat/en/#data/QCL, publisher: Food and Agriculture Organization of the United Nations (FAO)",Agriculture & Rural Development; Climate Change,"Cereal yield, measured as kilograms per hectare of harvested land, includes wheat, rice, maize, barley, oats, rye, millet, sorghum, buckwheat, and mixed grains. Production data on cereals relate to crops harvested for dry grain only. Cereal crops harvested for hay or harvested green for food, feed, or silage and those used for grazing are excluded. The FAO allocates production data to the calendar year in which the bulk of the harvest took place. Most of a crop harvested near the end of a year will be used in the following year."
BN.CAB.XOKA.GD.ZS,Current account balance (% of GDP),,"Balance of Payments Statistics Yearbook and data files, International Monetary Fund (IMF);
World Development Indicators Database, World Bank (WB);
National Accounts data files, Organisation for Economic Co-operation and Development (OECD)",Economy & Growth,"Balance of current transactions (transactions in goods and services, earned income and transfer income) between residents and non-residents. The term current account balance is used in the external accounts and is expressed from the perspective of resident units. The term current external balance is used in the national accounts and is expressed from the perspective of the non-resident units, and therefore with the opposite sign. This indicator is expressed as a percentage of Gross Domestic Product (GDP) which is the total income earned through the production of goods and services in an economic territory during an accounting period."
BN.KLT.PTXL.CD,"Portfolio Investment, net (BoP, current US$)",,"Balance of Payments Statistics Yearbook and data files, International Monetary Fund (IMF)",Economy & Growth; Financial Sector,"Portfolio investment includes cross-border flows and positions involving debt or equity securities, other than those included in direct investment or reserve assets. This indicator is expressed in current prices, meaning no adjustment has been made to account for price changes over time. This indicator is expressed in United States dollars."
BX.KLT.DINV.CD.WD,"Foreign direct investment, net inflows (BoP, current US$)",,"Balance of Payments database, International Monetary Fund (IMF), note: International Monetary Fund, Balance of Payments database, supplemented by data from the United Nations Conference on Trade and Development and official national sources.;
UN Conference on Trade and Development (UNCTAD);
Official national sources",Economy & Growth; Financial Sector; External Debt,"Foreign direct investment refers to direct investment equity flows in the reporting economy. It is the sum of equity capital, reinvestment of earnings, and other capital. Direct investment is a category of cross-border investment associated with a resident in one economy having control or a significant degree of influence on the management of an enterprise that is resident in another economy. Ownership of 10 percent or more of the ordinary shares of voting stock is the criterion for determining the existence of a direct investment relationship. Data are in current U.S. dollars."
BX.KLT.DINV.WD.GD.ZS,"Foreign direct investment, net inflows (% of GDP)",,"International Financial Statistics and Balance of Payments databases, International Monetary Fund (IMF);
International Debt Statistics, World Bank (WB);
World Bank GDP estimates, World Bank (WB);
OECD GDP estimates, Organisation for Economic Co-operation and Development (OECD)",Economy & Growth; Financial Sector; Climate Change,"Foreign direct investment is the net inflows of investment to acquire a lasting management interest (10 percent or more of voting stock) in an enterprise operating in an economy other than that of the investor. It is the sum of equity capital, reinvestment of earnings, other long-term capital, and short-term capital as shown in the balance of payments. This series shows net inflows (new investment inflows less disinvestment) in the reporting economy from foreign investors, and is divided by GDP."
BX.TRF.PWKR.DT.GD.ZS,"Personal remittances, received (% of GDP)",,"Staff estimates, World Bank (WB);
IMF balance of payments data, International Monetary Fund (IMF);
World Bank GDP estimates, World Bank (WB);
OECD GDP estimates, Organisation for Economic Co-operation and Development (OECD)",Economy & Growth; Financial Sector,"Personal remittances comprise personal transfers and compensation of employees. Personal transfers consist of all current transfers in cash or in kind made or received by resident households to or from nonresident households. Personal transfers thus include all current transfers between resident and nonresident individuals. Compensation of employees refers to the income of border, seasonal, and other short-term workers who are employed in an economy where they are not resident and of residents employed by nonresident entities. Data are the sum of two items defined in the sixth edition of the IMF's Balance of Payments Manual: personal transfers and compensation of employees."
DT.DOD.DECT.GN.ZS,External debt stocks (% of GNI),,"International Debt Statistics, World Bank (WB)",Economy & Growth; External Debt,"Total external debt stocks to gross national income. Total external debt is debt owed to nonresidents repayable in currency, goods, or services. Total external debt is the sum of public, publicly guaranteed, and private nonguaranteed long-term debt, use of IMF credit, and short-term debt. Short-term debt includes all debt having an original maturity of one year or less and interest in arrears on long-term debt. GNI (formerly GNP) is the sum of value added by all resident producers plus any product taxes (less subsidies) not included in the valuation of output plus net receipts of primary income (compensation of employees and property income) from abroad."
DT.ODA.ALLD.CD,Net official development assistance and official aid received (current US$),,"Development Assistance Committee, Organisation for Economic Co-operation and Development (OECD), uri: https://stats.oecd.org/;
Geographical Distribution of Financial Flows to Developing Countries, Organisation for Economic Co-operation and Development (OECD), uri: https://stats.oecd.org/;
Development Co-operation Report, Organisation for Economic Co-operation and Development (OECD), uri: https://stats.oecd.org/;
International Development Statistics database, Organisation for Economic Co-operation and Development (OECD), uri: https://stats.oecd.org/",Aid Effectiveness,"Net official development assistance (ODA) consists of disbursements of loans made on concessional terms (net of repayments of principal) and grants by official agencies of the members of the Development Assistance Committee (DAC), by multilateral institutions, and by non-DAC countries to promote economic development and welfare in countries and territories in the DAC list of ODA recipients. It includes loans with a grant element of at least 25 percent (calculated at a rate of discount of 10 percent). Net official aid refers to aid flows (net of repayments) from official donors to countries and territories in part II of the DAC list of recipients: more advanced countries of Central and Eastern Europe, the countries of the former Soviet Union, and certain advanced developing countries and territories. Official aid is provided under terms and conditions similar to those for ODA. Part II of the DAC List was abolished in 2005. The collection of data on official aid and other resource flows to Part II countries ended with 2004 data. Data are in current U.S. dollars."
DT.ODA.ODAT.CD,Net official development assistance received (current US$),,"Development Assistance Committee, Organisation for Economic Co-operation and Development (OECD), uri: https://stats.oecd.org/;
Geographical Distribution of Financial Flows to Developing Countries, Organisation for Economic Co-operation and Development (OECD), uri: https://stats.oecd.org/;
Development Co-operation Report, Organisation for Economic Co-operation and Development (OECD), uri: https://stats.oecd.org/;
International Development Statistics database, Organisation for Economic Co-operation and Development (OECD), uri: https://stats.oecd.org/",Aid Effectiveness; Economy & Growth; External Debt,"Net official development assistance (ODA) consists of disbursements of loans made on concessional terms (net of repayments of principal) and grants by official agencies of the members of the Development Assistance Committee (DAC), by multilateral institutions, and by non-DAC countries to promote economic development and welfare in countries and territories in the DAC list of ODA recipients. It includes loans with a grant element of at least 25 percent (calculated at a rate of discount of 10 percent). Data are in current U.S. dollars."
DT.ODA.ODAT.CD1,Net official development assistance received (current US$),,"Development Assistance Committee of the Organisation for Economic Co-operation and Development, Geographical Distribution of Financial Flows to Developing Countries, Development Co-operation Report, and International Development Statistics database. Data are available online at: www.oecd.org/dac/stats/idsonline.",,"Net official development assistance (ODA) consists of disbursements of loans made on concessional terms (net of repayments of principal) and grants by official agencies of the members of the Development Assistance Committee (DAC), by multilateral institutions, and by non-DAC countries to promote economic development and welfare in countries and territories in the DAC list of ODA recipients. It includes loans with a grant element of at least 25 percent (calculated at a rate of discount of 10 percent). Data are in current U.S. dollars."
DT.ODA.ODAT.KD,Net official development assistance received (constant 2023 US$),,"Development Assistance Committee, Organisation for Economic Co-operation and Development (OECD), uri: https://stats.oecd.org/;
Geographical Distribution of Financial Flows to Developing Countries, Organisation for Economic Co-operation and Development (OECD), uri: https://stats.oecd.org/;
Development Co-operation Report, Organisation for Economic Co-operation and Development (OECD), uri: https://stats.oecd.org/;
International Development Statistics database, Organisation for Economic Co-operation and Development (OECD), uri: https://stats.oecd.org/",Aid Effectiveness,"Net official development assistance (ODA) consists of disbursements of loans made on concessional terms (net of repayments of principal) and grants by official agencies of the members of the Development Assistance Committee (DAC), by multilateral institutions, and by non-DAC countries to promote economic development and welfare in countries and territories in the DAC list of ODA recipients. It includes loans with a grant element of at least 25 percent (calculated at a rate of discount of 10 percent). Data are in constant 2023 U.S. dollars."
DT.TDS.DPPF.XP.ZS,"Debt service (PPG and IMF only, % of exports of goods, services and primary income)",,"International Debt Statistics, World Bank (WB)",External Debt,"Debt service, the sum of principal repayments and interest actually paid in currency, goods, or services, is expressed as a percentage of exports of goods and services--all transactions between residents of a country and the rest of the world involving a change of ownership from residents to nonresidents of general merchandise, net exports of goods under merchanting, nonmonetary gold, and services. This series differs from the standard debt to exports series in that it covers only long-term public and publicly guaranteed debt and repayments (repurchases and charges) to the IMF."
EA.PRD.AGRI.KD,Agriculture value added per worker (constant 2010 US$),,"Derived from World Bank national accounts files and Food and Agriculture Organization, Production Yearbook and data files.",Agriculture & Rural Development,"Agriculture value added per worker is a measure of agricultural productivity. Value added in agriculture measures the output of the agricultural sector (ISIC divisions 1-5) less the value of intermediate inputs. Agriculture comprises value added from forestry, hunting, and fishing as well as cultivation of crops and livestock production. Data are in constant 2010 U.S. dollars."
EG.CFT.ACCS.ZS,Access to clean fuels and technologies for cooking (% of population),,"Tracking SDG 7: The Energy Progress Report, ACRA Europe, uri: https://trackingsdg7.esmap.org/, note: License: Creative Commons Attribution—NonCommercial 3.0 IGO (CC BY-NC 3.0 IGO), publisher: International Energy Agency (IEA), International Renewable Energy Agency (IRENA), United Nations Statistical Division (UNSD), World Bank, World Health Organization (WHO), date published: 2025-06;
International Renewable Energy Agency (IRENA), note: Tracking SDG 7: The Energy Progress Report;
United Nations (UN), note: Tracking SDG 7: The Energy Progress Report, publisher: UN Statistics Division;
World Bank (WB), note: Tracking SDG 7: The Energy Progress Report;
World Health Organization (WHO), note: Tracking SDG 7: The Energy Progress Report",Environment,"Access to clean fuels and technologies for cooking is the proportion of total population primarily using clean cooking fuels and technologies for cooking. Under WHO guidelines, kerosene is excluded from clean cooking fuels."
EG.EGY.PRIM.PP.KD,Energy intensity level of primary energy (MJ/$2021 PPP GDP),,"Tracking SDG 7: The Energy Progress Report, International Energy Agency (IEA), note: License: Creative Commons Attribution—NonCommercial 3.0 IGO (CC BY-NC 3.0 IGO);
International Renewable Energy Agency (IRENA), note: Tracking SDG 7: The Energy Progress Report;
United Nations (UN), note: Tracking SDG 7: The Energy Progress Report, publisher: UN Statistics Division;
World Bank (WB), note: Tracking SDG 7: The Energy Progress Report;
World Health Organization (WHO), note: Tracking SDG 7: The Energy Progress Report",Energy & Mining; Environment,Energy intensity level of primary energy is the ratio between energy supply and gross domestic product measured at purchasing power parity. Energy intensity is an indication of how much energy is used to produce one unit of economic output. Lower ratio indicates that less energy is used to produce one unit of output.
EG.ELC.ACCS.RU.ZS,"Access to electricity, rural (% of rural population)",,"SDG 7.1.1 Electrification Dataset, World Bank (WB), uri: https://trackingsdg7.esmap.org/downloads, note: Data is downloaded from ESMAP website. Data is released when a new Tracking SDG7 report is released., publisher: World Bank (WB), date accessed: 2024-05-16, date published: 2023",Agriculture & Rural Development; Energy & Mining,"Access to electricity, rural is the percentage of rural population with access to electricity."
EG.ELC.ACCS.UR.ZS,"Access to electricity, urban (% of urban population)",,"SDG 7.1.1 Electrification Dataset, World Bank (WB), uri: https://trackingsdg7.esmap.org/downloads, note: Data is downloaded from ESMAP website. Data is released when a new Tracking SDG7 report is released., publisher: World Bank (WB), date accessed: 2024-05-16, date published: 2023",Energy & Mining; Urban Development,"Access to electricity, urban is the percentage of urban population with access to electricity."
EG.ELC.ACCS.ZS,Access to electricity (% of population),,"SDG 7.1.1 Electrification Dataset, World Bank (WB), uri: https://trackingsdg7.esmap.org/downloads, note: Data is downloaded from ESMAP website. Data is released when a new Tracking SDG7 report is released., publisher: World Bank (WB), date accessed: 2024-05-16, date published: 2023",Energy & Mining; Climate Change; Environment,"Access to electricity is the percentage of population with access to electricity. Electrification data are collected from industry, national surveys and international sources."
EG.ELC.RNEW.ZS,Renewable electricity output (% of total electricity output),,"IEA Energy Statistics Data Browser, International Energy Agency (IEA), uri: https://www.iea.org/data-and-statistics/data-tools/energy-statistics-data-browser, publisher: International Energy Agency (IEA), date accessed: 2025-03-25",Energy & Mining; Climate Change; Environment,Renewable electricity is the share of electricity generated by renewable power plants in total electricity generated by all types of plants.
EG.FEC.RNEW.ZS,Renewable energy consumption (% of total final energy consumption),,"IEA Energy Statistics Data Browser, International Energy Agency (IEA), uri: https://www.iea.org/data-and-statistics/data-tools/energy-statistics-data-browser, publisher: International Energy Agency (IEA), date accessed: 2025-03-25",Energy & Mining; Climate Change; Environment,Renewable energy consumption is the share of renewable energy in total final energy consumption.
EN.ATM.CO2E.KD.GD,CO2 emissions (kg per 2010 US$ of GDP),,"Climate Watch. 2020. GHG Emissions. Washington, DC: World Resources Institute. Available at: https://www.climatewatchdata.org/ghg-emissions. See NY.GDP.MKTP.KD for the denominator's source.",Climate Change; Environment,"Carbon dioxide emissions are those stemming from the burning of fossil fuels and the manufacture of cement. They include carbon dioxide produced during consumption of solid, liquid, and gas fuels and gas flaring."
EN.ATM.CO2E.PC,CO2 emissions (metric tons per capita),,"Emissions data are sourced from Climate Watch Historical GHG Emissions (1990-2020). 2023. Washington, DC: World Resources Institute. Available online at: https://www.climatewatchdata.org/ghg-emissions",Climate Change; Environment,"Carbon dioxide emissions are those stemming from the burning of fossil fuels and the manufacture of cement. They include carbon dioxide produced during consumption of solid, liquid, and gas fuels and gas flaring."
EN.ATM.CO2E.PP.GD,CO2 emissions (kg per PPP $ of GDP),,"Climate Watch. 2020. GHG Emissions. Washington, DC: World Resources Institute. Available at: https://www.climatewatchdata.org/ghg-emissions. See NY.GDP.MKTP.PP.CD for the denominator's source.",Climate Change; Environment,"Carbon dioxide emissions are those stemming from the burning of fossil fuels and the manufacture of cement. They include carbon dioxide produced during consumption of solid, liquid, and gas fuels and gas flaring."
EN.ATM.CO2E.PP.GD.KD,CO2 emissions (kg per 2011 PPP $ of GDP),,"Climate Watch. 2020. GHG Emissions. Washington, DC: World Resources Institute. Available at: https://www.climatewatchdata.org/ghg-emissions. See NY.GDP.MKTP.PP.KD for the denominator's source.",Climate Change; Environment,"Carbon dioxide emissions are those stemming from the burning of fossil fuels and the manufacture of cement. They include carbon dioxide produced during consumption of solid, liquid, and gas fuels and gas flaring."
EN.ATM.PM25.MC.M3,"PM2.5 air pollution, mean annual exposure (micrograms per cubic meter)",,"Global Burden of Disease Study 2023 (GBD 2023) Air Pollution Exposure Estimates and Risk Curves 1990-2023, GBD Collaborator Network, uri: https://ghdx.healthdata.org/record/ihme-data/gbd-2023-air-pollution-exposure-estimates-1990-2023, note: Need to create account to retrieve data., publisher: Institute for Health Metrics and Evaluation (IHME), date accessed: 2026-04-03, date published: 2026-01-23",Urban Development; Environment,"Population-weighted exposure to ambient PM2.5 pollution is defined as the average level of exposure of a nation's population to concentrations of suspended particles measuring less than 2.5 microns in aerodynamic diameter, which are capable of penetrating deep into the respiratory tract and causing severe health damage. Exposure is calculated by weighting mean annual concentrations of PM2.5 by population in both urban and rural areas."
EN.ATM.PM25.MC.T1.ZS,"PM2.5 pollution, population exposed to levels exceeding WHO Interim Target-1 value (% of total)",,"Global Burden of Disease Study 2017 (GBD 2017), Institute for Health Metrics and Evaluation (IHME), uri: https://ghdx.healthdata.org/gbd-2017, publisher: Institute for Health Metrics and Evaluation (IHME), date published: 202112",Environment,Percent of population exposed to ambient concentrations of PM2.5 that exceed the World Health Organization (WHO) Interim Target 1 (IT-1) is defined as the portion of a country’s population living in places where mean annual concentrations of PM2.5 are greater than 35 micrograms per cubic meter. The Air Quality Guideline (AQG) of 10 micrograms per cubic meter is recommended by the WHO as the lower end of the range of concentrations over which adverse health effects due to PM2.5 exposure have been observed.
EN.ATM.PM25.MC.T2.ZS,"PM2.5 pollution, population exposed to levels exceeding WHO Interim Target-2 value (% of total)",,"Brauer, M. et al. 2017, for the Global Burden of Disease Study 2017.",Environment,Percent of population exposed to ambient concentrations of PM2.5 that exceed the World Health Organization (WHO) Interim Target 2 (IT-2) is defined as the portion of a country’s population living in places where mean annual concentrations of PM2.5 are greater than 25 micrograms per cubic meter. The Air Quality Guideline (AQG) of 10 micrograms per cubic meter is recommended by the WHO as the lower end of the range of concentrations over which adverse health effects due to PM2.5 exposure have been observed.
EN.ATM.PM25.MC.T3.ZS,"PM2.5 pollution, population exposed to levels exceeding WHO Interim Target-3 value (% of total)",,"Global Burden of Disease Study 2017 (GBD 2017), Institute for Health Metrics and Evaluation (IHME), uri: https://ghdx.healthdata.org/gbd-2017, publisher: Institute for Health Metrics and Evaluation (IHME), date published: 202112",Environment,Percent of population exposed to ambient concentrations of PM2.5 that exceed the World Health Organization (WHO) Interim Target 3 (IT-3) is defined as the portion of a country’s population living in places where mean annual concentrations of PM2.5 are greater than 15 micrograms per cubic meter. The Air Quality Guideline (AQG) of 10 micrograms per cubic meter is recommended by the WHO as the lower end of the range of concentrations over which adverse health effects due to PM2.5 exposure have been observed.
EN.ATM.PM25.MC.ZS,"PM2.5 air pollution, population exposed to levels exceeding WHO guideline value (% of total)",,"Global Burden of Disease Study 2017 (GBD 2017), Institute for Health Metrics and Evaluation (IHME), uri: https://ghdx.healthdata.org/gbd-2017, publisher: Institute for Health Metrics and Evaluation (IHME), date published: 202112",Urban Development; Environment,"Percent of population exposed to ambient concentrations of PM2.5 that exceed the WHO guideline value is defined as the portion of a country’s population living in places where mean annual concentrations of PM2.5 are greater than 10 micrograms per cubic meter, the guideline value recommended by the World Health Organization as the lower end of the range of concentrations over which adverse health effects due to PM2.5 exposure have been observed."
EN.BIR.THRD.NO,"Bird species, threatened",,"The IUCN Red List of Threatened Species, UN Environment Programme World Conservation Monitoring Centre (UNEP-WCMC), uri: https://www.iucnredlist.org/;
International Union for Conservation of Nature (IUCN), uri: https://www.iucnredlist.org/",Environment,"A threatened species is likely to become endangered within the foreseeable future, throughout all or a significant portion of its range. Threatened species are species classified by the IUCN as Critically Endangered (CR), Endangered (EN) and Vulnerable (VU).

Birds are listed for countries included within their breeding or wintering ranges."
EN.CLC.DRSK.XQ,Disaster risk reduction progress score (1-5 scale; 5=best),,"2009-2011 Progress Reports, UN Office for Disaster Risk Reduction (UNDRR), uri: http://www.preventionweb.net/english/hyogo",Climate Change; Environment,"Disaster risk reduction progress score is an average of self-assessment scores, ranging from 1 to 5, submitted by countries under Priority 1 of the Hyogo Framework National Progress Reports. The Hyogo Framework is a global blueprint for disaster risk reduction efforts that was adopted by 168 countries in 2005. Assessments of ""Priority 1"" include four indicators that reflect the degree to which countries have prioritized disaster risk reduction and the strengthening of relevant institutions."
EN.CLC.MDAT.ZS,"Droughts, floods, extreme temperatures (% of population, average 1990-2009)",,"EM-DAT The International Disaster Database, Centre for Research on the Epidemiology of Disasters (CRED) - Université Catholique de Louvain, uri: https://www.emdat.be/",Climate Change; Environment,"Droughts, floods and extreme temperatures is the annual average percentage of the population that is affected by natural disasters classified as either droughts, floods, or extreme temperature events. A drought is an extended period of time characterized by a deficiency in a region's water supply that is the result of constantly below average precipitation. A drought can lead to losses to agriculture, affect inland navigation and hydropower plants, and cause a lack of drinking water and famine. A flood is a significant rise of water level in a stream, lake, reservoir or coastal region. Extreme temperature events are either cold waves or heat waves. A cold wave can be both a prolonged period of excessively cold weather and the sudden invasion of very cold air over a large area. Along with frost it can cause damage to agriculture, infrastructure, and property. A heat wave is a prolonged period of excessively hot and sometimes also humid weather relative to normal climate patterns of a certain region. Population affected is the number of people injured, left homeless or requiring immediate assistance during a period of emergency resulting from a natural disaster; it can also include displaced or evacuated people. Average percentage of population affected is calculated by dividing the sum of total affected for the period stated by the sum of the annual population figures for the period stated."
EN.FSH.THRD.NO,"Fish species, threatened",,"FishBase database, FishBase, uri: https://www.fishbase.org/, date published: 2008",Environment,"A threatened species is likely to become endangered within the foreseeable future, throughout all or a significant portion of its range. Threatened species are species classified by the IUCN as Critically Endangered (CR), Endangered (EN) and Vulnerable (VU).

Fish species are based on Froese, R. and Pauly, D. (eds). 2008."
EN.HPT.THRD.NO,"Plant species (higher), threatened",,"The IUCN Red List of Threatened Species, UN Environment Programme World Conservation Monitoring Centre (UNEP-WCMC), uri: https://www.iucnredlist.org/;
International Union for Conservation of Nature (IUCN), uri: https://www.iucnredlist.org/",Environment,"A threatened species is likely to become endangered within the foreseeable future, throughout all or a significant portion of its range. Threatened species are species classified by the IUCN as Critically Endangered (CR), Endangered (EN) and Vulnerable (VU).

Higher plants are native vascular plant species."
EN.MAM.THRD.NO,"Mammal species, threatened",,"The IUCN Red List of Threatened Species, UN Environment Programme World Conservation Monitoring Centre (UNEP-WCMC), uri: https://www.iucnredlist.org/;
International Union for Conservation of Nature (IUCN), uri: https://www.iucnredlist.org/",Environment,"A threatened species is likely to become endangered within the foreseeable future, throughout all or a significant portion of its range. Threatened species are species classified by the IUCN as Critically Endangered (CR), Endangered (EN) and Vulnerable (VU).

Mammal species are mammals excluding whales and porpoises."
EN.POP.SLUM.UR.ZS,Population living in slums (% of urban population),,"Urban Indicators Database, UN Human Settlements Programme (UN-Habitat), uri: https://data.unhabitat.org/",Poverty; Urban Development; Environment,"Population living in slums is the proportion of the urban population living in slum households. A slum household is defined as a group of individuals living under the same roof lacking one or more of the following conditions: access to improved water, access to improved sanitation, sufficient living area, housing durability, and security of tenure, as adopted in the Millennium Development Goal Target 7.D. The successor, the Sustainable Development Goal 11.1.1, considers inadequate housing (housing affordability) to complement the above definition of slums/informal settlements."
ER.FSH.AQUA.MT,Aquaculture production (metric tons),,"Food and Agriculture Organization., Food and Agriculture Organization of the United Nations (FAO), publisher: Food and Agriculture Organization of the United Nations (FAO)",Environment,"Aquaculture is understood to mean the farming of aquatic organisms including fish, molluscs, crustaceans and aquatic plants. Aquaculture production specifically refers to output from aquaculture activities, which are designated for final harvest for consumption."
ER.FSH.CAPT.MT,Capture fisheries production (metric tons),,"Food and Agriculture Organization., Food and Agriculture Organization of the United Nations (FAO), publisher: Food and Agriculture Organization of the United Nations (FAO)",Environment,"Capture fisheries production measures the volume of fish catches landed by a country for all commercial, industrial, recreational and subsistence purposes."
ER.FSH.PROD.MT,Total fisheries production (metric tons),,"Food and Agriculture Organization., Food and Agriculture Organization of the United Nations (FAO), publisher: Food and Agriculture Organization of the United Nations (FAO)",Environment,"Total fisheries production measures the volume of aquatic species caught by a country for all commercial, industrial, recreational and subsistence purposes. The harvest from mariculture, aquaculture and other kinds of fish farming is also included."
ER.FST.DFST.ZG,Annual deforestation (% of change),,"Food and Agriculture Organization, Global Forest Resources Assessment.",,"Average annual deforestation refers to the permanent conversion of natural forest area to other uses, including shifting cultivation, permanent agriculture, ranching, settlements, and infrastructure development. Deforested areas do not include areas logged but intended for regeneration or areas degraded by fuelwood gathering, acid precipitation, or forest fires. Negative numbers indicate an increase in forest area."
ER.GDP.FWTL.M3.KD,"Water productivity, total (constant 2015 US$ GDP per cubic meter of total freshwater withdrawal)",,"AQUASTAT - FAO's Global Information System on Water and Agriculture, Food and Agriculture Organization of the United Nations (FAO), publisher: Food and Agriculture Organization of the United Nations (FAO);
World Bank GDP estimates, World Bank (WB), publisher: World Bank (WB);
OECD GDP estimates, Organisation for Economic Co-operation and Development (OECD), publisher: Organisation for Economic Co-operation and Development (OECD)",Environment,Water productivity is calculated as GDP in constant prices divided by annual total water withdrawal.
ER.H2O.FWAG.ZS,"Annual freshwater withdrawals, agriculture (% of total freshwater withdrawal)",,"AQUASTAT - FAO's Global Information System on Water and Agriculture, Food and Agriculture Organization of the United Nations (FAO), uri: https://data.apps.fao.org/aquastat/, publisher: Food and Agriculture Organization of the United Nations (FAO), date accessed: 20240529",Agriculture & Rural Development; Infrastructure; Environment,"Annual freshwater withdrawals refer to total water withdrawals, not counting evaporation losses from storage basins. Withdrawals also include water from desalination plants in countries where they are a significant source. Withdrawals can exceed 100 percent of total renewable resources where extraction from nonrenewable aquifers or desalination plants is considerable or where there is significant water reuse. Withdrawals for agriculture are total withdrawals for irrigation and livestock production. Data are for the most recent year available for 1987-2002."
ER.H2O.FWDM.ZS,"Annual freshwater withdrawals, domestic (% of total freshwater withdrawal)",,"AQUASTAT - FAO's Global Information System on Water and Agriculture, Food and Agriculture Organization of the United Nations (FAO), uri: https://data.apps.fao.org/aquastat/, publisher: Food and Agriculture Organization of the United Nations (FAO), date accessed: 20240529",Infrastructure; Environment,"Annual freshwater withdrawals refer to total water withdrawals, not counting evaporation losses from storage basins. Withdrawals also include water from desalination plants in countries where they are a significant source. Withdrawals can exceed 100 percent of total renewable resources where extraction from nonrenewable aquifers or desalination plants is considerable or where there is significant water reuse. Withdrawals for domestic uses include drinking water, municipal use or supply, and use for public services, commercial establishments, and homes. Data are for the most recent year available for 1987-2002."
ER.H2O.FWIN.ZS,"Annual freshwater withdrawals, industry (% of total freshwater withdrawal)",,"AQUASTAT - FAO's Global Information System on Water and Agriculture, Food and Agriculture Organization of the United Nations (FAO), uri: https://data.apps.fao.org/aquastat/, publisher: Food and Agriculture Organization of the United Nations (FAO), date accessed: 20240529",Infrastructure; Environment,"Annual freshwater withdrawals refer to total water withdrawals, not counting evaporation losses from storage basins. Withdrawals also include water from desalination plants in countries where they are a significant source. Withdrawals can exceed 100 percent of total renewable resources where extraction from nonrenewable aquifers or desalination plants is considerable or where there is significant water reuse. Withdrawals for industry are total withdrawals for direct industrial use (including withdrawals for cooling thermoelectric plants). Data are for the most recent year available for 1987-2002."
ER.H2O.FWST.ZS,Level of water stress: freshwater withdrawal as a proportion of available freshwater resources,,"AQUASTAT - FAO's Global Information System on Water and Agriculture, Food and Agriculture Organization of the United Nations (FAO), uri: https://data.apps.fao.org/aquastat/, publisher: Food and Agriculture Organization of the United Nations (FAO), date accessed: 20240529",Environment,"The level of water stress: freshwater withdrawal as a proportion of available freshwater resources is the ratio between total freshwater withdrawn by all major sectors and total renewable freshwater resources, after taking into account environmental water requirements. Main sectors, as defined by ISIC standards, include agriculture; forestry and fishing; manufacturing; electricity industry; and services. This indicator is also known as water withdrawal intensity."
ER.H2O.FWTL.K3,"Annual freshwater withdrawals, total (billion cubic meters)",,"AQUASTAT - FAO's Global Information System on Water and Agriculture, Food and Agriculture Organization of the United Nations (FAO), uri: https://data.apps.fao.org/aquastat/, publisher: Food and Agriculture Organization of the United Nations (FAO), date accessed: 20240529",Climate Change; Infrastructure; Environment,"Annual freshwater withdrawals refer to total water withdrawals, not counting evaporation losses from storage basins. Withdrawals also include water from desalination plants in countries where they are a significant source. Withdrawals can exceed 100 percent of total renewable resources where extraction from nonrenewable aquifers or desalination plants is considerable or where there is significant water reuse. Withdrawals for agriculture and industry are total withdrawals for irrigation and livestock production and for direct industrial use (including withdrawals for cooling thermoelectric plants). Withdrawals for domestic uses include drinking water, municipal use or supply, and use for public services, commercial establishments, and homes."
ER.H2O.FWTL.ZS,"Annual freshwater withdrawals, total (% of internal resources)",,"AQUASTAT - FAO's Global Information System on Water and Agriculture, Food and Agriculture Organization of the United Nations (FAO), uri: https://data.apps.fao.org/aquastat/, publisher: Food and Agriculture Organization of the United Nations (FAO), date accessed: 20240529",Climate Change; Infrastructure; Environment,"Annual freshwater withdrawals refer to total water withdrawals, not counting evaporation losses from storage basins. Withdrawals also include water from desalination plants in countries where they are a significant source. Withdrawals can exceed 100 percent of total renewable resources where extraction from nonrenewable aquifers or desalination plants is considerable or where there is significant water reuse. Withdrawals for agriculture and industry are total withdrawals for irrigation and livestock production and for direct industrial use (including withdrawals for cooling thermoelectric plants). Withdrawals for domestic uses include drinking water, municipal use or supply, and use for public services, commercial establishments, and homes. Data are for the most recent year available for 1987-2002."
ER.H2O.INTR.K3,"Renewable internal freshwater resources, total (billion cubic meters)",,"AQUASTAT - FAO's Global Information System on Water and Agriculture, Food and Agriculture Organization of the United Nations (FAO), uri: https://data.apps.fao.org/aquastat/, publisher: Food and Agriculture Organization of the United Nations (FAO), date accessed: 20240529",Infrastructure; Environment,Renewable internal freshwater resources flows refer to internal renewable resources (internal river flows and groundwater from rainfall) in the country.
ER.H2O.INTR.PC,Renewable internal freshwater resources per capita (cubic meters),,"AQUASTAT - FAO's Global Information System on Water and Agriculture, Food and Agriculture Organization of the United Nations (FAO), uri: https://data.apps.fao.org/aquastat/, publisher: Food and Agriculture Organization of the United Nations (FAO), date accessed: 20240529",Infrastructure; Environment,Renewable internal freshwater resources flows refer to internal renewable resources (internal river flows and groundwater from rainfall) in the country. Renewable internal freshwater resources per capita are calculated using the World Bank's population estimates.
ER.LND.PTLD.ZS,Terrestrial protected areas (% of total land area),,"Protected Planet: The World Database on Protected Areas (WDPA) and World Database on Other Effective Area-based Conservation Measures (WD-OECM), UN Environment Programme World Conservation Monitoring Centre (UNEP-WCMC), uri: https://www.protectedplanet.net/en, publisher: Protected Planet, date accessed: 20240516, date published: 202405;
International Union for Conservation of Nature (IUCN), uri: https://www.protectedplanet.net/en, publisher: Protected Planet, date accessed: 20240516",Climate Change; Environment,"Terrestrial protected areas are totally or partially protected areas of at least 1,000 hectares that are designated by national authorities as scientific reserves with limited public access, national parks, natural monuments, nature reserves or wildlife sanctuaries, protected landscapes, and areas managed mainly for sustainable use. Marine areas, unclassified areas, littoral (intertidal) areas, and sites protected under local or provincial law are excluded."
ER.MRN.PTMR.ZS,Marine protected areas (% of territorial waters),,"Protected Planet: The World Database on Protected Areas (WDPA) and World Database on Other Effective Area-based Conservation Measures (WD-OECM), UN Environment Programme World Conservation Monitoring Centre (UNEP-WCMC), uri: https://www.protectedplanet.net/en, note: Only the latest data can be retrieved from the Protected Planet website. The time series are provided directly to WDI by Protected Planet., publisher: Protected Planet, date accessed: 20240516, date published: 202405;
International Union for Conservation of Nature (IUCN), uri: https://www.protectedplanet.net/en, publisher: Protected Planet, date accessed: 20240516",Climate Change; Environment,Marine protected areas are areas of intertidal or subtidal terrain--and overlying water and associated flora and fauna and historical and cultural features--that have been reserved by law or other effective means to protect part or all of the enclosed environment.
ER.PTD.TOTL.ZS,Terrestrial and marine protected areas (% of total territorial area),,"Protected Planet: The World Database on Protected Areas (WDPA) and World Database on Other Effective Area-based Conservation Measures (WD-OECM), UN Environment Programme World Conservation Monitoring Centre (UNEP-WCMC), uri: https://www.protectedplanet.net/en, publisher: Protected Planet, date accessed: 20240516, date published: 202405;
International Union for Conservation of Nature (IUCN), uri: https://www.protectedplanet.net/en, publisher: Protected Planet, date accessed: 20240516",Climate Change; Environment,"Terrestrial protected areas are totally or partially protected areas of at least 1,000 hectares that are designated by national authorities as scientific reserves with limited public access, national parks, natural monuments, nature reserves or wildlife sanctuaries, protected landscapes, and areas managed mainly for sustainable use. Marine protected areas are areas of intertidal or subtidal terrain--and overlying water and associated flora and fauna and historical and cultural features--that have been reserved by law or other effective means to protect part or all of the enclosed environment. Sites protected under local or provincial law are excluded."
FB.AST.NPER.ZS,Bank nonperforming loans to total gross loans (%),,"Financial Soundness Indicators, International Monetary Fund (IMF), uri: https://data.imf.org/en/datasets/IMF:EXTERNAL_DATASET_CARDS/IMF.STA:LFSI",Financial Sector,"The indicator measures the proportion of a deposit taker’s loan portfolio that is impaired or at risk of default. It is calculated as the ratio of non-performing loans (NPLs) to total gross loans, where NPLs are defined as loans that are past due by 90 days or more or are otherwise considered unlikely to be repaid in full without the realization of collateral. Both non-performing loans and total gross loans should be reported at their gross book value, without deducting for loan-loss provisions or collateral. This indicator provides a key measure of asset quality and potential credit risk in the banking system."
FB.BNK.CAPA.ZS,Bank capital to assets ratio (%),,"Financial Soundness Indicators, International Monetary Fund (IMF), uri: https://data.imf.org/en/datasets/IMF:EXTERNAL_DATASET_CARDS/IMF.STA:LFSI",Financial Sector,"The indicator is a measure of capital adequacy that evaluates the financial strength of deposit takers by comparing Tier 1 capital to total assets. Tier 1 capital, often referred to as core capital, includes the most stable and readily available forms of capital, such as common equity, disclosed reserves, retained earnings, and certain other instruments that meet regulatory requirements under the Basel framework. This capital is considered the highest quality because it is fully available to cover losses and does not need to be repaid."
FB.CBK.BRCH.P5,"Commercial bank branches (per 100,000 adults)",,"Financial Access Survey, International Monetary Fund (IMF), uri: https://data.imf.org/en/datasets/IMF.STA:FAS",Financial Sector,Commercial bank branches are retail locations of resident commercial banks and other resident banks that function as commercial banks that provide financial services to customers and are physically separated from the main office but not organized as legally separated subsidiaries.
FI.RES.TOTL.MO,Total reserves in months of imports,,"International Financial Statistics database, International Monetary Fund (IMF)",Financial Sector; External Debt,"Reserve assets are external assets, including monetary gold, that are readily available to and controlled by monetary authorities for meeting balance of payments financing needs, for intervention in exchange markets to affect the currency exchange rate, and for other related purposes (such as maintaining confidence in the currency and the economy, and serving as a basis for foreign borrowing). Reserve assets must be denominated and settled in foreign currency. This item is expressed in terms of the number of months of imports of goods and services they could pay for [X/(Imports/12)]."
FM.LBL.BMNY.IR.ZS,Broad money to total reserves ratio,,"International Financial Statistics database, International Monetary Fund (IMF)",Financial Sector,"Broad money is the sum of all liquid financial instruments held by money-holding sectors that are widely accepted in an economy as a medium of exchange, plus those that can be converted into a medium of exchange at short notice at, or close to, their full nominal value.  Reserve assets are external assets, including monetary gold, that are readily available to and controlled by monetary authorities for meeting balance of payments financing needs, for intervention in exchange markets to affect the currency exchange rate, and for other related purposes (such as maintaining confidence in the currency and the economy, and serving as a basis for foreign borrowing). Reserve assets must be denominated and settled in foreign currency. This indicator is expressed as a ratio (a÷b)."
FM.LBL.BMNY.ZG,Broad money growth (annual %),,"International Financial Statistics database, International Monetary Fund (IMF)",Financial Sector,"Broad money is the sum of all liquid financial instruments held by money-holding sectors that are widely accepted in an economy as a medium of exchange, plus those that can be converted into a medium of exchange at short notice at, or close to, their full nominal value. This indicator denotes the percentage change over each previous year of the constant price (base year 2015) series in United States dollars."
FP.CPI.TOTL.ZG,"Inflation, consumer prices (annual %)",,"International Financial Statistics database, International Monetary Fund (IMF)",Economy & Growth; Financial Sector,"Inflation as measured by the consumer price index reflects the annual percentage change in the cost to the average consumer of acquiring a basket of goods and services that may be fixed or changed at specified intervals, such as yearly."
FX.OWN.TOTL.40.ZS,"Account ownership at a financial institution or with a mobile-money-service provider, poorest 40% (% of population ages 15+)",,"Global Findex Database, World Bank (WB), uri: https://www.worldbank.org/en/publication/globalfindex",Financial Sector,"Account denotes the percentage of respondents who report having an account (by themselves or together with someone else) at a bank or another type of financial institution or report personally using a mobile money service in the past 12 months (poorest 40%, share of population ages 15+)."
FX.OWN.TOTL.60.ZS,"Account ownership at a financial institution or with a mobile-money-service provider, richest 60% (% of population ages 15+)",,"Global Findex Database, World Bank (WB), uri: https://www.worldbank.org/en/publication/globalfindex",Financial Sector,"Account denotes the percentage of respondents who report having an account (by themselves or together with someone else) at a bank or another type of financial institution or report personally using a mobile money service in the past 12 months (richest 60%, share of population ages 15+)."
FX.OWN.TOTL.FE.ZS,"Account ownership at a financial institution or with a mobile-money-service provider, female (% of population ages 15+)",,"Global Findex Database, World Bank (WB), uri: https://www.worldbank.org/en/publication/globalfindex",Financial Sector,"Account denotes the percentage of respondents who report having an account (by themselves or together with someone else) at a bank or another type of financial institution or report personally using a mobile money service in the past 12 months (female, % age 15+)."
FX.OWN.TOTL.MA.ZS,"Account ownership at a financial institution or with a mobile-money-service provider, male (% of population ages 15+)",,"Global Findex Database, World Bank (WB), uri: https://www.worldbank.org/en/publication/globalfindex",Financial Sector,"Account denotes the percentage of respondents who report having an account (by themselves or together with someone else) at a bank or another type of financial institution or report personally using a mobile money service in the past 12 months (male, % age 15+)."
FX.OWN.TOTL.OL.ZS,"Account ownership at a financial institution or with a mobile-money-service provider, older adults (% of population ages 25+)",,"Global Findex Database, World Bank (WB), uri: https://www.worldbank.org/en/publication/globalfindex",Financial Sector,"Account denotes the percentage of respondents who report having an account (by themselves or together with someone else) at a bank or another type of financial institution or report personally using a mobile money service in the past 12 months (older adults, % of population ages 25+)."
FX.OWN.TOTL.PL.ZS,"Account ownership at a financial institution or with a mobile-money-service provider, primary education or less (% of population ages 15+)",,"Global Findex Database, World Bank (WB), uri: https://www.worldbank.org/en/publication/globalfindex",Financial Sector,"Account denotes the percentage of respondents who report having an account (by themselves or together with someone else) at a bank or another type of financial institution or report personally using a mobile money service in the past 12 months (primary education or less, % of population ages 15+)."
FX.OWN.TOTL.SO.ZS,"Account ownership at a financial institution or with a mobile-money-service provider, secondary education or more (% of population ages 15+)",,"Global Findex Database, World Bank (WB), uri: https://www.worldbank.org/en/publication/globalfindex",Financial Sector,"Account denotes the percentage of respondents who report having an account (by themselves or together with someone else) at a bank or another type of financial institution or report personally using a mobile money service in the past 12 months (secondary education or more, % of population ages 15+)."
FX.OWN.TOTL.YG.ZS,"Account ownership at a financial institution or with a mobile-money-service provider, young adults (% of population ages 15-24)",,"Global Findex Database, World Bank (WB), uri: https://www.worldbank.org/en/publication/globalfindex",Financial Sector,"Account denotes the percentage of respondents who report having an account (by themselves or together with someone else) at a bank or another type of financial institution or report personally using a mobile money service in the past 12 months (young adults, % of population ages 15-24)."
FX.OWN.TOTL.ZS,Account ownership at a financial institution or with a mobile-money-service provider (% of population ages 15+),,"Global Findex Database, World Bank (WB), uri: https://www.worldbank.org/en/publication/globalfindex",Financial Sector,Account denotes the percentage of respondents who report having an account (by themselves or together with someone else) at a bank or another type of financial institution or report personally using a mobile money service in the past 12 months (% age 15+).
GB.XPD.RSDV.GD.ZS,Research and development expenditure (% of GDP),,"Stat Bulk Data Download Service, UN Educational, Scientific and Cultural Organization (UNESCO), uri: https://databrowser.uis.unesco.org/resources/bulk, publisher: UNESCO Institute for Statistics (UIS), date accessed: 2025-03-26, date published: 2025-02",Science & Technology,"Gross domestic expenditures on research and development (R&D), expressed as a percent of GDP. They include both capital and current expenditures in the four main sectors: Business enterprise, Government, Higher education and Private non-profit. R&D covers basic research, applied research, and experimental development."
GC.TAX.TOTL.CN,Tax revenue (current LCU),,"Government Finance Statistics Yearbook and data files, International Monetary Fund (IMF)",Public Sector,"Taxes are compulsory, unrequited payments, in cash or in kind, made by institutional




units to government units. This indicator is expressed in current prices, meaning no adjustment has been made to account for price changes over time. This series is expressed in local currency units."
GC.TAX.TOTL.GD.ZS,Tax revenue (% of GDP),,"Government Finance Statistics Yearbook and data files, International Monetary Fund (IMF)",Public Sector,"Taxes are compulsory, unrequited payments, in cash or in kind, made by institutional




units to government units. This indicator is expressed as a percentage of Gross Domestic Product (GDP) which is the total income earned through the production of goods and services in an economic territory during an accounting period."
GF.XPD.BUDG.ZS,Primary government expenditures as a proportion of original approved budget (%),,"Public Expenditure and Financial Accountability (PEFA), World Bank (WB), uri: https://www.pefa.org/node/5239, note: The raw data collected in order to calculate this indicator are the initially Approved and Executed Budgets. Budget Laws of countries is the usual source of the approved budget of countries. The end-of year fiscal reports (budget execution reports) are the sources of the actual spending. This data is typically obtained from websites of the Ministry of Finance (MoF) or the national Parliament, or data are collected through communication with the MoF.",Public Sector,"Primary government expenditures as a proportion of original approved budget measures the extent to which aggregate budget expenditure outturn reflects the amount originally approved, as defined in government budget documentation and fiscal reports. The coverage is budgetary central government (BCG) and the time period covered is the last three completed fiscal years."
IC.BUS.NDNS.ZS,"New business density (new registrations per 1,000 people ages 15-64)",,"Entrepreneurship Database, World Bank (WB), uri: https://www.worldbank.org/en/programs/entrepreneurship",Private Sector,"The number of newly registered firms with limited liability per 1,000 working-age people (ages 15-64) per calendar year."
IC.FRM.BRIB.ZS,Bribery incidence (% of firms experiencing at least one bribe payment request),,"Enterprise Surveys, World Bank (WB), uri: https://www.enterprisesurveys.org/en/data",Private Sector,"The percent of firms experiencing at least one bribe payment request across 6 public transactions dealing with utilities access, permits, licenses, and taxes."
IC.FRM.FEMM.ZS,Firms with female top manager (% of firms),,"Enterprise Surveys, World Bank (WB), uri: https://www.enterprisesurveys.org/en/data",Private Sector; Gender,Percentage of firms with females as the top manager.
IC.FRM.FEMO.ZS,Firms with female participation in ownership (% of firms),,"Enterprise Surveys, World Bank (WB), uri: https://www.enterprisesurveys.org/en/data",Private Sector; Gender,Percentage of firms with females among the owners.
IC.TAX.GIFT.ZS,Firms expected to give gifts in meetings with tax officials (% of firms),,"Enterprise Surveys, World Bank (WB), uri: https://www.enterprisesurveys.org/en/data",Private Sector,Percentage of firms expected to give gifts or informal payments during meetings with tax officials.
IE.PPI.ENGY.CD,Investment in energy with private participation (current US$),,"Private Participation in Infrastructure Project Database, World Bank (WB), uri: https://ppi.worldbank.org/en/ppidata",Energy & Mining; Infrastructure; Private Sector,"The Private Participation in Infrastructure (PPI) Database records contractual arrangements for public infrastructure projects in low- and middle-income countries (as classified by the World Bank) that have reached financial closure, in which private parties assume operating risk. Investment in energy projects with private participation refers to commitments to infrastructure projects in energy (electricity and natural gas: generation, transmission and distribution) that have reached financial closure and directly or indirectly serve the public.  The types of projects included are management and lease contracts, brownfield projects, greenfield projects (in which a private entity or a public-private joint venture builds and operates a new facility), and divestitures. Investments are classified as one of two types: (1) Investments in physical assets: resources the project company commits to invest in expanding and modernizing facilities and (2) payments to the government: to acquire state-owned enterprises or rights to provide services in a specific area or to use radio spectrum.  Data is presented based on investment year. Data are in current U.S. dollars."
IE.PPI.TELE.CD,Investment in telecoms with private participation (current US$),,"World Bank, Private Participation in Infrastructure Project Database (http://ppi.worldbank.org).",Infrastructure; Private Sector,"Investment  in telecom projects with private participation refers to commitments to infrastructure projects in telecommunications that have reached financial closure and directly or indirectly serve the public. Movable assets and small projects are excluded. The types of projects included are management and lease contracts, operations and management contracts with major capital expenditure, greenfield projects (in which a private entity or a public-private joint venture builds and operates a new facility), and divestitures. Investment commitments are the sum of investments in facilities and investments in government assets. Investments in facilities are the resources the project company commits to invest during the contract period either in new facilities or in expansion and modernization of existing facilities. Investments in government assets are the resources the project company spends on acquiring government assets such as state-owned enterprises, rights to provide services in a specific area, or the use of specific radio spectrums. Data are in current U.S. dollars."
IE.PPI.TRAN.CD,Investment in transport with private participation (current US$),,"Private Participation in Infrastructure Project Database, World Bank (WB), uri: https://ppi.worldbank.org/en/ppidata",Infrastructure; Private Sector,"The Private Participation In Infrastructure (PPI) Database records contractual arrangements for public infrastructure projects in low- and middle-income countries (as classified by the World Bank) that have reached financial closure, in which private parties assume operating risk. Investment in transport projects with private participation refers to commitments to infrastructure projects in transport [(a) airport runways and terminals, (b) railways (including fixed assets, freight, intercity passenger, and local passenger); (c) toll roads, bridges, highways, and tunnels, (d) port infrastructure, superstructures, terminals, and channels)] that have reached financial closure and directly or indirectly serve the public.  The types of projects included are management and lease contracts, brownfield projects, greenfield projects (in which a private entity or a public-private joint venture builds and operates a new facility), and divestitures. Investments are classified as one of two types: (1) Investments in physical assets: resources the project company commits to invest in expanding and modernizing facilities and (2) payments to the government: to acquire state-owned enterprises or rights to provide services in a specific area or to use radio spectrum.  Data is presented based on investment year. Data are in current U.S. dollars."
IE.PPI.WATR.CD,Investment in water and sanitation with private participation (current US$),,"Private Participation in Infrastructure Project Database, World Bank (WB), uri: https://ppi.worldbank.org/en/ppidata",Infrastructure; Private Sector,"The Private Participation in Infrastructure (PPI) Database records contractual arrangements for public infrastructure projects in low- and middle-income countries (as classified by the World Bank) that have reached financial closure, in which private parties assume operating risk. Investment in water projects with private participation refers to commitments to infrastructure projects in potable water (treatment and distribution, and sewerage collection and treatment that has an active government component) that have reached financial closure and directly or indirectly serve the public.  The types of projects included are management and lease contracts, brownfield projects, greenfield projects (in which a private entity or a public-private joint venture builds and operates a new facility), and divestitures. Investments are classified as one of two types: (1) Investments in physical assets: resources the project company commits to invest in expanding and modernizing facilities and (2) payments to the government: to acquire state-owned enterprises or rights to provide services in a specific area or to use radio spectrum.  Data is presented based on investment year. Data are in current U.S. dollars."
IP.PAT.NRES,"Patent applications, nonresidents",,"WIPO Patent Report: Statistics on Worldwide Patent Activity, World Intellectual Property Organization (WIPO), note: The International Bureau of WIPO assumes no responsibility with respect to the transformation of these data.",Science & Technology,"Patent applications are worldwide patent applications filed through the Patent Cooperation Treaty procedure or with a national patent office for exclusive rights for an invention--a product or process that provides a new way of doing something or offers a new technical solution to a problem. A patent provides protection for the invention to the owner of the patent for a limited period, generally 20 years."
IP.PAT.RESD,"Patent applications, residents",,"WIPO Patent Report: Statistics on Worldwide Patent Activity, World Intellectual Property Organization (WIPO), note: The International Bureau of WIPO assumes no responsibility with respect to the transformation of these data.",Science & Technology,"Patent applications are worldwide patent applications filed through the Patent Cooperation Treaty procedure or with a national patent office for exclusive rights for an invention--a product or process that provides a new way of doing something or offers a new technical solution to a problem. A patent provides protection for the invention to the owner of the patent for a limited period, generally 20 years."
IQ.SCI.MTHD,Methodology assessment of statistical capacity (scale 0 - 100),,"World Bank, Bulletin Board on Statistical Capacity (http://bbsc.worldbank.org).",Public Sector,The methodology indicator measures a country’s ability to adhere to internationally recommended standards and methods. The methodology score is calculated as the weighted average of 10 underlying indicator scores. The final methodology score contributes 1/3 of the overall Statistical Capacity Indicator score.
IQ.SCI.OVRL,Overall level of statistical capacity (scale 0 - 100),,"World Bank, Bulletin Board on Statistical Capacity (http://bbsc.worldbank.org).",Public Sector,"The Statistical Capacity Indicator is a composite score assessing the capacity of a country’s statistical system. It is based on a diagnostic framework assessing the following areas: methodology; data sources; and periodicity and timeliness. Countries are scored against 25 criteria in these areas, using publicly available information and/or country input. The overall Statistical Capacity score is then calculated as a simple average of all three area scores on a scale of 0-100."
IQ.SCI.PRDC,Periodicity and timeliness assessment of statistical capacity (scale 0 - 100),,"World Bank, Bulletin Board on Statistical Capacity (http://bbsc.worldbank.org).",Public Sector,The periodicity and timeliness indicator assesses the availability and periodicity of key socioeconomic indicators. It measures the extent to which data are made accessible to users through transformation of source data into timely statistical outputs. The periodicity score is calculated as the weighted average of 10 underlying indicator scores. The final periodicity score contributes 1/3 of the overall Statistical Capacity Indicator score.
IQ.SCI.SRCE,Source data assessment of statistical capacity (scale 0 - 100),,"World Bank, Bulletin Board on Statistical Capacity (http://bbsc.worldbank.org).",Public Sector,"The source data indicator reflects whether a country conducts data collection activities in line with internationally recommended periodicity, and whether data from administrative systems are available. The source data score is calculated as the weighted average of 5 underlying indicator scores. The final source data score contributes 1/3 of the overall Statistical Capacity Indicator score."
IS.AIR.GOOD.MT.K1,"Air transport, freight (million ton-km)",,"Civil Aviation Statistics of the World, International Civil Aviation Organization (ICAO), uri: https://data.icao.int/newdataplus/#:~:text=ICAO%20data%20is%20comprised%20of,information%20about%20commercial%20air%20carriers;
ICAO Staff estimates, International Civil Aviation Organization (ICAO), uri: https://data.icao.int/newdataplus/#:~:text=ICAO%20data%20is%20comprised%20of,information%20about%20commercial%20air%20carriers",Infrastructure,"Air freight is the volume of freight, express, and diplomatic bags carried on each flight stage (operation of an aircraft from takeoff to its next landing), measured in metric tons times kilometers traveled."
IS.AIR.PSGR,"Air transport, passengers carried",,"Civil Aviation Statistics of the World, International Civil Aviation Organization (ICAO), uri: https://data.icao.int/newdataplus/#:~:text=ICAO%20data%20is%20comprised%20of,information%20about%20commercial%20air%20carriers;
ICAO Staff estimates, International Civil Aviation Organization (ICAO), uri: https://data.icao.int/newdataplus/#:~:text=ICAO%20data%20is%20comprised%20of,information%20about%20commercial%20air%20carriers",Infrastructure,Air carrier data per country refers to passengers carried by airlines registered in that country regardless of the origin or destination of the passengers.
IS.RRS.GOOD.MT.K6,"Railways, goods transported (million ton-km)",,"Railisa Database (UIC), International Union of Railways (UIC), uri: https://uic-stats.uic.org/select/;
OECD Statistics, Organisation for Economic Co-operation and Development (OECD)",Infrastructure,"Goods transported by railway are the volume of goods transported by railway, measured in metric tons times kilometers traveled."
IS.RRS.PASG.KM,"Railways, passengers carried (million passenger-km)",,"Railisa Database (UIC), International Union of Railways (UIC), uri: https://uic-stats.uic.org/select/;
OECD Statistics, Organisation for Economic Co-operation and Development (OECD)",Infrastructure,Passengers carried by railway are the number of passengers transported by rail multiplied by kilometers traveled.
IT.NET.USER.ZS,Individuals using the Internet (% of population),,"World Telecommunication/ICT Indicators Database, International Telecommunication Union (ITU), uri: https://datahub.itu.int/",Infrastructure,"Internet users are individuals who have used the Internet (from any location) in the last 3 months. The Internet can be used via a computer, mobile phone, personal digital assistant, games machine, digital TV etc."
NE.CON.GOVT.KD,General government final consumption expenditure (constant 2015 US$),,"Country official statistics, National Statistical Organizations and/or Central Banks;
National Accounts data files, Organisation for Economic Co-operation and Development (OECD);
Staff estimates, World Bank (WB)",Economy & Growth,"Final consumption expenditure is expenditure on goods and services by resident institutional units for the direct satisfaction of human needs or wants, whether individual or collective. General government FCE includes all government current expenditures for purchases of goods and services (including compensation of employees), and most expenditures on national defense and security, but excludes government military expenditures that are part of government capital formation. This indicator is expressed in constant prices, meaning the series has been adjusted to account for price changes over time. The reference year for this adjustment is 2015. This indicator is expressed in United States dollars."
NE.CON.GOVT.KD.ZG,General government final consumption expenditure (annual % growth),,"Country official statistics, National Statistical Organizations and/or Central Banks;
National Accounts data files, Organisation for Economic Co-operation and Development (OECD);
Staff estimates, World Bank (WB)",Economy & Growth,"Final consumption expenditure is expenditure on goods and services by resident institutional units for the direct satisfaction of human needs or wants, whether individual or collective. General government FCE includes all government current expenditures for purchases of goods and services (including compensation of employees), and most expenditures on national defense and security, but excludes government military expenditures that are part of government capital formation. This indicator denotes the percentage change over each previous year of the constant price (base year 2015) series in United States dollars."
NE.CON.PRVT.KD.ZG,Households and NPISHs Final consumption expenditure (annual % growth),,"Country official statistics, National Statistical Organizations and/or Central Banks;
National Accounts data files, Organisation for Economic Co-operation and Development (OECD);
Staff estimates, World Bank (WB)",Economy & Growth,"This field includes expenditure on goods and services by the Household and NPISH sector for the direct satisfaction of human needs or wants, whether individual or collective. This indicator denotes the percentage change over each previous year of the constant price (base year 2015) series in United States dollars."
NE.EXP.GNFS.KD.ZG,Exports of goods and services (annual % growth),,"Country official statistics, National Statistical Organizations and/or Central Banks;
National Accounts data files, Organisation for Economic Co-operation and Development (OECD);
Staff estimates, World Bank (WB)",Economy & Growth; Trade,"Exports of goods includes changes in the economic ownership of goods from residents of the compiling economy to non-residents, irrespective of physical movement of goods across national borders. Exports of services includes services provided by residents to non-residents. This indicator denotes the percentage change over each previous year of the constant price (base year 2015) series in United States dollars."
NE.EXP.GNFS.ZS,Exports of goods and services (% of GDP),,"Country official statistics, National Statistical Offices (NSOs);
National Accounts data files, Central Banks;
Staff estimates, World Bank (WB)",Economy & Growth; Trade,"Exports of goods includes changes in the economic ownership of goods from residents of the compiling economy to non-residents, irrespective of physical movement of goods across national borders. Exports of services includes services provided by residents to non-residents. This indicator is expressed as a percentage of Gross Domestic Product (GDP) which is the total income earned through the production of goods and services in an economic territory during an accounting period."
NE.GDI.TOTL.KD.ZG,Gross capital formation (annual % growth),,"Country official statistics, National Statistical Organizations and/or Central Banks;
National Accounts data files, Organisation for Economic Co-operation and Development (OECD);
Staff estimates, World Bank (WB)",Economy & Growth,"Gross capital formation includes acquisitions less disposals of produced assets for purposes of fixed capital formation, inventories or valuables. This indicator denotes the percentage change over each previous year of the constant price (base year 2015) series in United States dollars."
NE.IMP.GNFS.KD.ZG,Imports of goods and services (annual % growth),,"Country official statistics, National Statistical Offices (NSOs);
National Accounts data files, Central Banks;
Staff estimates, World Bank (WB)",Economy & Growth; Trade,"Imports of goods includes change in the economic ownership of goods from non-residents to




residents of the compiling economy, irrespective of physical movement of goods across national borders. Imports of services includes services provided by non-residents to residents. This indicator denotes the percentage change over each previous year of the constant price (base year 2015) series in United States dollars."
NV.AGR.EMPL.KD,"Agriculture, forestry, and fishing, value added per worker (constant 2015 US$)",,"World Development Indicators database, World Bank (WB);
ILOSTAT database, International Labour Organization (ILO)",Economy & Growth,"Agriculture, forestry, and fishing corresponds to ISIC (Rev. 4) divisions 01-03 and includes the exploitation of vegetal and animal natural resources, comprising the activities of growing of crops, raising and breeding of animals, harvesting of timber and other plants, animals or animal products from a farm or their natural habitats.Value added is the contribution to the economy by a producer or an industry or an institutional sector, which is estimated by the total value of output produced and deducting the total value of intermediate consumption of goods and services used to produce that output. This indicator is expressed in constant prices, meaning the series has been adjusted to account for price changes over time. The reference year for this adjustment is 2015. This indicator is expressed in United States dollars."
NV.IND.EMPL.KD,"Industry (including construction), value added per worker (constant 2015 US$)",,"World Development Indicators database, World Bank (WB);
ILOSTAT database, International Labour Organization (ILO)",Economy & Growth,"Industry (including construction) corresponds to ISIC (Rev.4) divisions 05-43. It is comprised of mining, manufacturing, construction, electricity, water, and gas industries. Value added is the contribution to the economy by a producer or an industry or an institutional sector, which is estimated by the total value of output produced and deducting the total value of intermediate consumption of goods and services used to produce that output. The core indicator has been divided by the number of workers in this sector to derive a measure of labor productivity. This indicator is expressed in constant prices, meaning the series has been adjusted to account for price changes over time. The reference year for this adjustment is 2015. This indicator is expressed in United States dollars."
NV.IND.MANF.CD,"Manufacturing, value added (current US$)",,"Country official statistics, National Statistical Offices (NSOs);
National Accounts data files, Central Banks;
Staff estimates, World Bank (WB)",Economy & Growth,"Manufacturing includes industries classified in ISIC (Rev. 3) major division C and is defined as the physical or chemical transformation of materials or components into new products. Value added is the contribution to the economy by a producer or an industry or an institutional sector, which is estimated by the total value of output produced and deducting the total value of intermediate consumption of goods and services used to produce that output. This indicator is expressed in current prices, meaning no adjustment has been made to account for price changes over time. This indicator is expressed in United States dollars."
NV.IND.MANF.ZS,"Manufacturing, value added (% of GDP)",,"Country official statistics, National Statistical Offices (NSOs);
National Accounts data files, Central Banks;
Staff estimates, World Bank (WB)",Economy & Growth,"Manufacturing includes industries classified in ISIC (Rev. 3) major division C and is defined as the physical or chemical transformation of materials or components into new products. Value added is the contribution to the economy by a producer or an industry or an institutional sector, which is estimated by the total value of output produced and deducting the total value of intermediate consumption of goods and services used to produce that output. This indicator is expressed as a percentage of Gross Domestic Product (GDP) which is the total income earned through the production of goods and services in an economic territory during an accounting period."
NV.MNF.TECH.ZS.UN,Medium and high-tech manufacturing value added (% manufacturing value added),,"Competitive Industrial Performance (CIP) database, UN Industrial Development Organization (UNIDO)",Economy & Growth,The proportion of medium and high-tech industry value added in total value added of manufacturing
NV.SRV.EMPL.KD,"Services, value added per worker (constant 2015 US$)",,"World Development Indicators database, World Bank (WB);
ILOSTAT database, International Labour Organization (ILO)",Economy & Growth,"Services industries correspond to ISIC (Rev. 4) divisions 45-99 and includes wholesale and retail trade, repair of motor vehicles, hotels and restaurants, transport, storage and communication, financial intermediation, real estate, renting and business activities, public administration and defence, compulsory social security, education, health and social work, other community, social and personal service activities, private households with employed persons, and extra-territorial organizations and bodies. Value added is the contribution to the economy by a producer or an industry or an institutional sector, which is estimated by the total value of output produced and deducting the total value of intermediate consumption of goods and services used to produce that output. The core indicator has been divided by the number of workers in the economy to derive a measure of labor productivity. This indicator is expressed in constant prices, meaning the series has been adjusted to account for price changes over time. The reference year for this adjustment is 2015. This indicator is expressed in United States dollars."
NY.ADJ.SVNX.GN.ZS,"Adjusted net savings, excluding particulate emission damage (% of GNI)",,"Staff estimates, World Bank (WB);
The Changing Wealth of Nations: Measuring Sustainable Development in the New Millennium, World Bank (WB)",Economy & Growth; Environment,"Adjusted net savings are equal to net national savings plus education expenditure and minus energy depletion, mineral depletion, net forest depletion, and carbon dioxide. This series excludes particulate emissions damage. This indicator is expressed as a percentage of Gross National Income (GNI) which is the total income earned by all residents within an economic territory during an accounting period. It is equal to gross domestic product plus earned income receivable from abroad minus earned income payable abroad."
NY.GDP.COAL.RT.ZS,Coal rents (% of GDP),,"The Changing Wealth of Nations, World Bank (WB), uri: https://www.worldbank.org/en/publication/changing-wealth-of-nations/data, note: World Bank staff estimates based on sources and methods described in the World Bank's The Changing Wealth of Nations., publisher: World Bank (WB);
Staff estimates, World Bank (WB), note: World Bank staff estimates based on sources and methods described in the World Bank's The Changing Wealth of Nations.",Environment,Coal rents are the difference between the value of both hard and soft coal production at world prices and their total costs of production.
NY.GDP.FRST.RT.ZS,Forest rents (% of GDP),,"The Changing Wealth of Nations, World Bank (WB), uri: https://www.worldbank.org/en/publication/changing-wealth-of-nations/data, note: World Bank staff estimates based on sources and methods described in the World Bank's The Changing Wealth of Nations., publisher: World Bank (WB);
Staff estimates, World Bank (WB), note: World Bank staff estimates based on sources and methods described in the World Bank's The Changing Wealth of Nations.",Environment,Forest rents are roundwood harvest times the product of regional prices and a regional rental rate.
NY.GDP.MINR.RT.ZS,Mineral rents (% of GDP),,"The Changing Wealth of Nations, World Bank (WB), uri: https://www.worldbank.org/en/publication/changing-wealth-of-nations/data, note: World Bank staff estimates based on sources and methods described in the World Bank's The Changing Wealth of Nations., publisher: World Bank (WB);
Staff estimates, World Bank (WB), note: World Bank staff estimates based on sources and methods described in the World Bank's The Changing Wealth of Nations.",Energy & Mining; Environment,"Mineral rents are the difference between the value of production for a stock of minerals at world prices and their total costs of production. Minerals included in the calculation are tin, gold, lead, zinc, iron, copper, nickel, silver, bauxite, and phosphate."
NY.GDP.MKTP.CD,GDP (current US$),,"Country official statistics, National Statistical Organizations and/or Central Banks;
National Accounts data files, Organisation for Economic Co-operation and Development (OECD);
Staff estimates, World Bank (WB)",Economy & Growth,"Gross domestic product is the total income earned through the production of goods and services in an economic territory during an accounting period. It can be measured in three different ways: using either the expenditure approach, the income approach, or the production approach. This indicator is expressed in current prices, meaning no adjustment has been made to account for price changes over time. This indicator is expressed in United States dollars."
NY.GDP.MKTP.CN,GDP (current LCU),,"Country official statistics, National Statistical Organizations and/or Central Banks;
National Accounts data files, Organisation for Economic Co-operation and Development (OECD);
Staff estimates, World Bank (WB)",Economy & Growth,"Gross domestic product is the total income earned through the production of goods and services in an economic territory during an accounting period. It can be measured in three different ways: using either the expenditure approach, the income approach, or the production approach. This indicator is expressed in current prices, meaning no adjustment has been made to account for price changes over time. This series is expressed in local currency units."
NY.GDP.MKTP.KD,GDP (constant 2015 US$),,"Country official statistics, National Statistical Organizations and/or Central Banks;
National Accounts data files, Organisation for Economic Co-operation and Development (OECD);
Staff estimates, World Bank (WB)",Economy & Growth,"Gross domestic product is the total income earned through the production of goods and services in an economic territory during an accounting period. It can be measured in three different ways: using either the expenditure approach, the income approach, or the production approach. This indicator is expressed in constant prices, meaning the series has been adjusted to account for price changes over time. The reference year for this adjustment is 2015. This indicator is expressed in United States dollars."
NY.GDP.MKTP.KD.ZG,GDP growth (annual %),,"Country official statistics, National Statistical Organizations and/or Central Banks;
National Accounts data files, Organisation for Economic Co-operation and Development (OECD);
Staff estimates, World Bank (WB)",Economy & Growth,"Gross domestic product is the total income earned through the production of goods and services in an economic territory during an accounting period. It can be measured in three different ways: using either the expenditure approach, the income approach, or the production approach. This indicator denotes the percentage change over each previous year of the constant price (base year 2015) series in United States dollars."
NY.GDP.MKTP.KN,GDP (constant LCU),,"Country official statistics, National Statistical Organizations and/or Central Banks;
National Accounts data files, Organisation for Economic Co-operation and Development (OECD);
Staff estimates, World Bank (WB)",Economy & Growth,"Gross domestic product is the total income earned through the production of goods and services in an economic territory during an accounting period. It can be measured in three different ways: using either the expenditure approach, the income approach, or the production approach. This indicator is expressed in constant prices, meaning the series has been adjusted to account for price changes over time. The reference year for this adjustment varies by country. This series is expressed in local currency units."
NY.GDP.MKTP.PP.CD,"GDP, PPP (current international $)",,"International Comparison Program (ICP), World Bank (WB), uri: https://www.worldbank.org/en/programs/icp/data, note: This information is for ICP’s PPPs utilized in WDI, publisher: International Comparison Program (ICP), date accessed: May 30, 2024, date published: May 30, 2024;
The Eurostat PPP Programme, Eurostat (ESTAT), uri: https://ec.europa.eu/eurostat/databrowser/explore/all/all_themes, publisher: Eurostat, date accessed: Periodical update;
The OECD PPP Programme, Organisation for Economic Co-operation and Development (OECD), uri: https://data-https://data-explorer.oecd.org/, publisher: OECD, date accessed: Periodical update;
Staff estimates, World Bank (WB);
National Accounts data files, Organisation for Economic Co-operation and Development (OECD);
World Economic Outlook database, International Monetary Fund (IMF)",Economy & Growth,"This indicator provides values for gross domestic product (GDP) expressed in current international dollars, converted by purchasing power parities (PPPs). PPPs account for the different price levels across countries and thus PPP-based comparisons of economic output are more appropriate for comparing the output of economies and the average material well-being of their inhabitants than exchange-rate based comparisons.  

Gross domestic product is the total income earned through the production of goods and services in an economic territory during an accounting period. It can be measured in three different ways: using either the expenditure approach, the income approach, or the production approach. This series has been linked to produce a consistent time series to counteract breaks in series over time due to changes in base years, source data and methodologies. Thus, it may not be comparable with other national accounts series in the database for historical years. This indicator is expressed in current prices, meaning no adjustment has been made to account for price changes over time. The PPP conversion factor is a currency conversion factor and a spatial price deflator. PPPs convert different currencies to a common currency and, in the process of conversion, equalize their purchasing power by eliminating the differences in price levels between countries, thereby allowing volume or output comparisons of GDP and its expenditure components."
NY.GDP.MKTP.PP.KD,"GDP, PPP (constant 2021 international $)",,"International Comparison Program (ICP), World Bank (WB), uri: https://www.worldbank.org/en/programs/icp/data, note: This information is for ICP’s PPPs utilized in WDI, publisher: International Comparison Program (ICP), date accessed: May 30, 2024, date published: May 30, 2024;
The Eurostat PPP Programme, Eurostat (ESTAT), uri: https://ec.europa.eu/eurostat/databrowser/explore/all/all_themes, publisher: Eurostat;
The OECD PPP Programme, Organisation for Economic Co-operation and Development (OECD), uri: https://data-explorer.oecd.org/, publisher: OECD;
Staff estimates, World Bank (WB);
National Accounts data files, Organisation for Economic Co-operation and Development (OECD);
World Economic Outlook database, International Monetary Fund (IMF)",Economy & Growth,"This indicator provides values for gross domestic product (GDP) expressed in constant international dollars, converted by purchasing power parities (PPPs). PPPs account for the different price levels across countries and thus PPP-based comparisons of economic output are more appropriate for comparing the output of economies and the average material well-being of their inhabitants than exchange-rate based comparisons. 

Gross domestic product is the total income earned through the production of goods and services in an economic territory during an accounting period. It can be measured in three different ways: using either the expenditure approach, the income approach, or the production approach. This indicator is expressed in constant prices, meaning the series has been adjusted to account for price changes over time. The reference year for this adjustment is 2021. The PPP conversion factor is a currency conversion factor and a spatial price deflator. PPPs convert different currencies to a common currency and, in the process of conversion, equalize their purchasing power by eliminating the differences in price levels between countries, thereby allowing volume or output comparisons of GDP and its expenditure components."
NY.GDP.NGAS.RT.ZS,Natural gas rents (% of GDP),,"The Changing Wealth of Nations, World Bank (WB), uri: https://www.worldbank.org/en/publication/changing-wealth-of-nations/data, note: World Bank staff estimates based on sources and methods described in the World Bank's The Changing Wealth of Nations., publisher: World Bank (WB);
Staff estimates, World Bank (WB), note: World Bank staff estimates based on sources and methods described in the World Bank's The Changing Wealth of Nations.",Energy & Mining; Environment,Natural gas rents are the difference between the value of natural gas production at regional prices and total costs of production.
NY.GDP.PCAP.CD,GDP per capita (current US$),,"Country official statistics, National Statistical Organizations and/or Central Banks;
National Accounts data files, Organisation for Economic Co-operation and Development (OECD);
Staff estimates, World Bank (WB)",Economy & Growth,"Gross domestic product is the total income earned through the production of goods and services in an economic territory during an accounting period. It can be measured in three different ways: using either the expenditure approach, the income approach, or the production approach. The core indicator has been divided by the general population to achieve a per capita estimate.This indicator is expressed in current prices, meaning no adjustment has been made to account for price changes over time. This indicator is expressed in United States dollars."
NY.GDP.PCAP.CN,GDP per capita (current LCU),,"Country official statistics, National Statistical Organizations and/or Central Banks;
National Accounts data files, Organisation for Economic Co-operation and Development (OECD);
Staff estimates, World Bank (WB)",Economy & Growth,"Gross domestic product is the total income earned through the production of goods and services in an economic territory during an accounting period. It can be measured in three different ways: using either the expenditure approach, the income approach, or the production approach. The core indicator has been divided by the general population to achieve a per capita estimate.This indicator is expressed in current prices, meaning no adjustment has been made to account for price changes over time. This series is expressed in local currency units."
NY.GDP.PCAP.KD,GDP per capita (constant 2015 US$),,"Country official statistics, National Statistical Organizations and/or Central Banks;
National Accounts data files, Organisation for Economic Co-operation and Development (OECD);
Staff estimates, World Bank (WB)",Economy & Growth,"Gross domestic product is the total income earned through the production of goods and services in an economic territory during an accounting period. It can be measured in three different ways: using either the expenditure approach, the income approach, or the production approach. The core indicator has been divided by the general population to achieve a per capita estimate.This indicator is expressed in constant prices, meaning the series has been adjusted to account for price changes over time. The reference year for this adjustment is 2015. This indicator is expressed in United States dollars."
NY.GDP.PCAP.KD.ZG,GDP per capita growth (annual %),,"Country official statistics, National Statistical Organizations and/or Central Banks;
National Accounts data files, Organisation for Economic Co-operation and Development (OECD);
Staff estimates, World Bank (WB)",Economy & Growth,"Gross domestic product is the total income earned through the production of goods and services in an economic territory during an accounting period. It can be measured in three different ways: using either the expenditure approach, the income approach, or the production approach. The core indicator has been divided by the general population to achieve a per capita estimate.This indicator denotes the percentage change over each previous year of the constant price (base year 2015) series in United States dollars."
NY.GDP.PCAP.KN,GDP per capita (constant LCU),,"Country official statistics, National Statistical Organizations and/or Central Banks;
National Accounts data files, Organisation for Economic Co-operation and Development (OECD);
Staff estimates, World Bank (WB)",Economy & Growth,"Gross domestic product is the total income earned through the production of goods and services in an economic territory during an accounting period. It can be measured in three different ways: using either the expenditure approach, the income approach, or the production approach. The core indicator has been divided by the general population to achieve a per capita estimate.This indicator is expressed in constant prices, meaning the series has been adjusted to account for price changes over time. The reference year for this adjustment varies by country. This series is expressed in local currency units."
NY.GDP.PCAP.PP.CD,"GDP per capita, PPP (current international $)",,"International Comparison Program (ICP), World Bank (WB), uri: https://www.worldbank.org/en/programs/icp/data, note: This information is for ICP’s PPPs utilized in WDI, publisher: International Comparison Program (ICP), date accessed: May 30, 2024, date published: May 30, 2024;
The Eurostat PPP Programme, Eurostat (ESTAT), uri: https://ec.europa.eu/eurostat/databrowser/explore/all/all_themes, publisher: Eurostat;
The OECD PPP Programme, Organisation for Economic Co-operation and Development (OECD), uri: https://data-explorer.oecd.org/, publisher: OECD;
Staff estimates, World Bank (WB);
National Accounts data files, Organisation for Economic Co-operation and Development (OECD);
World Economic Outlook database, International Monetary Fund (IMF)",Economy & Growth,"This indicator provides values for gross domestic product (GDP) per person expressed in current international dollars, converted by purchasing power parities (PPPs). PPPs account for the different price levels across countries and thus PPP-based comparisons of economic output are more appropriate for comparing the output of economies and the average material well-being of their inhabitants than exchange-rate based comparisons.  

Gross domestic product is the total income earned through the production of goods and services in an economic territory during an accounting period. It can be measured in three different ways: using either the expenditure approach, the income approach, or the production approach. This series has been linked to produce a consistent time series to counteract breaks in series over time due to changes in base years, source data and methodologies. Thus, it may not be comparable with other national accounts series in the database for historical years. The core indicator has been divided by the general population to achieve a per capita estimate. This indicator is expressed in current prices, meaning no adjustment has been made to account for price changes over time. The PPP conversion factor is a currency conversion factor and a spatial price deflator. PPPs convert different currencies to a common currency and, in the process of conversion, equalize their purchasing power by eliminating the differences in price levels between countries, thereby allowing volume or output comparisons of GDP and its expenditure components."
NY.GDP.PCAP.PP.KD,"GDP per capita, PPP (constant 2021 international $)",,"International Comparison Program (ICP), World Bank (WB), uri: https://www.worldbank.org/en/programs/icp/data, note: This information is for ICP’s PPPs utilized in WDI, publisher: International Comparison Program (ICP), date accessed: May 30, 2024, date published: May 30, 2024;
The Eurostat PPP Programme, Eurostat (ESTAT), uri: https://ec.europa.eu/eurostat/databrowser/explore/all/all_themes, publisher: Eurostat;
The OECD PPP Programme, Organisation for Economic Co-operation and Development (OECD), uri: https://data-explorer.oecd.org/, publisher: OECD;
Staff estimates, World Bank (WB);
National Accounts data files, Organisation for Economic Co-operation and Development (OECD);
World Economic Outlook database, International Monetary Fund (IMF)",Economy & Growth,"This indicator provides values for gross domestic product (GDP) per person expressed in constant international dollars, converted by purchasing power parities (PPPs). PPPs account for the different price levels across countries and thus PPP-based comparisons of economic output are more appropriate for comparing the output of economies and the average material well-being of their inhabitants than exchange-rate based comparisons. 

Gross domestic product is the total income earned through the production of goods and services in an economic territory during an accounting period. It can be measured in three different ways: using either the expenditure approach, the income approach, or the production approach. The core indicator has been divided by the general population to achieve a per capita estimate. This indicator is expressed in constant prices, meaning the series has been adjusted to account for price changes over time. The reference year for this adjustment is 2021. The PPP conversion factor is a currency conversion factor and a spatial price deflator. PPPs convert different currencies to a common currency and, in the process of conversion, equalize their purchasing power by eliminating the differences in price levels between countries, thereby allowing volume or output comparisons of GDP and its expenditure components."
NY.GDP.PETR.RT.ZS,Oil rents (% of GDP),,"The Changing Wealth of Nations, World Bank (WB), uri: https://www.worldbank.org/en/publication/changing-wealth-of-nations/data, note: World Bank staff estimates based on sources and methods described in the World Bank's The Changing Wealth of Nations., publisher: World Bank (WB);
Staff estimates, World Bank (WB), note: World Bank staff estimates based on sources and methods described in the World Bank's The Changing Wealth of Nations.",Energy & Mining; Environment,Oil rents are the difference between the value of crude oil production at regional prices and total costs of production.
NY.GDP.TOTL.RT.ZS,Total natural resources rents (% of GDP),,"The Changing Wealth of Nations, World Bank (WB), uri: https://www.worldbank.org/en/publication/changing-wealth-of-nations/data, note: World Bank staff estimates based on sources and methods described in the World Bank's The Changing Wealth of Nations., publisher: World Bank (WB);
Staff estimates, World Bank (WB), note: World Bank staff estimates based on sources and methods described in the World Bank's The Changing Wealth of Nations.",Energy & Mining; Environment,"Total natural resources rents are the sum of oil rents, natural gas rents, coal rents (hard and soft), mineral rents, and forest rents."
NY.GNP.MKTP.KD,GNI (constant 2015 US$),,"Country official statistics, National Statistical Organizations and/or Central Banks;
National Accounts data files, Organisation for Economic Co-operation and Development (OECD);
Staff estimates, World Bank (WB)",Economy & Growth,"Gross national income is the total income earned by all residents within an economic territory during an accounting period. It is equal to gross domestic product plus earned income receivable from abroad minus earned income payable abroad. This indicator is expressed in constant prices, meaning the series has been adjusted to account for price changes over time. The reference year for this adjustment is 2015. This indicator is expressed in United States dollars."
NY.GNP.MKTP.KD.ZG,GNI growth (annual %),,"Country official statistics, National Statistical Organizations and/or Central Banks;
National Accounts data files, Organisation for Economic Co-operation and Development (OECD);
Staff estimates, World Bank (WB)",Economy & Growth,Gross national income is the total income earned by all residents within an economic territory during an accounting period. It is equal to gross domestic product plus earned income receivable from abroad minus earned income payable abroad. This indicator denotes the percentage change over each previous year of the constant price (base year 2015) series in United States dollars.
NY.GNP.MKTP.KN,GNI (constant LCU),,"Country official statistics, National Statistical Organizations and/or Central Banks;
National Accounts data files, Organisation for Economic Co-operation and Development (OECD);
Staff estimates, World Bank (WB)",Economy & Growth,"Gross national income is the total income earned by all residents within an economic territory during an accounting period. It is equal to gross domestic product plus earned income receivable from abroad minus earned income payable abroad. This indicator is expressed in constant prices, meaning the series has been adjusted to account for price changes over time. The reference year for this adjustment varies by country. This series is expressed in local currency units."
NY.GNP.MKTP.PC.CD,GNI per capita (US$),,"World Bank national accounts data, and OECD National Accounts data files.",,GNI per capita is gross national income divided by midyear population. GNI (formerly GNP) is the sum of value added by all resident producers plus any product taxes (less subsidies) not included in the valuation of output plus net receipts of primary income (compensation of employees and property income) from abroad. Data are in current U.S. dollars.
NY.GNP.MKTP.PP.CD,"GNI, PPP (current international $)",,"International Comparison Program (ICP), World Bank (WB), uri: https://www.worldbank.org/en/programs/icp/data, note: This information is for ICP’s PPPs utilized in WDI, publisher: International Comparison Program (ICP), date accessed: May 30, 2024, date published: May 30, 2024;
The Eurostat PPP Programme, Eurostat (ESTAT), uri: https://ec.europa.eu/eurostat/databrowser/explore/all/all_themes, publisher: Eurostat;
The OECD PPP Programme, Organisation for Economic Co-operation and Development (OECD), uri: https://data-explorer.oecd.org/, publisher: OECD;
Staff estimates, World Bank (WB);
National Accounts data files, Organisation for Economic Co-operation and Development (OECD);
World Economic Outlook database, International Monetary Fund (IMF)",Economy & Growth,"This indicator provides values for gross national income (GNI) expressed in current international dollars, converted by purchasing power parities (PPPs). PPPs account for the different price levels across countries and thus PPP-based comparisons of economic output are more appropriate for comparing the output of economies and the average material well-being of their inhabitants than exchange-rate based comparisons. 

Gross national income is the total income earned by all residents within an economic territory during an accounting period. It is equal to gross domestic product plus earned income receivable from abroad minus earned income payable abroad. This series has been linked to produce a consistent time series to counteract breaks in series over time due to changes in base years, source data and methodologies. Thus, it may not be comparable with other national accounts series in the database for historical years. This indicator is expressed in current prices, meaning no adjustment has been made to account for price changes over time. The PPP conversion factor is a currency conversion factor and a spatial price deflator. PPPs convert different currencies to a common currency and, in the process of conversion, equalize their purchasing power by eliminating the differences in price levels between countries, thereby allowing volume or output comparisons of GDP and its expenditure components."
NY.GNP.MKTP.PP.KD,"GNI, PPP (constant 2021 international $)",,"International Comparison Program (ICP), World Bank (WB), uri: https://www.worldbank.org/en/programs/icp/data, note: This information is for ICP’s PPPs utilized in WDI, publisher: International Comparison Program (ICP), date accessed: May 30, 2024, date published: May 30, 2024;
The Eurostat PPP Programme, Eurostat (ESTAT), uri: https://ec.europa.eu/eurostat/databrowser/explore/all/all_themes, publisher: Eurostat;
The OECD PPP Programme, Organisation for Economic Co-operation and Development (OECD), uri: https://data-explorer.oecd.org/, publisher: OECD;
Staff estimates, World Bank (WB);
National Accounts data files, Organisation for Economic Co-operation and Development (OECD);
World Economic Outlook database, International Monetary Fund (IMF)",Economy & Growth,"This indicator provides values for gross national income (GNI) expressed in constant international dollars, converted by purchasing power parities (PPPs). PPPs account for the different price levels across countries and thus PPP-based comparisons of economic output are more appropriate for comparing the output of economies and the average material well-being of their inhabitants than exchange-rate based comparisons. 

Gross national income is the total income earned by all residents within an economic territory during an accounting period. It is equal to gross domestic product plus earned income receivable from abroad minus earned income payable abroad. This indicator is expressed in constant prices, meaning the series has been adjusted to account for price changes over time. The reference year for this adjustment is 2021. The PPP conversion factor is a currency conversion factor and a spatial price deflator. PPPs convert different currencies to a common currency and, in the process of conversion, equalize their purchasing power by eliminating the differences in price levels between countries, thereby allowing volume or output comparisons of GDP and its expenditure components."
NY.GNP.PCAP.CD,"GNI per capita, Atlas method (current US$)",,"Country official statistics, National Statistical Organizations and/or Central Banks;
National Accounts data files, Organisation for Economic Co-operation and Development (OECD);
Staff estimates, World Bank (WB)",Economy & Growth,"Gross national income is the total income earned by all residents within an economic territory during an accounting period. It is equal to gross domestic product plus earned income receivable from abroad minus earned income payable abroad. This figure is converted to U.S. dollars using the World Bank Atlas method, and divided by the midyear population. GNI, calculated in national currency, is usually converted to U.S. dollars at official exchange rates for comparisons across economies, although an alternative rate is used when the official exchange rate is judged to diverge by an exceptionally large margin from the rate actually applied in international transactions. To smooth fluctuations in prices and exchange rates, a special Atlas method of conversion is used by the World Bank. This applies a conversion factor that averages the exchange rate for a given year and the two preceding years, adjusted for differences in rates of inflation between the country, and through 2000, the G-5 countries (France, Germany, Japan, the United Kingdom, and the United States). From 2001, these countries include the Euro area, Japan, the United Kingdom, and the United States. This indicator is expressed in current prices, meaning no adjustment has been made to account for price changes over time. This indicator is expressed in United States dollars."
NY.GNP.PCAP.CN,GNI per capita (current LCU),,"Country official statistics, National Statistical Offices (NSOs);
National Accounts data files, Central Banks;
Staff estimates, World Bank (WB)",Economy & Growth,"Gross national income is the total income earned by all residents within an economic territory during an accounting period. It is equal to gross domestic product plus earned income receivable from abroad minus earned income payable abroad. The core indicator has been divided by the general population to achieve a per capita estimate.This indicator is expressed in current prices, meaning no adjustment has been made to account for price changes over time. This series is expressed in local currency units."
NY.GNP.PCAP.KD,GNI per capita (constant 2015 US$),,"Country official statistics, National Statistical Organizations and/or Central Banks;
National Accounts data files, Organisation for Economic Co-operation and Development (OECD);
Staff estimates, World Bank (WB)",Economy & Growth,"Gross national income is the total income earned by all residents within an economic territory during an accounting period. It is equal to gross domestic product plus earned income receivable from abroad minus earned income payable abroad. The core indicator has been divided by the general population to achieve a per capita estimate.This indicator is expressed in constant prices, meaning the series has been adjusted to account for price changes over time. The reference year for this adjustment is 2015. This indicator is expressed in United States dollars."
NY.GNP.PCAP.KD.ZG,GNI per capita growth (annual %),,"Country official statistics, National Statistical Organizations and/or Central Banks;
National Accounts data files, Organisation for Economic Co-operation and Development (OECD);
Staff estimates, World Bank (WB)",Economy & Growth,Gross national income is the total income earned by all residents within an economic territory during an accounting period. It is equal to gross domestic product plus earned income receivable from abroad minus earned income payable abroad. The core indicator has been divided by the general population to achieve a per capita estimate.This indicator denotes the percentage change over each previous year of the constant price (base year 2015) series in United States dollars.
NY.GNP.PCAP.KN,GNI per capita (constant LCU),,"Country official statistics, National Statistical Organizations and/or Central Banks;
National Accounts data files, Organisation for Economic Co-operation and Development (OECD);
Staff estimates, World Bank (WB)",Economy & Growth,"Gross national income is the total income earned by all residents within an economic territory during an accounting period. It is equal to gross domestic product plus earned income receivable from abroad minus earned income payable abroad. The core indicator has been divided by the general population to achieve a per capita estimate.This indicator is expressed in constant prices, meaning the series has been adjusted to account for price changes over time. The reference year for this adjustment varies by country. This series is expressed in local currency units."
NY.GNP.PCAP.PP.CD,"GNI per capita, PPP (current international $)",,"International Comparison Program (ICP), World Bank (WB), uri: https://www.worldbank.org/en/programs/icp/data, note: This information is for ICP’s PPPs utilized in WDI, publisher: International Comparison Program (ICP), date accessed: May 30, 2024, date published: May 30, 2024;
The Eurostat PPP Programme, Eurostat (ESTAT), uri: https://ec.europa.eu/eurostat/databrowser/explore/all/all_themes, publisher: Eurostat;
The OECD PPP Programme, Organisation for Economic Co-operation and Development (OECD), uri: https://data-explorer.oecd.org/, publisher: OECD;
Staff estimates, World Bank (WB);
National Accounts data files, Organisation for Economic Co-operation and Development (OECD);
World Economic Outlook database, International Monetary Fund (IMF)",Economy & Growth,"This indicator provides values for gross national income (GNI) per person expressed in current international dollars, converted by purchasing power parities (PPPs). PPPs account for the different price levels across countries and thus PPP-based comparisons of economic output are more appropriate for comparing the output of economies and the average material well-being of their inhabitants than exchange-rate based comparisons. 

Gross national income is the total income earned by all residents within an economic territory during an accounting period. It is equal to gross domestic product plus earned income receivable from abroad minus earned income payable abroad. The core indicator has been divided by the general population to achieve a per capita estimate. This series has been linked to produce a consistent time series to counteract breaks in series over time due to changes in base years, source data and methodologies. Thus, it may not be comparable with other national accounts series in the database for historical years. This indicator is expressed in current prices, meaning no adjustment has been made to account for price changes over time. The PPP conversion factor is a currency conversion factor and a spatial price deflator. PPPs convert different currencies to a common currency and, in the process of conversion, equalize their purchasing power by eliminating the differences in price levels between countries, thereby allowing volume or output comparisons of GDP and its expenditure components."
NY.GNP.PCAP.PP.KD,"GNI per capita, PPP (constant 2021 international $)",,"International Comparison Program (ICP), World Bank (WB), uri: https://www.worldbank.org/en/programs/icp/data, note: This information is for ICP’s PPPs utilized in WDI, publisher: International Comparison Program (ICP), date accessed: May 30, 2024, date published: May 30, 2024;
The Eurostat PPP Programme, Eurostat (ESTAT), uri: https://ec.europa.eu/eurostat/databrowser/explore/all/all_themes, publisher: Eurostat;
The OECD PPP Programme, Organisation for Economic Co-operation and Development (OECD), uri: https://data-explorer.oecd.org/, publisher: OECD;
Staff estimates, World Bank (WB);
National Accounts data files, Organisation for Economic Co-operation and Development (OECD);
World Economic Outlook database, International Monetary Fund (IMF)",Economy & Growth,"This indicator provides values for gross national income (GNI) per person expressed in constant international dollars, converted by purchasing power parities (PPPs). PPPs account for the different price levels across countries and thus PPP-based comparisons of economic output are more appropriate for comparing the output of economies and the average material well-being of their inhabitants than exchange-rate based comparisons. 

Gross national income is the total income earned by all residents within an economic territory during an accounting period. It is equal to gross domestic product plus earned income receivable from abroad minus earned income payable abroad. The core indicator has been divided by the general population to achieve a per capita estimate. This indicator is expressed in constant prices, meaning the series has been adjusted to account for price changes over time. The reference year for this adjustment is 2021. The PPP conversion factor is a currency conversion factor and a spatial price deflator. PPPs convert different currencies to a common currency and, in the process of conversion, equalize their purchasing power by eliminating the differences in price levels between countries, thereby allowing volume or output comparisons of GDP and its expenditure components."
PA.NUS.ATLS,DEC alternative conversion factor (LCU per US$),,"International Financial Statistics database, International Monetary Fund (IMF);
Staff estimates, World Bank (WB)",Economy & Growth; Financial Sector,"The DEC alternative conversion factor is the underlying annual exchange rate (the price of one country’s currency in relation to another country's currency) used for the World Bank Atlas method. As a rule, it is the official exchange rate reported in the IMF's International Financial Statistics. Exceptions arise where further refinements are made by World Bank staff. It is expressed in local currency units per U.S. dollar."
PA.NUS.PPP,"PPP conversion factor, GDP (LCU per international $)",,"International Comparison Program (ICP), World Bank (WB), uri: https://www.worldbank.org/en/programs/icp/data, publisher: International Comparison Program, type: International statistical program, date accessed: May 30, 2024, date published: May 30, 2024;
The Eurostat PPP Programme, Eurostat (ESTAT), uri: https://ec.europa.eu/eurostat/databrowser/explore/all/all_themes, publisher: Eurostat, type: International statistical program;
The OECD PPP Programme, Organisation for Economic Co-operation and Development (OECD), uri: https://data-https://data-explorer.oecd.org/, publisher: OECD",Economy & Growth,"The purchasing power parity (PPP) conversion factor is a currency conversion factor and a spatial price deflator. PPPs convert different currencies to a common currency and, in the process of conversion, equalize their purchasing power by eliminating the differences in price levels between countries, thereby allowing volume or output comparisons of gross domestic product (GDP) and its expenditure components. This conversion factor is for the level of GDP and the base currency is the US dollar."
PA.NUS.PRVT.PP,"PPP conversion factor, households and NPISHs Final consumption expenditure (LCU per international $)",,"International Comparison Program (ICP), World Bank (WB), uri: https://www.worldbank.org/en/programs/icp/data, publisher: International Comparison Program, type: International statistical program, date accessed: May 30, 2024, date published: May 30, 2024;
The Eurostat PPP Programme, Eurostat (ESTAT), uri: https://ec.europa.eu/eurostat/databrowser/explore/all/all_themes, publisher: Eurostat, type: International statistical program;
The OECD PPP Programme, Organisation for Economic Co-operation and Development (OECD), uri: https://data-https://data-explorer.oecd.org/, publisher: OECD",Economy & Growth,"The purchasing power parity (PPP) conversion factor is a currency conversion factor and a spatial price deflator. They convert different currencies to a common currency and, in the process of conversion, equalize their purchasing power by eliminating the differences in price levels between countries, thereby allowing volume or output comparisons of gross domestic product (GDP) and its expenditure components. This conversion factor is for households and NPISHs Final consumption expenditure  and the base currency is the US dollar."
per_lm_alllm.cov_pop_tot,Coverage of unemployment benefits and ALMP (% of population),,"ASPIRE: The Atlas of Social Protection - Indicators of Resilience and Equity, World Bank (WB), uri: datatopics.worldbank.org/aspire/, note: Data are based on national representative household surveys.",Social Protection & Labor,"Coverage of unemployment benefits and active labor market programs (ALMP) shows the percentage of population participating in unemployment compensation, severance pay, and early retirement due to labor market reasons, labor market services (intermediation), training (vocational, life skills, and cash for training), job rotation and job sharing, employment incentives and wage subsidies, supported employment and rehabilitation, and employment measures for the disabled. Estimates include both direct and indirect beneficiaries."
per_lm_alllm.cov_q1_tot,Coverage of unemployment benefits and ALMP in poorest quintile (% of population),,"ASPIRE: The Atlas of Social Protection - Indicators of Resilience and Equity, World Bank (WB), uri: datatopics.worldbank.org/aspire/, note: Data are based on national representative household surveys.",Social Protection & Labor,"Coverage of unemployment benefits and active labor market programs (ALMP) shows the percentage of population participating in unemployment compensation, severance pay, and early retirement due to labor market reasons, labor market services (intermediation), training (vocational, life skills, and cash for training), job rotation and job sharing, employment incentives and wage subsidies, supported employment and rehabilitation, and employment measures for the disabled. Estimates include both direct and indirect beneficiaries."
per_lm_alllm.cov_q2_tot,Coverage of unemployment benefits and ALMP in 2nd quintile (% of population),,"ASPIRE: The Atlas of Social Protection - Indicators of Resilience and Equity, World Bank (WB), uri: datatopics.worldbank.org/aspire/, note: Data are based on national representative household surveys.",Social Protection & Labor,"Coverage of unemployment benefits and active labor market programs (ALMP) shows the percentage of population participating in unemployment compensation, severance pay, and early retirement due to labor market reasons, labor market services (intermediation), training (vocational, life skills, and cash for training), job rotation and job sharing, employment incentives and wage subsidies, supported employment and rehabilitation, and employment measures for the disabled. Estimates include both direct and indirect beneficiaries."
per_lm_alllm.cov_q3_tot,Coverage of unemployment benefits and ALMP in 3rd quintile (% of population),,"ASPIRE: The Atlas of Social Protection - Indicators of Resilience and Equity, World Bank (WB), uri: datatopics.worldbank.org/aspire/, note: Data are based on national representative household surveys.",Social Protection & Labor,"Coverage of unemployment benefits and active labor market programs (ALMP) shows the percentage of population participating in unemployment compensation, severance pay, and early retirement due to labor market reasons, labor market services (intermediation), training (vocational, life skills, and cash for training), job rotation and job sharing, employment incentives and wage subsidies, supported employment and rehabilitation, and employment measures for the disabled. Estimates include both direct and indirect beneficiaries."
per_lm_alllm.cov_q4_tot,Coverage of unemployment benefits and ALMP in 4th quintile (% of population),,"ASPIRE: The Atlas of Social Protection - Indicators of Resilience and Equity, World Bank (WB), uri: datatopics.worldbank.org/aspire/, note: Data are based on national representative household surveys.",Social Protection & Labor,"Coverage of unemployment benefits and active labor market programs (ALMP) shows the percentage of population participating in unemployment compensation, severance pay, and early retirement due to labor market reasons, labor market services (intermediation), training (vocational, life skills, and cash for training), job rotation and job sharing, employment incentives and wage subsidies, supported employment and rehabilitation, and employment measures for the disabled. Estimates include both direct and indirect beneficiaries."
per_lm_alllm.cov_q5_tot,Coverage of unemployment benefits and ALMP in richest quintile (% of population),,"ASPIRE: The Atlas of Social Protection - Indicators of Resilience and Equity, World Bank (WB), uri: datatopics.worldbank.org/aspire/, note: Data are based on national representative household surveys.",Social Protection & Labor,"Coverage of unemployment benefits and active labor market programs (ALMP) shows the percentage of population participating in unemployment compensation, severance pay, and early retirement due to labor market reasons, labor market services (intermediation), training (vocational, life skills, and cash for training), job rotation and job sharing, employment incentives and wage subsidies, supported employment and rehabilitation, and employment measures for the disabled. Estimates include both direct and indirect beneficiaries."
per_sa_allsa.cov_pop_tot,Coverage of social safety net programs (% of population),,"ASPIRE: The Atlas of Social Protection - Indicators of Resilience and Equity, World Bank (WB), uri: datatopics.worldbank.org/aspire/, note: Data are based on national representative household surveys.",Social Protection & Labor,"Coverage of social safety net programs shows the percentage of population participating in cash transfers and last resort programs, noncontributory social pensions, other cash transfers programs (child, family and orphan allowances, birth and death grants, disability benefits, and other allowances), conditional cash transfers, in-kind food transfers (food stamps and vouchers, food rations, supplementary feeding, and emergency food distribution), school feeding, other social assistance programs (housing allowances, scholarships, fee waivers, health subsidies, and other social assistance) and public works programs (cash for work and food for work). Estimates include both direct and indirect beneficiaries."
per_sa_allsa.cov_q1_tot,Coverage of social safety net programs in poorest quintile (% of population),,"ASPIRE: The Atlas of Social Protection - Indicators of Resilience and Equity, World Bank (WB), uri: datatopics.worldbank.org/aspire/, note: Data are based on national representative household surveys.",Social Protection & Labor,"Coverage of social safety net programs shows the percentage of population participating in cash transfers and last resort programs, noncontributory social pensions, other cash transfers programs (child, family and orphan allowances, birth and death grants, disability benefits, and other allowances), conditional cash transfers, in-kind food transfers (food stamps and vouchers, food rations, supplementary feeding, and emergency food distribution), school feeding, other social assistance programs (housing allowances, scholarships, fee waivers, health subsidies, and other social assistance) and public works programs (cash for work and food for work). Estimates include both direct and indirect beneficiaries."
per_sa_allsa.cov_q2_tot,Coverage of social safety net programs in 2nd quintile (% of population),,"ASPIRE: The Atlas of Social Protection - Indicators of Resilience and Equity, World Bank (WB), uri: datatopics.worldbank.org/aspire/, note: Data are based on national representative household surveys.",Social Protection & Labor,"Coverage of social safety net programs shows the percentage of population participating in cash transfers and last resort programs, noncontributory social pensions, other cash transfers programs (child, family and orphan allowances, birth and death grants, disability benefits, and other allowances), conditional cash transfers, in-kind food transfers (food stamps and vouchers, food rations, supplementary feeding, and emergency food distribution), school feeding, other social assistance programs (housing allowances, scholarships, fee waivers, health subsidies, and other social assistance) and public works programs (cash for work and food for work). Estimates include both direct and indirect beneficiaries."
per_sa_allsa.cov_q3_tot,Coverage of social safety net programs in 3rd quintile (% of population),,"ASPIRE: The Atlas of Social Protection - Indicators of Resilience and Equity, World Bank (WB), uri: datatopics.worldbank.org/aspire/, note: Data are based on national representative household surveys.",Social Protection & Labor,"Coverage of social safety net programs shows the percentage of population participating in cash transfers and last resort programs, noncontributory social pensions, other cash transfers programs (child, family and orphan allowances, birth and death grants, disability benefits, and other allowances), conditional cash transfers, in-kind food transfers (food stamps and vouchers, food rations, supplementary feeding, and emergency food distribution), school feeding, other social assistance programs (housing allowances, scholarships, fee waivers, health subsidies, and other social assistance) and public works programs (cash for work and food for work). Estimates include both direct and indirect beneficiaries."
per_sa_allsa.cov_q4_tot,Coverage of social safety net programs in 4th quintile (% of population),,"ASPIRE: The Atlas of Social Protection - Indicators of Resilience and Equity, World Bank (WB), uri: datatopics.worldbank.org/aspire/, note: Data are based on national representative household surveys.",Social Protection & Labor,"Coverage of social safety net programs shows the percentage of population participating in cash transfers and last resort programs, noncontributory social pensions, other cash transfers programs (child, family and orphan allowances, birth and death grants, disability benefits, and other allowances), conditional cash transfers, in-kind food transfers (food stamps and vouchers, food rations, supplementary feeding, and emergency food distribution), school feeding, other social assistance programs (housing allowances, scholarships, fee waivers, health subsidies, and other social assistance) and public works programs (cash for work and food for work). Estimates include both direct and indirect beneficiaries."
per_sa_allsa.cov_q5_tot,Coverage of social safety net programs in richest quintile (% of population),,"ASPIRE: The Atlas of Social Protection - Indicators of Resilience and Equity, World Bank (WB), uri: datatopics.worldbank.org/aspire/, note: Data are based on national representative household surveys.",Social Protection & Labor,"Coverage of social safety net programs shows the percentage of population participating in cash transfers and last resort programs, noncontributory social pensions, other cash transfers programs (child, family and orphan allowances, birth and death grants, disability benefits, and other allowances), conditional cash transfers, in-kind food transfers (food stamps and vouchers, food rations, supplementary feeding, and emergency food distribution), school feeding, other social assistance programs (housing allowances, scholarships, fee waivers, health subsidies, and other social assistance) and public works programs (cash for work and food for work). Estimates include both direct and indirect beneficiaries."
per_si_allsi.cov_pop_tot,Coverage of social insurance programs (% of population),,"ASPIRE: The Atlas of Social Protection - Indicators of Resilience and Equity, World Bank (WB), uri: datatopics.worldbank.org/aspire/, note: Data are based on national representative household surveys.",Social Protection & Labor,"Coverage of social insurance programs shows the percentage of population participating in programs that provide old age contributory pensions (including survivors and disability) and social security and health insurance benefits (including occupational injury benefits, paid sick leave, maternity and other social insurance). Estimates include both direct and indirect beneficiaries."
per_si_allsi.cov_q1_tot,Coverage of social insurance programs in poorest quintile (% of population),,"ASPIRE: The Atlas of Social Protection - Indicators of Resilience and Equity, World Bank (WB), uri: datatopics.worldbank.org/aspire/, note: Data are based on national representative household surveys.",Social Protection & Labor,"Coverage of social insurance programs shows the percentage of population participating in programs that provide old age contributory pensions (including survivors and disability) and social security and health insurance benefits (including occupational injury benefits, paid sick leave, maternity and other social insurance). Estimates include both direct and indirect beneficiaries."
per_si_allsi.cov_q2_tot,Coverage of social insurance programs in 2nd quintile (% of population),,"ASPIRE: The Atlas of Social Protection - Indicators of Resilience and Equity, World Bank (WB), uri: datatopics.worldbank.org/aspire/, note: Data are based on national representative household surveys.",Social Protection & Labor,"Coverage of social insurance programs shows the percentage of population participating in programs that provide old age contributory pensions (including survivors and disability) and social security and health insurance benefits (including occupational injury benefits, paid sick leave, maternity and other social insurance). Estimates include both direct and indirect beneficiaries."
per_si_allsi.cov_q3_tot,Coverage of social insurance programs in 3rd quintile (% of population),,"ASPIRE: The Atlas of Social Protection - Indicators of Resilience and Equity, World Bank (WB), uri: datatopics.worldbank.org/aspire/, note: Data are based on national representative household surveys.",Social Protection & Labor,"Coverage of social insurance programs shows the percentage of population participating in programs that provide old age contributory pensions (including survivors and disability) and social security and health insurance benefits (including occupational injury benefits, paid sick leave, maternity and other social insurance). Estimates include both direct and indirect beneficiaries."
per_si_allsi.cov_q4_tot,Coverage of social insurance programs in 4th quintile (% of population),,"ASPIRE: The Atlas of Social Protection - Indicators of Resilience and Equity, World Bank (WB), uri: datatopics.worldbank.org/aspire/, note: Data are based on national representative household surveys.",Social Protection & Labor,"Coverage of social insurance programs shows the percentage of population participating in programs that provide old age contributory pensions (including survivors and disability) and social security and health insurance benefits (including occupational injury benefits, paid sick leave, maternity and other social insurance). Estimates include both direct and indirect beneficiaries."
per_si_allsi.cov_q5_tot,Coverage of social insurance programs in richest quintile (% of population),,"ASPIRE: The Atlas of Social Protection - Indicators of Resilience and Equity, World Bank (WB), uri: datatopics.worldbank.org/aspire/, note: Data are based on national representative household surveys.",Social Protection & Labor,"Coverage of social insurance programs shows the percentage of population participating in programs that provide old age contributory pensions (including survivors and disability) and social security and health insurance benefits (including occupational injury benefits, paid sick leave, maternity and other social insurance). Estimates include both direct and indirect beneficiaries."
SE.ADT.1524.LT.FE.ZS,"Literacy rate, youth female (% of females ages 15-24)",,"Data API, UN Educational, Scientific and Cultural Organization (UNESCO), uri: https://databrowser.uis.unesco.org/resources, note: The data are obtained through the UIS API.  Detailed documentation is available at: https://api.uis.unesco.org/api/public/documentation/, publisher: UNESCO Institute for Statistics (UIS), type: Excel (bulk file), date accessed: 2026-03-19, date published: 2026-02",Education; Gender,Youth literacy rate is the percentage of people ages 15-24 who can both read and write with understanding a short simple statement about their everyday life.
SE.ADT.1524.LT.FM.ZS,"Literacy rate, youth (ages 15-24), gender parity index (GPI)",,"Data API, UN Educational, Scientific and Cultural Organization (UNESCO), uri: https://databrowser.uis.unesco.org/resources, note: The data are obtained through the UIS API.  Detailed documentation is available at: https://api.uis.unesco.org/api/public/documentation/, publisher: UNESCO Institute for Statistics (UIS), type: Excel (bulk file), date accessed: 2026-03-19, date published: 2026-02",Education; Gender; Social Development,Gender parity index for youth literacy rate is the ratio of females to males ages 15-24 who can both read and write with understanding a short simple statement about their everyday life.
SE.ADT.1524.LT.MA.ZS,"Literacy rate, youth male (% of males ages 15-24)",,"Data API, UN Educational, Scientific and Cultural Organization (UNESCO), uri: https://databrowser.uis.unesco.org/resources, note: The data are obtained through the UIS API.  Detailed documentation is available at: https://api.uis.unesco.org/api/public/documentation/, publisher: UNESCO Institute for Statistics (UIS), type: Excel (bulk file), date accessed: 2026-03-19, date published: 2026-02",Education; Gender,Youth literacy rate is the percentage of people ages 15-24 who can both read and write with understanding a short simple statement about their everyday life.
SE.ADT.1524.LT.ZS,"Literacy rate, youth total (% of people ages 15-24)",,"Data API, UN Educational, Scientific and Cultural Organization (UNESCO), uri: https://databrowser.uis.unesco.org/resources, note: The data are obtained through the UIS API.  Detailed documentation is available at: https://api.uis.unesco.org/api/public/documentation/, publisher: UNESCO Institute for Statistics (UIS), type: Excel (bulk file), date accessed: 2026-03-19, date published: 2026-02",Education,Youth literacy rate is the percentage of people ages 15-24 who can both read and write with understanding a short simple statement about their everyday life.
SE.ADT.LITR.FE.ZS,"Literacy rate, adult female (% of females ages 15 and above)",,"Data API, UN Educational, Scientific and Cultural Organization (UNESCO), uri: https://databrowser.uis.unesco.org/resources, note: The data are obtained through the UIS API.  Detailed documentation is available at: https://api.uis.unesco.org/api/public/documentation/, publisher: UNESCO Institute for Statistics (UIS), type: Excel (bulk file), date accessed: 2026-03-19, date published: 2026-02",Gender; Education,Adult literacy rate is the percentage of people ages 15 and above who can both read and write with understanding a short simple statement about their everyday life.
SE.ADT.LITR.MA.ZS,"Literacy rate, adult male (% of males ages 15 and above)",,"Data API, UN Educational, Scientific and Cultural Organization (UNESCO), uri: https://databrowser.uis.unesco.org/resources, note: The data are obtained through the UIS API.  Detailed documentation is available at: https://api.uis.unesco.org/api/public/documentation/, publisher: UNESCO Institute for Statistics (UIS), type: Excel (bulk file), date accessed: 2026-03-19, date published: 2026-02",Education; Gender,Adult literacy rate is the percentage of people ages 15 and above who can both read and write with understanding a short simple statement about their everyday life.
SE.ADT.LITR.ZS,"Literacy rate, adult total (% of people ages 15 and above)",,"Data API, UN Educational, Scientific and Cultural Organization (UNESCO), uri: https://databrowser.uis.unesco.org/resources, note: The data are obtained through the UIS API.  Detailed documentation is available at: https://api.uis.unesco.org/api/public/documentation/, publisher: UNESCO Institute for Statistics (UIS), type: Excel (bulk file), date accessed: 2026-03-19, date published: 2026-02",Education,Adult literacy rate is the percentage of people ages 15 and above who can both read and write with understanding a short simple statement about their everyday life.
SE.COM.DURS,"Compulsory education, duration (years)",,"Data API, UN Educational, Scientific and Cultural Organization (UNESCO), uri: https://databrowser.uis.unesco.org/resources, note: The data are obtained through the UIS API.  Detailed documentation is available at: https://api.uis.unesco.org/api/public/documentation/, publisher: UNESCO Institute for Statistics (UIS), date accessed: 2026-03-19, date published: 2026-02",Education,Duration of compulsory education is the number of years that children are legally obliged to attend school.
SE.ENR.PRIM.FM.ZS,"School enrollment, primary (gross), gender parity index (GPI)",,"Stat Bulk Data Download Service, UN Educational, Scientific and Cultural Organization (UNESCO), uri: https://uis.unesco.org/bdds, publisher: UNESCO Institute for Statistics (UIS)",Education; Gender; Social Development,Gender parity index for gross enrollment ratio in primary education is the ratio of girls to boys enrolled at primary level in public and private schools.
SE.ENR.PRSC.FM.ZS,"School enrollment, primary and secondary (gross), gender parity index (GPI)",,"Stat Bulk Data Download Service, UN Educational, Scientific and Cultural Organization (UNESCO), uri: https://uis.unesco.org/bdds, publisher: UNESCO Institute for Statistics (UIS)",Aid Effectiveness; Climate Change; Education; Gender; Social Development,Gender parity index for gross enrollment ratio in primary and secondary education is the ratio of girls to boys enrolled at primary and secondary levels in public and private schools.
SE.ENR.SECO.FM.ZS,"School enrollment, secondary (gross), gender parity index (GPI)",,"Stat Bulk Data Download Service, UN Educational, Scientific and Cultural Organization (UNESCO), uri: https://uis.unesco.org/bdds, publisher: UNESCO Institute for Statistics (UIS)",Education; Gender; Social Development,Gender parity index for gross enrollment ratio in secondary education is the ratio of girls to boys enrolled at secondary level in public and private schools.
SE.ENR.TERT.FM.ZS,"School enrollment, tertiary (gross), gender parity index (GPI)",,"Data API, UN Educational, Scientific and Cultural Organization (UNESCO), uri: https://databrowser.uis.unesco.org/resources, note: The data are obtained through the UIS API.  Detailed documentation is available at: https://api.uis.unesco.org/api/public/documentation/, publisher: UNESCO Institute for Statistics (UIS), date accessed: 2026-03-19, date published: 2026-02",Education; Gender; Social Development,Gender parity index for gross enrollment ratio in tertiary education is the ratio of women to men enrolled at tertiary level in public and private schools.
SE.PRE.DURS,"Preprimary education, duration (years)",,"Data API, UN Educational, Scientific and Cultural Organization (UNESCO), uri: https://databrowser.uis.unesco.org/resources, note: The data are obtained through the UIS API.  Detailed documentation is available at: https://api.uis.unesco.org/api/public/documentation/, publisher: UNESCO Institute for Statistics (UIS), date accessed: 2026-03-19, date published: 2026-02",Education,Preprimary duration refers to the number of grades (years) in preprimary school.
SE.PRE.ENRL.TC.ZS,"Pupil-teacher ratio, preprimary",,"Stat Bulk Data Download Service, UN Educational, Scientific and Cultural Organization (UNESCO), uri: https://uis.unesco.org/bdds, publisher: UNESCO Institute for Statistics (UIS)",Education,Preprimary school pupil-teacher ratio is the average number of pupils per teacher in preprimary school.
SE.PRE.ENRR,"School enrollment, preprimary (% gross)",,"Stat Bulk Data Download Service, UN Educational, Scientific and Cultural Organization (UNESCO), uri: https://uis.unesco.org/bdds, publisher: UNESCO Institute for Statistics (UIS)",Education,"Gross enrollment ratio is the ratio of total enrollment, regardless of age, to the population of the age group that officially corresponds to the level of education shown. Preprimary education refers to programs at the initial stage of organized instruction, designed primarily to introduce very young children to a school-type environment and to provide a bridge between home and school."
SE.PRE.ENRR.FE,"School enrollment, preprimary, female (% gross)",,"Stat Bulk Data Download Service, UN Educational, Scientific and Cultural Organization (UNESCO), uri: https://uis.unesco.org/bdds, publisher: UNESCO Institute for Statistics (UIS)",Education; Gender,"Gross enrollment ratio is the ratio of total enrollment, regardless of age, to the population of the age group that officially corresponds to the level of education shown. Preprimary education refers to programs at the initial stage of organized instruction, designed primarily to introduce very young children to a school-type environment and to provide a bridge between home and school."
SE.PRE.ENRR.MA,"School enrollment, preprimary, male (% gross)",,"Stat Bulk Data Download Service, UN Educational, Scientific and Cultural Organization (UNESCO), uri: https://uis.unesco.org/bdds, publisher: UNESCO Institute for Statistics (UIS)",Education; Gender,"Gross enrollment ratio is the ratio of total enrollment, regardless of age, to the population of the age group that officially corresponds to the level of education shown. Preprimary education refers to programs at the initial stage of organized instruction, designed primarily to introduce very young children to a school-type environment and to provide a bridge between home and school."
SE.PRE.TCAQ.FE.ZS,"Trained teachers in preprimary education, female (% of female teachers)",,"Data API, UN Educational, Scientific and Cultural Organization (UNESCO), uri: https://databrowser.uis.unesco.org/resources, note: The data are obtained through the UIS API.  Detailed documentation is available at: https://api.uis.unesco.org/api/public/documentation/, publisher: UNESCO Institute for Statistics (UIS), type: Bulk file, date accessed: 2026-03-19, date published: 2026-02",Education,Trained teachers in preprimary education are the percentage of preprimary school teachers who have received the minimum organized teacher training (pre-service or in-service) required for teaching in a given country.
SE.PRE.TCAQ.MA.ZS,"Trained teachers in preprimary education, male (% of male teachers)",,"Data API, UN Educational, Scientific and Cultural Organization (UNESCO), uri: https://databrowser.uis.unesco.org/resources, note: The data are obtained through the UIS API.  Detailed documentation is available at: https://api.uis.unesco.org/api/public/documentation/, publisher: UNESCO Institute for Statistics (UIS), type: Bulk file, date accessed: 2026-03-19, date published: 2026-02",Education,Trained teachers in preprimary education are the percentage of preprimary school teachers who have received the minimum organized teacher training (pre-service or in-service) required for teaching in a given country.
SE.PRE.TCAQ.ZS,Trained teachers in preprimary education (% of total teachers),,"Data API, UN Educational, Scientific and Cultural Organization (UNESCO), uri: https://databrowser.uis.unesco.org/resources, note: The data are obtained through the UIS API.  Detailed documentation is available at: https://api.uis.unesco.org/api/public/documentation/, publisher: UNESCO Institute for Statistics (UIS), type: Bulk file, date accessed: 2026-03-19, date published: 2026-02",Education,Trained teachers in preprimary education are the percentage of preprimary school teachers who have received the minimum organized teacher training (pre-service or in-service) required for teaching in a given country.
SE.PRM.CMPT.FE.ZS,"Primary completion rate, female (% of relevant age group)",,"Data API, UN Educational, Scientific and Cultural Organization (UNESCO), uri: https://databrowser.uis.unesco.org/resources, note: The data are obtained through the UIS API.  Detailed documentation is available at: https://api.uis.unesco.org/api/public/documentation/, publisher: UNESCO Institute for Statistics (UIS), date accessed: 2026-03-19, date published: 2026-02",Education; Gender,"Primary completion rate, or gross intake ratio to the last grade of primary education, is the number of new entrants (enrollments minus repeaters) in the last grade of primary education, regardless of age, divided by the population at the entrance age for the last grade of primary education. Data limitations preclude adjusting for students who drop out during the final year of primary education."
SE.PRM.CMPT.MA.ZS,"Primary completion rate, male (% of relevant age group)",,"Data API, UN Educational, Scientific and Cultural Organization (UNESCO), uri: https://databrowser.uis.unesco.org/resources, note: The data are obtained through the UIS API.  Detailed documentation is available at: https://api.uis.unesco.org/api/public/documentation/, publisher: UNESCO Institute for Statistics (UIS), date accessed: 2026-03-19, date published: 2026-02",Education; Gender,"Primary completion rate, or gross intake ratio to the last grade of primary education, is the number of new entrants (enrollments minus repeaters) in the last grade of primary education, regardless of age, divided by the population at the entrance age for the last grade of primary education. Data limitations preclude adjusting for students who drop out during the final year of primary education."
SE.PRM.CMPT.ZS,"Primary completion rate, total (% of relevant age group)",,"Data API, UN Educational, Scientific and Cultural Organization (UNESCO), uri: https://databrowser.uis.unesco.org/resources, note: The data are obtained through the UIS API.  Detailed documentation is available at: https://api.uis.unesco.org/api/public/documentation/, publisher: UNESCO Institute for Statistics (UIS), type: Bulk file (csv), date accessed: 2026-03-19, date published: 2026-02",Aid Effectiveness; Climate Change; Education,"Primary completion rate, or gross intake ratio to the last grade of primary education, is the number of new entrants (enrollments minus repeaters) in the last grade of primary education, regardless of age, divided by the population at the entrance age for the last grade of primary education. Data limitations preclude adjusting for students who drop out during the final year of primary education."
SE.PRM.CUAT.MA.ZS,"Educational attainment, at least completed primary, population 25+ years, male (%) (cumulative)",,"Data API, UN Educational, Scientific and Cultural Organization (UNESCO), uri: https://databrowser.uis.unesco.org/resources, note: The data are obtained through the UIS API.  Detailed documentation is available at: https://api.uis.unesco.org/api/public/documentation/, publisher: UNESCO Institute for Statistics (UIS), type: Bulk file (csv), date accessed: 2026-03-19, date published: 2026-02",Education; Gender,The percentage of population ages 25 and over that attained or completed primary education.
SE.PRM.DURS,"Primary education, duration (years)",,"Data API, UN Educational, Scientific and Cultural Organization (UNESCO), uri: https://databrowser.uis.unesco.org/resources, note: The data are obtained through the UIS API.  Detailed documentation is available at: https://api.uis.unesco.org/api/public/documentation/, publisher: UNESCO Institute for Statistics (UIS), date accessed: 2026-03-19, date published: 2026-02",Education,Primary duration refers to the number of grades (years) in primary school.
SE.PRM.ENRL.TC.ZS,"Pupil-teacher ratio, primary",,"Stat Bulk Data Download Service, UN Educational, Scientific and Cultural Organization (UNESCO), uri: https://uis.unesco.org/bdds, publisher: UNESCO Institute for Statistics (UIS)",Education,Primary school pupil-teacher ratio is the average number of pupils per teacher in primary school.
SE.PRM.OENR.FE.ZS,"Over-age students, primary, female (% of female enrollment)",,"Stat Bulk Data Download Service, UN Educational, Scientific and Cultural Organization (UNESCO), uri: https://uis.unesco.org/bdds, publisher: UNESCO Institute for Statistics (UIS)",Education,Over-age students are the percentage of those enrolled who are older than the official school-age range for primary education.
SE.PRM.OENR.MA.ZS,"Over-age students, primary, male (% of male enrollment)",,"Stat Bulk Data Download Service, UN Educational, Scientific and Cultural Organization (UNESCO), uri: https://uis.unesco.org/bdds, publisher: UNESCO Institute for Statistics (UIS)",Education,Over-age students are the percentage of those enrolled who are older than the official school-age range for primary education.
SE.PRM.OENR.ZS,"Over-age students, primary (% of enrollment)",,"Stat Bulk Data Download Service, UN Educational, Scientific and Cultural Organization (UNESCO), uri: https://uis.unesco.org/bdds, publisher: UNESCO Institute for Statistics (UIS)",Education,Over-age students are the percentage of those enrolled who are older than the official school-age range for primary education.
SE.PRM.TCAQ.FE.ZS,"Trained teachers in primary education, female (% of female teachers)",,"Data API, UN Educational, Scientific and Cultural Organization (UNESCO), uri: https://databrowser.uis.unesco.org/resources, note: The data are obtained through the UIS API.  Detailed documentation is available at: https://api.uis.unesco.org/api/public/documentation/, publisher: UNESCO Institute for Statistics (UIS), type: Bulk file, date accessed: 2026-03-19, date published: 2026-02",Education; Gender,Trained teachers in primary education are the percentage of primary school teachers who have received the minimum organized teacher training (pre-service or in-service) required for teaching in a given country.
SE.PRM.TCAQ.MA.ZS,"Trained teachers in primary education, male (% of male teachers)",,"Data API, UN Educational, Scientific and Cultural Organization (UNESCO), uri: https://databrowser.uis.unesco.org/resources, note: The data are obtained through the UIS API.  Detailed documentation is available at: https://api.uis.unesco.org/api/public/documentation/, publisher: UNESCO Institute for Statistics (UIS), type: Bulk file, date accessed: 2026-03-19, date published: 2026-02",Education; Gender,Trained teachers in primary education are the percentage of primary school teachers who have received the minimum organized teacher training (pre-service or in-service) required for teaching in a given country.
SE.PRM.TCAQ.ZS,Trained teachers in primary education (% of total teachers),,"Data API, UN Educational, Scientific and Cultural Organization (UNESCO), uri: https://databrowser.uis.unesco.org/resources, note: The data are obtained through the UIS API.  Detailed documentation is available at: https://api.uis.unesco.org/api/public/documentation/, publisher: UNESCO Institute for Statistics (UIS), type: Bulk file, date accessed: 2026-03-19, date published: 2026-02",Education,Trained teachers in primary education are the percentage of primary school teachers who have received the minimum organized teacher training (pre-service or in-service) required for teaching in a given country.
SE.PRM.UNER,"Children out of school, primary",,"Data API, UN Educational, Scientific and Cultural Organization (UNESCO), uri: https://databrowser.uis.unesco.org/resources, note: The data are obtained through the UIS API.  Detailed documentation is available at: https://api.uis.unesco.org/api/public/documentation/, publisher: UNESCO Institute for Statistics (UIS), type: Bulk file (csv), date accessed: 2026-03-19, date published: 2026-02",Education,Children out of school are the number of primary-school-age children not enrolled in primary or secondary school.
SE.PRM.UNER.FE,"Children out of school, primary, female",,"Data API, UN Educational, Scientific and Cultural Organization (UNESCO), uri: https://databrowser.uis.unesco.org/resources, note: The data are obtained through the UIS API.  Detailed documentation is available at: https://api.uis.unesco.org/api/public/documentation/, publisher: UNESCO Institute for Statistics (UIS), type: Bulk file (csv), date accessed: 2026-03-19, date published: 2026-02",Education; Gender,Children out of school are the number of primary-school-age children not enrolled in primary or secondary school.
SE.PRM.UNER.FE.ZS,"Children out of school, female (% of female primary school age)",,"Data API, UN Educational, Scientific and Cultural Organization (UNESCO), uri: https://databrowser.uis.unesco.org/resources, note: The data are obtained through the UIS API.  Detailed documentation is available at: https://api.uis.unesco.org/api/public/documentation/, publisher: UNESCO Institute for Statistics (UIS), type: Bulk file (csv), date accessed: 2026-03-19, date published: 2026-02",Education,Children out of school are the percentage of primary-school-age children who are not enrolled in primary or secondary school. Children in the official primary age group that are in preprimary education should be considered out of school.
SE.PRM.UNER.MA,"Children out of school, primary, male",,"Data API, UN Educational, Scientific and Cultural Organization (UNESCO), uri: https://databrowser.uis.unesco.org/resources, note: The data are obtained through the UIS API.  Detailed documentation is available at: https://api.uis.unesco.org/api/public/documentation/, publisher: UNESCO Institute for Statistics (UIS), type: Bulk file (csv), date accessed: 2026-03-19, date published: 2026-02",Education; Gender,Children out of school are the number of primary-school-age children not enrolled in primary or secondary school.
SE.PRM.UNER.MA.ZS,"Children out of school, male (% of male primary school age)",,"Data API, UN Educational, Scientific and Cultural Organization (UNESCO), uri: https://databrowser.uis.unesco.org/resources, note: The data are obtained through the UIS API.  Detailed documentation is available at: https://api.uis.unesco.org/api/public/documentation/, publisher: UNESCO Institute for Statistics (UIS), type: Bulk file (csv), date accessed: 2026-03-19, date published: 2026-02",Education,Children out of school are the percentage of primary-school-age children who are not enrolled in primary or secondary school. Children in the official primary age group that are in preprimary education should be considered out of school.
SE.PRM.UNER.ZS,Children out of school (% of primary school age),,"Data API, UN Educational, Scientific and Cultural Organization (UNESCO), uri: https://databrowser.uis.unesco.org/resources, note: The data are obtained through the UIS API.  Detailed documentation is available at: https://api.uis.unesco.org/api/public/documentation/, publisher: UNESCO Institute for Statistics (UIS), type: Bulk file (csv), date accessed: 2026-03-19, date published: 2026-02",Education,Children out of school are the percentage of primary-school-age children who are not enrolled in primary or secondary school. Children in the official primary age group that are in preprimary education should be considered out of school.
SE.SEC.CMPT.LO.FE.ZS,"Lower secondary completion rate, female (% of relevant age group)",,"Data API, UN Educational, Scientific and Cultural Organization (UNESCO), uri: https://databrowser.uis.unesco.org/resources, note: The data are obtained through the UIS API.  Detailed documentation is available at: https://api.uis.unesco.org/api/public/documentation/, publisher: UNESCO Institute for Statistics (UIS), date accessed: 2026-03-19, date published: 2026-02",Education,"Lower secondary education completion rate is measured as the gross intake ratio to the last grade of lower secondary education (general and pre-vocational). It is calculated as the number of new entrants in the last grade of lower secondary education, regardless of age, divided by the population at the entrance age for the last grade of lower secondary education."
SE.SEC.CMPT.LO.MA.ZS,"Lower secondary completion rate, male (% of relevant age group)",,"Data API, UN Educational, Scientific and Cultural Organization (UNESCO), uri: https://databrowser.uis.unesco.org/resources, note: The data are obtained through the UIS API.  Detailed documentation is available at: https://api.uis.unesco.org/api/public/documentation/, publisher: UNESCO Institute for Statistics (UIS), date accessed: 2026-03-19, date published: 2026-02",Education,"Lower secondary education completion rate is measured as the gross intake ratio to the last grade of lower secondary education (general and pre-vocational). It is calculated as the number of new entrants in the last grade of lower secondary education, regardless of age, divided by the population at the entrance age for the last grade of lower secondary education."
SE.SEC.CMPT.LO.ZS,"Lower secondary completion rate, total (% of relevant age group)",,"Data API, UN Educational, Scientific and Cultural Organization (UNESCO), uri: https://databrowser.uis.unesco.org/resources, note: The data are obtained through the UIS API.  Detailed documentation is available at: https://api.uis.unesco.org/api/public/documentation/, publisher: UNESCO Institute for Statistics (UIS), date accessed: 2026-03-19, date published: 2026-02",Education,"Lower secondary education completion rate is measured as the gross intake ratio to the last grade of lower secondary education (general and pre-vocational). It is calculated as the number of new entrants in the last grade of lower secondary education, regardless of age, divided by the population at the entrance age for the last grade of lower secondary education."
SE.SEC.CUAT.LO.FE.ZS,"Educational attainment, at least completed lower secondary, population 25+, female (%) (cumulative)",,"Data API, UN Educational, Scientific and Cultural Organization (UNESCO), uri: https://databrowser.uis.unesco.org/resources, note: The data are obtained through the UIS API.  Detailed documentation is available at: https://api.uis.unesco.org/api/public/documentation/, publisher: UNESCO Institute for Statistics (UIS), type: Bulk file (csv), date accessed: 2026-03-19, date published: 2026-02",Education; Gender,The percentage of population ages 25 and over that attained or completed lower secondary education.
SE.SEC.CUAT.LO.MA.ZS,"Educational attainment, at least completed lower secondary, population 25+, male (%) (cumulative)",,"Data API, UN Educational, Scientific and Cultural Organization (UNESCO), uri: https://databrowser.uis.unesco.org/resources, note: The data are obtained through the UIS API.  Detailed documentation is available at: https://api.uis.unesco.org/api/public/documentation/, publisher: UNESCO Institute for Statistics (UIS), type: Bulk file (csv), date accessed: 2026-03-19, date published: 2026-02",Education; Gender,The percentage of population ages 25 and over that attained or completed lower secondary education.
SE.SEC.CUAT.LO.ZS,"Educational attainment, at least completed lower secondary, population 25+, total (%) (cumulative)",,"Data API, UN Educational, Scientific and Cultural Organization (UNESCO), uri: https://databrowser.uis.unesco.org/resources, note: The data are obtained through the UIS API.  Detailed documentation is available at: https://api.uis.unesco.org/api/public/documentation/, publisher: UNESCO Institute for Statistics (UIS), type: Bulk file (csv), date accessed: 2026-03-19, date published: 2026-02",Education; Gender,The percentage of population ages 25 and over that attained or completed lower secondary education.
SE.SEC.CUAT.PO.FE.ZS,"Educational attainment, at least completed post-secondary, population 25+, female (%) (cumulative)",,"Data API, UN Educational, Scientific and Cultural Organization (UNESCO), uri: https://databrowser.uis.unesco.org/resources, note: The data are obtained through the UIS API.  Detailed documentation is available at: https://api.uis.unesco.org/api/public/documentation/, publisher: UNESCO Institute for Statistics (UIS), type: Bulk file (csv), date accessed: 2026-03-19, date published: 2026-02",Education; Gender,The percentage of population ages 25 and over that attained or completed post-secondary non-tertiary education.
SE.SEC.CUAT.PO.MA.ZS,"Educational attainment, at least completed post-secondary, population 25+, male (%) (cumulative)",,"Data API, UN Educational, Scientific and Cultural Organization (UNESCO), uri: https://databrowser.uis.unesco.org/resources, note: The data are obtained through the UIS API.  Detailed documentation is available at: https://api.uis.unesco.org/api/public/documentation/, publisher: UNESCO Institute for Statistics (UIS), type: Bulk file (csv), date accessed: 2026-03-19, date published: 2026-02",Education; Gender,The percentage of population ages 25 and over that attained or completed post-secondary non-tertiary education.
SE.SEC.CUAT.PO.ZS,"Educational attainment, at least completed post-secondary, population 25+, total (%) (cumulative)",,"Data API, UN Educational, Scientific and Cultural Organization (UNESCO), uri: https://databrowser.uis.unesco.org/resources, note: The data are obtained through the UIS API.  Detailed documentation is available at: https://api.uis.unesco.org/api/public/documentation/, publisher: UNESCO Institute for Statistics (UIS), type: Bulk file (csv), date accessed: 2026-03-19, date published: 2026-02",Education; Gender,The percentage of population ages 25 and over that attained or completed post-secondary non-tertiary education.
SE.SEC.CUAT.UP.FE.ZS,"Educational attainment, at least completed upper secondary, population 25+, female (%) (cumulative)",,"Data API, UN Educational, Scientific and Cultural Organization (UNESCO), uri: https://databrowser.uis.unesco.org/resources, note: The data are obtained through the UIS API.  Detailed documentation is available at: https://api.uis.unesco.org/api/public/documentation/, publisher: UNESCO Institute for Statistics (UIS), type: Bulk file (csv), date accessed: 2026-03-19, date published: 2026-02",Education; Gender,The percentage of population ages 25 and over that attained or completed upper secondary education.
SE.SEC.CUAT.UP.MA.ZS,"Educational attainment, at least completed upper secondary, population 25+, male (%) (cumulative)",,"Data API, UN Educational, Scientific and Cultural Organization (UNESCO), uri: https://databrowser.uis.unesco.org/resources, note: The data are obtained through the UIS API.  Detailed documentation is available at: https://api.uis.unesco.org/api/public/documentation/, publisher: UNESCO Institute for Statistics (UIS), type: Bulk file (csv), date accessed: 2026-03-19, date published: 2026-02",Education; Gender,The percentage of population ages 25 and over that attained or completed upper secondary education.
SE.SEC.CUAT.UP.ZS,"Educational attainment, at least completed upper secondary, population 25+, total (%) (cumulative)",,"Data API, UN Educational, Scientific and Cultural Organization (UNESCO), uri: https://databrowser.uis.unesco.org/resources, note: The data are obtained through the UIS API.  Detailed documentation is available at: https://api.uis.unesco.org/api/public/documentation/, publisher: UNESCO Institute for Statistics (UIS), type: Bulk file (csv), date accessed: 2026-03-19, date published: 2026-02",Education; Gender,The percentage of population ages 25 and over that attained or completed upper secondary education.
SE.SEC.DURS,"Secondary education, duration (years)",,"Data API, UN Educational, Scientific and Cultural Organization (UNESCO), uri: https://databrowser.uis.unesco.org/resources, note: The data are obtained through the UIS API.  Detailed documentation is available at: https://api.uis.unesco.org/api/public/documentation/, publisher: UNESCO Institute for Statistics (UIS), date accessed: 2026-03-19, date published: 2026-02",Education,Secondary duration refers to the number of grades (years) in secondary school.
SE.SEC.ENRL.LO.TC.ZS,"Pupil-teacher ratio, lower secondary",,"Stat Bulk Data Download Service, UN Educational, Scientific and Cultural Organization (UNESCO), uri: https://uis.unesco.org/bdds, publisher: UNESCO Institute for Statistics (UIS)",Education,Lower secondary school pupil-teacher ratio is the average number of pupils per teacher in lower secondary school.
SE.SEC.ENRL.TC.ZS,"Pupil-teacher ratio, secondary",,"Stat Bulk Data Download Service, UN Educational, Scientific and Cultural Organization (UNESCO), uri: https://uis.unesco.org/bdds, publisher: UNESCO Institute for Statistics (UIS)",Education,Secondary school pupil-teacher ratio is the average number of pupils per teacher in secondary school.
SE.SEC.ENRL.UP.TC.ZS,"Pupil-teacher ratio, upper secondary",,"Stat Bulk Data Download Service, UN Educational, Scientific and Cultural Organization (UNESCO), uri: https://uis.unesco.org/bdds, publisher: UNESCO Institute for Statistics (UIS)",Education,Upper secondary school pupil-teacher ratio is the average number of pupils per teacher in upper secondary school.
SE.SEC.TCAQ.FE.ZS,"Trained teachers in secondary education, female (% of female teachers)",,"Data API, UN Educational, Scientific and Cultural Organization (UNESCO), uri: https://databrowser.uis.unesco.org/resources, note: The data are obtained through the UIS API.  Detailed documentation is available at: https://api.uis.unesco.org/api/public/documentation/, publisher: UNESCO Institute for Statistics (UIS), type: Bulk file, date accessed: 2026-03-19, date published: 2026-02",Education,Trained teachers in secondary education are the percentage of secondary school teachers who have received the minimum organized teacher training (pre-service or in-service) required for teaching in a given country.
SE.SEC.TCAQ.LO.FE.ZS,"Trained teachers in lower secondary education, female (% of female teachers)",,"Data API, UN Educational, Scientific and Cultural Organization (UNESCO), uri: https://databrowser.uis.unesco.org/resources, note: The data are obtained through the UIS API.  Detailed documentation is available at: https://api.uis.unesco.org/api/public/documentation/, publisher: UNESCO Institute for Statistics (UIS), type: Bulk file, date accessed: 2026-03-19, date published: 2026-02",Education,Trained teachers in lower secondary education are the percentage of lower secondary school teachers who have received the minimum organized teacher training (pre-service or in-service) required for teaching in a given country.
SE.SEC.TCAQ.LO.MA.ZS,"Trained teachers in lower secondary education, male (% of male teachers)",,"Data API, UN Educational, Scientific and Cultural Organization (UNESCO), uri: https://databrowser.uis.unesco.org/resources, note: The data are obtained through the UIS API.  Detailed documentation is available at: https://api.uis.unesco.org/api/public/documentation/, publisher: UNESCO Institute for Statistics (UIS), type: Bulk file, date accessed: 2026-03-19, date published: 2026-02",Education,Trained teachers in lower secondary education are the percentage of lower secondary school teachers who have received the minimum organized teacher training (pre-service or in-service) required for teaching in a given country.
SE.SEC.TCAQ.LO.ZS,Trained teachers in lower secondary education (% of total teachers),,"Data API, UN Educational, Scientific and Cultural Organization (UNESCO), uri: https://databrowser.uis.unesco.org/resources, note: The data are obtained through the UIS API.  Detailed documentation is available at: https://api.uis.unesco.org/api/public/documentation/, publisher: UNESCO Institute for Statistics (UIS), type: Bulk file, date accessed: 2026-03-19, date published: 2026-02",Education,Trained teachers in lower secondary education are the percentage of lower secondary school teachers who have received the minimum organized teacher training (pre-service or in-service) required for teaching in a given country.
SE.SEC.TCAQ.MA.ZS,"Trained teachers in secondary education, male (% of male teachers)",,"Data API, UN Educational, Scientific and Cultural Organization (UNESCO), uri: https://databrowser.uis.unesco.org/resources, note: The data are obtained through the UIS API.  Detailed documentation is available at: https://api.uis.unesco.org/api/public/documentation/, publisher: UNESCO Institute for Statistics (UIS), type: Bulk file, date accessed: 2026-03-19, date published: 2026-02",Education,Trained teachers in secondary education are the percentage of secondary school teachers who have received the minimum organized teacher training (pre-service or in-service) required for teaching in a given country.
SE.SEC.TCAQ.UP.FE.ZS,"Trained teachers in upper secondary education, female (% of female teachers)",,"Data API, UN Educational, Scientific and Cultural Organization (UNESCO), uri: https://databrowser.uis.unesco.org/resources, note: The data are obtained through the UIS API.  Detailed documentation is available at: https://api.uis.unesco.org/api/public/documentation/, publisher: UNESCO Institute for Statistics (UIS), type: Bulk file, date accessed: 2026-03-19, date published: 2026-02",Education,Trained teachers in upper secondary education are the percentage of upper secondary school teachers who have received the minimum organized teacher training (pre-service or in-service) required for teaching in a given country.
SE.SEC.TCAQ.UP.MA.ZS,"Trained teachers in upper secondary education, male (% of male teachers)",,"Data API, UN Educational, Scientific and Cultural Organization (UNESCO), uri: https://databrowser.uis.unesco.org/resources, note: The data are obtained through the UIS API.  Detailed documentation is available at: https://api.uis.unesco.org/api/public/documentation/, publisher: UNESCO Institute for Statistics (UIS), type: Bulk file, date accessed: 2026-03-19, date published: 2026-02",Education,Trained teachers in upper secondary education are the percentage of upper secondary school teachers who have received the minimum organized teacher training (pre-service or in-service) required for teaching in a given country.
SE.SEC.TCAQ.UP.ZS,Trained teachers in upper secondary education (% of total teachers),,"Data API, UN Educational, Scientific and Cultural Organization (UNESCO), uri: https://databrowser.uis.unesco.org/resources, note: The data are obtained through the UIS API.  Detailed documentation is available at: https://api.uis.unesco.org/api/public/documentation/, publisher: UNESCO Institute for Statistics (UIS), type: Bulk file, date accessed: 2026-03-19, date published: 2026-02",Education,Trained teachers in upper secondary education are the percentage of upper secondary school teachers who have received the minimum organized teacher training (pre-service or in-service) required for teaching in a given country.
SE.SEC.TCAQ.ZS,Trained teachers in secondary education (% of total teachers),,"Data API, UN Educational, Scientific and Cultural Organization (UNESCO), uri: https://databrowser.uis.unesco.org/resources, note: The data are obtained through the UIS API.  Detailed documentation is available at: https://api.uis.unesco.org/api/public/documentation/, publisher: UNESCO Institute for Statistics (UIS), type: Bulk file, date accessed: 2026-03-19, date published: 2026-02",Education,Trained teachers in secondary education are the percentage of secondary school teachers who have received the minimum organized teacher training (pre-service or in-service) required for teaching in a given country.
SE.SEC.UNER.LO.FE.ZS,"Adolescents out of school, female (% of female lower secondary school age)",,"Data API, UN Educational, Scientific and Cultural Organization (UNESCO), uri: https://databrowser.uis.unesco.org/resources, note: The data are obtained through the UIS API.  Detailed documentation is available at: https://api.uis.unesco.org/api/public/documentation/, publisher: UNESCO Institute for Statistics (UIS), type: Bulk file (csv), date accessed: 2026-03-19, date published: 2026-02",Education,Adolescents out of school are the percentage of lower secondary school age adolescents who are not enrolled in school.
SE.SEC.UNER.LO.MA.ZS,"Adolescents out of school, male (% of male lower secondary school age)",,"Data API, UN Educational, Scientific and Cultural Organization (UNESCO), uri: https://databrowser.uis.unesco.org/resources, note: The data are obtained through the UIS API.  Detailed documentation is available at: https://api.uis.unesco.org/api/public/documentation/, publisher: UNESCO Institute for Statistics (UIS), type: Bulk file (csv), date accessed: 2026-03-19, date published: 2026-02",Education,Adolescents out of school are the percentage of lower secondary school age adolescents who are not enrolled in school.
SE.SEC.UNER.LO.ZS,Adolescents out of school (% of lower secondary school age),,"Data API, UN Educational, Scientific and Cultural Organization (UNESCO), uri: https://databrowser.uis.unesco.org/resources, note: The data are obtained through the UIS API.  Detailed documentation is available at: https://api.uis.unesco.org/api/public/documentation/, publisher: UNESCO Institute for Statistics (UIS), type: Bulk file (csv), date accessed: 2026-03-19, date published: 2026-02",Education,Adolescents out of school are the percentage of lower secondary school age adolescents who are not enrolled in school.
SE.TER.CUAT.BA.FE.ZS,"Educational attainment, at least Bachelor's or equivalent, population 25+, female (%) (cumulative)",,"Data API, UN Educational, Scientific and Cultural Organization (UNESCO), uri: https://databrowser.uis.unesco.org/resources, note: The data are obtained through the UIS API.  Detailed documentation is available at: https://api.uis.unesco.org/api/public/documentation/, publisher: UNESCO Institute for Statistics (UIS), type: Bulk file (csv), date accessed: 2026-03-19, date published: 2026-02",Education; Gender,The percentage of population ages 25 and over that attained or completed Bachelor's or equivalent.
SE.TER.CUAT.BA.MA.ZS,"Educational attainment, at least Bachelor's or equivalent, population 25+, male (%) (cumulative)",,"Data API, UN Educational, Scientific and Cultural Organization (UNESCO), uri: https://databrowser.uis.unesco.org/resources, note: The data are obtained through the UIS API.  Detailed documentation is available at: https://api.uis.unesco.org/api/public/documentation/, publisher: UNESCO Institute for Statistics (UIS), type: Bulk file (csv), date accessed: 2026-03-19, date published: 2026-02",Education; Gender,The percentage of population ages 25 and over that attained or completed Bachelor's or equivalent.
SE.TER.CUAT.BA.ZS,"Educational attainment, at least Bachelor's or equivalent, population 25+, total (%) (cumulative)",,"Data API, UN Educational, Scientific and Cultural Organization (UNESCO), uri: https://databrowser.uis.unesco.org/resources, note: The data are obtained through the UIS API.  Detailed documentation is available at: https://api.uis.unesco.org/api/public/documentation/, publisher: UNESCO Institute for Statistics (UIS), type: Bulk file (csv), date accessed: 2026-03-19, date published: 2026-02",Education; Gender,The percentage of population ages 25 and over that attained or completed Bachelor's or equivalent.
SE.TER.CUAT.DO.FE.ZS,"Educational attainment, Doctoral or equivalent, population 25+, female (%) (cumulative)",,"Data API, UN Educational, Scientific and Cultural Organization (UNESCO), uri: https://databrowser.uis.unesco.org/resources, note: The data are obtained through the UIS API.  Detailed documentation is available at: https://api.uis.unesco.org/api/public/documentation/, publisher: UNESCO Institute for Statistics (UIS), type: Bulk file (csv), date accessed: 2026-03-19, date published: 2026-02",Education; Gender,The percentage of population ages 25 and over that attained or completed Doctoral or equivalent.
SE.TER.CUAT.DO.MA.ZS,"Educational attainment, Doctoral or equivalent, population 25+, male (%) (cumulative)",,"Data API, UN Educational, Scientific and Cultural Organization (UNESCO), uri: https://databrowser.uis.unesco.org/resources, note: The data are obtained through the UIS API.  Detailed documentation is available at: https://api.uis.unesco.org/api/public/documentation/, publisher: UNESCO Institute for Statistics (UIS), type: Bulk file (csv), date accessed: 2026-03-19, date published: 2026-02",Education; Gender,The percentage of population ages 25 and over that attained or completed Doctoral or equivalent.
SE.TER.CUAT.DO.ZS,"Educational attainment, Doctoral or equivalent, population 25+, total (%) (cumulative)",,"Data API, UN Educational, Scientific and Cultural Organization (UNESCO), uri: https://databrowser.uis.unesco.org/resources, note: The data are obtained through the UIS API.  Detailed documentation is available at: https://api.uis.unesco.org/api/public/documentation/, publisher: UNESCO Institute for Statistics (UIS), type: Bulk file (csv), date accessed: 2026-03-19, date published: 2026-02",Education; Gender,The percentage of population ages 25 and over that attained or completed Doctoral or equivalent.
SE.TER.CUAT.MS.FE.ZS,"Educational attainment, at least Master's or equivalent, population 25+, female (%) (cumulative)",,"Data API, UN Educational, Scientific and Cultural Organization (UNESCO), uri: https://databrowser.uis.unesco.org/resources, note: The data are obtained through the UIS API.  Detailed documentation is available at: https://api.uis.unesco.org/api/public/documentation/, publisher: UNESCO Institute for Statistics (UIS), type: Bulk file (csv), date accessed: 2026-03-19, date published: 2026-02",Education; Gender,The percentage of population ages 25 and over that attained or completed Master's or equivalent.
SE.TER.CUAT.MS.MA.ZS,"Educational attainment, at least Master's or equivalent, population 25+, male (%) (cumulative)",,"Data API, UN Educational, Scientific and Cultural Organization (UNESCO), uri: https://databrowser.uis.unesco.org/resources, note: The data are obtained through the UIS API.  Detailed documentation is available at: https://api.uis.unesco.org/api/public/documentation/, publisher: UNESCO Institute for Statistics (UIS), type: Bulk file (csv), date accessed: 2026-03-19, date published: 2026-02",Education; Gender,The percentage of population ages 25 and over that attained or completed Master's or equivalent.
SE.TER.CUAT.MS.ZS,"Educational attainment, at least Master's or equivalent, population 25+, total (%) (cumulative)",,"Data API, UN Educational, Scientific and Cultural Organization (UNESCO), uri: https://databrowser.uis.unesco.org/resources, note: The data are obtained through the UIS API.  Detailed documentation is available at: https://api.uis.unesco.org/api/public/documentation/, publisher: UNESCO Institute for Statistics (UIS), type: Bulk file (csv), date accessed: 2026-03-19, date published: 2026-02",Education; Gender,The percentage of population ages 25 and over that attained or completed Master's or equivalent.
SE.TER.CUAT.ST.FE.ZS,"Educational attainment, at least completed short-cycle tertiary, population 25+, female (%) (cumulative)",,"Data API, UN Educational, Scientific and Cultural Organization (UNESCO), uri: https://databrowser.uis.unesco.org/resources, note: The data are obtained through the UIS API.  Detailed documentation is available at: https://api.uis.unesco.org/api/public/documentation/, publisher: UNESCO Institute for Statistics (UIS), type: Bulk file (csv), date accessed: 2026-03-19, date published: 2026-02",Education; Gender,The percentage of population ages 25 and over that attained or completed short-cycle tertiary education.
SE.TER.CUAT.ST.MA.ZS,"Educational attainment, at least completed short-cycle tertiary, population 25+, male (%) (cumulative)",,"Data API, UN Educational, Scientific and Cultural Organization (UNESCO), uri: https://databrowser.uis.unesco.org/resources, note: The data are obtained through the UIS API.  Detailed documentation is available at: https://api.uis.unesco.org/api/public/documentation/, publisher: UNESCO Institute for Statistics (UIS), type: Bulk file (csv), date accessed: 2026-03-19, date published: 2026-02",Education; Gender,The percentage of population ages 25 and over that attained or completed short-cycle tertiary education.
SE.TER.CUAT.ST.ZS,"Educational attainment, at least completed short-cycle tertiary, population 25+, total (%) (cumulative)",,"Data API, UN Educational, Scientific and Cultural Organization (UNESCO), uri: https://databrowser.uis.unesco.org/resources, note: The data are obtained through the UIS API.  Detailed documentation is available at: https://api.uis.unesco.org/api/public/documentation/, publisher: UNESCO Institute for Statistics (UIS), type: Bulk file (csv), date accessed: 2026-03-19, date published: 2026-02",Education; Gender,The percentage of population ages 25 and over that attained or completed short-cycle tertiary education.
SE.TER.ENRL.TC.ZS,"Pupil-teacher ratio, tertiary",,"Stat Bulk Data Download Service, UN Educational, Scientific and Cultural Organization (UNESCO), uri: https://uis.unesco.org/bdds, publisher: UNESCO Institute for Statistics (UIS)",Education,Tertiary school pupil-teacher ratio is the average number of pupils per teacher in tertiary school.
SE.TER.ENRR,"School enrollment, tertiary (% gross)",,"Data API, UN Educational, Scientific and Cultural Organization (UNESCO), uri: https://databrowser.uis.unesco.org/resources, note: The data are obtained through the UIS API.  Detailed documentation is available at: https://api.uis.unesco.org/api/public/documentation/, publisher: UNESCO Institute for Statistics (UIS), type: Bulk file (csv), date accessed: 2026-03-19, date published: 2026-02",Education,"Gross enrollment ratio is the ratio of total enrollment, regardless of age, to the population of the age group that officially corresponds to the level of education shown. Tertiary education, whether or not to an advanced research qualification, normally requires, as a minimum condition of admission, the successful completion of education at the secondary level."
SE.TER.ENRR.FE,"School enrollment, tertiary, female (% gross)",,"Data API, UN Educational, Scientific and Cultural Organization (UNESCO), uri: https://databrowser.uis.unesco.org/resources, note: The data are obtained through the UIS API.  Detailed documentation is available at: https://api.uis.unesco.org/api/public/documentation/, publisher: UNESCO Institute for Statistics (UIS), type: Bulk file (csv), date accessed: 2026-03-19, date published: 2026-02",Education; Gender,"Gross enrollment ratio is the ratio of total enrollment, regardless of age, to the population of the age group that officially corresponds to the level of education shown. Tertiary education, whether or not to an advanced research qualification, normally requires, as a minimum condition of admission, the successful completion of education at the secondary level."
SE.TER.ENRR.MA,"School enrollment, tertiary, male (% gross)",,"Data API, UN Educational, Scientific and Cultural Organization (UNESCO), uri: https://databrowser.uis.unesco.org/resources, note: The data are obtained through the UIS API.  Detailed documentation is available at: https://api.uis.unesco.org/api/public/documentation/, publisher: UNESCO Institute for Statistics (UIS), type: Bulk file (csv), date accessed: 2026-03-19, date published: 2026-02",Education; Gender,"Gross enrollment ratio is the ratio of total enrollment, regardless of age, to the population of the age group that officially corresponds to the level of education shown. Tertiary education, whether or not to an advanced research qualification, normally requires, as a minimum condition of admission, the successful completion of education at the secondary level."
SG.DMK.SRCR.FN.ZS,"Women making their own informed decisions regarding sexual relations, contraceptive use and reproductive health care (% of women age 15-49)",,"Demographic and Health Surveys compiled by United Nations Population Fund, United Nations (UN), uri: https://unstats.un.org/sdgs/UNSDGAPIV5/swagger/index.html, note: Indicator code from the original source: SH_FPL_INFM; 	Indicator name from the original source: Proportion of women aged 15–49 years who make their own informed decisions regarding sexual relations, contraceptive use and reproductive health care, publisher: UN Statistics Division, type: API, date accessed: 2026-06-17, date published: 2026-03-27",Gender,Proportion of women ages 15-49 years (married or in union) who make their own decision on all three selected areas i.e. can say no to sexual intercourse with their husband or partner if they do not want; decide on use of contraception; and decide on their own health care. Only women who provide a “yes” answer to all three components are considered as women who “make her own decisions regarding sexual and reproductive”.
SG.GEN.PARL.ZS,Proportion of seats held by women in national parliaments (%),,"Monthly ranking of women in national parliaments, Inter-Parliamentary Union (IPU), uri: https://data.ipu.org/women-ranking/, note: For the year of 1998, the data is as of August 10, 1998., type: Excel, date accessed: 2026-03-29",Public Sector; Gender; Social Development,Women in parliaments are the percentage of parliamentary seats in a single or lower chamber held by women.
SG.LAW.INDX,Women Business and the Law Index Score (scale 1-100),,"Women, Business and the Law, World Bank (WB), uri: https://wbl.worldbank.org/en/wbl-data, type: Excel, date accessed: 2024-03-04, date published: 2024-03-04",Gender; Gender,"The index measures how laws and regulations affect women’s economic opportunity. Overall scores are calculated by taking the average score of each index (Mobility, Workplace, Pay, Marriage, Parenthood, Entrepreneurship, Assets and Pension), with 100 representing the highest possible score."
SG.NOD.CONS,Nondiscrimination clause mentions gender in the constitution (1=yes; 0=no),,"World Bank: Women, Business and the Law.",Public Sector; Gender,"Nondiscrimination clause mentions gender in the constitution is whether there is a nondiscrimination clause in the constitution which mentions gender. For the answer to be “Yes,” the constitution must use either the word discrimination or the word nondiscrimination or even when there is a “clawback” provision granting exceptions to the nondiscrimination clause for certain areas of the law, such as inheritance, family and customary law. The answer is “No” if there is no nondiscrimination provision, or the nondiscrimination language is present in the preamble but not in an article of the constitution, or there is a provision that merely stipulates that the sexes are equal, or the sexes have equal rights and obligations. The answer is ""N/A"" if there is no nondiscrimination provision."
SG.TIM.UWRK.FE,"Proportion of time spent on unpaid domestic and care work, female (% of 24 hour day)",,"National statistical offices or national database and publications, United Nations (UN), uri: https://unstats.un.org/sdgs/dataportal/database, note: Indicator code from the original source: SH_FPL_INFM; 	Indicator name from the original source: Proportion of time spent on unpaid domestic chores and care work, by sex, age and location (%), publisher: UN Statistics Division, type: Excel, date accessed: 46190, date published: 2026-03-27",Gender,"The average time women spend on household provision of services for own consumption. Data are expressed as a proportion of time in a day. Domestic and care work includes food preparation, dishwashing, cleaning and upkeep of a dwelling, laundry, ironing, gardening, caring for pets, shopping, installation, servicing and repair of personal and household goods, childcare, and care of the sick, elderly or disabled household members, among others."
SG.TIM.UWRK.MA,"Proportion of time spent on unpaid domestic and care work, male (% of 24 hour day) ",,"National statistical offices or national database and publications compiled by United Nations Statistics Division., United Nations (UN), uri: https://unstats.un.org/sdgs/dataportal/database, note: Indicator code from the original source: SH_FPL_INFM; 	Indicator name from the original source: Proportion of time spent on unpaid domestic chores and care work, by sex, age and location (%), publisher: UN Statistics Division, type: Excel, date accessed: 46190, date published: 2026-03-27",Gender,"The average time men spend on household provision of services for own consumption.  Data are expressed as a proportion of time in a day. Domestic and care work includes food preparation, dishwashing, cleaning and upkeep of a dwelling, laundry, ironing, gardening, caring for pets, shopping, installation, servicing and repair of personal and household goods, childcare, and care of the sick, elderly or disabled household members, among others."
SG.VAW.1549.ZS,Proportion of women subjected to physical and/or sexual violence in the last 12 months (% of ever-partnered women ages 15-49),,"United Nations (UN), uri: https://unstats.un.org/sdgs/dataportal/database, note: Indicator code from the original source: VC_VAW_MARR; 	Indicator name from the original source: Proportion of ever-partnered women and girls subjected to physical and/or sexual violence by a current or former intimate partner in the previous 12 months, by age (%)








, publisher: UN Statistics Division, type: API;
Global Health Observatory, World Health Organization (WHO), uri: https://www.who.int/data/gho/data/indicators/indicator-details/GHO/proportion-of-ever-partnered-women-and-girls-aged-15-49-years-subjected-to-physical-and-or-sexual-violence-by-a-current-or-former-intimate-partner-in-the-previous-12-months, publisher: WHO",Health; Gender,"Proportion of women subjected to physical and/or sexual violence in the last 12 months is the percentage of ever partnered women age 15-49 who are subjected to physical violence, sexual violence or both by a current or former intimate partner in the last 12 months."
SH.ALC.PCAP.FE.LI,"Total alcohol consumption per capita, female (liters of pure alcohol, projected estimates, female 15+ years of age)",,"Global Health Observatory Data Repository, World Health Organization (WHO), uri: https://www.who.int/data/gho",Health,"Total alcohol per capita consumption is defined as the total (sum of recorded and unrecorded alcohol) amount of alcohol consumed per person (15 years of age or older) over a calendar year, in litres of pure alcohol, adjusted for tourist consumption."
SH.ALC.PCAP.LI,"Total alcohol consumption per capita (liters of pure alcohol, projected estimates, 15+ years of age)",,"Global Health Observatory Data Repository, World Health Organization (WHO), uri: https://www.who.int/data/gho",Health,"Total alcohol per capita consumption is defined as the total (sum of recorded and unrecorded alcohol) amount of alcohol consumed per person (15 years of age or older) over a calendar year, in litres of pure alcohol, adjusted for tourist consumption."
SH.ALC.PCAP.MA.LI,"Total alcohol consumption per capita, male (liters of pure alcohol, projected estimates, male 15+ years of age)",,"Global Health Observatory Data Repository, World Health Organization (WHO), uri: https://www.who.int/data/gho",Health,"Total alcohol per capita consumption is defined as the total (sum of recorded and unrecorded alcohol) amount of alcohol consumed per person (15 years of age or older) over a calendar year, in litres of pure alcohol, adjusted for tourist consumption."
SH.ANM.ALLW.ZS,Prevalence of anemia among women of reproductive age (% of women ages 15-49),,"Global Health Observatory Data Repository/World Health Statistics, World Health Organization (WHO)",Health,Prevalence of anemia among women of reproductive age refers to the combined prevalence of both non-pregnant with haemoglobin levels below 12 g/dL and pregnant women with haemoglobin levels below 11 g/dL.
SH.DYN.AIDS.ZS,"Prevalence of HIV, total (% of population ages 15-49)",,"UNAIDS estimates, Joint United Nations Programme on HIV/AIDS (UNAIDS), uri: https://aidsinfo.unaids.org/, publisher: UNAIDS, date accessed: 2025-08-27, date published: 2025-07",Health; Aid Effectiveness,Prevalence of HIV refers to the percentage of people ages 15-49 who are infected with HIV.
SH.DYN.MORT,"Mortality rate, under-5 (per 1,000 live births)",,"UN Inter-agency Group for Child Mortality Estimation, UN Children's Fund (UNICEF), uri: www.childmortality.org, publisher: UNICEF, WHO, World Bank, United Nations Population Division;
World Health Organization (WHO), uri: www.childmortality.org, note: UN Inter-agency Group for Child Mortality Estimation;
World Bank (WB), uri: www.childmortality.org, note: UN Inter-agency Group for Child Mortality Estimation;
United Nations (UN), uri: www.childmortality.org, note: UN Inter-agency Group for Child Mortality Estimation, publisher: UN Population Division",Health; Aid Effectiveness; Climate Change,"Under-five mortality rate is the probability per 1,000 that a newborn baby will die before reaching age five, if subject to age-specific mortality rates of the specified year."
SH.DYN.MORT.FE,"Mortality rate, under-5, female (per 1,000 live births)",,"UN Inter-agency Group for Child Mortality Estimation, UN Children's Fund (UNICEF), uri: www.childmortality.org;
World Health Organization (WHO), uri: www.childmortality.org, note: UN Inter-agency Group for Child Mortality Estimation;
World Bank (WB), uri: www.childmortality.org, note: UN Inter-agency Group for Child Mortality Estimation;
United Nations (UN), uri: www.childmortality.org, note: UN Inter-agency Group for Child Mortality Estimation, publisher: UN Population Division",Health,"Under-five mortality rate, female is the probability per 1,000 that a newborn female baby will die before reaching age five, if subject to female age-specific mortality rates of the specified year."
SH.DYN.MORT.MA,"Mortality rate, under-5, male (per 1,000 live births)",,"UN Inter-agency Group for Child Mortality Estimation, UN Children's Fund (UNICEF), uri: www.childmortality.org;
World Health Organization (WHO), uri: www.childmortality.org, note: UN Inter-agency Group for Child Mortality Estimation;
World Bank (WB), uri: www.childmortality.org, note: UN Inter-agency Group for Child Mortality Estimation;
United Nations (UN), uri: www.childmortality.org, note: UN Inter-agency Group for Child Mortality Estimation, publisher: UN Population Division",Health,"Under-five mortality rate, male is the probability per 1,000 that a newborn male baby will die before reaching age five, if subject to male age-specific mortality rates of the specified year."
SH.DYN.NCOM.FE.ZS,"Mortality from CVD, cancer, diabetes or CRD between exact ages 30 and 70, female (%)",,"World Health Organization, Global Health Observatory Data Repository (http://apps.who.int/ghodata/)., World Health Organization (WHO), uri: https://www.who.int/data/gho",Health,"Mortality from CVD, cancer, diabetes or CRD is the percent of 30-year-old-people who would die before their 70th birthday from any of cardiovascular disease, cancer, diabetes,  or chronic respiratory disease, assuming that s/he would experience current mortality rates at every age and s/he would not die from any other cause of death (e.g., injuries or HIV/AIDS)."
SH.DYN.NCOM.MA.ZS,"Mortality from CVD, cancer, diabetes or CRD between exact ages 30 and 70, male (%)",,"World Health Organization, Global Health Observatory Data Repository (http://apps.who.int/ghodata/)., World Health Organization (WHO), uri: https://www.who.int/data/gho",Health,"Mortality from CVD, cancer, diabetes or CRD is the percent of 30-year-old-people who would die before their 70th birthday from any of cardiovascular disease, cancer, diabetes,  or chronic respiratory disease, assuming that s/he would experience current mortality rates at every age and s/he would not die from any other cause of death (e.g., injuries or HIV/AIDS)."
SH.DYN.NCOM.ZS,"Mortality from CVD, cancer, diabetes or CRD between exact ages 30 and 70 (%)",,"World Health Organization, Global Health Observatory Data Repository (http://apps.who.int/ghodata/)., World Health Organization (WHO), uri: https://www.who.int/data/gho",Health,"Mortality from CVD, cancer, diabetes or CRD is the percent of 30-year-old-people who would die before their 70th birthday from any of cardiovascular disease, cancer, diabetes,  or chronic respiratory disease, assuming that s/he would experience current mortality rates at every age and s/he would not die from any other cause of death (e.g., injuries or HIV/AIDS)."
SH.DYN.NMRT,"Mortality rate, neonatal (per 1,000 live births)",,"UN Inter-agency Group for Child Mortality Estimation, UN Children's Fund (UNICEF), uri: www.childmortality.org;
World Health Organization (WHO), uri: www.childmortality.org, note: UN Inter-agency Group for Child Mortality Estimation;
World Bank (WB), uri: www.childmortality.org, note: UN Inter-agency Group for Child Mortality Estimation;
United Nations (UN), uri: www.childmortality.org, note: UN Inter-agency Group for Child Mortality Estimation, publisher: UN Population Division",Health,"Neonatal mortality rate is the number of neonates dying before reaching 28 days of age, per 1,000 live births in a given year."
SH.FPL.SATM.ZS,Demand for family planning satisfied by modern methods (% of married women with demand for family planning),,"Demographic and Health Surveys (DHS), uri: FP_NADM_W_PDM, date accessed: 2026-06-15",Health,Demand for family planning satisfied by modern methods refers to the percentage of married women ages 15-49 years whose need for family planning is satisfied with modern methods.
SH.H2O.BASW.RU.ZS,"People using at least basic drinking water services, rural (% of rural population)",,"WHO/UNICEF Joint Monitoring Programme (JMP) for Water Supply, Sanitation and Hygiene, World Health Organization (WHO), uri: washdata.org, publisher: WHO/UNICEF Joint Monitoring Programme (JMP) for Water Supply, Sanitation and Hygiene (washdata.org), date accessed: 2025-09-30, date published: 2025-08-25;
UN Children's Fund (UNICEF), uri: washdata.org, note: WHO/UNICEF Joint Monitoring Programme (JMP) for Water Supply, Sanitation and Hygiene",Health; Environment,"The percentage of people using at least basic water services.  This indicator encompasses both people using basic water services as well as those using safely managed water services.  Basic drinking water services is defined as drinking water from an improved source, provided collection time is not more than 30 minutes for a round trip.  Improved water sources include piped water, boreholes or tubewells, protected dug wells, protected springs, and packaged or delivered water."
SH.H2O.BASW.UR.ZS,"People using at least basic drinking water services, urban (% of urban population)",,"WHO/UNICEF Joint Monitoring Programme (JMP) for Water Supply, Sanitation and Hygiene, World Health Organization (WHO), uri: washdata.org, publisher: WHO/UNICEF Joint Monitoring Programme (JMP) for Water Supply, Sanitation and Hygiene (washdata.org), date accessed: 2025-09-30, date published: 2025-08-25;
UN Children's Fund (UNICEF), uri: washdata.org, note: WHO/UNICEF Joint Monitoring Programme (JMP) for Water Supply, Sanitation and Hygiene",Health; Environment,"The percentage of people using at least basic water services.  This indicator encompasses both people using basic water services as well as those using safely managed water services.  Basic drinking water services is defined as drinking water from an improved source, provided collection time is not more than 30 minutes for a round trip.  Improved water sources include piped water, boreholes or tubewells, protected dug wells, protected springs, and packaged or delivered water."
SH.H2O.BASW.ZS,People using at least basic drinking water services (% of population),,"WHO/UNICEF Joint Monitoring Programme (JMP) for Water Supply, Sanitation and Hygiene, World Health Organization (WHO), uri: washdata.org, publisher: WHO/UNICEF Joint Monitoring Programme (JMP) for Water Supply, Sanitation and Hygiene (washdata.org), date accessed: 2025-09-30, date published: 2025-08-25;
UN Children's Fund (UNICEF), uri: washdata.org, note: WHO/UNICEF Joint Monitoring Programme (JMP) for Water Supply, Sanitation and Hygiene",Health; Environment,"The percentage of people using at least basic water services.  This indicator encompasses both people using basic water services as well as those using safely managed water services.  Basic drinking water services is defined as drinking water from an improved source, provided collection time is not more than 30 minutes for a round trip.  Improved water sources include piped water, boreholes or tubewells, protected dug wells, protected springs, and packaged or delivered water."
SH.H2O.SMDW.RU.ZS,"People using safely managed drinking water services, rural (% of rural population)",,"WHO/UNICEF Joint Monitoring Programme (JMP) for Water Supply, Sanitation and Hygiene, World Health Organization (WHO), uri: washdata.org, note: Aggregate data by groups are computed based on the groupings for the World Bank fiscal year in which the data was released by the WHO/UNICEF Joint Monitoring Programme (JMP) for Water Supply, Sanitation and Hygiene., publisher: WHO/UNICEF Joint Monitoring Programme (JMP) for Water Supply, Sanitation and Hygiene (washdata.org), date accessed: 2025-09-30, date published: 2025-08-25;
UN Children's Fund (UNICEF), uri: washdata.org, note: WHO/UNICEF Joint Monitoring Programme (JMP) for Water Supply, Sanitation and Hygiene",Health; Environment,"The percentage of people using drinking water from an improved source that is accessible on premises, available when needed and free from fecal and priority chemical contamination. Improved water sources include piped water, boreholes or tubewells, protected dug wells, protected springs, and packaged or delivered water."
SH.H2O.SMDW.UR.ZS,"People using safely managed drinking water services, urban (% of urban population)",,"WHO/UNICEF Joint Monitoring Programme (JMP) for Water Supply, Sanitation and Hygiene, World Health Organization (WHO), uri: washdata.org, note: Aggregate data by groups are computed based on the groupings for the World Bank fiscal year in which the data was released by the WHO/UNICEF Joint Monitoring Programme (JMP) for Water Supply, Sanitation and Hygiene., publisher: WHO/UNICEF Joint Monitoring Programme (JMP) for Water Supply, Sanitation and Hygiene (washdata.org), date accessed: 2025-09-30, date published: 2025-08-25;
UN Children's Fund (UNICEF), uri: washdata.org, note: WHO/UNICEF Joint Monitoring Programme (JMP) for Water Supply, Sanitation and Hygiene",Health; Environment,"The percentage of people using drinking water from an improved source that is accessible on premises, available when needed and free from fecal and priority chemical contamination. Improved water sources include piped water, boreholes or tubewells, protected dug wells, protected springs, and packaged or delivered water."
SH.H2O.SMDW.ZS,People using safely managed drinking water services (% of population),,"WHO/UNICEF Joint Monitoring Programme (JMP) for Water Supply, Sanitation and Hygiene, World Health Organization (WHO), uri: washdata.org, note: Aggregate data by groups are computed based on the groupings for the World Bank fiscal year in which the data was released by the WHO/UNICEF Joint Monitoring Programme (JMP) for Water Supply, Sanitation and Hygiene., publisher: WHO/UNICEF Joint Monitoring Programme (JMP) for Water Supply, Sanitation and Hygiene (washdata.org), date accessed: 2025-09-30, date published: 2025-08-25;
UN Children's Fund (UNICEF), uri: washdata.org, note: WHO/UNICEF Joint Monitoring Programme (JMP) for Water Supply, Sanitation and Hygiene",Health; Environment,"The percentage of people using drinking water from an improved source that is accessible on premises, available when needed and free from fecal and priority chemical contamination. Improved water sources include piped water, boreholes or tubewells, protected dug wells, protected springs, and packaged or delivered water."
SH.HIV.1524.FE.ZS,"Prevalence of HIV, female (% ages 15-24)",,"UNAIDS estimates, Joint United Nations Programme on HIV/AIDS (UNAIDS), uri: https://aidsinfo.unaids.org/, publisher: UNAIDS, date accessed: 2025-08-27, date published: 2025-07",Health; Gender; Social Development,"Prevalence of HIV, female is the percentage of females who are infected with HIV. Youth rates are as a percentage of the relevant age group."
SH.HIV.1524.MA.ZS,"Prevalence of HIV, male (% ages 15-24)",,"UNAIDS estimates, Joint United Nations Programme on HIV/AIDS (UNAIDS), uri: https://aidsinfo.unaids.org/, publisher: UNAIDS, date accessed: 2025-08-27, date published: 2025-07",Health; Gender; Social Development,"Prevalence of HIV, male is the percentage of males who are infected with HIV. Youth rates are as a percentage of the relevant age group."
SH.HIV.INCD.ZS,"Incidence of HIV, ages 15-49 (per 1,000 uninfected population ages 15-49)",,"UNAIDS estimates, Joint United Nations Programme on HIV/AIDS (UNAIDS), uri: https://aidsinfo.unaids.org/, publisher: UNAIDS, date accessed: 2025-08-27, date published: 2025-07",Health,"Number of new HIV infections among uninfected populations ages 15-49 expressed per 1,000 uninfected population in the year before the period."
SH.IMM.HEPB,"Immunization, HepB3 (% of one-year-old children)",,"World Health Organization (WHO), uri: http://www.who.int/immunization/monitoring_surveillance/en/;
UN Children's Fund (UNICEF)",Health,"Child immunization rate, hepatitis B is the percentage of children ages 12-23 months who received hepatitis B vaccinations before 12 months or at any time before the survey. A child is considered adequately immunized after three doses."
SH.IMM.IDPT,"Immunization, DPT (% of children ages 12-23 months)",,"World Health Organization (WHO), uri: http://www.who.int/immunization/monitoring_surveillance/en/;
UN Children's Fund (UNICEF)",Health,"Child immunization, DPT, measures the percentage of children ages 12-23 months who received DPT vaccinations before 12 months or at any time before the survey. A child is considered adequately immunized against diphtheria, pertussis (or whooping cough), and tetanus (DPT) after receiving three doses of vaccine."
SH.IMM.MEAS,"Immunization, measles (% of children ages 12-23 months)",,"World Health Organization (WHO), uri: http://www.who.int/immunization/monitoring_surveillance/en/;
UN Children's Fund (UNICEF), uri: https://data.unicef.org/topic/child-health/immunization/",Health,"Child immunization, measles, measures the percentage of children ages 12-23 months who received the measles vaccination before 12 months or at any time before the survey. A child is considered adequately immunized against measles after receiving one dose of vaccine."
SH.MED.NUMW.P3,"Nurses and midwives (per 1,000 people)",,"Global Health Workforce Statistics, World Health Organization (WHO);
Organisation for Economic Co-operation and Development (OECD);
Country data",Health,"Nurses and midwives include professional nurses, professional midwives, auxiliary nurses, auxiliary midwives, enrolled nurses, enrolled midwives and other associated personnel, such as dental nurses and primary care nurses."
SH.MED.PHYS.ZS,"Physicians (per 1,000 people)",,"Global Health Workforce Statistics, World Health Organization (WHO);
Organisation for Economic Co-operation and Development (OECD);
Country data",Health,Physicians include generalist and specialist medical practitioners.
SH.MLR.INCD.P3,"Incidence of malaria (per 1,000 population at risk)",,"Global Health Observatory Data Repository/World Health Statistics, World Health Organization (WHO), uri: http://apps.who.int/ghodata/",Health,"Incidence of malaria is the number of new cases of malaria in a year per 1,000 population at risk."
SH.PRV.SMOK.FE,"Prevalence of current tobacco use, females (% of female adults)",,"Global Health Observatory Data Repository, World Health Organization (WHO), uri: https://www.who.int/data/gho",Health; Gender,"The percentage of the female population ages 15 years and over who currently use any tobacco product (smoked and/or smokeless tobacco) on a daily or non-daily basis. Tobacco products include cigarettes, pipes, cigars, cigarillos, waterpipes (hookah, shisha), bidis, kretek, heated tobacco products, and all forms of smokeless (oral and nasal) tobacco. Tobacco products exclude e-cigarettes (which do not contain tobacco), “e-cigars”, “e-hookahs”, JUUL and “e-pipes”. The rates are age-standardized to the WHO Standard Population."
SH.PRV.SMOK.MA,"Prevalence of current tobacco use, males (% of male adults)",,"Global Health Observatory Data Repository, World Health Organization (WHO), uri: https://www.who.int/data/gho",Health; Gender,"The percentage of the male population ages 15 years and over who currently use any tobacco product (smoked and/or smokeless tobacco) on a daily or non-daily basis. Tobacco products include cigarettes, pipes, cigars, cigarillos, waterpipes (hookah, shisha), bidis, kretek, heated tobacco products, and all forms of smokeless (oral and nasal) tobacco. Tobacco products exclude e-cigarettes (which do not contain tobacco), “e-cigars”, “e-hookahs”, JUUL and “e-pipes”. The rates are age-standardized to the WHO Standard Population."
SH.STA.AIRP.FE.P5,"Mortality rate attributed to household and ambient air pollution, age-standardized, female (per 100,000 female population)",,"Global Health Observatory Data Repository, World Health Organization (WHO), uri: https://www.who.int/data/gho",Health,"Mortality rate attributed to household and ambient air pollution is the number of deaths attributable to the joint effects of household and ambient air pollution in a year per 100,000 population. The rates are age-standardized.  Following diseases are taken into account: acute respiratory infections (estimated for all ages); cerebrovascular diseases in adults (estimated above 25 years); ischaemic heart diseases in adults (estimated above 25 years); chronic obstructive pulmonary disease in adults (estimated above 25 years); and lung cancer in adults (estimated above 25 years)."
SH.STA.AIRP.MA.P5,"Mortality rate attributed to household and ambient air pollution, age-standardized, male (per 100,000 male population)",,"Global Health Observatory Data Repository, World Health Organization (WHO), uri: https://www.who.int/data/gho",Health,"Mortality rate attributed to household and ambient air pollution is the number of deaths attributable to the joint effects of household and ambient air pollution in a year per 100,000 population. The rates are age-standardized.  Following diseases are taken into account: acute respiratory infections (estimated for all ages); cerebrovascular diseases in adults (estimated above 25 years); ischaemic heart diseases in adults (estimated above 25 years); chronic obstructive pulmonary disease in adults (estimated above 25 years); and lung cancer in adults (estimated above 25 years)."
SH.STA.AIRP.P5,"Mortality rate attributed to household and ambient air pollution, age-standardized (per 100,000 population)",,"Global Health Observatory Data Repository, World Health Organization (WHO), uri: https://www.who.int/data/gho",Health; Environment,"Mortality rate attributed to household and ambient air pollution is the number of deaths attributable to the joint effects of household and ambient air pollution in a year per 100,000 population. The rates are age-standardized.  Following diseases are taken into account: acute respiratory infections (estimated for all ages); cerebrovascular diseases in adults (estimated above 25 years); ischaemic heart diseases in adults (estimated above 25 years); chronic obstructive pulmonary disease in adults (estimated above 25 years); and lung cancer in adults (estimated above 25 years)."
SH.STA.BASS.RU.ZS,"People using at least basic sanitation services, rural (% of rural population)",,"WHO/UNICEF Joint Monitoring Programme (JMP) for Water Supply, Sanitation and Hygiene, World Health Organization (WHO), uri: washdata.org, publisher: WHO/UNICEF Joint Monitoring Programme (JMP) for Water Supply, Sanitation and Hygiene (washdata.org), date accessed: 2025-09-30, date published: 2025-08-25;
UN Children's Fund (UNICEF), uri: washdata.org, note: WHO/UNICEF Joint Monitoring Programme (JMP) for Water Supply, Sanitation and Hygiene",Health; Environment,"The percentage of people using at least basic sanitation services, that is, improved sanitation facilities that are not shared with other households.  This indicator encompasses both people using basic sanitation services as well as those using safely managed sanitation services.   Improved sanitation facilities include flush/pour flush to piped sewer systems, septic tanks or pit latrines; ventilated improved pit latrines, composting toilets or pit latrines with slabs."
SH.STA.BASS.UR.ZS,"People using at least basic sanitation services, urban (% of urban population)",,"WHO/UNICEF Joint Monitoring Programme (JMP) for Water Supply, Sanitation and Hygiene, World Health Organization (WHO), uri: washdata.org, publisher: WHO/UNICEF Joint Monitoring Programme (JMP) for Water Supply, Sanitation and Hygiene (washdata.org), date accessed: 2025-09-30, date published: 2025-08-25;
UN Children's Fund (UNICEF), uri: washdata.org, note: WHO/UNICEF Joint Monitoring Programme (JMP) for Water Supply, Sanitation and Hygiene",Health; Environment,"The percentage of people using at least basic sanitation services, that is, improved sanitation facilities that are not shared with other households.  This indicator encompasses both people using basic sanitation services as well as those using safely managed sanitation services.   Improved sanitation facilities include flush/pour flush to piped sewer systems, septic tanks or pit latrines; ventilated improved pit latrines, composting toilets or pit latrines with slabs."
SH.STA.BASS.ZS,People using at least basic sanitation services (% of population),,"WHO/UNICEF Joint Monitoring Programme (JMP) for Water Supply, Sanitation and Hygiene, World Health Organization (WHO), uri: washdata.org, publisher: WHO/UNICEF Joint Monitoring Programme (JMP) for Water Supply, Sanitation and Hygiene (washdata.org), date accessed: 2025-09-30, date published: 2025-08-25;
UN Children's Fund (UNICEF), uri: washdata.org, note: WHO/UNICEF Joint Monitoring Programme (JMP) for Water Supply, Sanitation and Hygiene",Health; Environment,"The percentage of people using at least basic sanitation services, that is, improved sanitation facilities that are not shared with other households.  This indicator encompasses both people using basic sanitation services as well as those using safely managed sanitation services.   Improved sanitation facilities include flush/pour flush to piped sewer systems, septic tanks or pit latrines; ventilated improved pit latrines, composting toilets or pit latrines with slabs."
SH.STA.BFED.ZS,Exclusive breastfeeding (% of children under 6 months),,"State of the World's Children, UN Children's Fund (UNICEF);
Childinfo, UN Children's Fund (UNICEF);
Demographic and Health Surveys, Demographic and Health Surveys (DHS) Program",Health,Exclusive breastfeeding refers to the percentage of children less than six months old who are fed breast milk alone (no other liquids) in the past 24 hours.
SH.STA.BRTC.ZS,Births attended by skilled health staff (% of total),,"State of the World's Children, UN Children's Fund (UNICEF);
Childinfo, UN Children's Fund (UNICEF);
Demographic and Health Surveys, Demographic and Health Surveys (DHS) Program",Health; Gender,"Births attended by skilled health staff are the percentage of deliveries attended by personnel trained to give the necessary supervision, care, and advice to women during pregnancy, labor, and the postpartum period; to conduct deliveries on their own; and to care for newborns."
SH.STA.FGMS.ZS,Female genital mutilation prevalence (%),,"UNICEF DATA, UN Children's Fund (UNICEF), uri: https://sdmx.data.unicef.org/overview.html, note: Indicator code from the original source: PT_F_15-49_FGM; 	Indicator name from the original source: Percentage of girls and women (aged 15-49 years) who have undergone female genital mutilation (FGM), type: API, date accessed: 2023-12-07;
Demographic and Health Surveys (DHS), Multiple Indicator Cluster Surveys (MICS) and other surverys, Demographic and Health Surveys (DHS) Program, uri: https://sdmx.data.unicef.org/overview.html, note: Indicator code from the original source: PT_F_15-49_FGM; 	Indicator name from the original source: Percentage of girls and women (aged 15-49 years) who have undergone female genital mutilation (FGM), publisher: The DHS Program (ICF), type: API, date accessed: 2023-12-07;
DHS API, Demographic and Health Surveys (DHS) Program, uri: https://api.dhsprogram.com/#/index.html, note: Indicator code from the original source: PT_F_15-49_FGM; 	Indicator name from the original source: Percentage of girls and women (aged 15-49 years) who have undergone female genital mutilation (FGM), date accessed: 2023-12-07",Health,Percentage of women aged 15–49 who have gone through partial or total removal of the female external genitalia or other injury to the female genital organs for cultural or other non-therapeutic reasons.
SH.STA.HYGN.RU.ZS,"People with basic handwashing facilities including soap and water, rural (% of rural population)",,"WHO/UNICEF Joint Monitoring Programme (JMP) for Water Supply, Sanitation and Hygiene, World Health Organization (WHO), uri: washdata.org, publisher: WHO/UNICEF Joint Monitoring Programme (JMP) for Water Supply, Sanitation and Hygiene (washdata.org), date accessed: 2025-09-30, date published: 2025-08-25;
UN Children's Fund (UNICEF), uri: washdata.org, note: WHO/UNICEF Joint Monitoring Programme (JMP) for Water Supply, Sanitation and Hygiene",Health; Environment,"The percentage of people living in households that have a handwashing facility with soap and water available on the premises. Handwashing facilities may be fixed or mobile and include a sink with tap water, buckets with taps, tippy-taps, and jugs or basins designated for handwashing. Soap includes bar soap, liquid soap, powder detergent, and soapy water but does not include ash, soil, sand or other handwashing agents."
SH.STA.HYGN.UR.ZS,"People with basic handwashing facilities including soap and water, urban (% of urban population)",,"WHO/UNICEF Joint Monitoring Programme (JMP) for Water Supply, Sanitation and Hygiene, World Health Organization (WHO), uri: washdata.org, publisher: WHO/UNICEF Joint Monitoring Programme (JMP) for Water Supply, Sanitation and Hygiene (washdata.org), date accessed: 2025-09-30, date published: 2025-08-25;
UN Children's Fund (UNICEF), uri: washdata.org, note: WHO/UNICEF Joint Monitoring Programme (JMP) for Water Supply, Sanitation and Hygiene",Health; Environment,"The percentage of people living in households that have a handwashing facility with soap and water available on the premises. Handwashing facilities may be fixed or mobile and include a sink with tap water, buckets with taps, tippy-taps, and jugs or basins designated for handwashing. Soap includes bar soap, liquid soap, powder detergent, and soapy water but does not include ash, soil, sand or other handwashing agents."
SH.STA.HYGN.ZS,People with basic handwashing facilities including soap and water (% of population),,"WHO/UNICEF Joint Monitoring Programme (JMP) for Water Supply, Sanitation and Hygiene, World Health Organization (WHO), uri: washdata.org, publisher: WHO/UNICEF Joint Monitoring Programme (JMP) for Water Supply, Sanitation and Hygiene (washdata.org), date accessed: 2025-09-30, date published: 2025-08-25;
UN Children's Fund (UNICEF), uri: washdata.org, note: WHO/UNICEF Joint Monitoring Programme (JMP) for Water Supply, Sanitation and Hygiene",Health; Environment,"The percentage of people living in households that have a handwashing facility with soap and water available on the premises. Handwashing facilities may be fixed or mobile and include a sink with tap water, buckets with taps, tippy-taps, and jugs or basins designated for handwashing. Soap includes bar soap, liquid soap, powder detergent, and soapy water but does not include ash, soil, sand or other handwashing agents."
SH.STA.MALN.FE.ZS,"Prevalence of underweight, weight for age, female (% of children under 5)",,"UNICEF, WHO, World Bank: Joint child Malnutrition Estimates (JME). Aggregation is based on UNICEF, WHO, and the World Bank harmonized dataset (adjusted, comparable data) and methodology., UN Children's Fund (UNICEF), note: Aggregation is based on UNICEF, WHO, and the World Bank harmonized dataset (adjusted, comparable data) and methodology;
World Health Organization (WHO), note: Joint child Malnutrition Estimates (JME); Aggregation is based on UNICEF, WHO, and the World Bank harmonized dataset (adjusted, comparable data) and methodology;
World Bank (WB), note: Joint child Malnutrition Estimates (JME); Aggregation is based on UNICEF, WHO, and the World Bank harmonized dataset (adjusted, comparable data) and methodology",Health; Gender,"Prevalence of underweight, female, is the percentage of girls under age 5 whose weight for age is more than two standard deviations below the median for the international reference population ages 0-59 months. The data are based on the WHO's 2006 Child Growth Standards."
SH.STA.MALN.MA.ZS,"Prevalence of underweight, weight for age, male (% of children under 5)",,"UNICEF, WHO, World Bank: Joint child Malnutrition Estimates (JME). Aggregation is based on UNICEF, WHO, and the World Bank harmonized dataset (adjusted, comparable data) and methodology., UN Children's Fund (UNICEF), note: Aggregation is based on UNICEF, WHO, and the World Bank harmonized dataset (adjusted, comparable data) and methodology;
World Health Organization (WHO), note: Joint child Malnutrition Estimates (JME); Aggregation is based on UNICEF, WHO, and the World Bank harmonized dataset (adjusted, comparable data) and methodology;
World Bank (WB), note: Joint child Malnutrition Estimates (JME); Aggregation is based on UNICEF, WHO, and the World Bank harmonized dataset (adjusted, comparable data) and methodology",Health; Gender,"Prevalence of underweight, male, is the percentage of boys under age 5 whose weight for age is more than two standard deviations below the median for the international reference population ages 0-59 months. The data are based on the WHO's 2006 Child Growth Standards."
SH.STA.MALN.ZS,"Prevalence of underweight, weight for age (% of children under 5)",,"UNICEF, WHO, World Bank: Joint child Malnutrition Estimates (JME). Aggregation is based on UNICEF, WHO, and the World Bank harmonized dataset (adjusted, comparable data) and methodology., UN Children's Fund (UNICEF), note: Aggregation is based on UNICEF, WHO, and the World Bank harmonized dataset (adjusted, comparable data) and methodology;
World Health Organization (WHO), note: Joint child Malnutrition Estimates (JME); Aggregation is based on UNICEF, WHO, and the World Bank harmonized dataset (adjusted, comparable data) and methodology;
World Bank (WB), note: Joint child Malnutrition Estimates (JME); Aggregation is based on UNICEF, WHO, and the World Bank harmonized dataset (adjusted, comparable data) and methodology",Health; Climate Change,Prevalence of underweight children is the percentage of children under age 5 whose weight for age is more than two standard deviations below the median for the international reference population ages 0-59 months. The data are based on the WHO's 2006 Child Growth Standards.
SH.STA.MMRT,"Maternal mortality ratio (modeled estimate, per 100,000 live births)",,"Trends in Maternal Mortality, World Health Organization (WHO), uri: https://www.who.int/news/item/23-02-2023-a-woman-dies-every-two-minutes-due-to-pregnancy-or-childbirth--un-agencies;
UN Children's Fund (UNICEF), note: Trends in Maternal Mortality;
UN Population Fund (UNFPA), note: Trends in Maternal Mortality;
World Bank Group (WBG), note: Trends in Maternal Mortality",Health; Gender; Aid Effectiveness,"Maternal mortality ratio is the number of women who die from pregnancy-related causes while pregnant or within 42 days of pregnancy termination per 100,000 live births. The data are estimated with a regression model using information on the proportion of maternal deaths among non-AIDS deaths in women ages 15-49, fertility, birth attendants, and GDP measured using purchasing power parities (PPPs)."
SH.STA.ODFC.RU.ZS,"People practicing open defecation, rural (% of rural population)",,"WHO/UNICEF Joint Monitoring Programme (JMP) for Water Supply, Sanitation and Hygiene, World Health Organization (WHO), uri: washdata.org, publisher: WHO/UNICEF Joint Monitoring Programme (JMP) for Water Supply, Sanitation and Hygiene (washdata.org), date accessed: 2025-09-30, date published: 2025-08-25;
UN Children's Fund (UNICEF), uri: washdata.org, note: WHO/UNICEF Joint Monitoring Programme (JMP) for Water Supply, Sanitation and Hygiene",Health; Environment,"People practicing open defecation refers to the percentage of the population defecating in the open, such as in fields, forest, bushes, open bodies of water, on beaches, in other open spaces or disposed of with solid waste."
SH.STA.ODFC.UR.ZS,"People practicing open defecation, urban (% of urban population)",,"WHO/UNICEF Joint Monitoring Programme (JMP) for Water Supply, Sanitation and Hygiene, World Health Organization (WHO), uri: washdata.org, publisher: WHO/UNICEF Joint Monitoring Programme (JMP) for Water Supply, Sanitation and Hygiene (washdata.org), date accessed: 2025-09-30, date published: 2025-08-25;
UN Children's Fund (UNICEF), uri: washdata.org, note: WHO/UNICEF Joint Monitoring Programme (JMP) for Water Supply, Sanitation and Hygiene",Health; Environment,"People practicing open defecation refers to the percentage of the population defecating in the open, such as in fields, forest, bushes, open bodies of water, on beaches, in other open spaces or disposed of with solid waste."
SH.STA.ODFC.ZS,People practicing open defecation (% of population),,"WHO/UNICEF Joint Monitoring Programme (JMP) for Water Supply, Sanitation and Hygiene, World Health Organization (WHO), uri: washdata.org, publisher: WHO/UNICEF Joint Monitoring Programme (JMP) for Water Supply, Sanitation and Hygiene (washdata.org), date accessed: 2025-09-30, date published: 2025-08-25;
UN Children's Fund (UNICEF), uri: washdata.org, note: WHO/UNICEF Joint Monitoring Programme (JMP) for Water Supply, Sanitation and Hygiene",Health; Environment,"People practicing open defecation refers to the percentage of the population defecating in the open, such as in fields, forest, bushes, open bodies of water, on beaches, in other open spaces or disposed of with solid waste."
SH.STA.OWGH.FE.ZS,"Prevalence of overweight, weight for height, female (% of children under 5)",,"UNICEF, WHO, World Bank: Joint child Malnutrition Estimates (JME). Aggregation is based on UNICEF, WHO, and the World Bank harmonized dataset (adjusted, comparable data) and methodology., UN Children's Fund (UNICEF), note: Aggregation is based on UNICEF, WHO, and the World Bank harmonized dataset (adjusted, comparable data) and methodology;
World Health Organization (WHO), note: Joint child Malnutrition Estimates (JME); Aggregation is based on UNICEF, WHO, and the World Bank harmonized dataset (adjusted, comparable data) and methodology;
World Bank (WB), note: Joint child Malnutrition Estimates (JME); Aggregation is based on UNICEF, WHO, and the World Bank harmonized dataset (adjusted, comparable data) and methodology",Health,"Prevalence of overweight, female, is the percentage of girls under age 5 whose weight for height is more than two standard deviations above the median for the international reference population of the corresponding age as established by the WHO's 2006 Child Growth Standards."
SH.STA.OWGH.MA.ZS,"Prevalence of overweight, weight for height, male (% of children under 5)",,"UNICEF, WHO, World Bank: Joint child Malnutrition Estimates (JME). Aggregation is based on UNICEF, WHO, and the World Bank harmonized dataset (adjusted, comparable data) and methodology., UN Children's Fund (UNICEF), note: Aggregation is based on UNICEF, WHO, and the World Bank harmonized dataset (adjusted, comparable data) and methodology;
World Health Organization (WHO), note: Joint child Malnutrition Estimates (JME); Aggregation is based on UNICEF, WHO, and the World Bank harmonized dataset (adjusted, comparable data) and methodology;
World Bank (WB), note: Joint child Malnutrition Estimates (JME); Aggregation is based on UNICEF, WHO, and the World Bank harmonized dataset (adjusted, comparable data) and methodology",Health,"Prevalence of overweight, male, is the percentage of boys under age 5 whose weight for height is more than two standard deviations above the median for the international reference population of the corresponding age as established by the WHO's 2006 Child Growth Standards."
SH.STA.OWGH.ZS,"Prevalence of overweight, weight for height (% of children under 5)",,"UNICEF, WHO, World Bank: Joint child Malnutrition Estimates (JME). Aggregation is based on UNICEF, WHO, and the World Bank harmonized dataset (adjusted, comparable data) and methodology., UN Children's Fund (UNICEF), note: Aggregation is based on UNICEF, WHO, and the World Bank harmonized dataset (adjusted, comparable data) and methodology;
World Health Organization (WHO), note: Joint child Malnutrition Estimates (JME); Aggregation is based on UNICEF, WHO, and the World Bank harmonized dataset (adjusted, comparable data) and methodology;
World Bank (WB), note: Joint child Malnutrition Estimates (JME); Aggregation is based on UNICEF, WHO, and the World Bank harmonized dataset (adjusted, comparable data) and methodology",Health,Prevalence of overweight children is the percentage of children under age 5 whose weight for height is more than two standard deviations above the median for the international reference population of the corresponding age as established by the WHO's 2006 Child Growth Standards.
SH.STA.POIS.P5,"Mortality rate attributed to unintentional poisoning (per 100,000 population)",,"World Health Organization, Global Health Observatory Data Repository (http://apps.who.int/ghodata/)., World Health Organization (WHO), uri: https://www.who.int/data/gho",Health; Environment,"Mortality rate attributed to unintentional poisonings is the number of deaths from unintentional poisonings in a year per 100,000 population.  Unintentional poisoning can


be caused by household chemicals, pesticides, kerosene, carbon monoxide and medicines, or can be the result of environmental contamination or occupational chemical exposure."
SH.STA.POIS.P5.FE,"Mortality rate attributed to unintentional poisoning, female (per 100,000 female population)",,"World Health Organization, Global Health Observatory Data Repository (http://apps.who.int/ghodata/)., World Health Organization (WHO), uri: https://www.who.int/data/gho",Health; Environment,"Mortality rate attributed to unintentional poisonings is the number of female deaths from unintentional poisonings in a year per 100,000 female population.  Unintentional poisoning can be caused by household chemicals, pesticides, kerosene, carbon monoxide and medicines, or can be the result of environmental contamination or occupational chemical exposure."
SH.STA.POIS.P5.MA,"Mortality rate attributed to unintentional poisoning, male (per 100,000 male population)",,"World Health Organization, Global Health Observatory Data Repository (http://apps.who.int/ghodata/)., World Health Organization (WHO), uri: https://www.who.int/data/gho",Health; Environment,"Mortality rate attributed to unintentional poisonings is the number of male deaths from unintentional poisonings in a year per 100,000 male population. Unintentional poisoning can


be caused by household chemicals, pesticides, kerosene, carbon monoxide and medicines, or can be the result of environmental contamination or occupational chemical exposure."
SH.STA.SMSS.RU.ZS,"People using safely managed sanitation services, rural (% of rural population)",,"WHO/UNICEF Joint Monitoring Programme (JMP) for Water Supply, Sanitation and Hygiene, World Health Organization (WHO), uri: washdata.org, note: Aggregate data by groups are computed based on the groupings for the World Bank fiscal year in which the data was released by the WHO/UNICEF Joint Monitoring Programme (JMP) for Water Supply, Sanitation and Hygiene., publisher: WHO/UNICEF Joint Monitoring Programme (JMP) for Water Supply, Sanitation and Hygiene (washdata.org), date accessed: 2025-09-30, date published: 2025-08-25;
UN Children's Fund (UNICEF), uri: washdata.org, note: WHO/UNICEF Joint Monitoring Programme (JMP) for Water Supply, Sanitation and Hygiene",Health; Environment,"The percentage of people using improved sanitation facilities that are not shared with other households and where excreta are safely disposed of in situ or transported and treated offsite. Improved sanitation facilities include flush/pour flush to piped sewer systems, septic tanks or pit latrines: ventilated improved pit latrines, composting toilets or pit latrines with slabs."
SH.STA.SMSS.UR.ZS,"People using safely managed sanitation services, urban (% of urban population)",,"WHO/UNICEF Joint Monitoring Programme (JMP) for Water Supply, Sanitation and Hygiene, World Health Organization (WHO), uri: washdata.org, note: Aggregate data by groups are computed based on the groupings for the World Bank fiscal year in which the data was released by the WHO/UNICEF Joint Monitoring Programme (JMP) for Water Supply, Sanitation and Hygiene., publisher: WHO/UNICEF Joint Monitoring Programme (JMP) for Water Supply, Sanitation and Hygiene (washdata.org), date accessed: 2025-09-30, date published: 2025-08-25;
UN Children's Fund (UNICEF), uri: washdata.org, note: WHO/UNICEF Joint Monitoring Programme (JMP) for Water Supply, Sanitation and Hygiene",Health; Environment,"The percentage of people using improved sanitation facilities that are not shared with other households and where excreta are safely disposed of in situ or transported and treated offsite. Improved sanitation facilities include flush/pour flush to piped sewer systems, septic tanks or pit latrines: ventilated improved pit latrines, composting toilets or pit latrines with slabs."
SH.STA.SMSS.ZS,People using safely managed sanitation services (% of population),,"WHO/UNICEF Joint Monitoring Programme (JMP) for Water Supply, Sanitation and Hygiene, World Health Organization (WHO), uri: washdata.org, note: Aggregate data by groups are computed based on the groupings for the World Bank fiscal year in which the data was released by the WHO/UNICEF Joint Monitoring Programme (JMP) for Water Supply, Sanitation and Hygiene., publisher: WHO/UNICEF Joint Monitoring Programme (JMP) for Water Supply, Sanitation and Hygiene (washdata.org), date accessed: 2025-09-30, date published: 2025-08-25;
UN Children's Fund (UNICEF), uri: washdata.org, note: WHO/UNICEF Joint Monitoring Programme (JMP) for Water Supply, Sanitation and Hygiene",Health; Environment,"The percentage of people using improved sanitation facilities that are not shared with other households and where excreta are safely disposed of in situ or transported and treated offsite. Improved sanitation facilities include flush/pour flush to piped sewer systems, septic tanks or pit latrines: ventilated improved pit latrines, composting toilets or pit latrines with slabs."
SH.STA.STNT.FE.ZS,"Prevalence of stunting, height for age, female (% of children under 5)",,"UNICEF, WHO, World Bank: Joint child Malnutrition Estimates (JME). Aggregation is based on UNICEF, WHO, and the World Bank harmonized dataset (adjusted, comparable data) and methodology., UN Children's Fund (UNICEF), note: Aggregation is based on UNICEF, WHO, and the World Bank harmonized dataset (adjusted, comparable data) and methodology;
World Health Organization (WHO), note: Joint child Malnutrition Estimates (JME); Aggregation is based on UNICEF, WHO, and the World Bank harmonized dataset (adjusted, comparable data) and methodology;
World Bank (WB), note: Joint child Malnutrition Estimates (JME); Aggregation is based on UNICEF, WHO, and the World Bank harmonized dataset (adjusted, comparable data) and methodology",Health,"Prevalence of stunting, female, is the percentage of girls under age 5 whose height for age is more than two standard deviations below the median for the international reference population ages 0-59 months. For children up to two years old height is measured by recumbent length. For older children height is measured by stature while standing. The data are based on the WHO's 2006 Child Growth Standards."
SH.STA.STNT.MA.ZS,"Prevalence of stunting, height for age, male (% of children under 5)",,"UNICEF, WHO, World Bank: Joint child Malnutrition Estimates (JME). Aggregation is based on UNICEF, WHO, and the World Bank harmonized dataset (adjusted, comparable data) and methodology., UN Children's Fund (UNICEF), note: Aggregation is based on UNICEF, WHO, and the World Bank harmonized dataset (adjusted, comparable data) and methodology;
World Health Organization (WHO), note: Joint child Malnutrition Estimates (JME); Aggregation is based on UNICEF, WHO, and the World Bank harmonized dataset (adjusted, comparable data) and methodology;
World Bank (WB), note: Joint child Malnutrition Estimates (JME); Aggregation is based on UNICEF, WHO, and the World Bank harmonized dataset (adjusted, comparable data) and methodology",Health,"Prevalence of stunting, male, is the percentage of boys under age 5 whose height for age is more than two standard deviations below the median for the international reference population ages 0-59 months. For children up to two years old height is measured by recumbent length. For older children height is measured by stature while standing. The data are based on the WHO's 2006 Child Growth Standards."
SH.STA.STNT.ZS,"Prevalence of stunting, height for age (% of children under 5)",,"UNICEF, WHO, World Bank: Joint child Malnutrition Estimates (JME). Aggregation is based on UNICEF, WHO, and the World Bank harmonized dataset (adjusted, comparable data) and methodology., UN Children's Fund (UNICEF), note: Aggregation is based on UNICEF, WHO, and the World Bank harmonized dataset (adjusted, comparable data) and methodology;
World Health Organization (WHO), note: Joint child Malnutrition Estimates (JME); Aggregation is based on UNICEF, WHO, and the World Bank harmonized dataset (adjusted, comparable data) and methodology;
World Bank (WB), note: Joint child Malnutrition Estimates (JME); Aggregation is based on UNICEF, WHO, and the World Bank harmonized dataset (adjusted, comparable data) and methodology",Health; Aid Effectiveness,Prevalence of stunting is the percentage of children under age 5 whose height for age is more than two standard deviations below the median for the international reference population ages 0-59 months. For children up to two years old height is measured by recumbent length. For older children height is measured by stature while standing. The data are based on the WHO's 2006 Child Growth Standards.
SH.STA.SUIC.FE.P5,"Suicide mortality rate, female (per 100,000 female population)",,"World Health Organization, Global Health Observatory Data Repository (http://apps.who.int/ghodata/)., World Health Organization (WHO), uri: https://www.who.int/data/gho",Health,"Suicide mortality rate is the number of suicide deaths in a year per 100,000 population. Crude suicide rate (not age-adjusted)."
SH.STA.SUIC.MA.P5,"Suicide mortality rate, male (per 100,000 male population)",,"World Health Organization, Global Health Observatory Data Repository (http://apps.who.int/ghodata/)., World Health Organization (WHO), uri: https://www.who.int/data/gho",Health,"Suicide mortality rate is the number of suicide deaths in a year per 100,000 population. Crude suicide rate (not age-adjusted)."
SH.STA.SUIC.P5,"Suicide mortality rate (per 100,000 population)",,"World Health Organization, Global Health Observatory Data Repository (http://apps.who.int/ghodata/)., World Health Organization (WHO), uri: https://www.who.int/data/gho",Health,"Suicide mortality rate is the number of suicide deaths in a year per 100,000 population. Crude suicide rate (not age-adjusted)."
SH.STA.TRAF.P5,"Mortality caused by road traffic injury (per 100,000 population)",,"World Health Organization, Global Health Observatory Data Repository (http://apps.who.int/ghodata/)., World Health Organization (WHO), uri: https://www.who.int/data/gho",Health; Urban Development,"Mortality caused by road traffic injury is estimated road traffic fatal injury deaths per 100,000 population."
SH.STA.WASH.P5,"Mortality rate attributed to unsafe water, unsafe sanitation and lack of hygiene (per 100,000 population)",,"World Health Organization, Global Health Observatory Data Repository (http://apps.who.int/ghodata/)., World Health Organization (WHO), uri: https://www.who.int/data/gho",Health; Environment,"Mortality rate attributed to unsafe water, unsafe sanitation and lack of hygiene is deaths attributable to unsafe water, sanitation and hygiene focusing on inadequate WASH services per 100,000 population. Death rates are calculated by dividing the number of deaths by the total population. In this estimate, only the impact of diarrhoeal diseases, intestinal nematode infections, and protein-energy malnutrition are taken into account."
SH.STA.WAST.FE.ZS,"Prevalence of wasting, weight for height, female (% of children under 5)",,"UNICEF, WHO, World Bank: Joint child Malnutrition Estimates (JME). Aggregation is based on UNICEF, WHO, and the World Bank harmonized dataset (adjusted, comparable data) and methodology., UN Children's Fund (UNICEF), note: Aggregation is based on UNICEF, WHO, and the World Bank harmonized dataset (adjusted, comparable data) and methodology;
World Health Organization (WHO), note: Joint child Malnutrition Estimates (JME); Aggregation is based on UNICEF, WHO, and the World Bank harmonized dataset (adjusted, comparable data) and methodology;
World Bank (WB), note: Joint child Malnutrition Estimates (JME); Aggregation is based on UNICEF, WHO, and the World Bank harmonized dataset (adjusted, comparable data) and methodology",Health,"Prevalence of wasting, female, is the proportion of girls under age 5 whose weight for height is more than two standard deviations below the median for the international reference population ages 0-59 months."
SH.STA.WAST.MA.ZS,"Prevalence of wasting, weight for height, male (% of children under 5)",,"UNICEF, WHO, World Bank: Joint child Malnutrition Estimates (JME). Aggregation is based on UNICEF, WHO, and the World Bank harmonized dataset (adjusted, comparable data) and methodology., UN Children's Fund (UNICEF), note: Aggregation is based on UNICEF, WHO, and the World Bank harmonized dataset (adjusted, comparable data) and methodology;
World Health Organization (WHO), note: Joint child Malnutrition Estimates (JME); Aggregation is based on UNICEF, WHO, and the World Bank harmonized dataset (adjusted, comparable data) and methodology;
World Bank (WB), note: Joint child Malnutrition Estimates (JME); Aggregation is based on UNICEF, WHO, and the World Bank harmonized dataset (adjusted, comparable data) and methodology",Health,"Prevalence of wasting, male, is the proportion of boys under age 5 whose weight for height is more than two standard deviations below the median for the international reference population ages 0-59 months."
SH.STA.WAST.ZS,"Prevalence of wasting, weight for height (% of children under 5)",,"UNICEF, WHO, World Bank: Joint child Malnutrition Estimates (JME). Aggregation is based on UNICEF, WHO, and the World Bank harmonized dataset (adjusted, comparable data) and methodology., UN Children's Fund (UNICEF), note: Aggregation is based on UNICEF, WHO, and the World Bank harmonized dataset (adjusted, comparable data) and methodology;
World Health Organization (WHO), note: Joint child Malnutrition Estimates (JME); Aggregation is based on UNICEF, WHO, and the World Bank harmonized dataset (adjusted, comparable data) and methodology;
World Bank (WB), note: Joint child Malnutrition Estimates (JME); Aggregation is based on UNICEF, WHO, and the World Bank harmonized dataset (adjusted, comparable data) and methodology",Health,Prevalence of wasting is the proportion of children under age 5 whose weight for height is more than two standard deviations below the median for the international reference population ages 0-59 months.
SH.SVR.WAST.FE.ZS,"Prevalence of severe wasting, weight for height, female (% of children under 5)",,"UNICEF, WHO, World Bank: Joint child Malnutrition Estimates (JME). Aggregation is based on UNICEF, WHO, and the World Bank harmonized dataset (adjusted, comparable data) and methodology., UN Children's Fund (UNICEF), note: Aggregation is based on UNICEF, WHO, and the World Bank harmonized dataset (adjusted, comparable data) and methodology;
World Health Organization (WHO), note: Joint child Malnutrition Estimates (JME); Aggregation is based on UNICEF, WHO, and the World Bank harmonized dataset (adjusted, comparable data) and methodology;
World Bank (WB), note: Joint child Malnutrition Estimates (JME); Aggregation is based on UNICEF, WHO, and the World Bank harmonized dataset (adjusted, comparable data) and methodology",Health,"Prevalence of severe wasting, female, is the proportion of girls under age 5 whose weight for height is more than three standard deviations below the median for the international reference population ages 0-59 months."
SH.SVR.WAST.MA.ZS,"Prevalence of severe wasting, weight for height, male (% of children under 5)",,"UNICEF, WHO, World Bank: Joint child Malnutrition Estimates (JME). Aggregation is based on UNICEF, WHO, and the World Bank harmonized dataset (adjusted, comparable data) and methodology., UN Children's Fund (UNICEF), note: Aggregation is based on UNICEF, WHO, and the World Bank harmonized dataset (adjusted, comparable data) and methodology;
World Health Organization (WHO), note: Joint child Malnutrition Estimates (JME); Aggregation is based on UNICEF, WHO, and the World Bank harmonized dataset (adjusted, comparable data) and methodology;
World Bank (WB), note: Joint child Malnutrition Estimates (JME); Aggregation is based on UNICEF, WHO, and the World Bank harmonized dataset (adjusted, comparable data) and methodology",Health,"Prevalence of severe wasting, male, is the proportion of boys under age 5 whose weight for height is more than three standard deviations below the median for the international reference population ages 0-59 months."
SH.SVR.WAST.ZS,"Prevalence of severe wasting, weight for height (% of children under 5)",,"UNICEF, WHO, World Bank: Joint child Malnutrition Estimates (JME). Aggregation is based on UNICEF, WHO, and the World Bank harmonized dataset (adjusted, comparable data) and methodology., UN Children's Fund (UNICEF), note: Aggregation is based on UNICEF, WHO, and the World Bank harmonized dataset (adjusted, comparable data) and methodology;
World Health Organization (WHO), note: Joint child Malnutrition Estimates (JME); Aggregation is based on UNICEF, WHO, and the World Bank harmonized dataset (adjusted, comparable data) and methodology;
World Bank (WB), note: Joint child Malnutrition Estimates (JME); Aggregation is based on UNICEF, WHO, and the World Bank harmonized dataset (adjusted, comparable data) and methodology",Health,Prevalence of severe wasting is the proportion of children under age 5 whose weight for height is more than three standard deviations below the median for the international reference population ages 0-59 months.
SH.TBS.INCD,"Incidence of tuberculosis (per 100,000 people)",,"Global Tuberculosis Report, World Health Organization (WHO)",Health; Aid Effectiveness,"Incidence of tuberculosis is the estimated number of new and relapse tuberculosis cases arising in a given year, expressed as the rate per 100,000 population. All forms of TB are included, including cases in people living with HIV. Estimates for all years are recalculated as new information becomes available and techniques are refined, so they may differ from those published previously."
SH.UHC.OOPC.10.TO,Number of people spending more than 10% of household consumption or income on out-of-pocket health care expenditure,,Global Health Observatory. Geneva: World Health Organization; 2023. (https://www.who.int/data/gho/data/themes/topics/financial-protection),Health,"Number of people spending more than 10% of household consumption or income on out-of-pocket health care expenditure. Out-of-pocket health expenditure is defined as any spending incurred by a household when any member uses a health good or service to receive any type of care (preventive, curative, rehabilitative, long-term or palliative care); provided by any type of provider; for any type of disease, illness or health condition; in any type of setting (outpatient, inpatient, at home)."
SH.UHC.OOPC.10.ZS,Proportion of population spending more than 10% of household consumption or income on out-of-pocket health care expenditure (%),,"Global Health Observatory, World Health Organization (WHO), uri: https://www.who.int/data/gho/data/themes/topics/financial-protection",Health,"Proportion of population spending more than 10% of household consumption or income on out-of-pocket health care expenditure. Out-of-pocket health expenditure is defined as any spending incurred by a household when any member uses a health good or service to receive any type of care (preventive, curative, rehabilitative, long-term or palliative care); provided by any type of provider; for any type of disease, illness or health condition; in any type of setting (outpatient, inpatient, at home)."
SH.UHC.OOPC.25.TO,Number of people spending more than 25% of household consumption or income on out-of-pocket health care expenditure,,Global Health Observatory. Geneva: World Health Organization; 2023. (https://www.who.int/data/gho/data/themes/topics/financial-protection),Health,"Number of people spending more than 25% of household consumption or income on out-of-pocket health care expenditure. Out-of-pocket health expenditure is defined as any spending incurred by a household when any member uses a health good or service to receive any type of care (preventive, curative, rehabilitative, long-term or palliative care); provided by any type of provider; for any type of disease, illness or health condition; in any type of setting (outpatient, inpatient, at home)."
SH.UHC.OOPC.25.ZS,Proportion of population spending more than 25% of household consumption or income on out-of-pocket health care expenditure (%),,"Global Health Observatory, World Health Organization (WHO), uri: https://www.who.int/data/gho/data/themes/topics/financial-protection",Health,"Proportion of population spending more than 25% of household consumption or income on out-of-pocket health care expenditure. Out-of-pocket health expenditure is defined as any spending incurred by a household when any member uses a health good or service to receive any type of care (preventive, curative, rehabilitative, long-term or palliative care); provided by any type of provider; for any type of disease, illness or health condition; in any type of setting (outpatient, inpatient, at home)."
SI.DST.50MD,Proportion of people living below 50 percent of median income (%),,"World Bank, Poverty and Inequality Platform. Data are based on primary household survey data obtained from government statistical agencies and World Bank country departments. Data for high-income economies are mostly from the Luxembourg Income Study database. For more information and methodology, please see http://pip.worldbank.org., World Bank (WB), uri: http://pip.worldbank.org, note: Data are based on primary household survey data obtained from government statistical agencies and World Bank country departments. Data for high-income economies are mostly from the Luxembourg Income Study database.",Poverty,"The percentage of people in the population who live in households whose per capita income or consumption is below half of the median income or consumption per capita. The median is measured at 2021 Purchasing Power Parity (PPP) using the Poverty and Inequality Platform (http://www.pip.worldbank.org). For some countries, medians are not reported due to grouped and/or confidential data. The reference year is the year in which the underlying household survey data was collected. In cases for which the data collection period bridged two calendar years, the first year in which data were collected is reported."
SI.POV.DDAY,Poverty headcount ratio at $3.00 a day (2021 PPP) (% of population),,"World Bank, Poverty and Inequality Platform. Data are based on primary household survey data obtained from government statistical agencies and World Bank country departments. Data for high-income economies are mostly from the Luxembourg Income Study database. For more information and methodology, please see http://pip.worldbank.org., World Bank (WB), uri: http://pip.worldbank.org, note: Data are based on primary household survey data obtained from government statistical agencies and World Bank country departments. Data for high-income economies are mostly from the Luxembourg Income Study database.",Poverty; Aid Effectiveness; Climate Change,"Poverty headcount ratio at $3.00 a day is the percentage of the population living on less than $3.00 a day at 2021 purchasing power adjusted prices. As a result of revisions in PPP exchange rates, poverty rates for individual countries cannot be compared with poverty rates reported in earlier editions."
SI.POV.MDIM,Multidimensional poverty headcount ratio (% of total population),,Government statistical agencies. Data for EU countires are from the EUROSTAT,Poverty,The percentage of people who are multidimensionally poor
SI.POV.MDIM.17,"Multidimensional poverty headcount ratio, children (% of population ages 0-17)",,Government statistical agencies. Data for EU countires are from the EUROSTAT,Poverty,The percentage of children who are multidimensionally poor
SI.POV.MDIM.17.XQ,"Multidimensional poverty index, children (population ages 0-17) (scale 0-1)",,Government statistical agencies. Data for EU countires are from the EUROSTAT,Poverty,Proportion of the child population that is multidimensionally poor adjusted by the intensity of the deprivations
SI.POV.MDIM.FE,"Multidimensional poverty headcount ratio, female (% of female population)",,Government statistical agencies. Data for EU countires are from the EUROSTAT,Poverty,The percentage of female population who are multidimensionally poor
SI.POV.MDIM.HH,"Multidimensional poverty headcount ratio, household (% of total households)",,Government statistical agencies. Data for EU countires are from the EUROSTAT,Poverty,The percentage of households who are multidimensionally poor
SI.POV.MDIM.IT,Multidimensional poverty intensity (average share of deprivations experienced by the poor),,Government statistical agencies. Data for EU countires are from the EUROSTAT,Poverty,The average percentage of dimensions in which poor people are deprived
SI.POV.MDIM.MA,"Multidimensional poverty headcount ratio, male (% of male population)",,Government statistical agencies. Data for EU countires are from the EUROSTAT,Poverty,The percentage of male population who are multidimensionally poor
SI.POV.MDIM.XQ,Multidimensional poverty index (scale 0-1),,Government statistical agencies. Data for EU countires are from the EUROSTAT,Poverty,Proportion of the population that is multidimensionally poor adjusted by the intensity of the deprivations
SI.POV.NAHC,Poverty headcount ratio at national poverty lines (% of population),,"World Bank, Poverty and Inequality Platform. Data are compiled from official government sources or are computed by World Bank staff using national (i.e. country–specific) poverty lines., World Bank (WB), note: Data are compiled from official government sources or are computed by World Bank staff using national (i.e. country–specific) poverty lines.",Poverty,"National poverty headcount ratio is the percentage of the population living below the national poverty line(s). National estimates are based on population-weighted subgroup estimates from household surveys. For economies for which the data are from EU-SILC, the reported year is the income reference year, which is the year before the survey year."
SI.POV.RUHC,Rural poverty headcount ratio at national poverty lines (% of rural population),,"World Bank, Global Poverty Working Group. Data are compiled from official government sources or are computed by World Bank staff using national (i.e. country–specific) poverty lines.",Agriculture & Rural Development; Poverty,Rural poverty headcount ratio is the percentage of the rural population living below the national poverty lines.
SI.POV.URHC,Urban poverty headcount ratio at national poverty lines (% of urban population),,"World Bank, Global Poverty Working Group. Data are compiled from official government sources or are computed by World Bank staff using national (i.e. country–specific) poverty lines.",Poverty; Urban Development,Urban poverty headcount ratio is the percentage of the urban population living below the national poverty lines.
SI.RMT.COST.IB.ZS,Average transaction cost of sending remittances to a specific country (%),,"Remittance Prices Worldwide, World Bank (WB), uri: http://remittanceprices.worldbank.org",Financial Sector,Average transaction cost of sending remittance to a specific country is the average of the total transaction cost in percentage of the amount sent for sending USD 200 charged by each single remittance service provider (RSP) included in the Remittance Prices Worldwide (RPW) database to a specific country.
SI.RMT.COST.OB.ZS,Average transaction cost of sending remittances from a specific country (%),,"Remittance Prices Worldwide, World Bank (WB), uri: http://remittanceprices.worldbank.org",Financial Sector,Average transaction cost of sending remittance from a specific country is the average of the total transaction cost in percentage of the amount sent for sending USD 200 charged by each single remittance service provider (RSP) included in the Remittance Prices Worldwide (RPW) database from a specific country.
SI.SPR.PC40.ZG,"Annualized average growth rate in per capita real survey mean consumption or income, bottom 40% of population (%)",,"World Bank, Poverty and Inequality Platform. Data are based on primary household survey data obtained from government statistical agencies and World Bank country departments. Data for high-income economies are mostly from the Luxembourg Income Study database. For more information and methodology, please see http://pip.worldbank.org., World Bank (WB), uri: http://www.worldbank.org/en/topic/poverty/brief/global-database-of-shared-prosperity",Poverty,"The growth rate in the welfare aggregate of the bottom 40% is computed as the annualized average growth rate in per capita real consumption or income of the bottom 40% of the population in  the income distribution in a country from household surveys over a roughly 5-year period. Mean per capita real consumption or income is measured at 2021 Purchasing Power Parity (PPP) using the Poverty and Inequality Platform (http://www.pip.worldbank.org). For some countries means are not reported due to grouped and/or confidential data. The annualized growth rate is computed as (Mean in final year/Mean in initial year)^(1/(Final year - Initial year)) - 1.  The reference year is the year in which the underlying household survey data was collected. In cases for which the data collection period bridged two calendar years, the first year in which data were collected is reported. The initial year refers to the nearest survey collected 5 years before the most recent survey available, only surveys collected between 3 and 7 years before the most recent survey are considered."
SI.SPR.PCAP.ZG,"Annualized average growth rate in per capita real survey mean consumption or income, total population (%)",,"World Bank, Poverty and Inequality Platform. Data are based on primary household survey data obtained from government statistical agencies and World Bank country departments. Data for high-income economies are mostly from the Luxembourg Income Study database. For more information and methodology, please see http://pip.worldbank.org., World Bank (WB), uri: http://www.worldbank.org/en/topic/poverty/brief/global-database-of-shared-prosperity",Poverty,"The growth rate in the welfare aggregate of the total population is computed as the annualized average growth rate in per capita real consumption or income of the total population in  the income distribution in a country from household surveys over a roughly 5-year period. Mean per capita real consumption or income is measured at 2021 Purchasing Power Parity (PPP) using the Poverty and Inequality Platform (http://www.pip.worldbank.org). For some countries means are not reported due to grouped and/or confidential data. The annualized growth rate is computed as (Mean in final year/Mean in initial year)^(1/(Final year - Initial year)) - 1.  The reference year is the year in which the underlying household survey data was collected. In cases for which the data collection period bridged two calendar years, the first year in which data were collected is reported. The initial year refers to the nearest survey collected 5 years before the most recent survey available, only surveys collected between 3 and 7 years before the most recent survey are considered."
SL.AGR.EMPL.FE.ZS,"Employment in agriculture, female (% of female employment) (modeled ILO estimate)",,"ILO Modelled Estimates database (ILOEST), International Labour Organization (ILO), uri: https://ilostat.ilo.org/data/bulk/, publisher: ILOSTAT, type: external database, date accessed: January 17, 2026",Agriculture & Rural Development; Social Protection & Labor; Gender,"Employment is defined as persons of working age who were engaged in any activity to produce goods or provide services for pay or profit, whether at work during the reference period or not at work due to temporary absence from a job, or to working-time arrangement. The agriculture sector consists of activities in agriculture, hunting, forestry and fishing, in accordance with division 1 (ISIC 2) or categories A-B (ISIC 3) or category A (ISIC 4)."
SL.AGR.EMPL.MA.ZS,"Employment in agriculture, male (% of male employment) (modeled ILO estimate)",,"ILO Modelled Estimates database (ILOEST), International Labour Organization (ILO), uri: https://ilostat.ilo.org/data/bulk/, publisher: ILOSTAT, type: external database, date accessed: January 17, 2026",Agriculture & Rural Development; Social Protection & Labor; Gender,"Employment is defined as persons of working age who were engaged in any activity to produce goods or provide services for pay or profit, whether at work during the reference period or not at work due to temporary absence from a job, or to working-time arrangement. The agriculture sector consists of activities in agriculture, hunting, forestry and fishing, in accordance with division 1 (ISIC 2) or categories A-B (ISIC 3) or category A (ISIC 4)."
SL.AGR.EMPL.ZS,Employment in agriculture (% of total employment) (modeled ILO estimate),,"ILO Modelled Estimates database (ILOEST), International Labour Organization (ILO), uri: https://ilostat.ilo.org/data/bulk/, publisher: ILOSTAT, type: external database, date accessed: January 17, 2026",Agriculture & Rural Development; Social Protection & Labor,"Employment is defined as persons of working age who were engaged in any activity to produce goods or provide services for pay or profit, whether at work during the reference period or not at work due to temporary absence from a job, or to working-time arrangement. The agriculture sector consists of activities in agriculture, hunting, forestry and fishing, in accordance with division 1 (ISIC 2) or categories A-B (ISIC 3) or category A (ISIC 4)."
SL.EMP.SMGT.FE.ZS,Female share of employment in senior and middle management (%) ,,"Labour Market-related SDG Indicators database (ILOSDG), International Labour Organization (ILO), uri: https://ilostat.ilo.org/data/bulk/, publisher: ILOSTAT, type: external database, date accessed: June 22, 2026",Social Protection & Labor,"The female share of employment in senior and middle management conveys the number of women in management as a percentage of employment in management. Employment in management is defined based on the International Standard Classification of Occupations. This series refers to senior and middle management only, thus excluding junior management (category 1 in both ISCO-08 and ISCO-88 minus category 14 in ISCO-08 and minus category 13 in ISCO-88)."
SL.EMP.WORK.FE.ZS,"Wage and salaried workers, female (% of female employment) (modeled ILO estimate)",,"ILO Modelled Estimates database (ILOEST), International Labour Organization (ILO), uri: https://ilostat.ilo.org/data/bulk/, publisher: ILOSTAT, type: external database, date accessed: January 17, 2026",Social Protection & Labor; Gender,"Wage and salaried workers (employees) are those workers who hold the type of jobs defined as ""paid employment jobs,"" where the incumbents hold explicit (written or oral) or implicit employment contracts that give them a basic remuneration that is not directly dependent upon the revenue of the unit for which they work."
SL.EMP.WORK.MA.ZS,"Wage and salaried workers, male (% of male employment) (modeled ILO estimate)",,"ILO Modelled Estimates database (ILOEST), International Labour Organization (ILO), uri: https://ilostat.ilo.org/data/bulk/, publisher: ILOSTAT, type: external database, date accessed: January 17, 2026",Social Protection & Labor; Gender,"Wage and salaried workers (employees) are those workers who hold the type of jobs defined as ""paid employment jobs,"" where the incumbents hold explicit (written or oral) or implicit employment contracts that give them a basic remuneration that is not directly dependent upon the revenue of the unit for which they work."
SL.EMP.WORK.ZS,"Wage and salaried workers, total (% of total employment) (modeled ILO estimate)",,"ILO Modelled Estimates database (ILOEST), International Labour Organization (ILO), uri: https://ilostat.ilo.org/data/bulk/, publisher: ILOSTAT, type: external database, date accessed: January 17, 2026",Social Protection & Labor,"Wage and salaried workers (employees) are those workers who hold the type of jobs defined as ""paid employment jobs,"" where the incumbents hold explicit (written or oral) or implicit employment contracts that give them a basic remuneration that is not directly dependent upon the revenue of the unit for which they work."
SL.FAM.WORK.FE.ZS,"Contributing family workers, female (% of female employment) (modeled ILO estimate)",,"ILO Modelled Estimates database (ILOEST), International Labour Organization (ILO), uri: https://ilostat.ilo.org/data/bulk/, publisher: ILOSTAT, type: external database, date accessed: January 17, 2026",Social Protection & Labor; Gender,"Contributing family workers are those workers who hold ""self-employment jobs"" as own-account workers in a market-oriented establishment operated by a related person living in the same household."
SL.FAM.WORK.MA.ZS,"Contributing family workers, male (% of male employment) (modeled ILO estimate)",,"ILO Modelled Estimates database (ILOEST), International Labour Organization (ILO), uri: https://ilostat.ilo.org/data/bulk/, publisher: ILOSTAT, type: external database, date accessed: January 17, 2026",Social Protection & Labor; Gender,"Contributing family workers are those workers who hold ""self-employment jobs"" as own-account workers in a market-oriented establishment operated by a related person living in the same household."
SL.GDP.PCAP.EM.KD,GDP per person employed (constant 2021 PPP $),,"Staff estimates, World Bank (WB), note: Estimates are based on employment, population, GDP, and PPP data obtained from International Labour Organization, United Nations Population Division, Eurostat, OECD, and World Bank., type: estimates based on external database;
International Labour Organization (ILO);
United Nations (UN), publisher: UN Population Division;
Eurostat (ESTAT);
Organisation for Economic Co-operation and Development (OECD);
World Development Indicators database, World Bank (WB)",Social Protection & Labor,GDP per person employed is gross domestic product (GDP) divided by total employment in the economy. Purchasing power parity (PPP) GDP is GDP converted to 2021 constant international dollars using PPP rates. An international dollar has the same purchasing power over GDP that a U.S. dollar has in the United States.
SL.IND.EMPL.FE.ZS,"Employment in industry, female (% of female employment) (modeled ILO estimate)",,"ILO Modelled Estimates database (ILOEST), International Labour Organization (ILO), uri: https://ilostat.ilo.org/data/bulk/, publisher: ILOSTAT, type: external database, date accessed: January 17, 2026",Social Protection & Labor; Gender,"Employment is defined as persons of working age who were engaged in any activity to produce goods or provide services for pay or profit, whether at work during the reference period or not at work due to temporary absence from a job, or to working-time arrangement. The industry sector consists of mining and quarrying, manufacturing, construction, and public utilities (electricity, gas, and water), in accordance with divisions 2-5 (ISIC 2) or categories C-F (ISIC 3) or categories B-F (ISIC 4)."
SL.IND.EMPL.MA.ZS,"Employment in industry, male (% of male employment) (modeled ILO estimate)",,"ILO Modelled Estimates database (ILOEST), International Labour Organization (ILO), uri: https://ilostat.ilo.org/data/bulk/, publisher: ILOSTAT, type: external database, date accessed: January 17, 2026",Social Protection & Labor; Gender,"Employment is defined as persons of working age who were engaged in any activity to produce goods or provide services for pay or profit, whether at work during the reference period or not at work due to temporary absence from a job, or to working-time arrangement. The industry sector consists of mining and quarrying, manufacturing, construction, and public utilities (electricity, gas, and water), in accordance with divisions 2-5 (ISIC 2) or categories C-F (ISIC 3) or categories B-F (ISIC 4)."
SL.IND.EMPL.ZS,Employment in industry (% of total employment) (modeled ILO estimate),,"ILO Modelled Estimates database (ILOEST), International Labour Organization (ILO), uri: https://ilostat.ilo.org/data/bulk/, publisher: ILOSTAT, type: external database, date accessed: January 17, 2026",Social Protection & Labor,"Employment is defined as persons of working age who were engaged in any activity to produce goods or provide services for pay or profit, whether at work during the reference period or not at work due to temporary absence from a job, or to working-time arrangement. The industry sector consists of mining and quarrying, manufacturing, construction, and public utilities (electricity, gas, and water), in accordance with divisions 2-5 (ISIC 2) or categories C-F (ISIC 3) or categories B-F (ISIC 4)."
SL.ISV.IFRM.FE.ZS,"Informal employment, female (% of total non-agricultural employment)",,"International Labour Organization, ILOSTAT database. Data as of September 2020.",Social Protection & Labor,"Employment in the informal economy as a percentage of total non-agricultural employment. It basically includes all jobs in unregistered and/or small-scale private unincorporated enterprises that produce goods or services meant for sale or barter. Self-employed street vendors, taxi drivers and home-base workers, regardless of size, are all considered enterprises. However, agricultural and related activities, households producing goods exclusively for their own use (e.g. subsistence farming, domestic housework, care work, and employment of paid domestic workers), and volunteer services rendered to the community are excluded."
SL.ISV.IFRM.MA.ZS,"Informal employment, male (% of total non-agricultural employment)",,"International Labour Organization, ILOSTAT database. Data as of September 2020.",Social Protection & Labor,"Employment in the informal economy as a percentage of total non-agricultural employment. It basically includes all jobs in unregistered and/or small-scale private unincorporated enterprises that produce goods or services meant for sale or barter. Self-employed street vendors, taxi drivers and home-base workers, regardless of size, are all considered enterprises. However, agricultural and related activities, households producing goods exclusively for their own use (e.g. subsistence farming, domestic housework, care work, and employment of paid domestic workers), and volunteer services rendered to the community are excluded."
SL.ISV.IFRM.ZS,Informal employment (% of total non-agricultural employment),,"International Labour Organization, ILOSTAT database. Data retrieved in September 20, 2020.",Social Protection & Labor,"Employment in the informal economy as a percentage of total non-agricultural employment. It basically includes all jobs in unregistered and/or small-scale private unincorporated enterprises that produce goods or services meant for sale or barter. Self-employed street vendors, taxi drivers and home-base workers, regardless of size, are all considered enterprises. However, agricultural and related activities, households producing goods exclusively for their own use (e.g. subsistence farming, domestic housework, care work, and employment of paid domestic workers), and volunteer services rendered to the community are excluded."
SL.SRV.EMPL.FE.ZS,"Employment in services, female (% of female employment) (modeled ILO estimate)",,"ILO Modelled Estimates database (ILOEST), International Labour Organization (ILO), uri: https://ilostat.ilo.org/data/bulk/, publisher: ILOSTAT, type: external database, date accessed: January 17, 2026",Social Protection & Labor; Gender,"Employment is defined as persons of working age who were engaged in any activity to produce goods or provide services for pay or profit, whether at work during the reference period or not at work due to temporary absence from a job, or to working-time arrangement. The services sector consists of wholesale and retail trade and restaurants and hotels; transport, storage, and communications; financing, insurance, real estate, and business services; and community, social, and personal services, in accordance with divisions 6-9 (ISIC 2) or categories G-Q (ISIC 3) or categories G-U (ISIC 4)."
SL.SRV.EMPL.MA.ZS,"Employment in services, male (% of male employment) (modeled ILO estimate)",,"ILO Modelled Estimates database (ILOEST), International Labour Organization (ILO), uri: https://ilostat.ilo.org/data/bulk/, publisher: ILOSTAT, type: external database, date accessed: January 17, 2026",Social Protection & Labor; Gender,"Employment is defined as persons of working age who were engaged in any activity to produce goods or provide services for pay or profit, whether at work during the reference period or not at work due to temporary absence from a job, or to working-time arrangement. The services sector consists of wholesale and retail trade and restaurants and hotels; transport, storage, and communications; financing, insurance, real estate, and business services; and community, social, and personal services, in accordance with divisions 6-9 (ISIC 2) or categories G-Q (ISIC 3) or categories G-U (ISIC 4)."
SL.SRV.EMPL.ZS,Employment in services (% of total employment) (modeled ILO estimate),,"ILO Modelled Estimates database (ILOEST), International Labour Organization (ILO), uri: https://ilostat.ilo.org/data/bulk/, publisher: ILOSTAT, type: external database, date accessed: January 17, 2026",Social Protection & Labor,"Employment is defined as persons of working age who were engaged in any activity to produce goods or provide services for pay or profit, whether at work during the reference period or not at work due to temporary absence from a job, or to working-time arrangement. The services sector consists of wholesale and retail trade and restaurants and hotels; transport, storage, and communications; financing, insurance, real estate, and business services; and community, social, and personal services, in accordance with divisions 6-9 (ISIC 2) or categories G-Q (ISIC 3) or categories G-U (ISIC 4)."
SL.TLF.0714.FE.ZS,"Children in employment, female (% of female children ages 7-14)",,"Understanding Children's Work, International Labour Organization (ILO);
UN Children's Fund (UNICEF), note: Understanding Children's Work;
World Bank (WB), note: Understanding Children's Work",Social Protection & Labor; Gender; Social Development,Children in employment refer to children involved in economic activity for at least one hour in the reference week of the survey.
SL.TLF.0714.MA.ZS,"Children in employment, male (% of male children ages 7-14)",,"Understanding Children's Work, International Labour Organization (ILO);
UN Children's Fund (UNICEF), note: Understanding Children's Work;
World Bank (WB), note: Understanding Children's Work",Social Protection & Labor; Gender; Social Development,Children in employment refer to children involved in economic activity for at least one hour in the reference week of the survey.
SL.TLF.0714.ZS,"Children in employment, total (% of children ages 7-14)",,"Understanding Children's Work, International Labour Organization (ILO);
UN Children's Fund (UNICEF), note: Understanding Children's Work;
World Bank (WB), note: Understanding Children's Work",Social Protection & Labor; Social Development,Children in employment refer to children involved in economic activity for at least one hour in the reference week of the survey.
SL.UEM.1524.FE.NE.ZS,"Unemployment, youth female (% of female labor force ages 15-24) (national estimate)",,"Labour Force Statistics database (LFS), International Labour Organization (ILO), uri: https://ilostat.ilo.org/data/bulk/, publisher: ILOSTAT, type: external database, date accessed: June 22, 2026",Social Protection & Labor,Youth unemployment refers to the share of the labor force ages 15-24 without work but available for and seeking employment. Definitions of labor force and unemployment differ by country.
SL.UEM.1524.FE.ZS,"Unemployment, youth female (% of female labor force ages 15-24) (modeled ILO estimate)",,"ILO Modelled Estimates database (ILOEST), International Labour Organization (ILO), uri: https://ilostat.ilo.org/data/bulk/, publisher: ILOSTAT, type: external database, date accessed: January 17, 2026",Social Protection & Labor; Gender,Youth unemployment refers to the share of the labor force ages 15-24 without work but available for and seeking employment.
SL.UEM.1524.MA.NE.ZS,"Unemployment, youth male (% of male labor force ages 15-24) (national estimate)",,"Labour Force Statistics database (LFS), International Labour Organization (ILO), uri: https://ilostat.ilo.org/data/bulk/, publisher: ILOSTAT, type: external database, date accessed: June 22, 2026",Social Protection & Labor,Youth unemployment refers to the share of the labor force ages 15-24 without work but available for and seeking employment. Definitions of labor force and unemployment differ by country.
SL.UEM.1524.MA.ZS,"Unemployment, youth male (% of male labor force ages 15-24) (modeled ILO estimate)",,"ILO Modelled Estimates database (ILOEST), International Labour Organization (ILO), uri: https://ilostat.ilo.org/data/bulk/, publisher: ILOSTAT, type: external database, date accessed: January 17, 2026",Social Protection & Labor; Gender,Youth unemployment refers to the share of the labor force ages 15-24 without work but available for and seeking employment.
SL.UEM.1524.NE.ZS,"Unemployment, youth total (% of total labor force ages 15-24) (national estimate)",,"Labour Force Statistics database (LFS), International Labour Organization (ILO), uri: https://ilostat.ilo.org/data/bulk/, publisher: ILOSTAT, type: external database, date accessed: June 22, 2026",Social Protection & Labor,Youth unemployment refers to the share of the labor force ages 15-24 without work but available for and seeking employment. Definitions of labor force and unemployment differ by country.
SL.UEM.1524.ZS,"Unemployment, youth total (% of total labor force ages 15-24) (modeled ILO estimate)",,"ILO Modelled Estimates database (ILOEST), International Labour Organization (ILO), uri: https://ilostat.ilo.org/data/bulk/, publisher: ILOSTAT, type: external database, date accessed: January 17, 2026",Social Protection & Labor,Youth unemployment refers to the share of the labor force ages 15-24 without work but available for and seeking employment.
SL.UEM.NEET.FE.ZS,"Share of youth not in education, employment or training, female (% of female youth population)",,"Labour Force Statistics database (LFS), International Labour Organization (ILO), uri: https://ilostat.ilo.org/data/bulk/, publisher: ILOSTAT, type: external database, date accessed: June 22, 2026",Social Protection & Labor,"The share of youth not in education, employment or training (also known as “the NEET rate”) conveys the number of young persons not in education, employment or training as a percentage of the total youth population. Youth not in education are those who were neither enrolled in school nor in a formal training program (e.g. vocational training). For the purposes of this indicator, youth is defined as all persons between the ages of 15 and 24 (inclusive)."
SL.UEM.NEET.MA.ZS,"Share of youth not in education, employment or training, male (% of male youth population)",,"Labour Force Statistics database (LFS), International Labour Organization (ILO), uri: https://ilostat.ilo.org/data/bulk/, publisher: ILOSTAT, type: external database, date accessed: June 22, 2026",Social Protection & Labor,"The share of youth not in education, employment or training (also known as “the NEET rate”) conveys the number of young persons not in education, employment or training as a percentage of the total youth population. Youth not in education are those who were neither enrolled in school nor in a formal training program (e.g. vocational training). For the purposes of this indicator, youth is defined as all persons between the ages of 15 and 24 (inclusive)."
SL.UEM.NEET.ZS,"Share of youth not in education, employment or training, total (% of youth population)",,"Labour Force Statistics database (LFS), International Labour Organization (ILO), uri: https://ilostat.ilo.org/data/bulk/, publisher: ILOSTAT, type: external database, date accessed: June 22, 2026",Social Protection & Labor,"The share of youth not in education, employment or training (also known as “the NEET rate”) conveys the number of young persons not in education, employment or training as a percentage of the total youth population. Youth not in education are those who were neither enrolled in school nor in a formal training program (e.g. vocational training). For the purposes of this indicator, youth is defined as all persons between the ages of 15 and 24 (inclusive)."
SL.UEM.TOTL.FE.NE.ZS,"Unemployment, female (% of female labor force) (national estimate)",,"Labour Force Statistics database (LFS), International Labour Organization (ILO), uri: https://ilostat.ilo.org/data/bulk/, publisher: ILOSTAT, type: external database, date accessed: June 22, 2026",Social Protection & Labor,Unemployment refers to the share of the labor force that is without work but available for and seeking employment. Definitions of labor force and unemployment differ by country.
SL.UEM.TOTL.FE.ZS,"Unemployment, female (% of female labor force) (modeled ILO estimate)",,"ILO Modelled Estimates database (ILOEST), International Labour Organization (ILO), uri: https://ilostat.ilo.org/data/bulk/, publisher: ILOSTAT, type: external database, date accessed: January 17, 2026",Education; Social Protection & Labor; Gender; Social Development,Unemployment refers to the share of the labor force that is without work but available for and seeking employment.
SL.UEM.TOTL.MA.NE.ZS,"Unemployment, male (% of male labor force) (national estimate)",,"Labour Force Statistics database (LFS), International Labour Organization (ILO), uri: https://ilostat.ilo.org/data/bulk/, publisher: ILOSTAT, type: external database, date accessed: June 22, 2026",Social Protection & Labor,Unemployment refers to the share of the labor force that is without work but available for and seeking employment. Definitions of labor force and unemployment differ by country.
SL.UEM.TOTL.MA.ZS,"Unemployment, male (% of male labor force) (modeled ILO estimate)",,"ILO Modelled Estimates database (ILOEST), International Labour Organization (ILO), uri: https://ilostat.ilo.org/data/bulk/, publisher: ILOSTAT, type: external database, date accessed: January 17, 2026",Education; Social Protection & Labor; Gender; Social Development,Unemployment refers to the share of the labor force that is without work but available for and seeking employment.
SL.UEM.TOTL.NE.ZS,"Unemployment, total (% of total labor force) (national estimate)",,"Labour Force Statistics database (LFS), International Labour Organization (ILO), uri: https://ilostat.ilo.org/data/bulk/, publisher: ILOSTAT, type: external database, date accessed: June 22, 2026",Social Protection & Labor,Unemployment refers to the share of the labor force that is without work but available for and seeking employment. Definitions of labor force and unemployment differ by country.
SL.UEM.TOTL.ZS,"Unemployment, total (% of total labor force) (modeled ILO estimate)",,"ILO Modelled Estimates database (ILOEST), International Labour Organization (ILO), uri: https://ilostat.ilo.org/data/bulk/, publisher: ILOSTAT, type: external database, date accessed: January 17, 2026",Education; Social Protection & Labor,Unemployment refers to the share of the labor force that is without work but available for and seeking employment.
SN.ITK.DEFC.ZS,Prevalence of undernourishment (% of population),,"Food and Agriculture Organization of the United Nations (FAO), uri: http://www.fao.org/faostat/en/#home",Health,Prevalence of undernourishment is the percentage of the population whose habitual food consumption is insufficient to provide the dietary energy levels that are required to maintain a normal active and healthy life. Data showing as 2.5 may signify a prevalence of undernourishment below 2.5%.
SN.ITK.MSFI.ZS,Prevalence of moderate or severe food insecurity in the population (%),,Food and Agriculture Organization of the United Nations (FAO),Health,"The percentage of people in the population who live in households classified as moderately or severely food insecure. A household is classified as moderately or severely food insecure when at least one adult in the household has reported to have been exposed, at times during the year, to low quality diets and might have been forced to also reduce the quantity of food they would normally eat because of a lack of money or other resources."
SN.ITK.SVFI.ZS,Prevalence of severe food insecurity in the population (%),,Food and Agriculture Organization of the United Nations (FAO),Health,"The percentage of people in the population who live in households classified as severely food insecure. A household is classified as severely food insecure when at least one adult in the household has reported to have been exposed, at times during the year, to several of the most severe experiences described in the FIES questions, such as to have been forced to reduce the quantity of the food, to have skipped meals, having gone hungry, or having to go for a whole day without eating because of a lack of money or other resources."
SP.ADO.TFRT,"Adolescent fertility rate (births per 1,000 women ages 15-19)",,"World Population Prospects, United Nations (UN), publisher: UN Population Division",Health; Gender; Social Development,"Adolescent fertility rate is the number of births per 1,000 women ages 15-19."
SP.M15.2024.FE.ZS,Women who were first married by age 15 (% of women ages 20-24),,"UNICEF Data, UN Children's Fund (UNICEF), uri: https://sdmx.data.unicef.org/overview.html, note: Indicator code from the original source: PT_F_20-24_MRD_U15; 	Indicator name from the original source: Percentage of women (aged 20-24 years) married or in union before age 15, type: API;
DHS API, Demographic and Health Surveys (DHS) Program, uri: https://api.dhsprogram.com/#/index.html, note: Indicator code from the original source: MA_MBAG_W_B15; 	Indicator name from the original source: Women first married by exact age 15, type: API",Health; Gender,Women who were first married by age 15 refers to the percentage of women ages 20-24 who were first married by age 15.
SP.M18.2024.FE.ZS,Women who were first married by age 18 (% of women ages 20-24),,"UNICEF Data, UN Children's Fund (UNICEF), uri: https://sdmx.data.unicef.org/overview.html, note: Indicator code from the original source: PT_F_20-24_MRD_U18; 	Indicator name from the original source: Percentage of women (aged 20-24 years) married or in union before age 18, type: API;
DHS API, Demographic and Health Surveys (DHS) Program, uri: https://api.dhsprogram.com/#/index.html, note: Indicator code from the original source: MA_MBAG_W_B18; 	Indicator name from the original source: Women first married by exact age 18, type: API",Health; Gender,Women who were first married by age 18 refers to the percentage of women ages 20-24 who were first married by age 18.
SP.POP.SCIE.RD.P6,Researchers in R&D (per million people),,"Stat Bulk Data Download Service, UN Educational, Scientific and Cultural Organization (UNESCO), uri: https://databrowser.uis.unesco.org/resources/bulk, publisher: UNESCO Institute for Statistics (UIS), date accessed: 2025-03-26, date published: 2025-02",Science & Technology,"The number of researchers engaged in Research &Development (R&D), expressed as per million. Researchers are professionals who conduct research and improve or develop concepts, theories, models techniques instrumentation, software of operational methods. R&D covers basic research, applied research, and experimental development."
SP.REG.BRTH.FE.ZS,"Completeness of birth registration, female (%)",,"Household surveys, UN Children's Fund (UNICEF), note: Household surveys such as Demographic and Health Surveys and Multiple Indicator Cluster Surveys. Largely compiled by UNICEF.",Health,Completeness of birth registration is the percentage of children under age 5 whose births were registered at the time of the survey. The numerator of completeness of birth registration includes children whose birth certificate was seen by the interviewer or whose mother or caretaker says the birth has been registered.
SP.REG.BRTH.MA.ZS,"Completeness of birth registration, male (%)",,"Household surveys, UN Children's Fund (UNICEF), note: Household surveys such as Demographic and Health Surveys and Multiple Indicator Cluster Surveys. Largely compiled by UNICEF.",Health,Completeness of birth registration is the percentage of children under age 5 whose births were registered at the time of the survey. The numerator of completeness of birth registration includes children whose birth certificate was seen by the interviewer or whose mother or caretaker says the birth has been registered.
SP.REG.BRTH.RU.ZS,"Completeness of birth registration, rural (%)",,"Household surveys, UN Children's Fund (UNICEF), note: Household surveys such as Demographic and Health Surveys and Multiple Indicator Cluster Surveys. Largely compiled by UNICEF.",Health,Completeness of birth registration is the percentage of children under age 5 whose births were registered at the time of the survey. The numerator of completeness of birth registration includes children whose birth certificate was seen by the interviewer or whose mother or caretaker says the birth has been registered.
SP.REG.BRTH.UR.ZS,"Completeness of birth registration, urban (%)",,"Household surveys, UN Children's Fund (UNICEF), note: Household surveys such as Demographic and Health Surveys and Multiple Indicator Cluster Surveys. Largely compiled by UNICEF.",Health,Completeness of birth registration is the percentage of children under age 5 whose births were registered at the time of the survey. The numerator of completeness of birth registration includes children whose birth certificate was seen by the interviewer or whose mother or caretaker says the birth has been registered.
SP.REG.BRTH.ZS,Completeness of birth registration (%),,"Household surveys, UN Children's Fund (UNICEF), note: Household surveys such as Demographic and Health Surveys and Multiple Indicator Cluster Surveys. Largely compiled by UNICEF.",Health,Completeness of birth registration is the percentage of children under age 5 whose births were registered at the time of the survey. The numerator of completeness of birth registration includes children whose birth certificate was seen by the interviewer or whose mother or caretaker says the birth has been registered.
SP.URB.GROW,Urban population growth (annual %),,"World Urbanization Prospects, United Nations (UN), uri: https://population.un.org/wup/, note: World Bank staff estimates based on the United Nations Population Division's World Urbanization Prospects, National definitions, publisher: UN Population Division;
Staff estimates, World Bank (WB), note: World Bank staff estimates based on the United Nations Population Division's World Urbanization Prospects, National definitions",Climate Change; Urban Development,"Annual urban population growth rate for year t is the exponential rate of growth of midyear urban population from year t-1 to t, expressed as a percentage. Urban population refers to people living in urban areas as defined by national statistical offices. It is calculated using World Bank total population estimates and urban ratios from the United Nations World Urbanization Prospects."
SP.URB.TOTL,Urban population,,"World Urbanization Prospects, United Nations (UN), uri: https://population.un.org/wup/, note: World Bank staff estimates based on the United Nations Population Division's World Urbanization Prospects, National definitions, publisher: UN Population Division;
Staff estimates, World Bank (WB), note: World Bank staff estimates based on the United Nations Population Division's World Urbanization Prospects, National definitions",Climate Change; Urban Development,Urban population refers to people living in urban areas as defined by national statistical offices. It is calculated using World Bank population estimates and urban ratios from the United Nations World Urbanization Prospects. Aggregation of urban and rural population may not add up to total population because of different country coverages.
SP.URB.TOTL.IN.ZS,Urban population (% of total population),,"World Urbanization Prospects, United Nations (UN), uri: https://population.un.org/wup/, note: United Nations Population Division's World Urbanization Prospects, National definitions, publisher: UN Population Division",Climate Change; Urban Development,Urban population refers to people living in urban areas as defined by national statistical offices. The data are collected and smoothed by United Nations Population Division.
TG.VAL.TOTL.GD.ZS,Merchandise trade (% of GDP),,"World Trade Organization (WTO);
World Bank GDP estimates, World Bank (WB);
World Development Indicators, World Bank (WB)",Private Sector; Trade,"General merchandise trade includes goods whose economic ownership is changed between a resident and a non-resident and that are not included in the following specific categories: goods under merchanting, non-monetary gold, and parts of travel, construction, and government goods and services n.i.e. It is the total of merchandise exports plus merchandise imports. This indicator is expressed as a percentage of Gross Domestic Product (GDP) which is the total income earned through the production of goods and services in an economic territory during an accounting period."
TM.TAX.MANF.SM.AR.ZS,"Tariff rate, applied, simple mean, manufactured products (%)",,"Staff estimates;
World Integrated Trade Solution system (WITS), World Bank (WB);
Trade Analysis and Information System (TRAINS), UN Conference on Trade and Development (UNCTAD);
Integrated Data Base (IDB), World Trade Organization (WTO);
Consolidated Tariff Schedules (CTS), World Trade Organization (WTO)",Private Sector; Trade,"Simple mean applied tariff is the unweighted average of effectively applied rates for all products subject to tariffs calculated for all traded goods. Data are classified using the Harmonized System of trade at the six- or eight-digit level. Tariff line data were matched to Standard International Trade Classification (SITC) revision 3 codes to define commodity groups. Effectively applied tariff rates at the six- and eight-digit product level are averaged for products in each commodity group. When the effectively applied rate is unavailable, the most favored nation rate is used instead. To the extent possible, specific rates have been converted to their ad valorem equivalent rates and have been included in the calculation of simple mean tariffs. Manufactured products are commodities classified in SITC revision 3 sections 5-8 excluding division 68."
TM.TAX.MANF.WM.AR.ZS,"Tariff rate, applied, weighted mean, manufactured products (%)",,"Staff estimates;
World Integrated Trade Solution system (WITS), World Bank (WB);
Trade Analysis and Information System (TRAINS), UN Conference on Trade and Development (UNCTAD);
Integrated Data Base (IDB), World Trade Organization (WTO);
Consolidated Tariff Schedules (CTS), World Trade Organization (WTO)",Private Sector; Trade,"Weighted mean applied tariff is the average of effectively applied rates weighted by the product import shares corresponding to each partner country. Data are classified using the Harmonized System of trade at the six- or eight-digit level. Tariff line data were matched to Standard International Trade Classification (SITC) revision 3 codes to define commodity groups and import weights. To the extent possible, specific rates have been converted to their ad valorem equivalent rates and have been included in the calculation of weighted mean tariffs. Import weights were calculated using the United Nations Statistics Division's Commodity Trade (Comtrade) database. Effectively applied tariff rates at the six- and eight-digit product level are averaged for products in each commodity group. When the effectively applied rate is unavailable, the most favored nation rate is used instead. Manufactured products are commodities classified in SITC revision 3 sections 5-8 excluding division 68."
TM.TAX.MRCH.SM.AR.ZS,"Tariff rate, applied, simple mean, all products (%)",,"Staff estimates;
World Integrated Trade Solution system (WITS), World Bank (WB);
Trade Analysis and Information System (TRAINS), UN Conference on Trade and Development (UNCTAD);
Integrated Data Base (IDB), World Trade Organization (WTO);
Consolidated Tariff Schedules (CTS), World Trade Organization (WTO)",Private Sector; Trade,"Simple mean applied tariff is the unweighted average of effectively applied rates for all products subject to tariffs calculated for all traded goods. Data are classified using the Harmonized System of trade at the six- or eight-digit level. Tariff line data were matched to Standard International Trade Classification (SITC) revision 3 codes to define commodity groups. Effectively applied tariff rates at the six- and eight-digit product level are averaged for products in each commodity group. When the effectively applied rate is unavailable, the most favored nation rate is used instead. To the extent possible, specific rates have been converted to their ad valorem equivalent rates and have been included in the calculation of simple mean tariffs."
TM.TAX.MRCH.WM.AR.ZS,"Tariff rate, applied, weighted mean, all products (%)",,"Staff estimates;
World Integrated Trade Solution system (WITS), World Bank (WB);
Trade Analysis and Information System (TRAINS), UN Conference on Trade and Development (UNCTAD);
Integrated Data Base (IDB), World Trade Organization (WTO);
Consolidated Tariff Schedules (CTS), World Trade Organization (WTO)",Private Sector; Trade,"Weighted mean applied tariff is the average of effectively applied rates weighted by the product import shares corresponding to each partner country. Data are classified using the Harmonized System of trade at the six- or eight-digit level. Tariff line data were matched to Standard International Trade Classification (SITC) revision 3 codes to define commodity groups and import weights. To the extent possible, specific rates have been converted to their ad valorem equivalent rates and have been included in the calculation of weighted mean tariffs. Import weights were calculated using the United Nations Statistics Division's Commodity Trade (Comtrade) database. Effectively applied tariff rates at the six- and eight-digit product level are averaged for products in each commodity group. When the effectively applied rate is unavailable, the most favored nation rate is used instead."
TM.TAX.TCOM.SM.AR.ZS,"Tariff rate, applied, simple mean, primary products (%)",,"Staff estimates;
World Integrated Trade Solution system (WITS), World Bank (WB);
Trade Analysis and Information System (TRAINS), UN Conference on Trade and Development (UNCTAD);
Integrated Data Base (IDB), World Trade Organization (WTO);
Consolidated Tariff Schedules (CTS), World Trade Organization (WTO)",Private Sector; Trade,"Simple mean applied tariff is the unweighted average of effectively applied rates for all products subject to tariffs calculated for all traded goods. Data are classified using the Harmonized System of trade at the six- or eight-digit level. Tariff line data were matched to Standard International Trade Classification (SITC) revision 3 codes to define commodity groups. Effectively applied tariff rates at the six- and eight-digit product level are averaged for products in each commodity group. When the effectively applied rate is unavailable, the most favored nation rate is used instead. To the extent possible, specific rates have been converted to their ad valorem equivalent rates and have been included in the calculation of simple mean tariffs. Primary products are commodities classified in SITC revision 3 sections 0-4 plus division 68 (nonferrous metals)."
TM.TAX.TCOM.WM.AR.ZS,"Tariff rate, applied, weighted mean, primary products (%)",,"Staff estimates;
World Integrated Trade Solution system (WITS), World Bank (WB);
Trade Analysis and Information System (TRAINS), UN Conference on Trade and Development (UNCTAD);
Integrated Data Base (IDB), World Trade Organization (WTO);
Consolidated Tariff Schedules (CTS), World Trade Organization (WTO)",Private Sector; Trade,"Weighted mean applied tariff is the average of effectively applied rates weighted by the product import shares corresponding to each partner country. Data are classified using the Harmonized System of trade at the six- or eight-digit level. Tariff line data were matched to Standard International Trade Classification (SITC) revision 3 codes to define commodity groups and import weights. To the extent possible, specific rates have been converted to their ad valorem equivalent rates and have been included in the calculation of weighted mean tariffs. Import weights were calculated using the United Nations Statistics Division's Commodity Trade (Comtrade) database. Effectively applied tariff rates at the six- and eight-digit product level are averaged for products in each commodity group. When the effectively applied rate is unavailable, the most favored nation rate is used instead. Primary products are commodities classified in SITC revision 3 sections 0-4 plus division 68 (nonferrous metals)."
VC.BTL.DETH,Battle-related deaths (number of people),,"UCDP Battle-related Deaths Dataset , Uppsala Conflict Data Program (UCDP), uri: https://ucdp.uu.se/downloads/, publisher: Uppsala University",Public Sector,"Battle-related deaths are deaths in battle-related conflicts between warring parties in the conflict dyad (two conflict units that are parties to a conflict). Battle-related deaths refer to those deaths caused by the warring parties that can be directly related to combat. This includes battlefield fighting, guerrilla activities (e.g. hit and-run attacks/ambushes) and all kinds of bombardments of military bases, cities and villages etc. The target for the attacks is either the military forces or representatives for the parties, though there is often substantial collateral damage in the form of civilians being killed in the crossfire, indiscriminate bombings, etc. All fatalities, military as well as civilian, incurred in such situations are counted as battle-related deaths."
VC.IHR.PSRC.FE.P5,"Intentional homicides, female (per 100,000 female)",,"UNODC Research - Data Portal – Intentional Homicide, UN Office on Drugs and Crime (UNODC)",Public Sector,An intentional homicide is defined as an unlawful death inflicted upon a person with the intent to cause death or serious injury.
VC.IHR.PSRC.MA.P5,"Intentional homicides, male (per 100,000 male)",,"UNODC Research - Data Portal – Intentional Homicide, UN Office on Drugs and Crime (UNODC)",Public Sector,An intentional homicide is defined as an unlawful death inflicted upon a person with the intent to cause death or serious injury.
VC.IHR.PSRC.P5,"Intentional homicides (per 100,000 people)",,"UNODC Research - Data Portal – Intentional Homicide, UN Office on Drugs and Crime (UNODC)",Public Sector,An intentional homicide is defined as an unlawful death inflicted upon a person with the intent to cause death or serious injury.
